x,y,REF,wdm-JENS,wdm-BAST,wdm-ZONG,wsm-LSUM,ram-RCEN,ram-CGI,wdd-5DEG,wdd-10DEG,wsd-1VAL,wrd-HOM,obj-LCOE,obj-REV,obj-COVE,cod-YAW,cod-CAB,n_sample,design_choice,category
"[586508.83379194 573517.27298823 580610.25223074 586053.04507662
 573435.81020825 575726.39802183 577118.26158353 579682.59800267
 589545.44680247 578980.08761144 588290.18330245 584469.71083475
 578237.72396371 576758.34100067 585260.31930857 574114.74695353
 593495.76702377 578995.95979866 574871.98173207 574847.85624222
 577463.58751922 582012.21104066 576303.02404761 588188.30875244
 586994.92902669 593598.06437952 587872.75047159 575608.75857185
 582322.52155392 581799.87179507 585963.230615   584151.91621046
 583258.19096984 592201.46513435 590855.17877408 592843.91666628
 579735.53906556 593619.28351285 593412.74721874 589610.1457408
 581706.95603744 584475.57898632 591678.12504872 583702.92180589
 585005.44445716 589473.51755559 577785.24167202 588741.95299758
 593440.26558462 590193.92776536 591370.02331972 575239.3324326
 588523.17582712 588098.17254415 585324.665255   592116.15631462
 583006.02028952 582889.93682262 583831.30473557 591662.2260349
 582337.43854922 580076.50753323 589185.41721442 580550.31550489
 585899.28218225 586503.10759923 585626.44783653 578081.85713956
 586345.36642185]","[5831595.78355881 5831678.66510572 5845506.53317019 5852833.0799861
 5830606.03191578 5836984.14369733 5830856.09780075 5844237.67950225
 5853793.69456924 5831002.2897008  5853437.36019588 5850705.7777206
 5841920.65420836 5839458.25013983 5851865.69910691 5833115.2961737
 5840998.14523324 5843281.18371468 5830678.80188941 5834610.39485736
 5840695.57210331 5847352.01332812 5838258.60519313 5852210.16910397
 5837954.14117434 5846684.21284195 5833382.8854239  5832540.90343503
 5831266.10463705 5841857.0761871  5841813.22733019 5831411.77162771
 5849127.92960364 5840197.79026647 5851495.24155127 5847931.5318875
 5838859.3269113  5844951.87127506 5843971.89907544 5839657.60814206
 5833900.84766186 5846418.86789501 5849908.42984494 5842559.69998346
 5848279.00447333 5851724.12232214 5837311.7933768  5849159.75564096
 5842502.31018096 5843610.30324277 5841824.65955621 5835815.26310484
 5846685.94680813 5844678.1364284  5833107.1264325  5848940.76578316
 5836752.76330567 5832514.07404008 5845107.95407187 5845627.87154196
 5839292.44233933 5835513.95744663 5841292.32435801 5831145.44874599
 5835308.71457651 5839574.88870439 5836731.1333136  5833950.96245989
 5850080.29283264]",6685.849116532035,7138.318007491074,7062.5396720048275,7044.789238518764,6505.908182834795,6559.190912589593,6685.286616696106,6665.172694522721,6701.569075499989,321.1466192811075,7087.055460441426,-67.60466627936069,345751.46615527617,-74.75058124516588,6777.669583068325,5984.089093958882,1,REF,Referent
"[573059.59957212 586509.38141328 589544.01370345 573522.73211069
 574490.04493485 577568.42657535 574934.94782361 582824.50482202
 578743.88543231 582182.266301   587408.24573733 575354.88693072
 577336.43746824 576713.70316915 590235.22164687 582646.35276321
 585946.026482   585096.74633226 580306.37958366 581363.09409796
 574312.01049814 575900.59793082 576018.75457885 585385.42741319
 577330.43442    574002.07878072 579722.40056979 580014.0909479
 581320.59580237 584359.75335416 592056.52986907 589595.55307944
 592728.50910756 588474.68811782 593491.90785887 584126.05317735
 584050.73958385 591236.95888747 592883.84298202 581578.27435545
 593662.66711329 590168.17658604 589564.73712513 591492.94444726
 579567.58703903 593613.38631212 586762.3950328  588995.16133685
 590855.37636667 586283.55441163 582111.24102587 587025.95366553
 589405.82052701 586159.99035982 588137.95794259 583300.16312315
 583854.11880806 584187.71832264 591823.66066429 576774.00042548
 582849.03993507 586615.80481354 585906.71338981 579408.77706444
 578480.01404095 583590.7746758  593505.30840265 585988.88954053
 587857.84166532]","[5830544.12361464 5831595.90219825 5853793.44592157 5831696.28135883
 5834017.77680404 5841203.05209238 5835083.95457651 5848534.47794056
 5842538.50104083 5847655.82034708 5853206.01235023 5836092.69818108
 5830874.55408619 5838552.1468477  5852583.11523671 5831292.37551282
 5852803.35537562 5851641.81955571 5845090.59094443 5846536.09970676
 5830634.80609458 5837131.41866869 5830769.08814465 5831507.40674243
 5839971.6767669  5832844.00817687 5844136.14952662 5831084.85338356
 5831327.21948006 5850632.81064027 5849386.97632676 5847321.92586372
 5843449.72094016 5852812.32388676 5840995.61382363 5846928.52631752
 5831402.48458998 5850616.54970179 5847935.97776292 5839560.02788365
 5846349.94310853 5839292.88075547 5851540.41560045 5844955.3989305
 5836201.08395662 5844775.07247041 5837774.87456014 5845549.04738739
 5840614.95609695 5835600.75148115 5834032.71386164 5850918.4677409
 5843035.63580122 5834267.67954784 5849189.31579147 5840139.5750379
 5844658.90691667 5838156.83263119 5841918.2243419  5832225.36812306
 5841829.50074806 5840763.57279823 5832997.49308921 5833751.84882345
 5836966.06872568 5849568.58226389 5842126.98816158 5844736.63513096
 5833404.72472084]",6691.521483163262,7131.119771146627,7054.131817109853,7049.562811227426,6516.150023311152,6566.348326016893,6690.941366058382,6681.976391263191,6678.765929904416,322.27783269793287,7090.572998656007,-67.54872550177666,346137.9989885426,-74.73423570778789,6785.889010020397,5991.897544117397,2,REF,Referent
"[573083.45579546 589544.85611355 578165.52566082 588226.17286697
 573504.93834875 585380.8487673  573985.22673438 583155.38764556
 576147.65971206 579557.96102162 585945.98895365 581697.09670946
 574587.55924176 574518.07372758 584926.08639168 581435.00541605
 586509.13546194 593450.30898898 580739.30683628 575912.0408177
 584170.30464401 577602.6515471  575556.10750752 577157.98752573
 578597.91986003 584070.1925556  576467.49597083 590219.00841236
 586742.55310594 579394.82601985 593585.49480167 592951.74702128
 582169.88644363 583424.51968745 587441.655399   593486.83160504
 585171.80077152 587261.42600878 575584.3556901  590465.6391391
 593503.99067244 585660.48154392 593645.51923709 592651.63802481
 590796.68415071 586770.90701353 589218.00956842 585376.2524675
 589456.17206601 577265.00665729 587024.00756053 585550.26568181
 587930.14424337 587128.52134742 582858.30120755 579094.50936149
 579243.23065501 589374.64507125 591796.71011566 581688.89345187
 580928.84489943 583029.44055356 589967.12514866 589292.53864953
 581322.98602561 587238.76617755 579317.96321361 589441.68679916
 582967.70405741]","[5830546.30870887 5853793.5905521  5842162.99725042 5853431.10338393
 5831653.6805113  5831506.7394402  5832807.07907135 5848985.56954691
 5836096.31367449 5831050.02158203 5852802.67513769 5831216.75287261
 5830656.20749346 5834001.44147981 5851408.42428818 5846387.83023941
 5831596.20745473 5842859.87826222 5845093.1177725  5837380.34050706
 5850357.11046804 5830894.74700535 5832079.94670562 5840420.17075405
 5839223.30507085 5831404.79315085 5838762.7715188  5852611.46045824
 5839902.27327022 5843625.55162483 5843911.52664217 5847816.8947197
 5847637.45185242 5841610.4448713  5852231.46980287 5845442.39096092
 5835306.54134181 5833093.31652628 5834929.20629336 5839423.6786426
 5841324.59345594 5844343.59244453 5846600.82289813 5840571.91089938
 5851596.70240427 5849176.87767496 5846024.6102849  5846136.06641191
 5851085.8496907  5833841.38311997 5837890.39906139 5836846.86433169
 5847421.64553024 5841280.73452393 5831307.93519987 5836418.92109191
 5832822.62849629 5849483.71064307 5849844.162399   5835314.66601143
 5839565.30714506 5839722.9714989  5844947.84822488 5842819.29278598
 5842950.5164649  5834328.37125057 5841621.57637598 5848340.84212852
 5833274.85735308]",6682.616155927585,7130.700365777925,7053.4698233532445,7037.231418561824,6501.127865347999,6553.747025637864,6682.033341970873,6666.965043189538,6697.511444757947,320.988484876951,7081.484951275632,-67.70064784491782,345552.9992339264,-74.86348380295115,6775.844364403367,5976.876901307123,3,REF,Referent
"[573726.94465086 589544.76315123 580117.10656041 586064.08814251
 591631.75049795 573142.61282068 575997.37262885 574493.65542643
 579971.89679363 584563.94749539 575853.93438795 577678.82150062
 593495.9324461  582531.25624665 577064.44375344 581264.43011704
 576279.52083075 585973.88081754 578847.1141367  574821.21985443
 587793.76868229 580447.66436535 578313.59218998 578355.84251275
 580920.7760675  580487.58321364 577619.93515827 583185.01968379
 581847.99009185 590097.85901716 582144.76250884 587159.14913175
 592674.81066159 593293.45499351 577207.40903164 587635.194581
 590246.08829632 586439.55546701 590634.86626261 593654.4899396
 584795.55651663 584393.98649478 592573.18022857 586112.31071491
 587747.24870899 585419.04612947 593245.90440604 587275.45443394
 587488.04903518 581396.83490673 586362.51371697 588551.8152513
 587925.45636322 579098.99088808 585644.31086091 580297.17065918
 583598.56956863 587241.7920513  591798.91043861 588719.29007567
 585926.12563369 583527.60231272 590188.69476578 590166.75648787
 590540.02286569 576569.47692951 592148.08357656 582012.7686944
 582479.6670261 ]","[5832179.12096818 5853793.41604722 5831091.89918607 5852836.25926924
 5850127.60053858 5830621.04019171 5837588.79486904 5830648.73868461
 5844632.86805555 5831448.83796015 5830756.09460952 5836967.60695014
 5841005.90128318 5848133.08372225 5830972.174205   5843593.63763216
 5834364.31524331 5831553.57687161 5836279.07636727 5834483.34642626
 5853312.09999686 5842377.30323274 5830949.76259762 5840180.67406633
 5845908.57215839 5841003.24401018 5841415.15584591 5831333.68417662
 5831228.50494759 5852824.60126804 5847220.26438413 5832935.94178917
 5842115.88883264 5847217.66407111 5838553.66560148 5850801.33575494
 5839349.08897102 5838054.88502815 5851733.2525919  5846079.02680837
 5851147.829429   5842119.53184797 5848480.94179162 5836008.13767839
 5844528.14068461 5852082.18062917 5844834.61080228 5841940.67283569
 5843329.89820644 5836358.6614398  5840363.01790325 5849121.36898103
 5846594.53313177 5833672.50060172 5834532.74471598 5835106.79730048
 5846026.69433875 5834256.1424091  5843689.67590319 5852293.33118425
 5848505.29714935 5849495.99190212 5840818.53163008 5846262.22864876
 5848727.05306161 5832530.27808825 5840174.76722169 5838056.11650402
 5833281.31152131]",6675.246540338446,7124.47408090539,7045.99481385764,7028.81291663999,6493.082503519495,6544.150708803896,6674.64330610479,6662.090541411105,6671.967141117034,320.03601045819,7072.753653853008,-67.72203199741196,345101.1173325176,-74.90249509576346,6764.996325165642,5974.63706705577,4,REF,Referent
"[573343.29415431 583493.65097726 580375.78735561 584524.2972128
 576760.81538747 574419.86529187 582704.28347707 587531.390648
 578850.94997771 583684.30905037 577522.02675011 579478.41746318
 592129.59110087 589783.30848568 586424.72932336 591208.08611705
 583854.72716441 575846.34616496 588306.24728586 587998.76888535
 585946.27188366 575701.93708163 578661.99253466 582062.07417828
 576610.95497905 580338.42882003 583218.09105197 585561.1266563
 577194.49714419 579982.44742569 574984.96913621 586966.30794831
 593583.1537672  578906.19073151 573735.55110095 581033.4999962
 592489.8303097  589421.9930526  577955.62572254 576223.08792067
 582964.30661838 580194.47246844 581725.09048224 585435.77751208
 593212.29355145 584536.76154247 585811.96372656 583818.96207373
 589805.6958123  588233.58465746 585707.38728282 580441.97185631
 583981.00313133 587426.17599728 587520.59659471 591337.53982479
 591952.41198545 593425.84084016 589036.58109616 580796.41717787
 589051.31306931 591873.24369422 584669.53300332 587845.85990964
 586243.40289835 590249.8899162  578755.5413904  592430.37695887
 588928.45320205]","[5830667.26230158 5831358.47481453 5845134.23476403 5850858.69156614
 5830827.47443304 5833849.53931461 5846753.16778349 5852146.97552715
 5834171.90757051 5845421.87235864 5841283.69514475 5836136.02567484
 5849258.23863734 5853375.99998971 5831589.07579004 5850876.18620188
 5847896.29263585 5836626.82332149 5853453.13362674 5850821.77097639
 5852802.49824278 5831925.04655947 5830977.81495136 5831245.4273657
 5837766.74383384 5831109.81962164 5849072.69644312 5849527.85309598
 5839012.30172307 5837499.56615664 5835150.24460166 5841741.18241175
 5843799.33459735 5842478.30833229 5832202.85057373 5843692.58795403
 5840952.90236311 5839610.99350432 5832155.12563449 5834078.81573902
 5833960.96737394 5838758.10541417 5842526.51180691 5834895.73600971
 5842159.04629614 5844577.88644395 5832503.32491599 5837999.04615102
 5850757.18485025 5849500.19275945 5836411.017949   5832896.59416914
 5839314.27910914 5843059.04637885 5846799.66406825 5846596.79816062
 5847947.28430801 5846986.1869519  5841254.84762348 5841194.19876019
 5848492.9868152  5844150.18454436 5833645.25443182 5833421.98478538
 5837921.10051945 5843500.75926855 5840721.83913017 5845548.33310022
 5845795.25915572]",6657.286024890606,7119.5671447437,7039.85805683381,7010.722106497058,6464.925136631132,6521.469367255419,6656.683958595552,6634.868997085565,6653.937462245613,317.5347057474863,7055.956379670756,-67.99270666860188,344006.0041839641,-75.2227104188272,6746.463985493167,5953.647188714895,5,REF,Referent
"[584263.30394388 581811.30208789 573064.49714995 583313.24743873
 574422.42080755 576418.3441927  575762.40893465 577719.99094176
 577165.9477401  585912.92945342 585104.80816539 574111.09736105
 582379.1944488  579145.01203775 589545.17413111 586507.76300664
 580447.06043834 580047.84496241 584111.89642009 589350.849084
 587629.38734924 576380.7397299  574517.19417014 573516.68388539
 574917.25177128 587818.92958033 590467.29912006 593541.54716145
 583924.95104062 579376.21794641 587873.38033765 585821.05500475
 577090.41793874 578518.41228046 584987.93826348 585534.84806127
 587189.31902276 590747.79996177 576082.78159087 578905.0025396
 592646.25532376 582519.10364218 586057.86439498 591111.01712609
 589910.21705281 593612.9928937  589597.16172394 583086.61986087
 579362.12531295 577296.45010785 584898.32921337 579348.96371533
 585566.78164683 582630.15351591 591639.81730562 580776.63417087
 593665.549685   588102.94381921 583147.90382145 591020.84582107
 593036.09974185 582153.86492633 586712.88184997 589039.36569995
 586950.91642087 588268.54339686 592311.8434944  589142.66544903
 592086.95310554]","[5850502.16095662 5846539.99050128 5830574.71059345 5849198.08646441
 5833852.34724038 5830800.89885325 5837071.4558705  5841093.3689771
 5839794.551337   5852757.82287836 5851651.80323965 5832739.94508422
 5847734.69822347 5842996.73538441 5853793.61942321 5831595.62221771
 5831118.2841139  5844466.55805057 5831407.29613344 5852565.81026208
 5853266.62939588 5838555.5465046  5830650.69221003 5831680.06434598
 5835039.50055526 5833453.75895084 5852176.49480081 5842469.58936611
 5844639.97202653 5841803.2265625  5847174.15292476 5834092.51765557
 5837171.46026351 5830966.59126298 5832582.43948904 5847583.40630607
 5844387.05044032 5846089.59853029 5835967.60977755 5832968.15186325
 5840472.68691874 5831472.12797575 5839803.38375021 5841516.93195881
 5839616.31146409 5844750.51042904 5844646.99531434 5842935.94915445
 5837471.07425551 5833233.98317913 5849259.88888609 5840206.91794491
 5835840.49691939 5834743.02252957 5849883.49861927 5835355.8697527
 5846440.80732149 5848808.29393431 5838517.55905761 5851202.02788943
 5847667.98429901 5833285.69655531 5838020.6804446  5843262.04371188
 5850947.52949838 5840542.61158007 5848939.56372684 5850304.48062183
 5843456.52255742]",6681.517135636493,7131.693794644723,7054.584636749822,7031.877422577883,6500.449587434539,6552.3768981595185,6680.934829510343,6659.644382344919,6689.807155965504,320.23907917936873,7078.983354227869,-67.76941878359932,345466.63471016363,-74.94593775621121,6768.285069201322,5974.155653148074,6,REF,Referent
"[573093.394483   586509.18224665 577031.50414374 575927.20948394
 574904.37706871 584074.34996247 573633.58195179 583323.48966187
 588354.99029826 584878.26926134 585936.39661174 589545.6157486
 577816.98288763 578611.14087352 576440.49601578 578480.17656412
 575110.7556864  582350.6384575  576884.94889325 585429.0402688
 581840.16623933 580994.56178719 582678.55808136 579368.03949076
 590306.26000597 583893.21623886 591443.84550689 580209.74067237
 585831.50540748 593626.7960225  574636.48989819 584680.3331963
 590936.9363028  592939.55359099 580117.34573268 574206.07354385
 593546.47732138 587596.38208525 593483.75925285 587010.91699617
 592210.91160421 593590.2337282  582526.72519542 591407.47122918
 589358.90931665 579896.69109248 592207.52701825 589384.09069313
 579005.27558286 586825.6894118  578737.63602613 585918.48394978
 593428.14234366 587267.22234089 583390.85352991 587968.48240912
 584441.482558   583445.08970107 584356.1603371  581109.80897431
 586917.92528384 586622.3614454  581442.07828778 589598.29081907
 589247.00472955 579956.07268663 580523.10774533 590478.62926592
 589302.04150691]","[5830576.02013356 5831595.95031403 5840115.87936915 5837047.38409221
 5830681.44775658 5850243.32905995 5831958.59626071 5849216.85564514
 5853466.54390699 5851343.00221013 5852789.99028068 5853793.13569497
 5841627.0706602  5842773.0668834  5838692.19158913 5830963.13459187
 5835502.47454291 5831268.15646554 5830995.10366428 5831510.9841565
 5847188.0424991  5846032.01266763 5848248.41845624 5843807.08346073
 5852457.70227291 5831390.08135225 5850462.84627439 5844904.75928281
 5835681.37553413 5845192.34447243 5834369.1451023  5845743.20450638
 5839419.42935775 5847838.96445958 5831092.11380223 5833335.78617675
 5846601.5774682  5833158.64521932 5840989.8866011  5841749.61237446
 5849090.53378549 5844045.55174525 5835534.0642591  5842272.16981069
 5850894.55326894 5840416.05847247 5840380.42318607 5839806.56806344
 5834884.795782   5834482.87523843 5833440.19827996 5837784.39199296
 5842682.60508499 5853019.73783968 5841853.96430967 5849384.40713474
 5843523.60151507 5838915.74700291 5833573.37924129 5841934.5709355
 5847998.35108155 5851713.02019666 5833651.01398206 5844916.99027516
 5843895.39330523 5838488.23794924 5837210.83284911 5846430.67568402
 5847637.34331144]",6691.734992809487,7137.901090850999,7062.002087261297,7051.930741243107,6514.315271340453,6566.476036935836,6691.167728329473,6662.843731175393,6693.121002087847,322.0599279498216,7089.096190879912,-67.58994029147058,346146.2135007481,-74.71478849554813,6782.117323154197,5988.909074166904,7,REF,Referent
"[585883.83356357 583829.48827342 582392.53786902 577678.88260169
 580214.14453974 584807.01051166 591408.24525194 574215.49388931
 589545.11150116 579526.12776786 573399.88452654 577123.73375148
 575318.88836267 574678.35200304 577828.38243924 582119.31349205
 590612.95490227 588060.8976791  586509.39163521 576326.79755738
 576502.21041372 591366.32884885 587543.32125689 593596.89919392
 586667.67197168 585055.0357981  574353.21464162 585078.43924645
 580039.33986276 582459.92891042 590065.10946922 580406.21754892
 573656.68056323 589375.17089236 588769.20238904 587055.13123516
 585822.95828498 593653.05836787 581788.83076822 593159.74566744
 583283.95547047 576992.89683924 579003.45178778 587122.85255352
 583714.62554102 584118.78113874 580805.4143977  580222.28684879
 586123.38723878 582443.09600232 583523.71967987 582627.49506507
 592617.42068285 592442.09937893 588616.65900425 593518.55268383
 588027.61951973 587869.18743662 576068.33227705 590834.98894043
 579253.64759846 586716.80450967 591926.44312635 590523.50732716
 590786.12945673 585534.15128929 578473.49413423 581399.12072779
 589812.50106956]","[5852718.03704715 5849863.44326352 5847943.78719598 5840721.46354287
 5844964.3385341  5851245.56159901 5850525.1115949  5833356.63475404
 5853793.62535423 5831064.908793   5830931.54441574 5838531.00484314
 5835758.2469121  5834469.60697203 5830911.57827517 5844474.98698575
 5851882.00038232 5853385.63252608 5831595.792703   5830793.22959684
 5832235.71332391 5849178.9670851  5852246.37856118 5844246.53659066
 5850859.90362628 5847541.74197013 5830637.73072954 5831544.83283963
 5833189.84061834 5842912.67068994 5852881.68468593 5839749.13569587
 5832017.53521617 5845618.33174007 5844437.4215739  5833107.46979656
 5849391.4631761  5846034.70174751 5831356.01760475 5847450.43414396
 5838337.29667074 5834032.396779   5837260.3481083  5834501.59366939
 5831375.92130628 5845989.4392987  5842335.72718009 5836331.73923768
 5835816.03082192 5832974.5941339  5840477.8224499  5835157.26484017
 5840455.32902397 5842551.24797134 5850756.11339571 5841759.59349966
 5841737.18300924 5847333.90230619 5837013.88989299 5843241.65857742
 5840499.74466602 5838655.87242346 5845710.07762261 5847291.35430422
 5839323.70517247 5837322.29602859 5842582.56117272 5846349.35713244
 5840069.54778575]",6679.1962511861675,7129.898534875698,7053.273678451523,7027.793770602176,6497.33029769411,6548.603500842928,6678.607526733993,6653.42484683793,6683.339572901215,319.99561624347433,7079.178930097887,-67.78592730345464,345299.58830337407,-74.9744078661528,6766.657051238334,5972.537658717629,8,REF,Referent
"[573465.2572858  582186.55617521 580244.3441574  575243.4993814
 584957.27313869 576196.16739601 587719.47313256 576980.31382727
 574754.4524291  590009.77607113 581162.83852423 574840.60352785
 583316.11272074 578556.34230055 584798.22804709 576528.94291054
 583089.58833506 586888.15503649 585369.05836095 576837.71348616
 580157.69726453 578642.6696631  578206.7133778  592043.27723004
 586195.55592311 585219.52882809 586508.92108634 582790.5008578
 593548.66323997 577399.8498297  589382.65616053 590681.89798315
 579040.69595626 592839.79928052 593216.05303899 585227.3330489
 583271.13751854 588297.5134754  590413.26619976 576801.70928631
 585604.50988319 588885.8446768  592148.92923272 590486.4654134
 589200.82312389 586753.94491928 580333.54141132 586637.3800577
 584500.44350048 593186.49033067 592841.69566059 583285.58922382
 585148.43155358 585433.18124352 590749.31614767 581821.44796755
 581612.78705946 577121.33822555 590562.32268988 589276.10283912
 587110.03872749 585438.21822946 587135.69858982 593190.13096862
 579810.17827221 580387.535057   588086.18253184 574080.04825041
 579379.10599992]","[5830765.85895695 5847661.83006804 5845006.59642519 5835626.80014516
 5831474.2544741  5832248.83642231 5833258.26108385 5830844.68573156
 5834269.63516268 5852978.42979439 5831174.31426199 5830677.26998446
 5849207.00943264 5841260.21980827 5848772.42559583 5837497.42295411
 5846038.11008866 5853062.46717457 5852014.34890464 5836001.26409882
 5842572.01697115 5842815.99052098 5839760.19909024 5849408.69168103
 5850221.9823489  5847080.12747516 5831595.77574307 5831303.06636882
 5846770.24792636 5838526.73875871 5853749.2566882  5851800.02535437
 5833523.09368917 5847869.17613048 5842581.55044236 5832704.30456007
 5842012.14001103 5851918.67451141 5842704.40406282 5839565.3296109
 5839373.30786879 5840664.18269436 5840165.33959731 5847805.68931328
 5845343.01801318 5844633.19248352 5836046.94899093 5851839.53092132
 5845507.86849616 5844130.2675928  5845550.25730247 5834959.14679442
 5841529.54265488 5834372.56439988 5850051.8198352  5843671.4911422
 5833327.71142261 5833497.2111332  5840169.37258756 5850946.90943497
 5837967.88013841 5836482.1363335  5834409.54409748 5841509.93264329
 5837271.4452291  5839183.80275247 5848237.29340863 5833034.70741625
 5831128.89971205]",6667.949098422426,7123.317548265937,7045.473953023692,7019.2333838555005,6480.232808191907,6535.78935949115,6667.356255071347,6640.753468495363,6647.115306958992,318.7822717201359,7066.922592280901,-67.86677515795192,344615.8884719366,-75.08182581009157,6754.186312088971,5963.110973350532,9,REF,Referent
"[589544.54613811 583911.25082541 581498.63600103 583073.64994834
 573625.63242979 574412.26634792 577836.98847589 590407.07735654
 586509.42238999 584566.59742047 574081.99970751 580337.78550466
 590905.7558269  580142.86073118 575097.170667   578673.12597242
 588363.02199959 593249.93661156 582185.13037972 582541.14462132
 587259.22698406 575990.16833772 575659.67125203 585623.70183038
 593395.02067475 593324.85438403 581388.89094977 584812.66940156
 581004.72186271 575174.21226082 581532.45646562 577070.50109416
 586842.65368157 587070.55139508 591411.25647487 587373.63735013
 586413.44335515 578051.31056902 576481.03486724 579481.00703144
 575652.05864501 591153.44420411 593495.74535798 591968.05781903
 578385.38165646 578453.25162217 585311.88156245 579606.19471272
 584297.36659188 587051.0159574  580569.23995573 586161.4703679
 586163.16288338 590668.98839589 576621.49614831 592288.46404062
 584607.29983886 584480.1867504  583387.30269862 584553.31103445
 576525.55133191 587633.50399437 590237.90403263 589269.42433733
 593086.05066745 582684.21119576 589827.49655765 588227.19208264
 593646.63967101]","[5853793.75316252 5850019.10183831 5842592.44790984 5848875.44816701
 5831314.10396848 5830642.40975266 5841714.48634123 5839269.76169118
 5831595.98641894 5831442.98115499 5833037.06821449 5845134.33604674
 5851406.95934201 5839964.59394292 5834740.73630208 5842856.37665203
 5853468.5642466  5844563.31298388 5847659.76003747 5831337.53306839
 5832884.09947402 5837461.02166308 5835990.0209829  5852361.87628452
 5842146.3600271  5847162.85367682 5846571.78527055 5851253.04576425
 5831163.51495356 5831816.56088509 5835148.3197129  5840208.72102691
 5853050.00889347 5837889.59958865 5850420.19224386 5834126.50481927
 5850943.82192107 5831081.19649298 5830805.33710799 5843962.48572844
 5832975.72594815 5848391.89515926 5840999.58479013 5849543.72317987
 5838716.63824235 5836904.42846697 5848725.9234565  5831051.99123324
 5845994.96260159 5842863.77157081 5833405.47377029 5840892.29253126
 5835395.39533752 5847206.85541127 5834299.22528063 5840484.19997709
 5836080.00669579 5838840.95558125 5840598.35678791 5832700.5692625
 5838761.75273708 5848249.29832674 5845216.75749668 5852365.97411432
 5843276.60257804 5844253.59410467 5842202.9565095  5844734.60966741
 5845869.41731714]",6680.284242142009,7130.409467116905,7052.981528989649,7029.613319669053,6502.413631732036,6551.46502101804,6679.698355835551,6661.821858931324,6687.256472728705,320.23690387746626,7078.269199334242,-67.67483502552889,345401.95214173046,-74.81507315953912,6763.180543062575,5978.418600201683,10,REF,Referent
"[589536.63505954 578874.7510595  573629.01998421 593473.58868085
 581406.42291385 577608.57136796 584066.80335991 580318.51902559
 583664.11917998 593337.31706495 590846.56323646 584987.21499379
 574197.97378085 582228.20268334 586944.63852773 577626.5013827
 574899.24723256 587021.86969752 592586.50812174 593302.57109826
 581296.44056011 587843.94197879 575100.15204791 575534.18889956
 591210.58406741 583205.61028235 578218.72477724 576937.40158042
 577774.91578035 576132.64221585 588602.77031164 578644.16248869
 593611.06428429 580347.59120399 583711.06538162 586127.81686188
 588321.45221329 586536.1635679  581676.8890126  585666.54466388
 587357.16787899 582543.93798918 590292.23169893 589970.54455761
 590678.52474179 583010.47393979 580570.94724986 589219.8374962
 579170.41257673 583953.23053822 587072.91629631 583882.03031445
 580399.04204391 581609.54307986 591284.66957302 581330.33548426
 586352.34833147 592451.58119655 589096.37734138 585794.77404074
 586493.01209535 584399.90892711 587264.97932111 584232.95803501
 581093.68602169 584774.29849352 586622.35230458 586014.05433861
 584428.55066309]","[5853782.65826812 5843108.04099429 5831914.76394998 5842980.35752759
 5831206.87234231 5841368.93183116 5850140.72948302 5845099.33546004
 5831389.10496087 5841033.45602006 5851339.89592941 5851478.86386274
 5833308.60207469 5847707.53851525 5853051.49467604 5830905.26218131
 5834965.60751597 5838040.25891057 5848426.33510115 5847145.35707537
 5846418.61247132 5833400.84525339 5830698.18494754 5836457.72329485
 5839625.24116348 5848953.9820225  5835920.68980146 5839541.79313549
 5832721.48008303 5837952.24393065 5840550.46717159 5838410.35551188
 5845627.27936543 5836546.4428122  5845045.75609037 5832514.27676458
 5852167.50610907 5846525.27706937 5832967.0226212  5848790.78885678
 5850614.29491375 5842790.60186378 5847091.00506025 5844781.86340419
 5841935.82560235 5837000.3330447  5838182.57943186 5849085.9485646
 5834172.9335841  5846756.37656734 5843738.35258516 5832830.7739193
 5841892.46936098 5839812.84675326 5849607.02252094 5835167.78554692
 5834981.02276465 5844112.81640897 5842530.36226834 5836458.76010018
 5841640.50599352 5841970.39318649 5847973.27617949 5840199.94691174
 5843839.66409825 5838533.00765299 5845371.28679203 5840057.36153735
 5834774.93502732]",6623.616358567599,7127.465210730464,7046.016803707092,7012.3624776002425,6428.213591317525,6473.060613230503,6623.0061006350015,6608.541602274688,6626.7647314727965,314.0717605734825,7027.869442005909,-68.16179185188643,342092.9769414624,-75.44586053727494,6719.155783898072,5930.388033046315,1,wdm-JENS,Wake deficit model
"[573847.47155061 580943.52350729 580176.87682078 589522.52819464
 585910.63723811 593635.58369133 573495.71879709 574790.55822094
 590715.4967666  575574.5413241  576376.36880027 583851.00441851
 593472.7233476  590442.49721034 582894.8457527  587246.53325879
 588144.05199774 578343.68756413 577170.249341   577629.31199155
 579860.32229954 582047.80721222 582008.66902389 576205.27961472
 591194.89937189 581942.31379251 592885.24074224 585271.39433337
 588063.71871901 580072.73536156 585290.84660754 583835.0666661
 584371.79342512 576992.80883558 592339.15624182 578101.29632992
 589697.06475748 589495.27808407 578887.90733895 589921.10473028
 577293.41109526 587273.5808488  585983.44131168 582945.22193772
 585988.56861451 592247.55982951 590765.69214927 582680.67776152
 591625.61992529 584836.79262923 585094.31137845 578635.49628525
 591869.83445922 584386.12035928 587220.41404814 586553.63123746
 579733.8397953  588088.16170245 580290.32922631 581930.99989372
 582026.6622855  587730.71471558 584837.89446281 587837.78053939
 582969.51236692 581072.98333031 589716.20658201 586250.25028249
 587010.80361789]","[5832459.85623363 5845931.80052015 5843792.68353885 5853760.73652923
 5852536.12278451 5846527.85924603 5830599.82121885 5834656.35060103
 5839308.83357985 5836574.42263791 5838457.51421198 5849909.34956544
 5841107.85649972 5852203.23874842 5848617.05623873 5834297.28051626
 5852407.17789178 5841675.31984118 5830924.28218837 5840284.60691743
 5831083.70757602 5831303.51129226 5847402.93139698 5832078.20047164
 5850826.98451922 5842698.65579303 5843393.37823233 5848066.38929399
 5850716.3199979  5841007.23640769 5837030.25166978 5831475.98047702
 5846420.76727575 5833969.74078915 5848734.10626313 5838225.85052357
 5840613.93754742 5844589.84619425 5832586.60133422 5847116.6415771
 5835537.95358817 5840605.48397428 5850041.82344707 5839168.63400307
 5831678.74510765 5844948.01154799 5849473.54328098 5844776.99747091
 5846663.39494937 5844187.59972256 5833845.38667041 5836906.34214406
 5840851.5002765  5840865.84670561 5832879.9926558  5838955.61173238
 5834548.42588794 5848822.14571103 5838728.23131653 5836022.6997555
 5840750.96002017 5842661.12951083 5842465.05376233 5846526.24857704
 5834094.09540926 5833342.38556062 5842616.81126086 5835592.65064783
 5844633.30403703]",6631.067635166014,7127.16033846399,7046.6885044303135,7013.069365114192,6434.472053713355,6482.976775703385,6630.457190806358,6626.3350033605375,6617.967280721472,314.89551017378824,7035.550431143977,-68.12096197455521,342515.3315008885,-75.3978041680949,6729.931757819475,5935.832958114427,2,wdm-JENS,Wake deficit model
"[587731.69677123 579870.26025668 573500.94887294 586031.43872427
 573930.32242194 582657.40906805 578677.53429839 582347.74180721
 585317.57850081 584465.91244649 590472.34507576 576395.71461027
 575661.73256624 588366.46249255 589523.54057087 581442.29090305
 580276.92084283 577012.58300946 577954.96592014 592808.40098375
 574881.30402335 585333.00322974 575784.22556993 580990.79469346
 593625.90181799 590684.97237849 584330.64669879 577718.65024425
 583593.05195784 587056.22947743 576362.8791766  591933.65324143
 588281.70298943 591334.69056926 580530.14096239 581643.40404424
 579193.10329755 576909.4905348  585768.54778492 588430.83156058
 593047.11127309 582907.97430989 592136.51297734 588359.46861147
 583906.17590326 581812.74149435 584515.83618031 591202.0783195
 592355.40419684 588920.10113667 586774.06637656 581860.01397777
 584257.29349348 578736.44645973 589318.55290341 586570.54068222
 586938.11352273 585176.3386916  586090.98551075 585054.75476974
 578838.49659783 580445.99365118 590499.42549362 588405.12199008
 585059.90221885 591133.40807701 583112.2845225  586230.07316967
 581267.52598769]","[5833537.3251973  5844481.25180004 5830606.37026987 5852823.50050039
 5832667.90942925 5831310.60679582 5842843.47432976 5847797.21235504
 5851697.15056206 5849916.35779625 5839246.32895367 5838551.53585705
 5830746.11336138 5852366.68060511 5853768.08479092 5846499.94989908
 5831120.72114309 5840028.08545188 5830943.43988902 5848038.57870616
 5834808.19726093 5831518.46943436 5837055.71051336 5840491.31719085
 5846278.0418338  5851724.70078021 5843743.44395748 5841396.53190875
 5832833.89664843 5838029.13750856 5832689.71997366 5840047.40727268
 5850796.26207264 5846916.21973551 5832591.92622881 5843954.35268876
 5838650.67506025 5836071.78666648 5839667.73804564 5849008.27153829
 5842791.23136134 5837069.49435318 5844784.38652021 5843686.00835762
 5834426.94477618 5838638.50040626 5847806.76560075 5849349.08369667
 5841326.17068601 5840465.4310717  5844462.03028623 5835571.19766298
 5845695.46254834 5833993.93781746 5845722.27695002 5846281.10818354
 5841249.29460656 5837788.50465553 5849633.76461136 5842122.24701756
 5836787.53025536 5841865.58600378 5842186.49921552 5847582.28482746
 5836091.81501668 5843389.28755562 5841718.15733317 5834949.10295848
 5834187.76237862]",6631.089963190139,7126.650898830203,7046.615107663652,7013.714920366219,6433.323784849408,6482.739461385506,6630.472611413674,6624.149153736805,6654.012267725247,314.9367529671576,7034.699734215897,-68.07569428876786,342564.69626657077,-75.42032997643827,6726.325287384517,5931.789633796562,3,wdm-JENS,Wake deficit model
"[586497.08575295 578182.29843146 576455.67636256 574892.43300783
 577414.15804806 587230.49647726 592039.21597886 584668.25073458
 573929.61753637 579180.12381911 585394.44276116 579551.60521379
 576340.18334568 580717.31381544 577253.1246021  591228.33683719
 587785.33305188 575801.54674136 575946.5089822  576791.93849291
 593459.36398196 589996.38634706 581801.54778036 587081.19002782
 590516.90120955 582912.60569621 582393.8265095  577153.94359077
 593643.39611744 582694.93194672 589339.38391162 592181.67275108
 593603.67381171 579597.00124979 582783.64761814 582638.1818214
 592930.83966053 585204.3726682  582703.23742375 585031.5507907
 580784.64903373 585369.17920988 589024.07573352 582834.04522521
 580277.30711307 582332.29675951 585663.21159404 593540.4124774
 579910.07052072 585303.71347836 585072.73984509 586661.22163591
 579875.91478722 588267.38484173 587633.07067026 584494.39842892
 577862.51969501 581800.62434604 588715.10552467 584984.60245016
 587158.03299914 590341.16754153 590516.21587525 590813.0867188
 588177.94465647 587625.70466686 585163.54448142 591894.30616253
 591403.70117854]","[5831608.89893573 5842172.49849902 5830816.78977533 5834922.80568774
 5841000.36904279 5853153.11913941 5849378.04381345 5850668.26879458
 5831538.54376785 5843532.09716995 5852031.41984215 5831067.83486809
 5838280.62429189 5845032.02067677 5832272.38075093 5850578.25337759
 5833426.97620797 5837020.30470254 5833332.79304272 5839484.97097105
 5841246.64648581 5851655.53667066 5847124.45633483 5837946.18620813
 5839227.63665297 5848565.09998658 5842291.68877562 5834763.11782245
 5846535.57802566 5832375.03933462 5852779.93040748 5840209.50108782
 5844704.66497867 5834182.3422357  5843907.28840948 5840133.06883996
 5847801.4934034  5848468.57284758 5846039.52446549 5831972.12873397
 5832411.89674178 5844463.01696611 5840233.04376256 5838037.86692339
 5838705.25459399 5835929.38924405 5840121.42356955 5843052.61261529
 5836588.37130633 5846613.02667173 5833423.18514049 5835152.3592223
 5840503.57941693 5846349.05352935 5849896.91955805 5835363.27417614
 5836326.44960641 5834283.71394897 5848258.06003979 5842314.35495185
 5841603.4466332  5842820.90360549 5845815.92540369 5847787.42889509
 5844887.91458722 5843130.40797936 5837694.94538873 5844923.71608471
 5841528.59684605]",6622.650725972071,7127.123005000002,7045.911671797161,7007.893134949132,6428.36196633621,6471.971745301909,6622.030122143955,6618.679371409686,6609.938123166977,313.71596556353677,7029.386291959966,-68.14757123922519,341983.1926926673,-75.52319815076095,6712.410052513542,5925.033507763995,4,wdm-JENS,Wake deficit model
"[586189.24266043 583087.33969801 573338.70520103 584589.83896802
 577490.80642865 578792.68788125 580350.90776798 573849.57496989
 586503.63736605 593224.80010735 587861.22403641 576168.4445562
 590049.16029905 588444.0167445  574451.71560561 592849.67028546
 576386.038222   576696.81504725 584086.85483545 578523.44321102
 576903.39001557 575534.91137932 578978.18911684 582344.21890548
 592541.27066432 587995.12956865 589043.53853812 591537.93485377
 587129.15202387 579081.73093587 587907.35569591 586799.46687293
 581974.15020642 590637.57346619 581274.69446224 583711.37482026
 581204.55644619 578863.19961554 590529.91587899 580372.99321102
 583998.65600468 587178.5078207  582648.60690516 590298.06588013
 585814.64999302 593646.17263901 593576.42692297 589824.34486118
 583525.00605744 584972.09758269 585230.04435471 593492.06049057
 588280.16913515 589164.53357094 586272.92125026 585429.05033528
 586102.13452527 585789.51784774 581558.34433361 590830.123113
 591413.02166889 587829.15177332 593546.25253773 580503.24378146
 577983.95848072 582332.71345787 586426.96533125 583774.90414411
 582728.61311031]","[5852868.3961508  5848888.65335014 5830653.29108688 5850944.61370776
 5841206.66105113 5843019.58472729 5844983.7811903  5832329.33035799
 5831601.19782226 5847313.80639343 5833389.05835588 5830798.60263991
 5852902.54310369 5853488.31052445 5833914.31568096 5840608.31476468
 5837949.39457474 5839276.99318908 5831415.92834567 5831146.08818837
 5833728.39491684 5836394.95438019 5833240.09784533 5847709.65242674
 5848532.23377389 5852259.40262913 5840157.66235331 5850246.17659156
 5837912.74694911 5837251.77644777 5848826.40094866 5841442.14029747
 5843209.13175575 5839236.89269955 5835707.30086719 5846241.09239875
 5840361.38818553 5840582.13009296 5842073.12921028 5838866.64830963
 5840607.53624398 5847151.59633077 5844654.4072962  5848299.00907868
 5850065.08657144 5845962.74160139 5844424.8557149  5846446.94140607
 5837386.89121733 5848055.54957685 5843462.39031852 5841706.22162362
 5850472.92363435 5844868.58490081 5835742.05579196 5832920.61439086
 5834421.77744746 5839432.34858663 5841931.63990738 5851529.7913655
 5844262.61674851 5843053.03409827 5842939.79889312 5831126.11748355
 5835564.93126415 5831271.84897325 5845315.18348423 5835406.52551312
 5833622.25800396]",6650.401918883133,7140.381572319834,7062.326421281688,7026.377679252018,6466.25002282783,6508.1434282564,6649.824331065926,6648.315775892391,6657.620192256234,316.74159632892156,7056.15821271842,-67.91983852617712,343632.4718289648,-75.16154549631584,6739.732750147224,5952.326820240281,5,wdm-JENS,Wake deficit model
"[584192.12311007 580543.18179919 578406.33677378 576747.95608577
 583131.43030225 573603.14049995 575809.36421747 574386.69393666
 585875.90616738 588299.81061604 573583.20190527 577015.87742689
 580141.68788482 587786.84071635 582701.6340294  575227.15550111
 585920.25611242 587031.91659132 581218.36153831 577525.14143983
 576506.19141519 582530.45627258 576921.870656   577879.57181167
 579287.24590165 586608.09000493 593240.65694373 578606.14443395
 591187.08068498 589816.6469852  592293.99350642 585030.73607186
 591941.67600216 591229.69746599 593540.04010515 583134.80846938
 587132.57320943 584835.91744789 582274.80433343 583166.11941439
 588661.41845794 586295.57756464 580773.06092464 590840.54803021
 580834.69618576 583472.24369774 591584.0249813  589796.18057244
 586971.94693209 592553.27901259 582939.31400795 579583.59051254
 589467.50447071 584321.42870398 589012.12998452 585055.03524262
 586517.67082752 580383.59800023 579768.11287768 577881.22191303
 585400.62464302 582977.26660496 585042.1511051  589133.28549357
 590087.50495467 587113.54827503 587290.09256729 582245.97868536
 585097.61600353]","[5850384.31608512 5831135.58624324 5842454.84422574 5830841.9320038
 5848930.97012794 5830801.44834131 5837134.92433188 5833756.2860357
 5852683.45264528 5853422.56567504 5831839.4876525  5840004.07497964
 5844842.47932648 5833382.15299526 5831322.33372573 5835736.25157379
 5833220.49569924 5851381.67497735 5846338.60651108 5841248.81989804
 5838663.2330095  5847689.48432606 5833880.06680466 5832701.91344789
 5843674.83718524 5835231.62789901 5845494.92578297 5835782.11065072
 5846568.15772042 5853301.01283571 5840298.88853141 5831516.50573284
 5849027.05012717 5850822.80867208 5842415.31338727 5842200.08291846
 5837911.30430888 5836317.07590857 5835488.26174492 5846124.29470931
 5844470.62326592 5849711.69794514 5841967.04479049 5844181.87702709
 5834201.05560447 5844364.91491563 5841452.47498963 5842299.80752946
 5840040.65221338 5843472.64213673 5833481.48083556 5831980.7292113
 5851560.00516189 5840647.58436249 5847059.75528754 5848014.42536902
 5845496.37575344 5837250.49636793 5839136.13923927 5837138.02002408
 5843684.60659648 5837945.82694657 5841997.3029965  5849367.92451145
 5839679.96919279 5847289.36472094 5841707.19100521 5839862.61819923
 5838144.79217305]",6628.060557623416,7128.471606267059,7047.384099030823,7012.917204476199,6433.263669343662,6478.945187591639,6627.4485705718525,6626.376243403209,6635.541906383713,314.3857396027662,7033.107952487093,-68.1338902537145,342329.7703412699,-75.42872761466558,6725.552984739701,5933.382285518854,6,wdm-JENS,Wake deficit model
"[580781.1431902  584677.30312108 593050.79774131 576255.26754824
 577304.38052166 581840.43151253 573963.89158515 590174.31256125
 574765.78978784 575002.6389785  573399.81372548 589795.73257512
 579313.87020983 575375.82937949 587834.24836997 587245.12604406
 579288.69496506 580992.70347176 578269.98685464 588272.9037205
 592990.65792675 582894.55780243 581891.36506539 589579.72235887
 581176.44341376 583867.50967085 579124.13294962 580118.63319718
 583409.08662859 584445.10487382 583504.27561109 582382.70026716
 591119.98094619 585620.03164494 593541.71332525 593612.32744939
 577802.70041697 588314.56729225 586182.52338352 590219.63361302
 586186.9065239  593526.31273005 580075.35540259 586839.23422245
 585791.64172023 584656.12931417 581011.61871485 576547.1353994
 590603.06177253 586932.42424708 585009.40268831 585059.65105574
 583033.84386732 588433.15321619 577073.59182318 586435.76751947
 585215.25742716 591357.48436312 587885.84941031 589751.46226998
 592055.50916684 591143.17767354 591598.81116214 582893.51366639
 582324.64421893 578580.44612781 583073.91551769 575970.24625298
 580095.70644222]","[5844607.61514157 5851045.87035784 5840735.41982858 5838229.54142419
 5840703.41352118 5847178.04439283 5832709.62810518 5839318.84123847
 5834554.45773184 5830690.88914864 5830943.75797697 5851299.83216245
 5838849.6252817  5836120.86014771 5833372.91433207 5852842.81302813
 5843055.59205255 5845962.388345   5830973.50713311 5848565.56860084
 5847699.47307287 5848562.37380639 5831262.1232299  5853702.54907994
 5841012.80026782 5849847.99804475 5841301.53224035 5831133.71539485
 5844292.80713288 5846866.45048162 5831417.28960359 5842615.84745665
 5850013.60433704 5833196.16154682 5843861.43850026 5845452.22008673
 5836881.71569901 5844354.21478196 5835840.9779007  5848269.8665132
 5834547.97169259 5842310.74427194 5837289.24420057 5838329.84729255
 5844348.00285175 5842225.91942163 5833826.21269331 5831355.27036661
 5840421.1471817  5842247.62220835 5839985.36095584 5837457.14931562
 5840172.16050246 5846327.5031965  5834971.46529253 5846121.86372097
 5831545.84958147 5841952.38432422 5840903.61317138 5843491.702927
 5846089.33499614 5847097.73347179 5843647.47082498 5833710.83926695
 5838441.19584535 5832883.5601676  5835566.00226295 5833160.02350739
 5835474.86408976]",6619.238591831607,7123.342059039136,7041.0919366351245,7006.757159595169,6420.2961465292165,6468.3537551391,6618.6196232238935,6610.632019601487,6609.848085519292,313.56414154842355,7028.038038622998,-68.2803852904783,341872.9478455401,-75.5914175052749,6713.093014032308,5920.942570305733,7,wdm-JENS,Wake deficit model
"[579441.5911484  573662.00468913 584982.78930417 580393.28232904
 576100.54502109 576752.77517376 592378.78576502 590580.85450194
 575390.98440722 586508.03443601 577369.30296365 585958.25078304
 581520.54451996 591787.44418517 574066.99560443 591512.91279579
 578277.34547018 582458.49927548 583267.80330975 590161.80414644
 577874.24540358 587087.39535895 581943.90059597 587060.22445469
 588330.65954344 583457.14071147 588924.58282097 584175.93791802
 589390.88419487 593146.62621618 585131.77937636 580084.50781021
 582650.27864356 591385.01133437 585865.73352004 578413.67635424
 585245.56564779 581569.25388648 583385.07814229 591074.72088802
 584183.54868219 586679.14129059 578793.78892809 583746.23795261
 580121.38624648 591442.21772106 581431.26172741 583247.14856005
 587864.15743501 593639.47546125 586077.33268276 587866.01604979
 589048.95485514 587068.65260409 589012.77089942 578278.22240693
 584582.53913086 593485.13855893 579646.65332934 575018.8662661
 581527.5739743  590772.88626178 576278.78469867 584338.33802918
 588146.9957106  578930.86587202 589641.7591226  593575.33972426
 585061.59470414]","[5843906.28176286 5831159.35645108 5851484.02917749 5845200.60807238
 5837504.0795636  5838853.9728536  5848814.66221778 5851919.38317059
 5830722.26209932 5831603.93102147 5840826.9977304  5852802.43264511
 5846746.50558972 5839946.85493988 5832984.28454739 5850336.46557957
 5842307.61144788 5848026.1324252  5849135.65409705 5839302.55926097
 5830918.31710043 5837992.94623591 5831326.2841071  5834576.15378267
 5841940.44305217 5831358.17883701 5844172.45965715 5845816.34350656
 5849508.94242731 5847448.86898746 5831492.14800113 5841060.02928198
 5835700.42736118 5844535.81760152 5842472.24489351 5832867.38302894
 5847370.53605679 5839714.55471117 5837548.79877575 5843008.39025474
 5839068.77883819 5844700.23441837 5837457.53236701 5844199.86904668
 5831098.10027637 5846358.58736594 5843244.23451525 5842023.82244105
 5833385.00892582 5845782.34390104 5836019.56713718 5851080.77639426
 5845889.74045012 5849225.54147289 5847550.14232271 5835994.74991043
 5834006.0247859  5841165.961122   5834715.65582612 5835272.95162497
 5833671.08226644 5841250.56155443 5833175.66245016 5850380.9163563
 5853405.02627183 5839077.09796549 5853450.60041975 5843684.83690081
 5840455.97992585]",6655.763680394492,7140.574328960496,7062.959323598278,7031.746371145433,6472.965667613369,6515.459142399223,6655.185426717872,6640.834076988733,6633.940003780728,317.49542635507794,7059.850426469165,-67.93392935553489,343962.0138205771,-75.1802300396312,6748.358269378424,5952.905887376922,8,wdm-JENS,Wake deficit model
"[580229.24523824 583411.44939266 574751.14492585 573456.86494218
 576913.38825213 582218.10895594 578865.35866481 593572.96694265
 586765.79569232 586503.01145344 589718.70084104 578161.22160479
 575947.84308046 576457.12350377 587872.75047159 581961.98742081
 583112.36251651 585562.12316923 590829.75272801 579777.9515441
 575367.39676616 585688.76913767 581749.28661482 588375.78497509
 587138.6045154  583591.44773994 577355.4687475  583451.39819605
 588932.22014546 590076.13920242 573998.83142157 575220.5074592
 592013.40625231 587755.2198407  587215.28429385 592422.06785669
 579012.26380624 590200.40736654 576559.30610328 580201.48571341
 589258.7044359  588318.09684142 581682.86517597 582817.99909304
 583572.56390896 586684.49371632 578544.01881268 585082.67152865
 577654.00002835 580592.8746523  586993.37788763 586350.30152452
 586065.01980338 581134.72196555 583294.10391211 586299.37843548
 585488.43237125 584786.00234009 579242.28198855 590152.13189993
 591605.13568835 590740.10407757 584076.78577901 588619.2774317
 591652.92276538 592942.31552585 593441.40314324 583853.30830633
 593379.71379507]","[5844942.73680018 5849327.55972854 5834571.73352324 5830754.47738017
 5839820.56222335 5847647.21482757 5843121.04079187 5843823.19868257
 5853023.76487511 5831595.29060398 5844150.84748818 5841689.48591311
 5837498.21440661 5838724.18557094 5833382.8854239  5843582.16988632
 5845989.54798177 5851749.39713098 5851492.27308286 5831107.18847182
 5836102.45861362 5850172.28791912 5831241.21609627 5852238.94111126
 5837917.78269784 5841946.87486332 5830895.04152685 5831358.21585434
 5853608.13007351 5839415.35771058 5832825.22445157 5830713.31530202
 5840081.62900579 5848463.60675874 5834316.87994384 5848747.25620379
 5832926.30836219 5852639.39960145 5832510.34712286 5838328.12250787
 5845888.24665652 5850379.00854494 5834490.17640637 5833077.57546055
 5838565.46196471 5846377.05578469 5836510.46539311 5847728.65907958
 5834452.60045995 5836110.60341363 5839818.15074981 5844135.73283907
 5836038.59419422 5841397.651107   5836026.65596466 5842230.57201464
 5832613.14475642 5834350.47502515 5840339.06048347 5848042.64004257
 5850150.31415455 5842200.83502265 5844438.82094705 5841987.46903111
 5847078.97232956 5841525.81524748 5845298.46383861 5840267.67046674
 5847017.63272707]",6646.280173376431,7137.4507839597745,7058.8146060067465,7022.801605061023,6462.737319986488,6502.3137122840535,6645.690542719842,6641.631282372494,6622.809462611372,316.28181565077176,7054.45110817576,-68.07222190965959,343409.13827217836,-75.33244855547049,6740.987186499642,5943.511266388219,9,wdm-JENS,Wake deficit model
"[584582.83168275 583094.36481939 573825.35028551 586484.20256228
 576139.86667468 578827.35098189 573902.82213591 589209.04680938
 585629.90053668 579857.23807579 580901.58369113 582367.14013593
 587051.35310997 576322.98718141 587841.77727912 587349.25150476
 584774.96583842 593639.40174823 578412.05179755 590576.59397064
 574901.79909477 585375.14500064 577111.13214002 576051.69398359
 582224.57984098 578733.46460781 590256.21710859 588456.31754482
 584943.41621963 578616.4719847  577737.61568511 592132.7467542
 590366.32511008 588427.82237761 592878.12809918 580715.43824902
 582935.25986497 579810.67911442 592203.23815977 583122.75238883
 578846.67321909 581214.22963302 585990.69786717 584624.1571705
 584828.56460437 591215.62157554 579539.15260695 586310.58368766
 587315.36564907 581358.10477361 578479.46619902 593467.97453011
 587737.7508115  589137.89281459 584100.29445681 586146.39167907
 580955.01904557 587442.0071255  593504.89039776 593585.49257459
 591377.09407079 582343.93028066 582776.52714045 587718.86318716
 583815.96351496 591663.72987702 584832.9876829  591963.86291777
 589508.82533814]","[5850911.10215269 5848882.24506563 5832418.78077223 5831608.88602799
 5830785.37219457 5843020.48060431 5831281.90442532 5853694.99838384
 5852366.21010548 5844458.25492469 5845894.80464559 5831288.68322912
 5837940.13641041 5836615.79402988 5833399.55680434 5853181.83413016
 5831475.86083504 5846478.7805183  5838190.48015985 5851903.69333325
 5834966.54973367 5849365.48735223 5840216.91329698 5833263.14371729
 5847586.96314118 5839437.09413804 5839358.24938247 5851451.7272914
 5847146.80687335 5841733.33833576 5832028.88345858 5849234.91517739
 5847332.40227697 5849517.93119748 5847836.40137889 5838880.97422481
 5845094.55409554 5836891.4808207  5840241.52025631 5832775.6910639
 5835466.37541445 5841403.22242178 5834058.6088136  5842487.53642542
 5844912.68037998 5850501.91848026 5831076.27957611 5835642.97981289
 5841571.43508039 5834644.0228765  5833948.71705825 5841517.32456639
 5843309.05351207 5844970.4256757  5840167.01476814 5839420.17848999
 5832932.92644456 5845837.99562599 5843236.77895187 5845183.65673555
 5845411.89038623 5843365.28955401 5838219.48727286 5847838.34035236
 5834823.73712531 5841640.16364973 5836674.21687829 5843748.27784638
 5841229.04209289]",6638.398956511534,7132.863319914208,7052.786976898011,7015.726229174719,6450.447344571412,6493.235861900235,6637.798772854627,6633.996831087579,6645.3017293873245,315.5322790357723,7043.560999572056,-68.08317753051092,342936.3188891135,-75.35898562340252,6732.194992794362,5937.721144146066,10,wdm-JENS,Wake deficit model
"[577652.60523    589462.37507698 578819.21545224 585075.83562818
 573622.86800439 575164.87407793 574486.89304778 581475.0158664
 580317.08881679 586605.45686428 575835.2460974  593458.03355862
 590989.94547617 583118.29799655 577904.51784814 581434.07002249
 582387.61649534 590662.23275109 575401.80023227 577482.67350694
 577726.09205166 593236.6284594  581387.30863054 587635.63419439
 584384.29722503 580043.9708514  587074.07906784 593484.90257224
 586505.92936065 581193.46394259 576718.60170497 590977.10577965
 583952.55689821 592062.1257137  579821.9333717  580723.41275362
 580440.13812848 590652.67342218 578403.22560548 590520.84008828
 593631.73457051 592292.75672973 582580.66012414 584730.96858412
 586559.03460953 586577.2984894  586006.53651192 588371.54458104
 583919.62152769 580736.83562762 587757.52222316 588209.26646964
 583630.39593783 580135.96376058 590966.00484064 583518.65494509
 583288.84078341 589707.26721408 589580.13478293 583605.92222071
 585697.36022488 586723.78384323 582699.0880332  583470.67934504
 587798.2402442  588654.00493145 585442.82130752 585863.15126237
 585484.12913216]","[5830907.82349505 5853677.97075127 5843046.94276576 5851593.0799808
 5831905.5691209  5834984.2462559  5833435.3553632  5831206.13141402
 5845095.5416065  5852941.06209821 5836605.77593756 5841041.04256888
 5839465.13911704 5848912.17834931 5835674.35618901 5846592.64381369
 5847929.36344877 5851812.24703195 5830741.20825824 5841078.38149268
 5832648.1657449  5847249.80281468 5832480.09388697 5833663.89469486
 5831442.66988644 5835310.27375606 5837929.713244   5842790.02359825
 5831629.14964326 5843881.58473884 5839289.03343983 5849894.05316647
 5850069.40863351 5844256.53529155 5833796.04055322 5841865.52505911
 5838834.33688314 5840654.81068909 5838131.79162616 5842271.92793973
 5845698.76192609 5848930.39953157 5834887.01358437 5834204.69676884
 5835339.68743395 5843513.39462868 5849244.95985396 5852047.99947253
 5846587.94614143 5840188.34098104 5845578.17193264 5840535.35744616
 5844886.7321956  5837026.43571803 5847095.87981052 5843179.80507803
 5839399.05670542 5844801.97050709 5848085.48005885 5832445.18700553
 5839669.69870174 5847652.49912602 5837502.61888336 5841407.46418139
 5849845.66327311 5842724.76133908 5836693.86854447 5846019.85334079
 5841056.71736333]",6630.336163806095,7127.8945879003495,7047.967053748287,7016.914405418878,6435.272930607358,6482.192558728422,6629.722290873108,6632.61331391454,6645.2748570055355,314.8349656167031,7035.426790888301,-68.10810321427394,342432.99783340626,-75.40462143396873,6726.818161589323,5935.511741011072,1,wdm-BAST,Wake deficit model
"[573500.95430202 585949.27600973 578327.94146436 589512.26287006
 576411.044617   584924.91401024 580252.84949293 583897.97039819
 573921.29225009 579185.11000544 574974.1666526  581179.98885532
 582597.87187401 590643.43490571 575739.42331823 580027.48566389
 575576.97895132 577912.92480025 590522.77239147 587828.06571742
 593458.07746682 592417.1843342  577496.45271718 584806.2946522
 577822.70586892 584434.29361833 589509.72486446 582644.48290254
 585437.73529308 588701.98415076 585580.06697581 591292.79148351
 593635.52951317 582290.65039712 587827.55561371 591925.90690643
 586090.0510375  580380.91264259 579152.12920128 593173.54356357
 592725.89036674 584162.75178089 576080.61606461 576907.61541072
 590127.20246043 588227.72528247 580774.82892371 588069.33444288
 593566.62233099 590450.60964639 586504.41904907 583630.49634102
 587557.57778793 581019.34379712 586715.21119828 586880.33061268
 582130.96632437 587839.04968022 583874.62663129 585889.45376799
 578083.80982804 583085.50954281 579664.58001616 586590.34626181
 584983.55033769 591485.37467577 589522.32403056 589681.02189225
 581087.82218369]","[5830600.80226862 5852721.9570712  5841499.39725464 5853758.70139847
 5838524.80591235 5851135.08506723 5844938.92840064 5849707.16607715
 5832582.12367695 5843361.68016561 5834579.18150335 5846264.18048039
 5848099.46052544 5839258.80123388 5830769.64283693 5831094.23393338
 5836262.29763202 5830931.54480997 5852024.34697327 5853259.829235
 5841016.75478686 5848718.70987378 5840154.40240824 5831486.20166892
 5836101.20586827 5846653.69405582 5844588.00318781 5834207.98765392
 5848634.43476601 5851972.62913157 5844611.97224913 5850394.80485041
 5846097.218823   5831363.56967188 5833432.69095885 5840822.27337454
 5835363.49695955 5837839.24247424 5832513.48074014 5847391.786805
 5842889.0963095  5841571.6873819  5832440.989622   5834099.48207388
 5846586.59333556 5850483.15547314 5839776.94853322 5848754.14445248
 5844407.72046199 5848552.71728744 5831664.91748075 5838284.28298142
 5841423.94993351 5841357.67820595 5843040.78731889 5839635.7460922
 5835990.28972936 5846470.02217462 5832590.05376646 5833799.87130999
 5838140.75696014 5843789.31177277 5835261.08997226 5838110.22388244
 5836451.96197485 5845078.92396579 5840273.72603268 5842564.90641489
 5842951.13579688]",6651.169017000149,7137.299481176897,7060.4255380593195,7027.065518622395,6465.271308968289,6509.191641381882,6650.585936732525,6646.220600941208,6649.237768782972,316.96165299785577,7058.387300055797,-68.01802850040664,343689.5040462278,-75.26639487328646,6744.274989448076,5947.610512038242,2,wdm-BAST,Wake deficit model
"[574078.87214359 582700.53372358 579833.17877723 582227.87082165
 573457.51614711 575330.66460429 587781.73044839 586035.56417515
 585079.98453565 576908.1669735  575764.169548   578703.03502436
 576334.30358152 578043.07582125 574932.795638   580338.37699578
 590647.07951528 589563.68745538 584185.6694372  590575.38290604
 592651.34392131 576477.69839839 577706.04809479 581285.90519545
 587092.22266617 577954.19772611 588358.52644048 591639.42399638
 593089.90131723 593566.60158537 576643.23311735 584897.80888528
 586095.41040633 581995.28327703 580132.51089533 588865.1153747
 578666.76539632 584138.1184494  586752.91002769 589353.51440009
 582489.26915136 590815.34575599 589067.19163057 583901.82032904
 593300.34511489 584135.99537452 591105.79639422 582208.29682264
 585471.71430991 588960.92290911 593495.45549949 580301.07269597
 591101.12515028 581434.70341655 580942.14004144 578966.22073091
 589078.37683302 583603.25012034 586834.91337943 587765.44640852
 592577.48573464 584666.27831304 586939.63129085 592407.70354594
 586688.586498   584767.25269346 579327.92877355 582039.0918585
 585689.25326363]","[5833006.59077718 5831328.20880024 5844436.93255996 5847655.29911507
 5830673.16009308 5830718.61810932 5833491.65954227 5852806.93922857
 5851529.44487179 5839781.77104548 5836969.0177179  5842864.55108147
 5838345.1421352  5841563.42837374 5834766.12473328 5831195.4752916
 5851835.83596553 5853694.1327849  5849944.83668844 5839308.57956662
 5840505.93448344 5832537.07653311 5830909.66248841 5846296.66075304
 5837928.53504878 5834217.23677857 5852238.6532159  5850075.07850471
 5847531.12344742 5844064.46558831 5836141.44029261 5832314.13661302
 5835103.01582737 5836834.52519906 5840469.24783136 5840363.7880732
 5838982.16237845 5848441.60158533 5850746.4427511  5848563.47547183
 5835011.61038371 5841413.73872889 5844681.06265546 5833679.55506124
 5846395.80019777 5845794.18053016 5843134.57006746 5839684.63790553
 5839318.26055663 5846542.13487442 5842289.47577513 5837693.18828905
 5846959.27049491 5833194.81483182 5842186.60321436 5832473.83454357
 5850299.36581902 5841072.90157625 5848984.17531378 5842740.34108389
 5845031.23735022 5843542.71110189 5844879.33318594 5848639.51732378
 5840940.46893314 5837340.16559029 5835820.93424558 5843875.04970663
 5846886.61933967]",6636.72577416731,7131.303065808774,7052.572062376127,7017.9582214891125,6444.530925238318,6489.915549828018,6636.120133346702,6630.493840487994,6643.029835855103,315.29770729104854,7038.338254370814,-68.12197965544848,342905.56624859874,-75.38969024450735,6729.773841665567,5935.88018135554,3,wdm-BAST,Wake deficit model
"[578733.34093507 573762.15223601 580641.60144471 574578.89367649
 590583.22849856 587420.87038745 573600.55970233 577671.26019958
 589537.28767018 581393.73337911 582806.11885733 585263.58596557
 581697.37229205 575628.74929115 577672.24907084 586062.31296601
 576294.51877251 579690.0418185  577119.81415929 585667.89986628
 584810.13132572 575792.10360975 592607.17232471 591549.98724709
 584894.03134135 593398.91417051 590638.38108512 581327.87431222
 583436.88048795 593547.03611038 580152.26722857 587831.15495543
 585490.90329337 593614.13608909 586712.4240139  588374.89945062
 582906.46101224 588175.52414721 576846.88737527 575217.92228194
 589676.30232218 586878.03436734 577945.26071505 584121.69197151
 579946.71583799 590531.54969383 593467.37611287 590534.74333913
 587310.50031386 578438.57698183 579014.55474988 582473.66934614
 591589.10715091 584410.40347294 590066.86105317 587242.16392646
 587303.87069495 583639.88917248 584375.48017601 589096.57520493
 592261.3661443  584826.52857053 592231.24914751 581996.6592721
 584528.34909398 587299.50773355 581823.84535012 577692.78628325
 581643.25490945]","[5842808.11670342 5830613.52468762 5845508.02792024 5834089.39786402
 5839231.49894401 5833079.96964647 5831858.9355372  5840886.33128807
 5853771.08597481 5831219.93036488 5848422.82144546 5850506.0498462
 5846971.02030911 5836426.35558873 5830908.36903898 5852814.91283485
 5837969.95697918 5844195.81511358 5839422.58107644 5832342.01205319
 5847460.28276176 5830965.42882648 5848329.56237488 5850126.03266041
 5849124.01972754 5846989.69432507 5851400.20444052 5842147.87318531
 5831356.48012521 5843581.37531715 5832609.10118856 5852121.90103286
 5836854.61550557 5845330.37817823 5838541.02891321 5853305.108313
 5844970.46533088 5848486.55034829 5833495.79998091 5835361.86530397
 5844766.25207843 5834731.39737225 5835061.20790315 5843164.2829495
 5840505.67809832 5848957.83836136 5841322.11480931 5842561.73910045
 5846392.00171567 5836630.09342181 5838793.93412691 5837898.86284843
 5844891.68284879 5841444.40401273 5846557.49495526 5850578.34654141
 5841708.1416556  5833258.48174986 5835114.23413517 5840141.21093398
 5840324.35685586 5845449.02346666 5841943.8340224  5839655.18597328
 5839563.9238305  5844279.17897939 5835803.77717472 5832181.66616453
 5834174.93524723]",6643.689994431057,7131.950349602744,7053.540440805179,7021.28910214649,6453.448594121775,6499.61886009143,6643.088814485057,6648.2326132309445,6655.595562298369,316.1656527739127,7048.825892263638,-68.058780480889,343298.6512344201,-75.32915576120261,6736.581413577113,5946.318937910737,4,wdm-BAST,Wake deficit model
"[586037.35214038 573344.86865333 584517.60075008 590044.23975943
 580305.97023236 574444.56248575 583175.8999166  589129.73920532
 576053.10335508 576358.47338184 573754.7468033  587831.65595064
 583961.03046563 587607.57053624 586501.75671489 581834.52394188
 590693.37748026 585603.22569789 579582.89290571 592742.01489586
 591538.54007098 593503.17898976 593246.12832662 590771.00444863
 581018.07328745 580384.42570966 578601.72607776 585983.00164776
 588823.38602341 592534.83880858 589272.23291674 582712.72100917
 586069.77749279 580017.46103955 585903.16496134 580522.20604415
 576794.70855273 587650.58331856 592102.96335122 578365.69209795
 587133.27856768 584339.28482196 582953.42620451 583778.95782982
 582641.40086188 580361.04103534 593595.41770454 590326.46388841
 583504.43843805 586901.97610487 582586.79421627 590729.91163155
 586788.91221676 585614.9870782  585262.08724899 587975.10730578
 586237.79274666 590694.35177853 589603.19144194 593643.45499188
 584333.78771231 575456.00117862 576919.54451827 582251.80314131
 583317.58319539 578939.03974777 588459.21579516 579043.00899034
 577728.56707309]","[5852824.70240005 5830666.64540838 5850840.62227101 5852916.4014021
 5845034.00928387 5833902.64303022 5849013.91548154 5853679.69445838
 5830773.77410848 5837913.78265279 5832243.81660477 5833391.36870814
 5831396.82603724 5851839.65327148 5831597.24516117 5847176.58301908
 5839270.60850287 5833063.98056657 5833629.53470951 5840533.82676364
 5850261.99929132 5842017.14058117 5847238.06178482 5851638.30380856
 5831163.84017307 5838964.00939732 5830975.6713904  5836145.88591198
 5850294.13286904 5848543.17071046 5839964.13813522 5834097.56313914
 5849902.23943074 5835368.84838551 5834688.4699665  5842333.70391535
 5839452.76305123 5848538.70253704 5843317.97028833 5836503.21483498
 5837927.12311409 5847943.79241798 5844585.68473311 5846222.17552224
 5832403.45011931 5837300.14275634 5844229.36676215 5848247.43598147
 5839302.91204402 5846919.74963991 5843090.85774161 5844504.75172947
 5842266.21866081 5843560.97495442 5840984.67231502 5840956.0953791
 5845294.61778972 5841664.04550447 5846054.816736   5845839.43620579
 5837926.0699333  5836330.60459361 5833611.39923838 5840881.99836633
 5835912.90402502 5840357.03787282 5844374.16708739 5843359.4179987
 5841566.44041821]",6647.034869760044,7137.722687160514,7060.970450034777,7026.952876078561,6456.052771954344,6501.980826985125,6646.4407574222805,6643.185279372552,6643.620696580714,316.6097954910498,7052.7100597483,-67.97801269144279,343454.94463612983,-75.22106094112729,6738.098269167549,5949.539830882657,5,wdm-BAST,Wake deficit model
"[584462.52728559 583246.72869916 573655.51251168 575851.85745983
 574401.80598098 585824.5830118  580695.55129621 581187.84777239
 589774.74060973 582246.34211972 573573.26567781 579257.42437679
 588237.21196887 577008.79558576 576671.15589114 577731.10462512
 578734.87602691 580298.2743137  578355.88300189 577705.00408531
 591793.4942279  575203.07366862 582727.53031242 586045.40415651
 576918.81800764 591829.9394412  591046.7871663  589146.20280946
 587782.1031421  585299.48308056 587137.65011035 584667.75813437
 586492.04240974 580057.8599915  581623.54053696 589384.24234877
 583284.35335252 588649.05189132 583341.52441576 587108.71285989
 579917.42785811 583568.4504111  582338.1088049  577962.4342609
 588423.37398474 584381.08215718 591753.24305505 580781.81001437
 586750.69480831 577597.89085062 581444.07145579 580083.7353265
 584098.39127075 593540.73573556 583374.53983944 590569.28194734
 584658.12671954 586583.31240306 589364.4674574  587701.52030029
 586021.03854555 586207.59684919 590649.40293562 577666.15584484
 591385.13453885 593460.02739457 586372.33959529 592507.30768997
 590005.94144475]","[5850703.61904226 5849100.8321708  5830804.49904587 5837259.63757654
 5833769.6003237  5852626.02697195 5831143.4112394  5846281.1611828
 5853378.83697562 5847650.06686257 5831815.64445421 5843626.71176088
 5853405.32248307 5839918.96004517 5830831.73666605 5841357.54597161
 5831010.26245944 5844986.51379688 5842395.01520235 5833102.89045203
 5849004.56747516 5835702.43474284 5831494.29298032 5833201.75217515
 5834518.33263019 5840036.66703675 5851107.15289007 5849513.37214607
 5833363.56628483 5848275.56401985 5851349.71348282 5831457.90180407
 5835443.85500242 5833229.02952747 5842996.86610658 5840601.06360568
 5845774.16492142 5844302.84402502 5833481.93399965 5837914.29563483
 5835420.06275335 5838372.46644211 5835449.19110202 5839099.04974512
 5846903.17023902 5835682.83235802 5847246.63103669 5840827.36874052
 5840733.75848149 5836130.22272361 5839315.95962797 5837706.21751331
 5843701.02543529 5842757.40192277 5840967.57524159 5839239.11734054
 5842060.33809768 5849802.53149901 5851714.17802703 5842477.30696098
 5838912.6145999  5846641.48211249 5842399.19370981 5837755.6712004
 5844060.63637671 5844977.66161246 5844520.02609246 5841411.71918429
 5845716.2497603 ]",6632.044551383027,7128.217121485209,7048.233506961739,7017.537978551892,6439.096934453927,6484.615571048992,6631.43561447667,6614.544155541289,6618.454550501655,314.9354721155663,7035.374971370928,-68.08244349938305,342578.8312505966,-75.3646014473373,6730.684331207514,5937.2791429740255,6,wdm-BAST,Wake deficit model
"[585947.15595263 584004.59305705 577290.92549921 576163.53176417
 581683.31034591 575053.09381938 586505.93227613 593487.45762818
 574850.95909795 593370.65997185 575443.12198048 581794.24874794
 589709.45510101 576755.18641614 573744.05854094 592682.10019321
 591891.42714842 584310.3570439  573863.74914773 577195.16502655
 578211.15852059 590465.51266547 588235.68050916 576404.33569366
 593516.86358593 586842.06862153 584662.43613843 593573.04046375
 579277.82447001 583572.85114315 589970.32224156 590325.29240418
 587075.1672276  579912.37646478 584556.77297788 582674.77319584
 587087.99283808 586256.35413794 587850.55319719 582428.96111105
 590739.38463791 590986.66857055 587855.5936314  586014.49825443
 591825.39801841 581677.40458547 587025.65550221 587741.87019173
 579923.95555097 593641.67657412 579890.09334846 589127.72805431
 585474.68051762 591500.75791914 577257.5922614  580379.69986283
 581938.43312593 583229.8735287  582704.69945546 579445.81250985
 585721.28172063 583160.96217527 578360.25020189 586866.73213957
 590723.62835523 584938.93414596 583431.72397377 588746.02521493
 579284.09793433]","[5852784.05849874 5849751.81151655 5840735.80849217 5838032.92192027
 5846920.67590589 5830692.79979064 5831596.61370017 5841007.79205486
 5834583.48411258 5847073.58996514 5836305.66283129 5831226.69127541
 5853505.14099452 5839369.77067867 5831228.28333172 5848282.09242916
 5849665.74685147 5831431.19782768 5832495.687233   5830866.35859462
 5842199.36651808 5852176.45304766 5853429.55398786 5832801.684291
 5842417.81532727 5838239.39633995 5851006.62900568 5844032.92553958
 5833551.70077364 5838320.35951948 5839361.80411036 5847613.50631396
 5849819.54668478 5838425.80495024 5840490.03772829 5835730.89432891
 5840114.76980656 5843603.344135   5833391.33303367 5834229.20419016
 5842043.03725419 5843821.89185334 5851788.74929167 5835784.24412665
 5839980.56667168 5840203.04211988 5834627.56876484 5842053.42310797
 5835581.12132066 5845668.6664995  5841371.25857089 5845419.94588651
 5833024.00054454 5845663.92048543 5834904.14956951 5845189.4203726
 5832598.56876263 5844311.06371898 5848371.06893739 5843727.26157792
 5847761.07099948 5842294.77727101 5836928.21321566 5845761.40179733
 5850987.29506383 5837066.66206556 5846224.6580491  5848538.1333556
 5831026.47605745]",6661.630819385228,7143.997749925733,7068.705029882595,7035.344730766172,6479.328914290595,6522.150000141378,6661.055937755209,6655.438269054739,6669.194697884535,318.1991854589171,7068.550093403084,-67.79700763232529,344291.71084879176,-75.00839614707279,6753.299025935073,5962.981066978319,7,wdm-BAST,Wake deficit model
"[577955.65138033 581881.78120093 579317.93984115 573653.92142687
 590469.93259585 586511.56642597 577275.8189946  584054.44158674
 580419.77171197 585025.43042653 575739.06395727 592006.01693274
 593205.25118877 576760.836716   576794.10771764 582372.10548867
 587117.08626211 591385.15633464 583877.33867626 578796.17339506
 578650.66522485 578203.61241302 581359.27362354 583134.12598541
 574126.81207093 578879.47240859 592402.03738057 585925.44807023
 591955.05530006 593645.95276492 585363.74544452 581525.77282302
 589953.54315524 582757.9023963  586685.15261539 589563.27318893
 587922.80348788 575606.99758624 593541.94391434 580602.02484605
 588472.69392011 586380.01190016 580295.85529047 588828.550637
 588459.7113484  582585.31091183 581224.99399262 585334.06072589
 585063.63069086 585342.06887705 583130.36318092 584646.14002931
 588993.34044369 583765.3203628  586331.36400453 586590.80713733
 585376.9506475  589782.85034814 584496.04089055 586938.17323208
 583848.42266487 593513.31100851 581646.07004869 591614.94981112
 583047.28605342 589704.4152661  589480.07570927 579968.05043842
 587434.20299814]","[5830924.65194504 5831302.7247205  5843719.1831308  5831222.949239
 5852153.8400848  5831621.9133371  5840566.83168204 5850193.4385509
 5845236.39157926 5851530.76612647 5830760.27177912 5840096.36992708
 5847346.89204353 5836914.64631638 5832770.81837731 5847782.20706596
 5837929.64765546 5844938.96241136 5831391.61132762 5839188.18309168
 5837420.41588046 5834977.85801675 5846489.78265445 5848953.62215159
 5833120.5153174  5842062.75874914 5848743.35093205 5852768.06243719
 5842666.13182713 5845878.40609829 5831508.33812113 5842599.78653302
 5839424.31298581 5833074.13263405 5835037.86200216 5853659.14339981
 5853340.82679139 5835315.93865129 5844368.77413626 5835732.52590148
 5843959.68192347 5833591.79539585 5840826.33041654 5845718.98488072
 5851380.93285512 5844174.9637266  5838421.4539391  5843376.77470456
 5841570.42508256 5847188.25790908 5836362.38685184 5835041.76175185
 5847220.37407372 5838042.44524521 5850489.96424005 5845414.81721535
 5837381.77499108 5850300.50007915 5839731.29446425 5848944.9361868
 5845652.72534685 5841790.57632072 5834264.37055561 5850153.94959022
 5841048.81172181 5841008.26152457 5848559.22537656 5831080.15193913
 5841166.43169174]",6640.9355630652235,7128.851536854453,7050.438985236554,7023.589887146431,6450.13461818561,6495.344953327269,6640.331128334494,6638.704603841257,6646.310053074576,316.28718883161855,7043.8495073296335,-68.06116257222003,343075.4920736376,-75.34593044339158,6737.5179814787,5940.340521318477,8,wdm-BAST,Wake deficit model
"[583446.68913573 573470.65643743 581825.09597693 576783.68626181
 586495.59243045 582206.43875291 578747.68593621 586633.6698056
 585667.38664375 574795.72051348 580099.81016926 574036.96686171
 590219.9811267  576263.99850066 589254.97127077 587165.05514975
 577628.63075152 574915.52389606 587134.15108664 575485.42441632
 590878.48986952 592703.62910302 579637.64465224 593043.02758885
 591522.98678831 580477.40313433 578519.72294071 588440.69523579
 583797.8216571  581376.9379635  582984.46937419 588428.46154423
 579087.1567343  576262.6495887  593488.74038684 591818.06289935
 577416.10053072 580364.46350541 582955.41079604 586351.79585048
 591218.54414766 578010.12556391 591908.82029424 586640.80085481
 582950.47081483 577222.71414124 584825.11107643 582997.60859781
 582806.15739982 581340.6664869  583535.41113941 586812.58174811
 589415.62208658 590130.03096832 585368.67182921 588105.25879767
 587870.12092121 593628.26341747 585242.63350335 580073.42672531
 585952.63885131 591477.17428261 586748.964523   588902.82051575
 590007.67017204 584811.12123151 585271.07099924 584348.34404565
 586195.38679174]","[5849348.50162036 5830764.32328727 5843598.49647351 5839507.91669205
 5831594.59339018 5847623.67804139 5842934.04240271 5852991.419296
 5851744.67156488 5834727.97419314 5844793.26875587 5832863.46601155
 5852601.09053959 5837757.50769363 5853694.20950693 5850206.90385078
 5841424.13439977 5830682.99425493 5837914.84328458 5836407.170679
 5851435.9125963  5848240.87315152 5831205.77720117 5842549.82629912
 5839779.17725533 5841144.59054525 5838960.36813919 5852166.82554985
 5840111.16270734 5831191.57968795 5841860.8799185  5848386.63057587
 5833227.92726928 5832391.29761994 5841010.77375909 5846792.96659282
 5830914.03955635 5838544.02026595 5831321.12441509 5835612.85297255
 5843029.51740431 5836171.83414908 5849636.63631278 5839522.2275084
 5846261.41984475 5834127.6739202  5831465.22295993 5835718.26974241
 5833042.12027676 5834336.10647833 5838354.86597693 5846909.59016452
 5846722.33062674 5840396.78182653 5837067.27509063 5841593.00643957
 5833386.81052834 5845706.76785771 5848381.38884842 5836187.68403674
 5833052.04473425 5844889.25362229 5844300.48600544 5844345.08661269
 5850084.10878932 5845602.73605666 5834374.66817737 5844108.72934522
 5842188.02249591]",6649.310173492284,7133.788573444708,7057.043858769246,7024.734706011638,6461.279148390676,6505.390329003417,6648.6962085974355,6640.620104004301,6632.792137218826,316.92320499824916,7055.8870971319975,-67.96058250957977,343580.0590625125,-75.20575832140533,6741.593598956493,5950.800214171462,9,wdm-BAST,Wake deficit model
"[584539.43378902 583301.57806346 574144.87932702 586509.25531448
 591995.03995098 589557.488791   580174.06247733 587948.50278815
 574669.55482857 575584.74079571 585770.21075204 576236.04931562
 577203.08767378 582327.31932444 578935.81309037 587867.91209529
 584820.89963319 582311.34664107 577178.76620664 579230.97867769
 587829.65730328 593513.9358212  581112.3293988  587134.65972632
 586222.49093801 580795.25508296 580053.41300991 590438.0257028
 578343.32015681 581602.71275721 583704.0917732  587917.226066
 591950.39087882 592745.88322329 584370.9094951  586105.45870144
 584794.39642168 583315.46396065 584356.01443003 585016.55099165
 590940.34899141 586515.98024831 580800.83685318 582012.03569767
 589820.21709535 593647.13630621 590429.52039392 592970.6001825
 590830.79408296 593594.26240401 587722.55052309 579864.84259709
 585097.79487924 585164.48705302 581335.22078273 591163.9755173
 583556.02433035 577868.59255486 590360.19661654 587834.29207794
 587584.41374844 576374.52480112 587765.45675784 585643.99374652
 587431.41529119 577149.50138112 578498.20363139 574214.95732607
 592549.50340287]","[5850870.28697919 5849117.58819834 5832783.30166464 5831595.67017435
 5849485.33635548 5853762.34344508 5844910.29461296 5853350.95055167
 5834447.4751855  5836642.60943203 5852548.72708121 5830786.79211002
 5840323.66094377 5831268.17356446 5843214.75859236 5833378.95151262
 5831465.07137788 5847821.13268885 5835429.77308698 5831070.97429443
 5851758.08242545 5841830.00431592 5842911.968052   5837918.67867849
 5834000.18932122 5839282.06449992 5837112.11939292 5839215.44730843
 5833734.53090776 5832810.95777059 5833170.60343989 5849908.36586469
 5845933.94691864 5840534.06947255 5835197.94147902 5839632.57055503
 5842621.78481844 5844040.3382031  5840842.85465819 5845558.01835053
 5841178.80384526 5835408.12322215 5841106.5286486  5835119.2564276
 5845544.58918622 5845970.37068941 5852242.76978434 5847777.75553701
 5847873.11708566 5844150.95303058 5842608.16453861 5835328.46063604
 5847312.85125323 5837071.31498558 5846497.3227671  5850673.48598421
 5838786.16349425 5841754.93080468 5843076.45541523 5848253.17832639
 5846527.99413096 5838527.62815784 5840771.33930461 5849501.97274421
 5844661.69746673 5832293.17477434 5838574.84841352 5830626.74550033
 5843030.6441919 ]",6651.387732057569,7137.826272376934,7061.629847674448,7030.930985512508,6463.133746569798,6509.11273452934,6650.7955629763555,6645.910805260214,6650.699595627868,317.1479155982277,7056.517001911527,-67.97114157715257,343692.54917142214,-75.21631839028663,6745.648070913012,5948.755174464684,10,wdm-BAST,Wake deficit model
"[575995.00092626 576014.0943985  573560.72707385 593564.6983001
 589546.24631247 579933.25296823 575308.38385497 578399.68696632
 591048.43275037 586886.42271983 580583.51382839 583282.36714328
 590074.21289683 574088.17255164 584536.01304208 583848.6561676
 582046.30259138 586995.78448094 573220.832406   586508.27702076
 583745.82689819 577286.26883174 578638.54498443 579125.36273449
 587870.17376788 590915.69827216 592088.93451196 593503.71826171
 593273.33001149 589047.34991065 585368.02876042 583037.9630352
 585983.22189411 586637.88418078 582489.29087952 585430.20995556
 576582.45934023 586337.23397369 579333.07486861 587213.62495763
 589967.53921257 585602.00085854 584912.39437128 587615.48992099
 580195.65180819 581923.13099639 590910.65933581 576129.5801855
 593602.33958309 585160.58640438 586886.04763024 578865.57939306
 583106.16243043 582767.44188695 583167.52168603 580881.64567897
 582880.52831081 589182.99438229 578127.21784341 579091.9932665
 588742.82077866 593651.35639566 574680.10841429 584637.78597646
 591483.43367847 578414.24107922 586557.79532616 581223.77270055
 589507.12582778]","[5830767.43189377 5837667.37170773 5831785.50096086 5843216.38097394
 5853791.99242206 5844532.20347866 5835981.08431103 5842238.30189157
 5851154.33289059 5852027.13648137 5831129.26131097 5831341.62563524
 5840752.32191494 5833053.29611934 5850875.26129677 5833180.80051618
 5847469.62349821 5853092.45840499 5830649.47575129 5831596.02430649
 5849791.81652846 5840447.2034182  5835420.0688857  5843342.74809149
 5833381.63673059 5839404.18637449 5849318.72180628 5841305.58363595
 5847252.50139323 5842380.56510457 5837043.91249273 5845181.98153119
 5834356.47889613 5846083.23889882 5834046.9397355  5832240.73638196
 5839036.81147803 5835672.09336499 5839569.26405972 5840367.82798006
 5847772.31979661 5847431.63464734 5840007.29304329 5844699.51860319
 5832874.96402032 5841546.90143547 5844571.57396314 5832369.93537798
 5844601.25223722 5838351.68176149 5849485.75866844 5836889.82135607
 5839838.3505616  5836018.28736017 5842778.541034   5838915.15950452
 5848609.0401372  5850419.14923443 5831771.61774754 5838309.64349894
 5848408.90531289 5846002.70099997 5834473.96744411 5844146.71682384
 5847018.18199737 5833821.91047444 5842858.46272732 5846314.99025044
 5852739.48694567]",6654.378410901046,7133.5703991418,7056.287112034935,7047.486950500322,6462.8713050472925,6514.564818200859,6653.780322824387,6653.268496289599,6654.30791671323,318.45963036842653,7059.314750734062,-67.92028897817066,343939.502295679,-75.16334422536244,6765.140874799255,5955.892025448989,1,wdm-ZONG,Wake deficit model
"[579282.8786476  584563.98741259 589627.93328697 582822.42467526
 579455.42774975 584664.75253143 580251.99407712 574052.27631466
 586257.15498786 577009.51911061 581447.74859184 593211.23777692
 577434.30876573 585951.69245918 575864.88527339 585177.69654151
 586359.23886958 583119.79367563 584898.10747703 578782.64365431
 593663.84512651 579003.21112878 576701.8576419  578619.55283239
 581118.72765208 590267.7108186  587525.66370288 578178.45851918
 582727.44543459 576278.90004457 592963.48764832 576780.65787419
 591263.54708363 591864.19663904 588424.40130599 591819.08539776
 582110.51984359 590928.60274814 585154.4230604  590051.38845106
 588125.68139339 582549.21428714 593566.61476543 578464.48088498
 590650.24572389 580525.63276161 587102.88728843 592379.03931465
 583762.76260312 587999.58939284 582931.45980296 589735.94156259
 581597.65693675 581438.51171532 588440.51553441 584248.86406252
 592445.10384787 585216.61990234 582186.72889477 583900.86912982
 585629.1504496  586400.08005691 589970.80777724 585199.01666507
 590623.84502687 586889.94355136 580983.24395311 586012.32834759
 573082.1568765 ]","[5843186.23369142 5850905.63494631 5853644.41410752 5848531.35712339
 5831268.70041691 5832560.34205449 5844504.76018948 5832876.90283807
 5852888.29341204 5840063.05864485 5845877.35025852 5840822.38105916
 5832704.48735278 5838761.87240685 5833759.69081865 5831491.18394816
 5833006.02259603 5843388.67693859 5849269.85285247 5840293.42874817
 5846384.60153187 5841571.59482551 5830824.54334191 5835111.44738079
 5831617.52117861 5849568.98220703 5845573.28294421 5837237.49567759
 5832007.13022362 5838308.3349055  5847792.3166888  5835842.83503331
 5840614.77559951 5849724.14129455 5852467.4114815  5842867.98653677
 5841595.903645   5844378.75139097 5846301.71482978 5839327.59964777
 5849348.87671768 5847019.90372759 5843288.94604065 5838630.00502086
 5847963.10861975 5838742.2723942  5851244.74754778 5845401.15539513
 5848163.23880198 5842014.48177855 5838728.42657544 5846453.67200408
 5835690.67481565 5840384.76441264 5843094.92176237 5841592.84423339
 5841897.27250953 5844452.51702908 5837019.50897993 5834693.62587846
 5836726.79604638 5841790.47053116 5842423.71540505 5840065.93890744
 5851899.49798677 5843716.50398393 5834261.42618499 5835060.95576907
 5830537.46848226]",6616.057474320693,7109.228825419629,7025.456150572477,7021.951301707158,6403.4636656467,6467.0243488186325,6615.411460512574,6610.652145402313,6618.400814280494,314.5140522577709,7017.320155201316,-68.27264340492722,341759.0710906484,-75.57380670176752,6732.991613183326,5919.915265753995,2,wdm-ZONG,Wake deficit model
"[579238.5417978  576293.69056201 574301.24354301 574969.34568603
 583565.72454868 580300.74855366 593306.28486028 578340.89341911
 577580.93018847 578642.16446175 582474.93116528 577658.1853268
 588064.61888437 584897.53756874 580611.17040971 591149.9618593
 575057.05164698 585541.37081976 587861.52472566 584916.16042341
 587153.2557898  580196.44108704 586687.7751505  577349.66360196
 589579.18657743 591735.74164432 578134.27563675 586508.96977705
 591978.0662044  586454.66672403 588083.22275419 576653.82185109
 586029.51318468 582703.58422219 590890.39577013 593527.35441797
 579398.16270986 593571.66416738 585199.68651501 581677.71360556
 589409.67964372 589179.86940875 587626.33307164 585845.02890619
 582929.12942885 584588.26031808 590034.12264265 583817.22144762
 585428.43337823 589492.59022253 580239.04814479 584052.64528073
 583361.42232757 589654.96467241 586634.24820757 574212.57218268
 593473.04162759 580069.27583205 590562.56845562 580905.72346787
 587496.07744819 593523.53913845 589332.25603461 583843.00069079
 588571.80464387 587301.01328643 581959.82368768 576368.53815629
 582406.41978236]","[5843630.30672852 5838205.23456059 5830641.22183659 5835167.8013361
 5849546.95487107 5845083.44888179 5847195.23315415 5842326.70660488
 5841020.65512294 5831228.39255672 5831531.85444689 5837411.09849934
 5853362.16006996 5831560.57663689 5831440.04485159 5839549.25161815
 5833183.541017   5850619.98942137 5833375.93053392 5846260.34032516
 5834456.38328139 5841451.26552837 5849773.64033344 5835826.21817775
 5853733.47885732 5846675.00449841 5839644.29276708 5831597.0116323
 5849524.96832388 5839472.16848004 5848841.48649474 5830964.50398584
 5852823.41278957 5834508.80646543 5851432.71413925 5842073.99628416
 5836393.09404572 5843804.38538671 5847851.02487858 5842882.94483694
 5848024.43792534 5852073.47430932 5845436.77651383 5835285.51596135
 5844221.20742945 5844618.23825597 5844007.74111229 5833068.89308657
 5838151.03791001 5839495.12312019 5838490.26405198 5836316.99633729
 5840218.02935092 5846024.00486727 5842246.75888566 5832030.82568487
 5840983.78285631 5833865.86487629 5842016.54865135 5839899.45642359
 5840783.06174095 5845654.30582422 5850034.11656813 5842097.9385079
 5842145.14667706 5844220.97013348 5847349.06340508 5834658.13510331
 5837254.1407766 ]",6637.043076159275,7124.249105553005,7044.811879934732,7034.888407654771,6436.105505823423,6492.43262749226,6636.42534995048,6631.260456896322,6615.5102840614845,316.664218677615,7038.878341956617,-68.10410197083692,342923.6404187381,-75.33007493977644,6752.138257416015,5937.178451683507,3,wdm-ZONG,Wake deficit model
"[581914.73458641 578256.01332842 575355.96664981 573323.26193419
 591136.24195684 592107.35410616 587122.43031478 583799.59338647
 590385.07878141 593495.49669615 589537.45756609 576252.98928274
 573746.52128428 580236.99783455 586477.22937909 582402.23646885
 577353.30401388 585456.83870002 587699.97880714 585089.09679184
 589541.21611591 580865.39722296 582358.83473513 577466.40006523
 592753.54528554 576726.0635304  584172.32692198 584636.02482504
 581506.25687943 586774.18088135 579223.96095052 581517.97454107
 579846.9717784  589703.73219393 576990.66365689 592558.57859658
 589742.96974813 584130.0224978  593505.37043457 586434.39635557
 583225.02732823 576132.30820482 584995.25701974 587190.0543738
 583036.93791229 579402.82038043 589990.83813852 590605.26880517
 586772.81065039 580387.71632897 578697.38358965 579685.55781696
 578868.51454998 578036.87565894 582899.86236849 579741.52954597
 587191.62486967 585971.42294852 588207.43503446 586992.85811809
 590278.97025337 589661.52234845 584734.44353369 574720.07379653
 588246.77681614 585544.35542548 575506.02451465 593660.79775307
 585424.02332001]","[5846431.168093   5842283.90830149 5830717.2226507  5830582.25922403
 5839541.74469555 5842166.60545791 5832776.12756998 5848755.21479333
 5852319.10884578 5841028.0465976  5853791.62508011 5832347.54035328
 5832231.204299   5831102.28808962 5851793.05872068 5832130.84947499
 5830874.69038974 5852133.81285819 5853223.24143352 5850315.57970135
 5851185.63402528 5845102.39391941 5842365.81704438 5840759.20819004
 5843534.03351208 5839145.55510566 5841469.52278294 5844805.76114224
 5840108.87138333 5838383.56092229 5839698.33094372 5834656.11675177
 5843844.87449142 5844138.09956435 5833812.67320583 5848503.40269159
 5849826.77257087 5847119.34089234 5844990.49097294 5846620.26441574
 5831338.07005207 5837852.02664702 5843170.94566828 5849420.70364219
 5835983.48916781 5834226.0240536  5848266.90325489 5845614.13502776
 5847846.97051185 5837210.08672656 5838121.39576971 5841414.43615392
 5832331.0782708  5835848.07316728 5839098.72914494 5835340.39556953
 5840233.23743631 5836219.78117793 5841834.3157966  5842814.23933666
 5846925.23477279 5840664.18700163 5837802.480103   5834569.73914966
 5845287.69392839 5839811.37815318 5836440.87658936 5846307.49678715
 5834860.84384365]",6627.668947814296,7117.7875258014155,7036.044669934129,7024.663659816908,6419.871785752637,6481.598564495073,6627.03755152348,6626.028720836602,6599.35347239731,315.3217130504431,7029.667691391442,-68.15348700997984,342430.33123956196,-75.42616443543903,6745.470233100258,5930.060158812636,4,wdm-ZONG,Wake deficit model
"[586218.60907735 582699.39060418 583204.40940693 582804.65743928
 573342.57231067 583949.20777302 586460.08727119 584549.44606755
 577463.27144188 592205.92201848 590274.52501986 576090.60053629
 590520.6510364  577513.7780993  591370.84422592 578742.56695685
 580351.53046752 575760.44961591 573742.64642856 574479.05551862
 584635.51766757 586152.28221576 576639.79577276 593327.0885587
 588675.00071109 586903.03736947 578385.78756035 587629.38655443
 576268.31538493 587842.53074825 583493.14413204 578631.44772003
 578160.14835256 591256.34863719 589998.13823665 580416.91218891
 580396.97785344 590738.34993804 580490.0562684  588305.10063323
 583249.96060225 581601.38719216 585507.71208249 585813.72433517
 588622.77559524 589190.05035968 584958.34830712 589547.55412198
 587062.09070245 585854.79212668 584733.27566225 582018.94427628
 583426.20416235 586641.50528168 583934.31647171 593583.15178779
 592060.50262074 588141.34519625 582091.52190953 593488.29954042
 585443.00042782 589513.35108493 580487.37570315 580585.73255121
 577925.5899526  593373.38448351 587289.02912298 589542.9655524
 593643.5676469 ]","[5852877.79505485 5832372.43421808 5849030.66489216 5843999.73767253
 5830666.940014   5831395.2791721  5831592.23496042 5850809.52281618
 5841150.43157938 5849125.53647643 5852514.6772019  5831395.04357338
 5839191.73789455 5838993.71735142 5850589.10206024 5842949.66143998
 5845063.48088794 5836385.90905695 5832225.2450027  5833979.11167678
 5847722.66502456 5835946.28618869 5837694.42520153 5847158.86262748
 5850043.29800756 5841939.96297085 5840277.84036206 5852194.37860799
 5833826.41811232 5833427.8609336  5845875.40401578 5833682.09577169
 5836105.98136806 5845245.71734314 5847676.7082107  5838792.80144279
 5837578.32109799 5841869.24351402 5841660.94471156 5844664.12500992
 5833959.44779737 5842809.86114089 5833036.33676914 5849537.2328347
 5846725.43716475 5840250.75220577 5844248.47177897 5851373.01087809
 5845634.00095741 5834687.02848561 5838475.21243792 5840570.95222926
 5839531.76358297 5837736.30029632 5835867.81648596 5843844.89027276
 5843487.26749606 5842804.13692801 5847494.89984313 5842032.27641632
 5840912.17211294 5843773.56875246 5835363.84332219 5832999.02966882
 5830919.97387165 5840921.9248947  5848079.95984986 5853792.88280341
 5845729.1991763 ]",6640.547013442256,7125.863070374919,7046.20772921377,7034.87978878797,6438.235559529448,6497.67698286429,6639.941837795392,6627.685764931133,6615.959426550659,316.88224606989337,7042.174950450826,-68.09702274225663,343139.5202548091,-75.35405044062873,6756.052360013408,5939.1931696887395,5,wdm-ZONG,Wake deficit model
"[592034.82840945 580940.9779604  573640.33890022 575815.00878464
 574319.40663136 579170.97933121 589970.50503281 585815.39568523
 573883.07267129 583171.08129963 593666.42008705 576906.06650659
 593555.07442541 582750.04014211 584161.37030907 586276.1607392
 578326.31575724 580073.38965907 581953.0633223  580406.7382401
 584670.17282321 585451.28768529 589057.17784945 587077.58379964
 578975.60725389 588082.7387601  583168.60960069 575796.61190218
 592723.23462539 589545.48059715 588641.01521962 576865.0897559
 592198.32413836 587570.91230848 580752.56880672 585985.04039404
 582018.44521831 590910.83158548 591553.73835315 586475.30444914
 577587.47870126 590484.28999744 588023.85615119 581507.96236814
 583534.42846546 577934.76273494 579610.18523108 586593.25128382
 577570.41877354 583560.5548687  586642.89794852 582440.38291308
 590777.01524376 588825.75315397 583754.65343421 583476.2194757
 580144.61477574 586055.49270009 585193.05788846 592470.41098884
 586509.05307304 578247.29887114 584879.06331045 580806.97597108
 585813.46749684 590624.89510341 575324.52206544 583818.68377804
 588376.146092  ]","[5840362.57308847 5845957.93429875 5830770.58615682 5837193.97646398
 5833601.94111475 5843538.61824323 5839350.64423668 5852618.95352773
 5832217.16688143 5849007.05791578 5846562.639303   5839813.59192319
 5842915.52021154 5831301.36843653 5850361.4971096  5837596.73427291
 5842382.15467433 5844771.92351892 5847341.53187958 5831116.10361613
 5831451.41932715 5833684.1797161  5851559.74533997 5851139.79469206
 5832260.57883658 5853390.53792505 5833562.75245322 5834615.81215549
 5848205.17409938 5853792.96976574 5849319.31119619 5830837.52614523
 5842423.31092799 5833831.19987507 5833484.5910409  5835827.47092564
 5835492.73032873 5846621.06540222 5849347.2643422  5840079.07199706
 5841179.6678103  5841794.19412943 5846651.92163438 5839574.52639908
 5838748.29669697 5838871.36027522 5840351.29818775 5849814.15451806
 5833410.81364843 5843261.98679751 5841666.87824979 5844427.97482306
 5845227.94912032 5841141.62748564 5846260.10241616 5840965.02272817
 5837131.86282421 5846496.68549932 5848123.95009963 5844466.94543092
 5831597.16176227 5836007.56826865 5841928.60492228 5842080.45382671
 5845071.70984834 5851898.84514518 5836019.88136243 5836314.79298062
 5843919.96900299]",6637.956741942134,7127.543309704036,7048.466479891964,7038.057076709838,6440.446163475762,6493.17333782517,6637.335354380035,6644.798981767446,6665.881339569501,316.69074704692616,7041.324603665181,-68.05580417247117,343022.5115626378,-75.30474229400821,6756.810659038001,5941.681225820252,6,wdm-ZONG,Wake deficit model
"[577329.03035549 576067.47731276 573835.65744104 581844.34992189
 579933.48543822 574539.09600514 577966.70405226 586505.67850269
 583396.19421132 590708.61278037 576209.48993014 593429.6206549
 576765.21517387 586702.19876931 574095.61229299 588306.95235446
 578986.89508316 590582.35251258 586200.19734725 575431.28389669
 583836.42704655 585422.92215544 589892.28488813 589179.51630755
 589642.53931324 581601.2991781  593028.66827504 588986.50270048
 576703.28813512 587788.78985725 578274.23274065 584138.12744896
 583683.85319244 581096.74908114 592174.84867035 579664.60880518
 591471.9122491  582142.62050741 582615.75489277 579030.52308664
 591800.44296231 583923.21199486 587069.65980842 587434.10456048
 586906.17424308 579293.41034162 580871.13275899 587210.10527974
 579227.41534776 590152.5901035  584782.08633686 588122.52826282
 585826.47324686 585053.91226928 590124.710277   583314.69610805
 588335.19373879 586069.02108667 582684.56618521 590909.35971068
 588961.44605438 580814.42491215 586109.53930912 592900.97730149
 583554.04790936 592745.35332868 583080.46205616 581689.88886658
 580983.78074097]","[5840271.21698086 5837246.44990423 5830851.24516093 5847193.80938703
 5844578.80519561 5833634.03471331 5841890.19221439 5831596.52899948
 5849308.45080976 5851753.15975232 5830784.92101297 5840956.50964513
 5838884.15948103 5835129.43857148 5832181.09828136 5853453.2223988
 5831002.98155439 5840298.95322226 5850339.49969634 5835782.48640879
 5833334.73945282 5848235.50685506 5853184.62682579 5851278.15171952
 5843001.76661568 5832069.65515178 5842116.7174328  5840701.72365442
 5833549.44917698 5850850.71957415 5835569.72787281 5841862.51995083
 5846141.96311673 5842000.29941661 5844168.35216018 5841992.96969339
 5842565.18179677 5844446.69346567 5841969.61306546 5833510.12011344
 5849835.50786423 5844229.59689684 5839977.3943934  5848775.01216514
 5837918.34733088 5838733.53777458 5835464.80353491 5843504.98766762
 5836798.49355738 5844603.88366396 5836429.73030971 5845024.2506486
 5845584.81705826 5839558.62012215 5848610.48573219 5835322.22853459
 5847412.37855627 5841558.33776296 5837472.02835497 5846826.2519475
 5846373.14378744 5838538.85743836 5852842.6892288  5845849.75489375
 5838341.18908706 5848179.60630142 5831326.43171974 5840253.83436067
 5833497.14960874]",6612.862024427055,7108.413222851203,7024.80447497715,7020.480289489905,6395.691456351763,6463.642856832571,6612.222758819362,6601.397238075923,6630.958496108823,314.0794696128746,7013.40133376673,-68.32721816850984,341565.376431809,-75.65704015114777,6737.091022026489,5915.598158542375,7,wdm-ZONG,Wake deficit model
"[578496.9864998  573659.05927295 574133.23085188 577372.66461981
 579396.11138006 592213.68301324 580513.53940668 593588.22699905
 583831.99086001 589570.67116363 581681.36714783 585925.73229109
 592002.59516535 574754.53936214 575702.08227677 591944.55322045
 576487.7738848  577582.60019538 578703.2651037  593642.76183874
 578245.57741461 593085.48626392 590575.44250465 591496.24416617
 584850.90199491 589221.2988858  580239.42100906 582252.74451872
 586509.30737764 588363.10093905 579152.78748992 582983.40301685
 585287.59891622 589802.42009664 590993.14519084 584482.0460423
 587401.67008902 587795.24322316 583774.67587126 585072.00697852
 582875.59344647 579011.84062009 580060.22700179 588382.70465359
 591783.16066794 580255.39456233 585472.11506632 586575.22617301
 588850.84062072 586008.22421444 585267.78855407 581704.08870905
 582233.39211986 584616.08071954 583288.90653786 586734.28334053
 586630.93995342 585176.14071451 586614.52390965 588340.22084538
 581582.30851497 583793.13500484 583899.93472377 582114.64210686
 589642.79407778 586868.09844163 582674.37460174 581488.97895279
 575715.53725338]","[5830964.61485933 5831218.36088047 5833161.57125116 5840933.41879579
 5843844.94014973 5849109.65252313 5845373.9422638  5843971.47505339
 5849911.71398647 5839862.97148815 5831216.85986141 5852773.79202946
 5840075.22279128 5834651.94839593 5830746.16734486 5841571.67560415
 5832919.84671658 5835846.71040597 5839045.8599923  5845703.40549688
 5837803.02879487 5847563.95642832 5851984.47271386 5850369.16390568
 5851303.97876171 5845748.90953726 5832614.12924507 5847752.39408708
 5831596.57095231 5842033.01489684 5840218.71452839 5848750.8558583
 5831500.21300084 5849063.87216515 5843015.57460215 5834522.138497
 5848989.82781512 5853222.63114873 5831380.76255333 5845609.31279051
 5835023.75667332 5841802.06583969 5835887.89445264 5847096.46290641
 5844873.8733683  5842468.45513878 5848836.31590861 5833857.85800111
 5843959.63513954 5842977.12673799 5847029.20070162 5833914.13634928
 5843716.87811024 5839683.31301398 5836307.64887406 5844842.88257361
 5835234.74567259 5841053.92766938 5850906.18881303 5850560.62012555
 5839399.11843474 5837711.09899168 5843793.22096344 5838278.84503486
 5853621.57943221 5837818.44744445 5841678.80640568 5846707.26871895
 5836937.71681229]",6633.586790821003,7121.709121575226,7040.849092623374,7032.330521605545,6432.793377142888,6488.181081063889,6632.96065083288,6623.9028296144625,6613.1383100235025,316.1645627806039,7034.921351127085,-68.12881074519908,342710.47414676566,-75.41012082910352,6752.411777182118,5934.696555460595,8,wdm-ZONG,Wake deficit model
"[588718.99450879 577041.36187885 586040.3837504  587792.88281056
 578247.46328637 585225.6999374  584316.56359254 588703.17349963
 573617.35402865 582270.40275564 588298.70170408 573784.36796889
 578118.26269253 575050.59463624 593506.87417749 589548.01227543
 582679.04487348 580522.83246955 579633.34822998 584150.75204732
 587014.3963916  580080.12809201 586269.62567635 591932.15143284
 585893.61066733 582014.380361   593664.03097632 591142.18263681
 577340.28244914 575261.34928249 589732.25852481 584698.12505422
 585559.4526818  584726.19992072 589837.34261384 578625.95762366
 576668.97453418 593268.61257459 585953.93598704 582527.08337389
 586782.14794199 580512.50634732 581757.3971429  586154.79616194
 583582.61245262 592957.5332991  579087.40905108 586984.47148857
 585809.4127612  584864.85584343 582781.909351   583727.44346371
 575966.45501953 577967.39025046 587859.50362892 584081.36911519
 592165.01239546 589941.92287803 584578.51948849 579144.70863019
 581939.0668204  582154.83423623 581201.1104216  581754.61034541
 579279.6302386  589602.52137291 591324.59868946 590585.76224693
 576939.45145794]","[5850853.46193569 5840139.15743516 5852826.01438593 5833318.25487863
 5830945.20647239 5831494.51202148 5848022.60102265 5846400.24233114
 5831920.1319342  5847775.72401891 5852287.44424498 5830640.78340783
 5842050.45782469 5833411.03966658 5841383.77740828 5853785.20481349
 5831294.24248085 5838651.14905685 5844169.54690742 5842403.41976224
 5839867.71897799 5842120.68047213 5835772.22606927 5842533.15969892
 5849532.17198065 5844540.50648194 5846566.94344594 5845977.42376116
 5833073.28005327 5835867.25055536 5848007.75565529 5850863.74104038
 5844882.62716672 5833955.26212348 5842548.37788138 5840138.94526003
 5834881.12279316 5843431.44071373 5832888.81577027 5833061.06054981
 5838533.35711859 5831974.8267072  5839872.65884749 5842548.35636393
 5832433.64419453 5845046.28851848 5832983.50373857 5834678.46456924
 5847077.27225743 5837871.56427289 5840935.01628503 5845708.84951334
 5836996.58275883 5836166.93935712 5842592.44017501 5836200.76678651
 5848039.57137785 5844095.14876217 5840384.70345537 5835594.24387686
 5842282.96358302 5846321.08496898 5834787.14083317 5836708.38446447
 5837448.88711432 5839464.54334396 5850671.29240126 5849383.26230137
 5838272.92957647]",6616.704734509908,7109.673939866711,7026.76223088974,7017.869585130685,6406.590962397341,6468.477769893878,6616.068802827192,6605.678109797433,6600.242298102875,314.5960140843768,7019.282969446483,-68.24983041574139,341760.6498254726,-75.56002408039637,6735.1502406969885,5923.512400892071,9,wdm-ZONG,Wake deficit model
"[585516.1946147  577444.67825892 583119.39577333 573966.13381371
 576028.04777853 593588.29754258 589544.88956541 584688.37414132
 579428.75770966 573134.76252083 578853.94442286 579866.0506428
 591913.51798292 585591.20061735 574831.60439055 579924.46300313
 584422.55423178 586383.60343517 578814.11355889 586766.30526828
 587362.40414509 587485.67031495 576674.42016252 582970.34431748
 591883.7170061  590090.48570217 582117.90732899 576883.04396031
 585736.5487884  592805.54360656 580597.47935996 576785.19374742
 582216.33105659 575443.0206913  582505.68250485 581686.05650723
 587854.22435194 579778.10095604 592051.19990205 589807.14542668
 593517.33626725 580257.39853162 591090.80111993 585180.01462827
 583349.41010025 585603.56286179 577853.89444228 582669.698709
 586727.73354311 579353.26332011 589084.75257417 581099.8984354
 581459.75318349 585662.10693864 590327.43897558 587567.48934658
 585970.28363971 586581.04480292 593636.02841425 582333.46945819
 583840.83917804 587980.27839051 586102.59900622 587802.00009256
 588390.3928179  582729.88690461 584219.60821541 590511.70401777
 590681.70888911]","[5852214.53718844 5840194.7929402  5848914.5544497  5832757.50526089
 5830770.56044181 5844045.37663508 5853792.01994405 5831894.69464943
 5831049.64789556 5830731.2687633  5839292.93141494 5841215.82274118
 5849535.44911322 5849067.06868744 5834835.72875738 5844568.35203745
 5850717.20729638 5831585.89664895 5842944.9500134  5838341.48545268
 5853190.81508674 5833070.35402173 5837282.88009593 5846917.15273726
 5840827.54666772 5849377.34127143 5831251.1679188  5832138.69389848
 5835742.11698768 5847985.6291867  5842665.30955432 5835629.93654691
 5837557.19101434 5832451.49005867 5842374.98832247 5845473.82156146
 5841525.64292006 5836766.06019526 5846252.21523039 5839714.62631774
 5841733.10129085 5838518.58894646 5843647.05727539 5841965.46511514
 5835230.11638008 5839987.63994501 5834007.71967718 5832635.90342963
 5835091.37306934 5834435.28398041 5845232.88997489 5834841.41303819
 5833230.68205397 5843892.80934239 5847107.83155689 5851042.27905848
 5833887.61982111 5847883.79660619 5845504.92935013 5840618.77874148
 5836736.06155118 5846377.46264819 5845915.73227825 5849176.19822743
 5843241.4941579  5844259.79469714 5845555.80260509 5841734.58669059
 5851671.6845212 ]",6628.350196230763,7119.14877659379,7038.946305931295,7026.509264011684,6422.759584349552,6480.750080488968,6627.721249457507,6630.955929679246,6647.958961973142,315.6253147571561,7033.488176096572,-68.19481420591276,342426.20504431374,-75.48056871896469,6745.656079235452,5929.143297588342,10,wdm-ZONG,Wake deficit model
"[589596.01018583 573961.44664058 586509.44079805 575470.19465188
 576528.98125969 588469.9025173  574621.9298897  587147.87465098
 573482.3920342  577651.44516188 575089.66417114 583031.9164115
 577699.34358599 573072.70241992 579162.56802876 585806.8873232
 583862.35334899 576044.82656988 577094.17591964 579173.34769292
 581487.3515179  581258.8006589  574453.64404624 593496.68308815
 592108.42147988 587046.43387751 584661.41822343 580021.12945175
 590308.60994053 587542.77001136 586113.8835986  593425.65137575
 582205.4346324  584858.62520301 591557.59701926 578366.6740279
 583079.62574901 593393.90534262 576752.93953752 586799.28024031
 587795.08674801 583593.07884135 583343.21283852 581051.6097704
 584730.73408378 588271.57553605 586769.71503116 583378.89298482
 581012.51740995 589397.15866297 590897.619128   591927.98621245
 592902.5839124  593634.83696178 588397.56871057 593546.69704857
 587968.84650641 588444.45677617 584485.90061828 591344.29453852
 579923.05527221 578173.5736258  576068.90748846 586670.77684477
 590408.5666196  592140.03899857 579435.6055565  582735.32356673
 590829.38390225]","[5853704.99154133 5832750.17575084 5831595.68479247 5836369.31864957
 5838910.75576022 5853497.46474709 5830658.95732509 5853134.43970722
 5831596.82674743 5841222.14866424 5835175.5684107  5848818.40716737
 5830901.47249311 5830580.88823854 5843527.1737403  5852612.74407564
 5849954.03584183 5837747.61052683 5840053.74960756 5837694.39899036
 5831200.53561366 5846390.84469309 5833801.85807236 5841027.46818138
 5840276.30510276 5838076.91045143 5831450.19729366 5844701.14157137
 5839255.41316346 5833875.44406741 5836005.03247454 5843793.9112414
 5847687.22376153 5851316.37456023 5850259.96480852 5842438.86851428
 5831377.99356208 5847041.1911577  5832801.35800033 5834805.85475762
 5840588.44296315 5841727.87203652 5839523.18922248 5833035.85541658
 5845012.84553337 5845055.8440938  5832710.63593888 5833512.77549105
 5835211.46129266 5849453.49699943 5851230.54675245 5841881.40949559
 5847903.46690093 5845471.82316074 5852014.30190721 5842628.40016415
 5843301.18216753 5847599.56731554 5846888.06524773 5843345.50196702
 5840819.23338422 5834803.45843405 5830877.19917898 5850183.15238398
 5852278.89833696 5848973.80214501 5831038.41520986 5837290.43754406
 5845865.77358338]",6694.775422079713,7137.826831858191,7062.881339520914,7049.9115613394215,6526.223794059001,6569.221967806597,6694.210733741025,6672.083262949939,6668.563858108704,322.2247923446419,7096.049740142984,-67.60662782561097,346284.4904066912,-74.7436343430738,6782.537793272655,5986.4482323456805,1,wsm-LSUM,Wake superposition model
"[573106.28565468 581494.78624129 589544.26916697 573976.83341869
 573501.36024165 576317.82861106 587793.57379786 583068.97280465
 575967.29797004 575033.78905356 587659.53277398 574458.16548444
 585939.88586614 577955.71758768 586509.44079805 582265.48977625
 576496.34932965 579545.9213412  575584.63896487 574636.18419484
 584881.3620567  582403.40445094 587757.66501253 583876.80857935
 577886.26795309 592985.13743651 577066.61366028 593458.91992404
 580211.84071713 585288.64342378 577742.8371354  589955.02019515
 586886.57721864 591671.48274528 582512.07158772 585856.75087541
 590711.57931194 583003.61292436 585621.39099013 590556.26980259
 578584.38848518 583304.74509506 590890.97037272 587311.41281572
 586169.55682115 589341.42574818 585554.5811451  584696.6592109
 585980.63995777 593611.80618985 588298.40135615 579388.19508493
 578667.46737008 579642.38479856 593629.19979905 593544.93515286
 589126.04763837 590708.2067297  589291.76466201 589213.27578491
 592315.31902251 581706.84297255 592342.76130803 585866.55498206
 582687.41293364 583783.34520228 585966.35991957 589687.15091186
 579236.31919625]","[5830590.10969318 5846714.90232009 5853792.8294439  5832784.51110518
 5831641.56478947 5830793.32185697 5833320.45555803 5848769.51501446
 5837563.05749809 5835292.42266706 5852156.82145191 5833937.34875995
 5852794.4858652  5831053.38126226 5831595.68479247 5831261.83116491
 5838667.1059107  5831046.88356559 5836293.97275575 5830660.29350104
 5851347.49590754 5847806.30868783 5853300.93265019 5831388.98939746
 5834404.98565292 5847759.46675344 5840197.60146961 5840974.55631967
 5844960.97139052 5831500.49175021 5841579.860121   5852886.42975223
 5849679.88051931 5850058.89645942 5845519.11398959 5839833.69888917
 5839421.76550713 5835205.56538569 5835834.64531218 5841369.65631881
 5836894.24517084 5843491.96463143 5851430.49726691 5834216.68516079
 5847060.84773906 5851818.24873768 5834016.0234325  5838226.8196057
 5841850.2004782  5844712.52439221 5842788.24862652 5833643.5660179
 5840064.9875124  5841656.21798547 5846478.68350589 5842894.35953427
 5847437.10803979 5848904.35254558 5850039.03822085 5845909.79577339
 5843904.35104012 5839256.19907174 5841275.03572407 5837450.49614922
 5832898.04763823 5849846.0410325  5844690.19906889 5844693.52422017
 5843628.26493235]",6686.102289218779,7132.784669334528,7056.594032805162,7039.087713633041,6512.485750944389,6558.167279130122,6685.523710624173,6665.092752240318,6682.017284478195,321.1393027405193,7085.849244423438,-67.69070970443066,345703.9976421305,-74.87233072152894,6778.025941396803,5978.909232620924,2,wsm-LSUM,Wake superposition model
"[586524.32808934 584972.87167443 579958.05164585 584453.98124793
 575303.08128328 574517.65121935 573227.23414664 577336.59547925
 583055.36077946 576218.42658112 581114.87516422 574425.76755564
 588324.73351102 578673.93750532 573975.30685639 585630.66729759
 582243.76340319 579739.70507097 576737.44637419 576825.25910535
 581838.6514671  581242.02743904 587871.5264813  590304.71466321
 577212.6707494  574300.76607762 579154.41504152 575799.62311183
 592847.9544383  577961.26281769 584166.50129344 580075.36253344
 586068.45835681 580248.68687767 576616.84833607 591560.21151925
 585131.12287973 590172.05415622 590405.68816039 586070.76741417
 589561.43917804 589033.70625758 593659.47722915 581905.57818005
 593485.32432331 584717.45706628 585691.8390584  591885.43345301
 587841.89537741 590915.31850697 581401.72190601 583301.43797945
 587719.83900881 590265.27574458 582226.68936672 593528.87137525
 585374.61008436 588164.99961415 585915.55819474 586869.57339789
 591144.34556734 593434.95290265 583281.32699857 591300.10961786
 592695.18216104 587217.70733574 583694.30298594 585706.3498062
 580993.50703547]","[5831736.2335723  5851472.33806115 5844614.39028179 5850536.88879837
 5835969.13252545 5834069.46930083 5830609.15451412 5840826.69124677
 5831329.54043558 5838160.48639718 5846196.60739642 5830643.39401379
 5853457.91082697 5842858.85137558 5832781.35128812 5852371.85997961
 5847646.65575745 5841030.35341168 5835663.81872915 5839620.83872169
 5839809.00007509 5831181.18599994 5833383.54395906 5848582.77418995
 5830864.27405846 5831842.33832009 5831018.71632811 5830751.73316425
 5847999.57098078 5837752.56753477 5832807.46654394 5834046.23544578
 5842648.57636331 5836912.42525792 5833906.97119948 5850042.33640724
 5831487.18320459 5839307.40945688 5852283.68963514 5844762.3950574
 5853765.15839073 5851809.46737573 5846336.33546044 5845206.28443914
 5844257.77783848 5834516.02285958 5837575.46699305 5840002.87483909
 5848470.59201515 5843926.29372932 5833032.97879906 5848568.51578123
 5846674.19230224 5841525.78858265 5835877.79141412 5842064.49080812
 5835802.45938245 5850128.52773674 5840792.20523673 5853057.86635031
 5850988.51220194 5840959.73782575 5842209.49598733 5846394.90870149
 5842682.97438705 5834338.09487728 5849490.7480755  5839276.32725701
 5843333.66996689]",6682.342555742755,7131.973718813264,7054.909429263824,7033.020900204399,6509.399019457847,6552.701410126196,6681.755870882592,6667.764202246448,6692.943884071793,320.40218616624503,7081.854980245653,-67.66018772584225,345496.1310968507,-74.81511803365487,6768.451585568953,5980.329463516474,3,wsm-LSUM,Wake superposition model
"[573228.39922145 579480.60937398 582983.85166633 577163.72057251
 574932.37861682 586488.33826683 589545.24691896 585305.74294549
 585947.04736473 593500.13073773 576556.77042174 588260.21933959
 575652.03355113 574116.69593648 590511.17719042 575370.92834691
 578035.80318506 575492.83155328 584839.35612019 580232.09857635
 579506.57333846 573503.24030092 576166.85988964 581000.14274804
 584580.22371537 582396.08589234 586947.22318551 577399.02852635
 579951.27684958 593479.95629363 590956.35557225 577843.99081772
 593641.62761378 584446.44012262 582183.08033097 577257.45444333
 586867.74701109 590852.4729778  578484.36681115 591347.52544531
 590233.50866166 585954.72260122 584167.89432037 587625.23551451
 592219.17780283 588399.26196183 591270.52275278 587872.75047159
 586020.93110138 586202.00124171 580168.52077636 581322.31943581
 581670.00851685 588460.75652346 587206.69525228 590852.99901291
 584477.7114093  585309.22955453 590805.14088526 583666.10746404
 592620.49474376 586724.87973716 585544.92616684 593550.45067279
 590635.80559408 583772.9240759  581067.66206498 593540.31324755
 581139.15829623]","[5830598.83101444 5843961.47973908 5848739.67368623 5840433.23474089
 5835079.67173564 5831594.02517188 5853794.00981586 5851927.81273144
 5852803.91563544 5841153.49262521 5838930.75687403 5853440.35499672
 5834125.6824265  5833122.2686348  5839291.68364338 5830860.37842656
 5841986.12701785 5836423.71929808 5844614.88870267 5831100.96181019
 5839019.25263372 5831646.33499555 5837738.87668299 5844506.93934535
 5850935.23367642 5847574.31377865 5851337.19185092 5830877.99853062
 5842559.59980286 5844266.2819738  5847463.68164862 5832273.45835248
 5845668.98791728 5831433.09785511 5831256.02449029 5833651.65026745
 5849879.13655113 5843323.17275812 5836001.13086869 5850632.31925099
 5852586.63194313 5832844.53677271 5847150.81526134 5852582.18689265
 5840208.73112647 5848424.46854022 5849297.66975474 5833382.8854239
 5838936.06096875 5840428.1709952  5837515.22439613 5834551.43221986
 5840191.86101109 5842052.6888945  5834375.63009776 5851495.64365445
 5836925.52247214 5842893.52510081 5845495.45215061 5832943.29460334
 5848391.06215324 5846100.30568118 5835762.27300974 5842772.24820384
 5841637.12514806 5849830.02899837 5845923.41515859 5846732.98488002
 5832715.42983972]",6681.25868526179,7132.813648221301,7055.81438224549,7031.544438391764,6507.445732581671,6551.887505036224,6680.679956304653,6669.967527348566,6700.846346832841,320.1084938241414,7079.675725726172,-67.64570631289328,345421.51065240114,-74.82363063745338,6768.656830240799,5982.818803613233,4,wsm-LSUM,Wake superposition model
"[573335.19989795 574418.91401834 584726.0399946  577496.53976173
 573774.09557364 586281.14775932 578736.73191396 582135.08960335
 576042.72877678 575680.91528222 576599.9325119  576691.82200202
 580217.64450986 582702.24074397 588316.033184   587122.91643232
 578255.08251537 578445.98883549 587471.87637956 574616.27458672
 583158.63355294 584525.78255755 577223.10088475 585646.51251413
 578799.98842709 591207.19589579 582613.16657275 575755.5747886
 585186.41864749 586509.17930014 579791.57730735 580364.1507212
 585797.96843453 578167.28131403 581140.43852973 589499.56493788
 588113.4320608  593204.47335358 591993.13633817 583336.10176255
 580484.0566541  593445.21865327 588508.78725567 592072.20643469
 583026.41191798 589739.52786673 586065.16084884 583995.75231285
 585630.83297547 579804.37454755 589683.47098313 586089.16925541
 588925.37300093 593657.39606277 589367.42244078 591085.96978422
 593551.27387893 591597.08826007 584715.37270985 588231.60832518
 584104.16909404 587232.35554246 593597.973599   587133.4993649
 590269.18844163 586827.60673666 587975.1733667  582147.02665045
 582788.83113862]","[5830693.4729676  5833846.94013015 5851134.52774856 5841232.53705147
 5832298.35655412 5852895.830537   5842944.75123644 5831251.2288953
 5833677.42372426 5836044.25403698 5837602.60922717 5830821.96903075
 5844969.10797638 5846871.52846322 5853455.53822515 5852116.40283718
 5840412.76602251 5831081.57528994 5833056.94899077 5830658.37367432
 5848991.04664894 5831439.35090372 5839076.5731424  5850134.22069684
 5834007.51010126 5850878.03893086 5832469.22661309 5831994.0619189
 5844469.0300142  5831596.52686632 5835621.19916731 5832590.69085996
 5832905.65390097 5836256.41086745 5841396.21670077 5839678.52032806
 5850772.71181219 5847374.51173745 5844060.51114694 5835253.35487155
 5839254.29976911 5840966.03888714 5844471.27306306 5849361.01591329
 5833712.56650482 5853452.34580408 5834513.73868606 5848117.8155625
 5841994.62746113 5837877.04031388 5850682.98741034 5836044.01966236
 5846092.51653807 5846171.84265124 5848897.96479445 5839569.2310119
 5842774.90314137 5841537.98434721 5840012.12051429 5842899.47021944
 5837591.71158259 5848414.70509965 5844289.5973969  5837911.80385077
 5847717.31079902 5846420.20756612 5840771.18786976 5843473.10027582
 5845372.06149205]",6665.286884814271,7129.474278260126,7051.751468274306,7019.060652665365,6482.8581078040625,6530.449966843539,6664.695485162888,6649.890221730401,6652.413548572121,318.2075759611458,7065.638461950015,-67.86971876394993,344466.10904452915,-75.09201468584715,6750.282759245975,5960.90754993541,5,wsm-LSUM,Wake superposition model
"[589545.49026575 575227.71654737 583718.61678781 585616.93359861
 587073.54672449 586890.61071836 573501.22131942 580970.4931637
 573673.43185511 586505.43567937 576916.0415065  576297.42028227
 576910.68245603 579430.86659269 582019.73762457 577661.29358074
 578850.4833514  576565.95754033 574341.51292241 575594.50098164
 581287.90933179 590273.03203163 580243.69092538 588386.07599092
 581871.69159852 582726.45711902 583476.24992846 578175.74146139
 582482.13946218 582869.8689039  585382.32097189 575028.76757004
 591581.49377721 592672.21067097 587872.71904169 593554.17049883
 578037.82363877 581567.59262545 591431.60326757 584237.00089159
 586447.26606725 587956.33932536 588692.29402558 587417.09063061
 589242.21754241 591409.35151171 593496.74889078 591965.06259072
 585149.78618064 593504.18858499 589514.66664369 578886.04602505
 585739.88372845 588197.79465372 591086.35241945 584497.83205757
 587144.03751372 577436.8254811  593650.06511218 592068.81059872
 593186.37299448 587849.21269159 583817.97930514 578743.57767584
 589328.94894509 586695.43377022 584442.56967195 580292.50088757
 584234.43491239]","[5853793.61832189 5830706.68337583 5831376.03331718 5852353.26554006
 5837889.51485051 5853063.65446811 5830648.89364244 5831159.15535126
 5832057.53521211 5831595.39473745 5839839.53880903 5838354.9798398
 5832574.33313078 5843893.62360026 5847389.18893601 5841472.26852398
 5842987.23056184 5830812.16136515 5833324.34406729 5836668.49969405
 5846269.91234845 5852517.29634183 5845005.51753195 5853475.09626824
 5834177.62954642 5848400.52483868 5849425.9137611  5837577.83458381
 5831281.40857678 5839043.15226538 5842318.74098913 5834916.49684787
 5845448.51761743 5848306.12266642 5833382.91087003 5842885.22845
 5830931.43600314 5841613.13100009 5841983.50978551 5850465.65779905
 5833146.05103215 5840876.30793926 5847473.29452887 5850391.29905682
 5848950.31601755 5839708.73967015 5841029.57450385 5849548.9776902
 5831488.82107114 5844331.30632022 5850530.13256142 5834107.81746001
 5839875.65026816 5852054.40623988 5851090.49346055 5846395.64377817
 5844388.42318534 5835429.57769347 5845940.15524154 5840835.25058059
 5847402.49249752 5845956.69426221 5833268.80481313 5840433.54016522
 5843721.99775346 5835139.23266267 5837199.3427634  5835908.30643331
 5835670.02839054]",6682.053358758311,7132.615733049688,7056.607873748361,7038.101203793764,6509.65674749276,6553.109355676242,6681.476343853688,6666.379581753999,6675.400930400714,320.65142095462085,7081.5442107974195,-67.74055365879869,345522.6646388622,-74.90787901928805,6772.784129501533,5974.800199105548,6,wsm-LSUM,Wake superposition model
"[586508.78079945 585945.48018018 573749.59600247 579380.07091793
 576800.42909168 581240.19082186 577553.45082394 574693.50064532
 573359.44237066 580232.8339967  585018.03973276 578592.73831666
 582224.0899706  575167.57983077 576095.27664677 583500.08609724
 589574.20828092 574154.85389319 580906.85083599 587663.01703258
 582543.20593656 587510.21330164 578249.69020056 584206.06147386
 576486.815792   585252.38829916 583593.149423   579150.38429149
 590080.92364318 583872.72320787 592453.01161155 581096.42230613
 574723.66895693 575880.17167438 580376.68978261 583913.12695303
 591980.6356169  575614.0916802  590970.3966332  583948.61688702
 591740.43843302 590840.30636074 587869.37149542 581253.61129484
 585480.03867841 588126.56100131 588260.44629384 591658.97369297
 585847.80870209 593495.40246891 588429.77233651 582145.64186927
 587203.67644565 586158.64071673 578420.97083512 589375.06797366
 591934.96375335 593652.15516029 585280.34841592 581167.01878748
 593190.73906632 586215.95675793 593569.89974667 588790.10303631
 587609.79891417 583839.73722076 591252.48034635 590651.47367995
 577351.5906443 ]","[5831596.12175897 5852802.37304471 5832241.47124773 5843821.54677268
 5839562.54475803 5846368.36503133 5841168.60294376 5830664.64345618
 5830566.15081649 5844990.61198637 5851532.91458213 5842746.99883649
 5847713.25723117 5835644.21538072 5837870.04750631 5849286.57880216
 5853742.95734378 5833213.82906813 5831154.5412119  5853276.09254663
 5831283.59707704 5851979.67102614 5830946.05696034 5850423.94809941
 5830806.03954695 5831496.83131309 5844753.30807731 5833176.32282019
 5852853.95033565 5846810.4985262  5848692.97176774 5837088.86140775
 5834577.70073765 5832455.80738328 5842069.07708333 5839918.33224444
 5840852.74553954 5836715.42271606 5851293.57123083 5831394.97706125
 5841972.79530789 5839500.47471133 5833385.91261036 5839577.29624652
 5835320.71381899 5845358.81004103 5842509.16314664 5850085.10294398
 5836405.0266215  5840997.81194236 5847777.69082287 5832856.62339055
 5834381.55900078 5849740.59268941 5838803.26411008 5851481.95565085
 5843544.12762327 5846007.76223284 5833305.17451562 5835266.86906709
 5847398.07240857 5838135.54042437 5843371.11162236 5849762.20703588
 5840502.70272113 5842225.89305493 5845985.37750984 5847299.28811256
 5834735.6699463 ]",6684.6848277004065,7133.784651680517,7057.558127084953,7040.310221082415,6513.790086235733,6555.87007420838,6684.111674329447,6656.87970730194,6693.191154171056,320.8739033843948,7085.3830352440045,-67.77008822154413,345626.4981761927,-74.9336266352677,6779.943203709817,5975.889854575875,7,wsm-LSUM,Wake superposition model
"[585946.82835274 573520.49566767 585024.81802009 577331.3559914
 576257.26604919 574625.72018326 582364.00988207 578037.17087286
 576785.67139954 579027.56477512 575789.16859402 580210.64665811
 589562.86044569 581363.78572971 574950.48825276 576088.10697602
 582505.11798609 585456.88463038 573217.339225   575624.54936954
 579191.91936702 586509.25360375 587545.32568388 580890.1035598
 592382.65921889 579976.0737274  588360.40684199 583541.77545224
 586945.04620695 589569.35605283 592724.14224946 590584.83354272
 583373.74747608 591973.05056872 583725.2144934  588726.64603843
 583974.54819702 586579.12530482 590245.34728261 587227.57855103
 585437.29586906 586613.14786387 587081.64250209 587872.47620577
 585159.39317162 589511.18005605 582522.6400272  590583.3829713
 593374.93420409 582140.07508302 589457.91094666 592575.11364097
 593590.27931812 591772.28458005 587218.65031504 584874.01498097
 585683.83693191 586360.10891934 591275.01145771 585968.69028229
 581064.15426544 578349.51706538 593647.10247783 577824.41523809
 574144.4347878  589594.49864378 583651.66816036 590699.23863947
 580372.5209477 ]","[5852803.70291109 5831690.20475711 5851543.54047581 5840833.23342684
 5838258.52990179 5830659.41588398 5847905.01985139 5841988.2712031
 5839515.90578579 5843342.49466755 5832345.6753432  5844960.2150059
 5853762.60538427 5844197.10423392 5835122.89638226 5834586.63761477
 5831280.35919427 5848086.21057589 5830598.59249253 5836606.73772639
 5834760.73756975 5831595.96244895 5852540.45725671 5831153.00018127
 5840310.59667706 5833416.50704054 5853467.81990403 5837972.95611804
 5851167.75923222 5839713.67665074 5848217.32898149 5850752.14317168
 5841590.03872395 5849530.94400113 5845321.80077384 5843511.36172302
 5831395.90762834 5846723.66639333 5841054.31410954 5834345.92731372
 5831511.33348627 5835261.12608655 5838017.68020763 5833383.29481783
 5843348.59183792 5847719.27557824 5836143.62513288 5842637.15982781
 5842735.45474547 5833022.47793952 5849402.97097091 5847007.74879873
 5844023.45563688 5845503.94018935 5845326.84070551 5839687.38975709
 5836401.10293182 5832914.17228657 5844047.77847365 5849441.80862022
 5846127.16782252 5837452.23265486 5845868.13450786 5830911.79638664
 5833186.95787168 5852401.6379178  5849665.77529955 5851769.6047492
 5839085.76273609]",6674.036798321456,7128.463282174404,7050.3866576274395,7025.623962271071,6499.960008099176,6542.6986981976825,6673.455710453173,6649.405741410658,6687.829307282935,319.50527866901655,7074.813679049145,-67.75439728897908,345002.76514166745,-74.94607044156913,6763.4625118009135,5972.895522582596,8,wsm-LSUM,Wake superposition model
"[573144.9224288  586509.38697971 585947.82251233 585322.24911889
 575884.23337643 574088.92614953 579698.24985565 583856.67273619
 577397.16359509 580655.64800071 576651.30435433 583084.32018396
 578808.31444874 582332.01249624 573556.56412393 575055.89120304
 574638.38991297 578063.85625855 585373.35115315 579247.7688371
 590140.03756008 590269.83261388 581494.59888641 593500.71450075
 590873.7442948  574489.32561388 579765.92266285 587129.69304291
 578858.45292976 575970.74032191 577286.95763158 589544.8374618
 592445.56015561 578688.18436159 575618.56947482 583016.98284353
 588894.17486292 588945.73561987 585084.16977647 593666.86763191
 584845.87633225 588356.57879213 587454.76875136 583933.55542632
 582700.9478208  592970.71778574 579131.22377051 593024.49805098
 588695.75427349 592445.86136016 589576.18451078 587859.62414686
 583889.99148633 586336.58429454 580576.33531997 591607.8961189
 580268.67445257 591691.42678553 586428.16764439 584631.85663059
 593478.01317906 585101.93368142 589796.68422913 585363.73717185
 578059.65594025 586265.14936728 581512.82528414 593588.63317994
 583294.00588542]","[5830589.1725204  5831595.94583011 5852803.87956336 5851950.10354742
 5830758.5770952  5833056.16900247 5844258.29615961 5849941.37517628
 5840907.37311335 5845565.09080221 5839201.2829649  5848890.05918435
 5843042.83589261 5847844.82004557 5831777.09123029 5835375.91236503
 5834179.60129232 5842024.47418036 5831506.59205986 5837978.79909269
 5852749.69693602 5839321.68588331 5846715.72612489 5841171.39088234
 5851462.94966455 5830648.58197249 5839385.37468242 5837933.41125199
 5833056.83336989 5837570.08868634 5830869.01651093 5853793.40828557
 5848706.04381039 5831089.55678557 5836456.4392951  5839879.98230424
 5841485.81476141 5849726.04289916 5836683.60236557 5846498.61017435
 5851061.20325919 5847543.42746718 5853218.44221006 5843102.35803776
 5832884.38849892 5845359.73429119 5834545.25478186 5847689.55411073
 5852336.89223744 5840688.1091759  5843824.33094453 5833397.31167631
 5834917.54805529 5834317.18544955 5836689.35143162 5850175.55260301
 5841388.96433385 5842696.84016608 5849666.35329985 5845125.28584699
 5843028.55970025 5847547.23680245 5845850.29826774 5841486.45520497
 5836370.84256784 5832836.31149349 5831202.37350644 5844017.59846452
 5831342.49272786]",6691.199116029888,7134.1987026415645,7057.922958684941,7046.518225184474,6519.974690831838,6565.160624409359,6690.62530833491,6671.409731397839,6684.707145681989,321.943324999259,7088.626115770278,-67.70841750107405,346115.8929234516,-74.84631712424797,6780.904090373834,5982.804018060407,9,wsm-LSUM,Wake superposition model
"[588441.01284715 575855.50628808 574041.42484107 585317.47190555
 573813.84765584 573447.8828819  574666.55313725 579338.33129971
 581039.71814196 578648.0255625  584548.13004348 576063.11919136
 575588.33990981 582904.78561    577142.22693742 591451.83115453
 580218.39023821 586059.66398659 575038.62635265 578455.02864373
 583742.4672158  581876.31696316 576618.13796163 584943.80237418
 586505.01256898 589811.81793307 574831.89957142 586110.32529041
 581896.92434567 584535.6988268  585834.15614883 587499.76429838
 583355.88980638 586257.45597158 580360.24721201 576831.2198047
 587870.8751192  579555.48912445 592227.87368922 582074.13658298
 578167.16003056 587694.22860399 577442.2320811  583999.7940678
 593616.15693923 581422.56173611 585130.12318521 583681.1125769
 592895.61851581 590879.1909688  582116.86572513 589924.17827665
 589549.72285976 588605.55345335 593048.44678979 586178.30887158
 589076.1791108  591428.85072111 586855.05750939 583546.50882307
 588047.16341853 593497.94697593 590383.22151361 586398.57096267
 592437.56414329 593537.84591254 590580.82728054 581089.86824345
 593611.30559328]","[5853490.21061186 5830756.19130954 5832941.64698592 5851943.36969755
 5830595.1456336  5831517.56001545 5834205.95530368 5843646.1751106
 5846079.38080366 5830976.40354363 5850881.65880103 5837792.97324778
 5836654.12407626 5848644.67266264 5840382.22775926 5850445.25413756
 5844971.2161812  5852834.98577276 5835335.04542398 5842081.10670781
 5849788.91475165 5831232.50078851 5839021.85084937 5831473.51206543
 5831595.59580602 5853325.96909146 5831810.52371221 5833135.734612
 5847266.49336234 5846858.40958171 5840071.42330977 5849981.554296
 5831348.68574037 5835794.01991122 5831113.98297049 5833835.40491983
 5833381.36064172 5840143.05165471 5849087.92982003 5843874.54956795
 5837621.71269247 5852553.20869208 5831785.63732126 5837078.36234309
 5844883.55571308 5838115.20184385 5843909.92308813 5833448.57876026
 5847915.62005111 5851453.91550075 5834926.01079339 5841099.54090922
 5851852.26775672 5846555.17218521 5843467.66298831 5834399.27631888
 5848377.65431142 5846979.9074446  5838415.05514593 5841820.37251526
 5844977.98125307 5841330.03096533 5844395.97775057 5842119.01643296
 5840343.62522106 5842345.07793506 5839202.48038074 5833134.97604568
 5846660.98386329]",6682.362279623285,7132.651342918682,7055.234475169011,7035.712805020471,6512.809108674903,6553.583777111959,6681.787317486759,6662.218391455799,6690.9812571564835,320.50082075283797,7082.761013326347,-67.68157219312383,345502.8254703468,-74.85041480368137,6771.74466653174,5976.407947246723,10,wsm-LSUM,Wake superposition model
"[573551.19374524 574112.20618726 573379.39038108 575084.72247784
 576488.47359965 582423.54888738 577716.94291102 576402.42563756
 578180.34626688 585205.85478088 574836.10898565 579852.28254706
 575618.50670469 586508.44257398 578381.85035331 574553.67935282
 589545.10279425 576975.70743721 583949.63485146 587725.01931062
 583133.51964281 579142.25565226 581842.04392624 585933.48086602
 584220.56734324 590602.26121661 590635.7466281  592840.87087963
 577761.91349882 589373.72610339 586092.31270857 592857.23075525
 593642.29377829 587399.94235101 582166.06274235 588865.62195931
 592497.17783743 580070.87777484 586642.32697278 581481.74585756
 592056.05277562 586190.07482697 580677.64551067 587497.87638113
 585635.44142977 591530.04235363 580334.93922985 585141.07579399
 583112.53158298 585374.4092155  591951.81321469 589087.92913494
 590022.13296718 587739.92458966 587049.47590178 576880.20808851
 582823.10140019 580368.21041138 589168.51914088 591181.21519129
 581874.15570011 581999.19549588 586437.36994448 583958.55919387
 590669.38777076 590675.041041   593579.79168447 582582.54435877
 586527.32935302]","[5831740.1459256  5833086.09574666 5830631.45029472 5835287.10687666
 5830807.13269457 5847985.93786881 5841427.95367826 5838443.98565543
 5831114.58572393 5851620.74112877 5830676.08755877 5844414.42326513
 5836523.54244499 5831595.70651832 5842459.60578201 5834170.13587914
 5853793.66386982 5839979.25567621 5850073.43041681 5853293.22496178
 5848956.41825791 5843404.33136661 5846994.99348424 5852785.94946215
 5831415.9447303  5839239.07877055 5851880.65412211 5847960.89228779
 5838162.47874763 5839555.85223484 5835958.50681076 5842275.75115583
 5845695.5503874  5851929.40789802 5833124.69034039 5846579.02399461
 5841099.04178052 5831157.54857506 5834730.64661425 5831362.10716511
 5849387.17819143 5837719.59364934 5845598.44629056 5844531.29080901
 5832858.14360716 5850311.94754948 5834918.06220443 5840164.87521194
 5844377.83659475 5831595.43382452 5843627.01269411 5847917.59229574
 5852807.93621328 5833453.14730062 5839958.5231752  5835198.91924274
 5831389.75051518 5837215.42666953 5851110.33413381 5845066.73404824
 5839122.96346227 5841310.90897289 5850074.35288864 5846900.05529754
 5841135.07817619 5846379.83186331 5843703.73379429 5835450.90067521
 5843128.58357607]",6684.772709594134,7128.941007153237,7051.814408780491,7040.335580960411,6507.080890414378,6559.726324195366,6684.200786525251,6671.515446338818,6669.896849767578,321.25980608110353,7082.308716654981,-67.67099656763034,345707.24044821836,-74.8214468403641,6772.729067390397,5978.8478573389075,1,ram-RCEN,Rotor average model
"[586509.33011083 580253.6465985  573144.53285234 573713.91395252
 585947.33274799 576930.71981595 574264.68069021 578085.57895457
 589506.99647635 579511.69759038 581962.3873314  585242.63292523
 577123.09572598 578264.4398768  586337.99245555 587799.16355293
 583868.07509381 593586.01466681 590013.79073077 592928.28770824
 584981.47928759 587856.90444062 574867.2461617  583045.86731174
 591321.39978991 576097.95048925 593384.00992027 581191.840297
 575292.62407697 583969.27128177 579620.69944556 580013.665815
 589494.61317531 578063.05498217 587428.11421091 576453.66885481
 587162.18737311 577033.28582473 589169.17053304 579283.73134878
 581562.2345181  583625.96851605 585938.61988001 591560.17812171
 585938.34264052 586274.47386035 593031.21227534 586095.32911801
 581423.96758141 583680.5623896  589848.64107251 590462.75653951
 575609.92622026 583954.05042964 577388.4984695  593594.83406438
 592041.02129489 586852.36537691 581374.11853764 586441.95423481
 584713.39346791 581725.05929165 591663.38543076 589668.03893558
 587595.21876173 591458.47673883 578684.03532579 580899.77211566
 590395.01539469]","[5831596.1724876  5845019.03571382 5830605.44081639 5832156.29928492
 5852803.79588076 5830841.07463208 5833465.32911405 5842054.3373494
 5853783.37733757 5841819.6172995  5847355.76457263 5851840.97985242
 5840310.81442591 5830946.06653261 5834947.22459457 5833325.07076082
 5849961.49717941 5843898.0870704  5852385.05969661 5847858.02793291
 5831475.5715153  5853329.13561593 5834888.62528098 5848816.4560202
 5839983.31627675 5837681.63425497 5842417.1872725  5846195.93559338
 5830711.89624302 5832256.45448085 5835893.25965615 5831085.16785415
 5850938.86858393 5836637.18648404 5846962.76607162 5838725.55949937
 5851890.28301839 5832142.66201497 5845583.42720237 5843692.43817094
 5831377.95456916 5837044.35360285 5848408.80971698 5850254.16524965
 5842128.69872037 5833281.12172534 5840710.32595555 5844071.0189251
 5843774.09741969 5846878.13595614 5849149.44559178 5842378.217629
 5836221.21659085 5834312.30675094 5834160.35651495 5846689.78639072
 5846713.73882349 5837808.52832913 5835166.75586954 5839177.66752375
 5850999.67241445 5842089.05927254 5843661.21538485 5840550.93665787
 5841339.20818223 5848399.61484848 5839281.21067371 5839483.86689197
 5844765.24700615]",6678.430545963512,7131.017185311965,7053.944063033148,7037.05756099148,6495.604276629704,6550.495321699145,6677.865118641874,6659.520391578899,6667.377483961923,320.2357557412748,7077.852029009456,-67.7439498744871,345293.27053653897,-74.9207600294281,6772.7329306762385,5976.779124579443,2,ram-RCEN,Rotor average model
"[573150.23290365 576423.28931752 577385.81481578 573827.07813802
 578586.21833478 586507.7217356  580678.92985235 579200.62555234
 593298.69270656 589545.35433392 574428.4296931  588035.78938495
 579640.30596536 574940.43296137 574441.03450769 584156.82443065
 581380.74692843 590367.68167791 582820.31252765 581351.16948907
 575989.99813091 590182.73111134 575599.09515705 593651.92394847
 578973.35765543 582218.10168447 580118.42831951 583476.97012236
 583177.96827362 587174.99101309 593597.15917355 580815.03985857
 587487.36304527 579577.62156518 592593.78187337 585151.81790085
 593504.34922748 579668.58852669 592105.33823816 586593.29698367
 577258.85509752 593390.09289384 586712.53576851 585010.06485292
 584260.6026334  588905.5831288  580157.34761028 591477.55858211
 580319.02692744 582036.85789525 585350.65701483 586818.75207166
 584007.90277773 587364.35781279 590111.48304802 589332.8578887
 590817.54273595 584134.67369886 578148.0049046  590974.69064815
 584345.02235857 591877.65789579 586357.46056424 588082.79898316
 586475.81561155 591409.69444546 584465.32149535 586713.58168188
 591238.71369643]","[5830636.90707225 5838617.86563927 5840966.52416032 5832426.2426287
 5840356.01245438 5831595.92089036 5845243.82276056 5834260.32314531
 5847207.67455142 5853793.10822185 5833860.22987994 5853377.58563525
 5841580.0534866  5835096.13558333 5830644.80908196 5850356.38984212
 5831246.0372646  5852351.25305796 5848527.50538552 5846347.62934453
 5830833.72856754 5839402.50322874 5836678.92814824 5845996.68190172
 5831506.70272421 5847454.69967303 5844234.97974547 5844370.66392484
 5831333.24305622 5834423.17177322 5844339.40439169 5835595.58168119
 5833089.57003127 5843055.12818421 5840522.41415515 5851716.58495545
 5841282.53924737 5837025.56228885 5849299.38899394 5849615.18960894
 5831837.51759228 5842759.80806695 5838089.70192332 5831477.62005624
 5839816.24330542 5852353.41519835 5831095.40961912 5848077.04217245
 5839218.0028783  5834244.19920916 5846515.85484416 5845327.82396236
 5842438.57793902 5851970.97946289 5851247.95020491 5848874.2280664
 5846097.51116087 5837267.84797728 5837878.84537726 5841326.36559758
 5834433.07951739 5844494.13364574 5835320.63159243 5844320.32351051
 5840511.86224787 5850273.65535432 5832919.030638   5842739.09662897
 5842833.88221712]",6675.64896642883,7131.251333114852,7053.596714656976,7029.772217414806,6489.953546389148,6546.851024896808,6675.086436229827,6663.078233909687,6660.291641098821,319.87371520220444,7078.4029159250895,-67.7011706309697,345115.6583185511,-74.8807809913987,6761.475314926671,5971.962580778712,3,ram-RCEN,Rotor average model
"[573086.03934241 586509.20299461 585430.25537473 586119.89837705
 573681.89243107 580310.55490412 574199.45605134 584997.68425113
 589545.18156247 581171.60402493 587833.81797501 579605.99229297
 576960.78581825 574905.88995986 578991.79779997 583994.75836675
 576244.45097817 583222.90774423 577358.65295847 593453.93936734
 583035.64575655 584823.30218628 574216.72071721 575670.56248329
 582183.94828247 582322.02334298 580917.07093472 575980.96691508
 579151.49040159 592803.06049843 587931.38649477 590425.74772275
 578206.49503903 575535.45121594 581717.53192707 592429.47582077
 588234.52306611 579897.28155124 593371.72799454 590848.36635903
 583004.39709053 577127.46005403 587121.80663868 580125.65452517
 593596.39520176 592103.06074482 581057.15817623 589195.83693923
 593432.10200594 587253.68158816 577097.83399144 590045.02198734
 585488.34740958 587449.22942962 589363.24936094 588413.41578491
 586247.65715683 585252.32526742 591862.20031673 586839.0853587
 591317.04544061 585341.91267436 582490.93275253 577731.08888986
 590030.84402747 583092.98225232 587720.6217611  590945.669324
 586003.91847929]","[5830603.74670871 5831596.17766964 5852098.07470963 5852851.50869779
 5832015.76422511 5845087.84321506 5830625.67251275 5831476.85419169
 5853793.76206233 5846274.28301821 5833440.42550335 5831168.47126029
 5838855.19189923 5835013.57081602 5843233.1831992  5850134.59038746
 5837689.54091608 5849001.2882118  5840847.72658394 5841524.02445506
 5831323.09624716 5851222.81167104 5833341.10126451 5830741.73100055
 5832750.38086741 5847597.52898696 5842179.45476648 5831938.32064686
 5839116.2345916  5848078.0846481  5852188.51184834 5839312.44548481
 5841890.1953744  5836291.95453848 5836108.55690011 5842424.45869148
 5853432.67962506 5840369.39273506 5843989.51953117 5851504.80078371
 5839529.12224249 5834496.07456613 5834490.5370511  5833520.86574359
 5845125.55687088 5840143.53677415 5831166.18914496 5849660.49495867
 5846975.35959834 5840619.0078279  5830857.74242718 5852745.97262609
 5835971.02130316 5847957.13142856 5840511.23219011 5845736.12389606
 5833099.90601402 5843507.21419809 5849725.7381833  5838173.82866976
 5846354.36900795 5849113.91462465 5845284.47392427 5837364.74344725
 5844254.15272679 5834382.29175128 5842095.05789201 5848780.20499956
 5845309.52745542]",6686.732653403765,7131.232334742194,7054.706680346972,7037.464792937943,6508.834497982199,6561.257622813567,6686.164407193852,6668.344471183958,6707.029131505977,321.10005689338965,7082.8620969802805,-67.6673464992596,345833.87810241844,-74.8119424161205,6776.176623879784,5979.699250660119,4,ram-RCEN,Rotor average model
"[586397.25721783 573355.61266753 576008.55433645 573831.99486872
 580338.09108666 578473.68560379 577633.55896246 576586.21921163
 574470.70998967 579605.39471146 578654.06922281 581674.16988677
 584586.27001593 590060.38420266 587590.47269067 579136.59305338
 592809.18204646 583603.12361553 577401.03461285 583302.21222852
 578090.40220313 588402.7368954  593284.67228665 586197.09106749
 584515.70154311 585816.09203305 580632.3951733  582585.68139553
 579770.17338944 578396.45892448 592223.04172666 591111.8701455
 587393.56285553 575981.60837385 580240.4831598  593072.74761047
 590034.82099762 581816.78941718 580362.53823057 588267.7304014
 585396.95740836 585143.58802894 588691.56774886 580151.6653679
 575749.0990795  583100.94554696 583403.74403735 589885.64322488
 587185.50616648 589775.04502294 582872.81161744 585651.74112264
 589988.81907418 587023.71528501 585927.16959562 587679.89387105
 593588.12938382 589890.6564883  581664.27609998 584333.69087202
 587640.14852762 592750.24768553 583228.16276982 583612.49399243
 585674.94082373 591901.29235463 593302.70057568 590708.06504567
 588428.69517307]","[5852927.35143305 5830662.91411924 5836128.14769314 5832286.00595653
 5845134.08913537 5836212.92919837 5841434.36275302 5837468.27555123
 5833701.05316209 5831052.13086128 5842831.09780065 5831214.8076973
 5850834.60101281 5852889.98796283 5851993.43372476 5833832.07889144
 5840576.49153517 5831366.75664895 5839129.58950686 5848956.50179961
 5831206.66490655 5853410.33004996 5847233.99463494 5831571.88608701
 5847836.81984016 5849522.36135517 5841270.43946587 5847146.59465498
 5835585.45431163 5840623.26031397 5849096.4065018  5851045.72787297
 5833464.76068335 5834014.79901694 5832546.80376986 5842265.7810682
 5839359.63909111 5842878.50415338 5838839.72053968 5851201.92246522
 5833106.27723991 5843819.51397234 5840511.21374436 5837510.1580254
 5831972.66081964 5832546.89066205 5845997.58138855 5848178.11969396
 5848856.06008378 5845946.31162798 5843990.9929965  5834611.32858477
 5843861.79441084 5841680.60199223 5837734.93247399 5847002.92135635
 5843956.78419122 5850516.20637187 5840344.49835924 5836263.14306906
 5844865.37833562 5846219.18163228 5839471.6450432  5833838.94644085
 5836283.10569331 5844151.81371891 5845113.33825946 5840784.86299854
 5842592.6967399 ]",6645.911931531037,7115.047970881434,7033.927776856117,7003.707817334853,6447.188493584837,6509.530923249963,6645.313399455649,6625.194459636988,6618.643556201539,316.34260429860984,7046.091169206002,-68.05878058453875,343356.7010632194,-75.32490248904806,6736.887631965216,5944.197671026162,5,ram-RCEN,Rotor average model
"[576727.39051165 574480.97373259 573258.61931809 578945.54176834
 573833.077949   585896.97474131 574366.74937147 575480.70736622
 583888.56846281 579251.84565292 576054.07259564 575986.63549164
 582946.17036306 584272.59550415 592568.88148648 578721.348725
 591786.31588962 589321.77240213 575000.98785578 578904.17662545
 586180.1167429  583495.89950711 580456.36073583 585062.07821453
 593360.19865044 590935.93359964 580278.75827185 593495.6173697
 577346.95747729 590653.17985246 584836.9123552  586894.3298594
 584434.52585917 587084.73124402 584016.34302838 589488.21586685
 581841.23698155 592690.48504432 582074.28489765 577163.16877823
 581344.27706065 579716.75349583 593540.84984908 577975.52503801
 584267.60057379 590099.33760029 582866.06095588 586918.14170037
 578418.89545726 584203.9687087  586375.73380385 585685.04979721
 593184.28557373 587489.72276469 581655.90278723 586595.75296333
 584141.02474173 590460.23713618 590511.19749988 589667.84537802
 591996.48573845 581465.87441513 588072.70085558 589029.11514732
 587979.69854871 590925.11879242 586515.15850679 574266.87915951
 587915.93585745]","[5839179.88833927 5833949.74346006 5830652.80438217 5840951.18261318
 5831829.35719734 5852735.85770399 5830638.87983596 5836395.22560565
 5831390.88541836 5839720.73934935 5837770.83788406 5830781.25106287
 5848307.47193964 5850514.14516683 5848487.75097197 5831403.4609322
 5849858.48104481 5853732.32731071 5835238.98087414 5842188.58672523
 5831570.15286008 5849350.13813725 5831119.06709957 5851594.43801339
 5847061.37298092 5851342.36462404 5844956.16154104 5841017.71656051
 5837101.86023999 5841160.68614654 5847254.10079531 5850105.55080899
 5832450.84171926 5834547.80787009 5837066.36498952 5839511.46840887
 5839176.94045515 5844219.79526629 5833039.16497463 5831865.18930713
 5837146.48239755 5843323.14470615 5842441.23304923 5834094.6223451
 5841272.7593107  5852672.83473847 5834965.7541137  5840336.95151602
 5838503.51374309 5835780.48464089 5842560.80062079 5834138.33376875
 5846008.63900682 5833078.58062867 5846214.98997494 5848448.61337077
 5845292.12381827 5842656.27797181 5844463.93788384 5847461.23505086
 5840071.28350139 5842465.23092354 5845899.30263666 5849861.18152552
 5853363.17353827 5849011.89287516 5844537.4918345  5832975.88962794
 5852043.32758105]",6672.930982062412,7124.575238745077,7046.3940698629585,7023.969080391891,6487.287713809646,6543.81883660257,6672.362790122753,6652.9776966048,6670.961251957209,319.4285940820327,7067.595370182556,-67.82928834877377,344963.0963076153,-75.02005415966394,6763.125124823842,5967.612744984017,6,ram-RCEN,Rotor average model
"[573134.93301411 577543.81999935 573592.58068416 578279.05753999
 574683.15857434 583489.41847166 578812.07224896 589545.38126132
 574150.28654378 584172.72411807 580456.78389947 576647.77683294
 585221.98508972 576855.72551226 586322.30652748 574846.84860449
 586509.23831502 575542.60008537 581418.20086127 590098.64675691
 585324.26755204 581334.71985182 580348.4202764  578160.29084722
 587614.33417728 579224.91664379 583228.18965668 582216.49199329
 592345.44029411 578309.80428227 579673.11732112 591460.00316523
 593596.84634174 588291.12321896 586127.91277656 588770.72211418
 590824.25206205 579455.10282515 593523.01216171 585776.20650387
 583836.00476871 586296.82088456 586497.85084248 579761.35858675
 590989.36007384 576415.22192903 584475.48215673 588725.09964026
 584400.85805572 575298.45505731 585719.40007624 588266.34154714
 593504.89069395 582685.93193191 588093.29893504 592061.92065093
 592716.52249857 591295.50369605 584489.64737037 588527.7714031
 586603.61713892 589529.10700677 593533.71078464 590043.22251434
 592649.47419424 579348.96216005 582734.09406916 585054.79163239
 576927.79810701]","[5830581.1248701  5841153.31743357 5831862.83263384 5842318.43244534
 5830664.08756655 5831378.70222646 5831012.2124422  5853793.55772786
 5833194.20817747 5850377.61307501 5845296.52782368 5830819.03076942
 5831494.94329512 5839672.03091604 5852907.24865303 5834868.07926376
 5831595.86305544 5836156.81763569 5846611.29537169 5852681.00247576
 5851931.81955711 5843135.48118956 5831279.20267154 5837732.28903784
 5833312.61877126 5843544.91896576 5849027.62792083 5847703.06659975
 5848496.33576396 5839457.66576773 5841266.71481589 5850174.77016359
 5844251.22039209 5851749.24990816 5838237.93160232 5849140.43592833
 5840878.86126129 5834862.67558896 5846809.47950151 5841942.44309215
 5832692.83189677 5848973.11898437 5839481.84633108 5833122.14386268
 5851259.55126336 5837504.28824722 5834041.11485961 5846734.19302501
 5844401.1125834  5832192.1498597  5836361.62831812 5841081.24085377
 5841320.99117158 5838682.6060665  5853321.00366846 5846056.01820541
 5843323.35586428 5839758.43016411 5846695.23555126 5844656.64892444
 5835167.83293449 5850762.70188684 5842409.2353254  5844093.05144275
 5840528.33433596 5836469.85629613 5841722.31549645 5835095.88229402
 5833722.79159459]",6677.116194286106,7127.383584918304,7050.306821105544,7028.817666592166,6494.281491751031,6549.601432185927,6676.543314929974,6662.372343202415,6671.318418776688,320.0286002849599,7076.870661147689,-67.73785787258973,345228.32906299876,-74.91336853074431,6767.477631909886,5972.10297729821,7,ram-RCEN,Rotor average model
"[573557.78505662 575400.17753774 576453.47056321 583200.41682865
 573375.14096311 584909.91430682 575458.75404309 581395.06418663
 590635.20835131 583966.67745356 574075.81089843 574953.3087582
 589475.67820765 590028.116379   586083.94791082 578815.08450466
 577483.54526524 581691.30002447 585870.57645056 579631.56233726
 577808.69457461 574555.7446462  590567.86739507 591186.1865465
 582462.773224   587838.83536812 584417.32290666 576810.45540953
 593615.01946517 591926.19652576 592572.16182427 578818.25657925
 580366.22780888 580233.62930049 592111.74786122 593582.88093121
 576236.91637486 586280.27455784 579558.79175658 593550.44730215
 583070.06567857 585026.34653711 585492.69062892 591822.19616158
 578157.19012753 581984.17234167 588031.68135784 587454.58017416
 579278.47950317 589032.43471231 586817.58270786 588613.20121928
 586441.74192371 586085.48827665 590643.1226783  583301.52557844
 584301.93084435 583468.95645771 583380.64572755 589046.80297427
 591589.45342811 576973.59047013 587295.46565696 586745.84462641
 592204.71937006 586542.71916137 589554.20932358 577903.16119359
 581212.56155579]","[5831761.3720763  5830720.57350841 5838722.06741761 5849048.92753431
 5830633.28294239 5851386.35889222 5836341.9473742  5846423.49260248
 5851879.46435524 5850096.73497495 5833024.69797995 5835130.31552112
 5853774.29870821 5852946.95034298 5831562.29242138 5843052.0823345
 5841151.31894619 5831217.87804751 5852700.18277119 5844162.36540198
 5830909.97116277 5833950.60616781 5839218.95143908 5850689.12686742
 5848035.81466646 5833360.49016868 5831430.80310115 5837591.01372027
 5844846.47921345 5841394.12931129 5848307.91214813 5841547.21304006
 5845172.96520821 5831177.08874543 5849275.90566893 5846708.18967084
 5833087.10504062 5835757.03268221 5835597.18514033 5842762.33494676
 5831324.9982519  5842351.35787098 5843654.98172668 5839968.43446528
 5840176.34975178 5834303.10872653 5847431.00917767 5850942.93905503
 5838927.46438596 5844311.26967063 5848265.3509405  5842477.13509572
 5845686.26173522 5834169.2738149  5845938.86694165 5845474.57464133
 5839637.14246033 5835864.69238804 5837690.30221036 5839990.24516127
 5847016.49410902 5836242.05253034 5853174.04844225 5832466.63845521
 5843454.09098623 5838505.16773773 5850115.68392999 5832846.80340561
 5832666.26561308]",6678.633505219736,7130.282881449305,7052.321051038684,7034.252309482652,6499.073697928149,6551.724338441958,6678.0682967284065,6665.13195850308,6690.397600297288,320.3527837187182,7075.720830606343,-67.6837847871032,345350.9294374858,-74.84503724877897,6770.178953934124,5977.9282931727375,8,ram-RCEN,Rotor average model
"[573469.67197994 593495.19061998 575188.35981761 586669.39893194
 579587.85082401 580017.41574847 592219.21257803 578121.59345852
 581944.17422721 577407.33731819 576702.66057502 589545.02074321
 581060.05243204 584174.77210936 573948.73023156 578991.51296506
 584484.28287072 586397.9697025  575336.0948585  575922.87725826
 585951.20862338 573359.17630203 579065.65917799 586398.26833227
 585946.47103314 581230.66025116 584967.07273857 590264.44604615
 578502.18884607 589105.79682385 592407.98838411 583117.46282927
 593564.91215324 586955.20713476 575358.21559495 581775.99667102
 590807.28519788 579127.5931844  592558.7069244  579758.11793905
 588302.2982357  582972.26385941 586934.71429986 583115.06796556
 585627.0779231  592678.1793882  580270.00209393 583501.15454377
 580698.22387934 580729.19858844 579497.84798561 583972.48130573
 585707.49923235 589033.79424566 582931.75904085 591041.28814494
 587409.14587441 584726.76816222 586665.10210915 576374.94841678
 590725.56553486 587080.56923859 586087.61543742 591775.85874888
 590065.03184612 588576.34171287 589684.47470798 588875.58882763
 593644.3060267 ]","[5831566.97288527 5840997.23078949 5830703.53263936 5835178.14314942
 5842547.37887867 5844696.09375783 5840377.16309999 5830935.64230717
 5847329.68052909 5840901.95995429 5838684.70775788 5853793.8424705
 5846121.77329083 5850241.19828514 5832717.06595142 5833955.79496675
 5848724.66175698 5832111.81976126 5835481.27785965 5836585.71315254
 5850728.05910244 5830573.69595073 5843394.2398381  5833608.65240492
 5852803.30602111 5831485.59385035 5851464.1032566  5852531.92814646
 5832619.08088493 5844540.06614813 5842211.29864218 5831328.55609228
 5843276.79989586 5838238.7037112  5831892.53583283 5833133.44036778
 5851580.05934599 5838999.04534199 5846720.76025128 5831069.27242943
 5853415.62061834 5843728.51884619 5845331.63320254 5845875.69201855
 5836730.36688663 5848174.82639106 5837509.84479563 5832337.14278064
 5839030.14992041 5841647.05396809 5835597.69362312 5840023.96053282
 5842892.86087296 5851924.72675225 5835728.87307494 5845640.64411385
 5849265.22089442 5838360.30835232 5840741.02827067 5832904.39808707
 5847765.40507389 5852601.24178643 5847355.02140838 5849879.2216479
 5839344.25668346 5842895.65730699 5850087.368805   5841573.00406183
 5845753.62114017]",6663.309254202048,7121.129484530527,7041.853603182805,7015.633192416858,6471.13337921996,6530.468062832315,6662.7110160045595,6646.219318642714,6654.768988787662,318.2693346507135,7062.373608515476,-67.88895695935283,344401.3448705057,-75.04479646724893,6752.184714204997,5959.201087285589,9,ram-RCEN,Rotor average model
"[576736.13882816 573184.81507863 581922.13009496 573836.32304268
 577622.58417984 586509.35590873 583713.63157816 587663.51286135
 581397.93448863 574428.12554256 574651.20609227 588300.29548101
 584404.94576715 585260.42461359 584774.32505596 580574.64822595
 575424.73633127 589556.41356457 582750.10985092 578480.59478065
 576082.02204353 575918.71632757 580335.74322841 585948.4835281
 583278.64337145 580120.00015622 580658.5234835  582120.84305143
 577786.58236213 592465.3369425  575205.10925555 586184.72255676
 592642.98370739 591883.23651093 578430.59595011 579201.13727067
 590978.24782115 589127.8976282  586845.59951235 593506.20441206
 593623.86824461 586887.84903885 589279.89426148 577429.71376575
 593038.93180906 582398.13130377 584106.22532593 592950.58995661
 590890.99082775 587069.80804242 579581.89736428 585272.56508005
 588492.8533596  583443.530979   585603.32423165 588318.90948525
 590575.16596788 588856.89708595 585714.17156436 580277.51082559
 587718.3103153  579624.12485918 577088.71942146 590010.89745806
 584730.58858782 579916.02677829 586920.95336675 592381.86543947
 588476.75542757]","[5839316.06361354 5830863.20711088 5831234.55776168 5832444.67648581
 5841305.64765484 5831596.06935854 5849749.95437456 5833214.617253
 5846579.94096063 5830660.61515084 5834402.94428609 5853450.50682392
 5850694.6594285  5851864.60129945 5831459.12349905 5845315.323107
 5836026.95295257 5853774.30335231 5848432.74640059 5842594.31841709
 5837836.33914716 5830763.10376139 5844317.63934834 5852804.15834312
 5831341.11500473 5842965.54730958 5831260.43040013 5847417.80630479
 5830908.87229873 5848665.27707849 5832934.78676256 5835853.81784918
 5840500.83292065 5849636.05250606 5837916.34772378 5831031.94976403
 5839634.55987749 5850931.69503362 5839512.6193352  5841360.36019288
 5845109.19267335 5844832.83310397 5852546.39589958 5833306.64886739
 5847207.40163276 5834052.42697757 5833326.60593103 5842784.18533611
 5851432.70952094 5834545.01932876 5841467.02121114 5848427.17263192
 5848079.61640141 5836117.73435943 5846109.15412795 5846364.09668912
 5841934.88383224 5849771.1554987  5842063.15408951 5836297.68493585
 5841058.35952627 5834760.6964189  5836879.21281875 5844859.33100641
 5837908.41642875 5838707.65096512 5837833.53273595 5845425.7229498
 5843458.48869698]",6681.603058529374,7129.936082488007,7052.318446376452,7038.138163622674,6497.599970143639,6555.589855564287,6681.031582873753,6663.714232331246,6686.78178111668,320.93250752855437,7081.067317008454,-67.65481739058102,345528.8543336918,-74.80668976030024,6770.494761376436,5976.794654713695,10,ram-RCEN,Rotor average model
"[585158.75319425 576396.18085381 573819.59093788 585958.95986219
 575355.3505335  592795.54275011 584051.93374136 575904.74768005
 582553.46014004 577085.88675177 580452.16934597 573728.45226687
 574529.20371131 583521.44745987 579299.06244699 587612.98963463
 577649.64930943 590242.33245431 577032.87291804 592662.32858901
 575051.50578632 582004.75762252 580364.44247774 581186.42670018
 576521.72025084 593511.99509788 591996.31269833 585217.54199659
 589544.95409769 587638.27588201 575843.70322713 590889.22155363
 592938.24253364 586038.35953527 587691.63584277 590872.30740326
 587296.74249462 578689.40307715 593605.27363173 591566.73135834
 592908.73010285 586857.6209492  590349.94515732 583090.94382657
 579247.84279931 578636.56163939 591542.71750561 578917.01071764
 590520.3194393  586890.49311236 585084.04423613 581916.85709545
 586394.24248287 583142.60662737 579333.08130617 588487.76457336
 586218.41351546 588490.71854659 583227.19926309 582268.52441756
 584297.11816183 579727.86437652 585684.71927223 582850.69512377
 584456.80582638 590027.76577433 584352.15598535 590856.62955911
 579080.55134956]","[5851726.7240848  5838592.28147675 5830631.65771015 5852807.02002016
 5836030.4346599  5848089.71698571 5849921.14666231 5833958.0526794
 5848157.57040617 5830853.00602863 5831266.95014652 5832190.84969876
 5834105.15409402 5831360.4180489  5843712.59483239 5853262.0607568
 5841423.41813403 5852570.1120375  5840118.29425952 5840510.96662586
 5831539.65132805 5831240.77442621 5845170.93233302 5846294.93786894
 5831983.34397745 5841517.60175931 5849205.82794959 5831493.88755168
 5853793.8599881  5849982.02202487 5837266.12153695 5839387.69969137
 5846813.98602042 5850876.5552434  5833236.11208629 5851464.00240881
 5845765.24518003 5835253.11684308 5844503.41915171 5850247.59160613
 5842817.14438359 5838212.75034894 5840758.59952688 5838260.68896187
 5842197.66849257 5838268.89373836 5845024.31750363 5839769.79343954
 5846231.16355063 5834241.82762591 5848926.67015418 5843068.57284284
 5835580.58061419 5846307.60215844 5837123.91228452 5848141.77341329
 5842414.50773835 5852360.48606048 5844842.13345416 5834256.63615267
 5847870.26152446 5833199.89663386 5832492.96215002 5832688.53939274
 5840869.39295591 5842108.17004709 5836769.8148232  5843536.74533054
 5831010.94731599]",6671.9623070719645,7125.3923889273565,7046.962075585343,7020.647351786386,6488.9390112331275,6540.688314885733,6671.368812711694,6649.9959007766565,6656.608115286846,319.08130156038004,7071.36219905898,-67.85999197981855,344859.64300986816,-75.0579241670493,6758.176186994555,5966.394074575343,1,ram-CGI,Rotor average model
"[573042.24226768 574302.63680223 575225.08495306 578759.15223503
 579616.75890789 580967.692121   584709.49894241 575400.71950876
 573816.28792146 576843.74320159 582823.35354865 579409.90854007
 576151.55285924 589544.71034926 578061.17969557 591152.33579851
 580338.55237229 576353.98819338 586506.9148042  582022.45805438
 589911.36134562 585946.73724542 582510.59608814 587618.40806204
 587154.42270998 581262.05453158 578016.34535142 577487.68159423
 575854.3020648  592567.97734155 574809.93762857 574038.2344081
 593567.63642811 589581.90926798 584059.20337086 592676.73016746
 593649.50066942 591870.19404646 593251.75726907 589258.09302795
 593600.56848091 587362.59822853 586449.80719527 583870.94329498
 586017.96258056 587575.52990392 585737.88628329 579746.11927751
 582517.93797015 586698.59766245 588432.36191934 593497.55255886
 585524.239985   587772.42725988 584937.667891   576520.50573021
 580361.15234316 584361.46290269 585245.06148192 588966.33373851
 591102.074229   583101.76088371 583250.34480969 585885.32439394
 579743.34152518 589359.52851712 591149.59139514 590520.02922934
 581186.99438916]","[5830539.41138407 5833568.37082128 5835781.32764326 5842975.64273146
 5844147.80660172 5831159.67254399 5851109.63885278 5830720.22001098
 5832400.14502214 5839664.88591786 5848531.40747379 5831154.09789221
 5832838.35260196 5853793.40815793 5841912.37800866 5839550.05237362
 5845134.62688607 5838488.35036039 5831595.69670843 5847436.06770433
 5852869.26027026 5852803.13456636 5831405.13085374 5853263.7607289
 5832799.0997785  5846397.76262029 5830926.90368192 5840742.81664669
 5837020.91998372 5840538.59786546 5834660.54250431 5830693.27779689
 5843298.6634691  5839665.71353521 5831402.78304639 5848299.25158612
 5845939.7545538  5849592.20936631 5847290.53660156 5850935.26992712
 5844379.46279212 5852113.10390896 5837844.24861191 5843803.59798828
 5836147.71615854 5833826.38382835 5834740.9055794  5836865.77425545
 5836667.93598247 5850388.77163959 5847116.15612067 5841067.17355091
 5832585.22325161 5843819.91930373 5839857.72297836 5830810.97562113
 5838209.34615483 5849937.24445465 5845240.90216856 5848777.78086799
 5851061.69963912 5842010.82334196 5834043.22313056 5848001.52889876
 5834654.84529252 5842060.28764904 5845387.74035679 5843907.64808344
 5840405.30024615]",6693.153441305185,7134.910098173693,7059.589273368124,7051.569482502913,6517.245138310699,6568.542059202135,6692.577035832396,6667.795227264506,6675.171425933991,322.38819274745777,7093.335759797192,-67.5763797437958,346245.72996278293,-74.69415809561492,6780.130294884386,5986.465802742699,2,ram-CGI,Rotor average model
"[575690.942102   587844.1967262  578802.56155524 584463.7978872
 580563.00854239 576021.51618566 583595.22121755 573269.4960868
 575180.46896672 589544.71264106 585451.38285925 586105.02306602
 581921.24938947 576913.16686706 576565.44441149 589610.18379157
 582753.52732805 592918.94361655 590173.43405136 585551.32499952
 577097.97596006 576186.86441679 586509.2719728  574173.92548205
 587562.68213981 573741.07594523 593277.38069723 577921.18402031
 590852.25765146 581500.77632932 579345.8828318  582884.46548951
 584188.7553014  593597.20309596 580824.05353545 591606.81896513
 593652.1993528  584506.94832792 590435.15090839 591578.12007202
 576681.60063273 582751.36417183 584332.28630903 583392.54755001
 590346.26578547 586610.19548834 579673.92015134 578092.00464201
 579454.87116794 592049.26553945 585768.96647881 577969.96823731
 593547.84240517 586670.04944882 589383.53414218 588419.00701056
 580754.73027706 586659.61965386 589765.00042598 583740.73108599
 580982.15796826 585801.59669505 579171.04095901 590811.20163089
 586438.1832597  588320.83179714 585313.05829412 582024.75668522
 590777.27144922]","[5836898.62452875 5833359.66939146 5843034.95027142 5850775.78692124
 5845442.1995171  5830769.26407083 5849588.06796964 5830941.19808416
 5835674.71559171 5853793.66177177 5831513.33878159 5852847.50435611
 5847299.61272442 5833186.88692715 5838998.5447621  5839587.22762032
 5848437.33763973 5847874.61154024 5852689.01133298 5851955.08279931
 5840276.33152668 5834787.2433015  5831595.6714872  5833256.16428685
 5853248.56241737 5832103.0047499  5841061.2124622  5841829.94845904
 5851500.68627387 5841541.61587131 5831031.11835087 5833510.13711978
 5831413.05202606 5844266.09009773 5831263.7703811  5840036.41436256
 5846049.40388971 5833821.42352076 5844872.3770544  5850222.63754624
 5831828.21422434 5831299.7963147  5841326.30909856 5835371.98108535
 5841409.19056826 5834340.88855688 5844226.18303782 5830932.29908381
 5838905.7208559  5846677.86398413 5838170.20751813 5836884.39569534
 5842920.95841727 5848004.97134326 5851069.53528609 5849772.25687891
 5839931.08540321 5845114.23182858 5847739.48729723 5837325.76169103
 5835978.10811382 5839750.2919202  5834719.90073973 5848991.85053672
 5840993.91450116 5843115.54528924 5846143.02043875 5844062.98212434
 5842842.21178108]",6677.593779071076,7130.725302050572,7053.639275348229,7035.387556035488,6496.554435015636,6548.459518339339,6677.022826205177,6647.509346479018,6664.896943510109,320.31406108699883,7074.835377236853,-67.68359656334455,345288.071642067,-74.9037300387293,6771.1693384795635,5976.6108777260615,3,ram-CGI,Rotor average model
"[573737.79234764 576808.91111227 586509.06619117 582804.98131905
 578444.08422102 579214.01602133 577301.83646885 586406.6903331
 577434.02183296 573461.63811907 576746.78350881 584160.92542775
 580206.77476641 589555.978256   574135.76829893 575412.44560702
 576308.02417293 588204.18979608 589142.97162276 585523.99114504
 587869.30143574 581955.32641915 578920.64580699 590436.43015681
 591154.99052067 582403.72392647 584511.01269675 579057.80336083
 583180.56321538 583718.71069923 577137.05724181 578116.35230758
 575123.17076309 592453.81717838 583898.64629534 576035.33241639
 580303.96796408 591316.02640443 586644.49883959 593488.14625571
 579744.14327028 583897.87534391 587443.5103184  590122.52447824
 586775.35535968 584167.30864793 591488.52842844 585320.42565989
 589827.93404929 593307.14036958 593624.797629   580625.71925066
 588802.84060798 580216.18284978 591886.11411932 586592.29350897
 585994.28959746 586370.69688395 583535.77091922 580101.99768628
 583622.23903592 590464.14495203 588391.07586652 591900.77972501
 592622.42401991 585547.055685   589251.33002724 585819.52994621
 584461.29965034]","[5830592.25614204 5839571.77578439 5831595.76834661 5848507.85206242
 5842544.27090911 5843597.72222409 5830870.15790279 5852930.41055844
 5841080.95618603 5831547.34651062 5837958.12247514 5850362.15323636
 5844954.90998778 5853774.74980522 5833168.51966328 5830721.23938015
 5836348.20905011 5853424.62015076 5846584.84930799 5852225.65953051
 5833380.70180011 5847346.00790201 5830998.39551878 5852229.82938264
 5839652.31163408 5831995.50615631 5831438.29455247 5839219.95784578
 5846208.6169258  5843338.67279535 5834573.02343285 5833041.67745195
 5834845.42819113 5848690.53498082 5832424.25813595 5833247.42283219
 5831107.80755537 5850687.44755349 5833621.08867657 5841402.65892473
 5837043.69160105 5845106.40420251 5851942.81335835 5851204.02753476
 5837896.60576342 5847810.77156181 5842409.76089658 5849445.88165293
 5845725.28826255 5847192.5831416  5845259.00937532 5835910.68494297
 5841626.26480852 5833036.50535408 5843776.58759048 5835063.53628627
 5842178.7317481  5850738.51209583 5840231.16029181 5841105.9939616
 5838091.14737972 5848392.31932496 5843994.79030928 5845629.8540251
 5840457.81050221 5836196.98897529 5849574.13924897 5839718.1461715
 5834523.79653389]",6669.829217358881,7126.429790829236,7048.392641054303,7021.537835464732,6484.650687496564,6536.154527053581,6669.235889865255,6655.90135951703,6675.7844079942615,318.92093551250093,7067.245394430465,-67.80880234699471,344727.82600154943,-75.03367346765926,6760.425685641559,5963.755510577297,4,ram-CGI,Rotor average model
"[575959.25154577 586254.23720966 583247.93373887 573343.70506331
 583772.69850169 586508.95361633 584601.8133412  578765.09801251
 575642.6785094  580373.80875968 575801.76846558 573732.84795808
 574429.25369815 582483.60174144 578093.74238776 590095.61732768
 583935.6282674  578812.28203356 577468.26100887 578646.26291576
 588858.4464445  587784.31358543 576937.29235199 592123.65154036
 580276.61644498 576336.21525706 593293.63911622 591111.65224496
 578419.30130299 585369.38722298 582734.13178573 592505.5023431
 590197.14261365 580453.70619823 585528.30740255 579872.1208469
 580362.81983071 583674.32727892 582436.92766071 581837.70090638
 591308.96569689 588211.77751571 587461.98361858 589792.3164611
 586990.75440869 587131.58852566 592572.76892546 589727.62951765
 585457.13894213 580237.23030981 593569.57988794 589861.28030359
 588219.55594617 586776.20291629 590298.01051694 593187.32944243
 588645.82103122 582963.32753302 581297.6412304  586477.65922271
 584840.1548956  585876.27806718 592046.33055632 585283.34986587
 584214.26862687 588638.70380357 583054.51592034 587410.82445436
 583697.65056377]","[5834013.85306036 5852888.09091338 5849113.59670034 5830667.4869803
 5831380.05830115 5831595.80313976 5850965.13749774 5833774.56474691
 5831524.71732218 5845182.32391201 5836087.93161186 5832198.01265058
 5833870.65940193 5847071.25385908 5830932.54648285 5852827.1805583
 5848272.42454746 5843047.99293822 5841158.42751211 5840334.28916248
 5853604.83424462 5852178.01248038 5838753.07150998 5849269.90456867
 5832708.42855558 5837363.18397914 5847217.82591027 5851041.53503158
 5836410.17299973 5832783.00392972 5832172.24083069 5840681.53150136
 5839369.36037272 5841735.11894687 5849941.12453834 5835824.17908098
 5838817.98473571 5845592.84774615 5844044.90503538 5840329.77383021
 5845442.38101587 5850620.6613357  5833049.09140381 5850880.02851008
 5848718.00198104 5837911.00209201 5842374.28949026 5848268.82048826
 5834198.74733287 5837430.39146511 5843385.97680221 5846463.83761719
 5840905.51202851 5845444.48212163 5841357.42631439 5845802.00534869
 5844637.18088824 5833983.54818511 5842815.52779192 5842066.64386274
 5840024.49980782 5835493.04320479 5843808.09147331 5837964.68920186
 5836196.76716498 5842998.20065235 5838622.45626504 5847066.96165885
 5843569.30415184]",6646.821332288681,7120.523548596475,7040.942341610713,7011.82888708421,6445.419076192841,6507.879819453532,6646.213490184057,6630.011360297732,6621.6502144584165,316.35601368950165,7044.202220898241,-67.96524914469389,343380.5870656994,-75.22644523560318,6735.331005553958,5945.212610400822,5,ram-CGI,Rotor average model
"[576918.47117027 573540.22457683 575904.65040755 573568.1515515
 579010.22630903 575137.8527411  586509.33424107 593457.05219832
 583098.45088813 574575.59024483 584191.76803432 587718.68731863
 574975.03150621 575129.36765026 584335.98423138 577461.5932382
 593439.51024298 583564.49626121 586983.12562116 577189.79901286
 578958.96674106 585236.54532015 579915.26210959 589315.41448342
 589675.5358079  581036.7583283  585892.35616874 582350.93224284
 579744.40690515 578028.93800651 576491.97958164 593594.75749869
 582667.09024399 590545.61097992 587447.1940146  587163.34357681
 587265.76202073 586792.65144427 588682.06099731 585392.68146781
 579229.43446594 578287.16163549 584506.01161218 584716.59668141
 592479.94686392 588587.35942255 578099.99977871 590631.86932746
 585605.33217035 592149.76828233 580906.42305362 579871.15411053
 583564.17521414 580414.83750555 591224.08765606 585444.37676205
 578408.14679743 580542.16670278 588289.95546549 582011.09690937
 580714.47364513 587124.78466468 591719.28166629 583228.52013579
 591172.22994955 588830.92277549 590612.47711541 585704.45572319
 593617.90143643]","[5839843.66781172 5830703.88768875 5837412.9390479  5831806.05278513
 5843318.78628065 5830699.69975986 5831596.03593813 5841159.22435085
 5848909.26427321 5834221.63819787 5831413.17883004 5833611.01523458
 5832879.66092209 5835552.19561088 5850600.88224871 5837068.0847036
 5842626.47382659 5834133.8824864  5832659.75480838 5830861.67512175
 5840315.14462776 5833004.60863483 5844556.00375024 5840951.57734824
 5853565.01370801 5831164.5647984  5852729.46317442 5847618.41118923
 5841524.78297278 5832702.85992745 5834656.00581146 5844181.05246499
 5840904.76992491 5852037.91862203 5853216.4636777  5852240.3702193
 5850935.98622544 5834874.12150686 5853555.87192805 5845565.31651017
 5831022.43216881 5834790.98024274 5848881.12606995 5836954.53882921
 5848433.68031416 5849244.17925046 5841918.78897057 5846261.81902685
 5847818.07679607 5843849.74553124 5843160.44290837 5838421.64385055
 5842530.86256186 5834401.40718723 5850847.44828783 5839664.47580112
 5839027.69997045 5832801.89823147 5846858.89073036 5835743.50963609
 5836902.98584345 5840099.79624688 5849979.38518667 5846500.83611044
 5841379.54247368 5843436.86457373 5848325.14991894 5842877.71481146
 5846647.54149447]",6664.558407480057,7119.559991008062,7041.191400893582,7016.024509242424,6473.894922980243,6529.891030339688,6663.951829645441,6652.504566141329,6691.59269892714,318.4304794400116,7066.18037974663,-67.91940670875418,344425.40783001395,-75.14765622073944,6753.886090171866,5959.619920233788,6,ram-CGI,Rotor average model
"[576304.26243194 577752.69842428 573546.70120305 578228.58854915
 576354.52210265 580206.80706108 584117.85221902 585077.24082022
 582272.67148062 574450.117624   573746.2590971  577462.91008659
 579215.06658959 586023.10565107 592658.65038979 576808.90964896
 585341.63310485 583150.98963511 586509.30772462 579348.7560764
 574833.65701903 587803.04301245 575540.17894925 581069.00139493
 593147.99595082 582034.71545076 590743.40867311 593524.94704188
 579895.36067518 575373.34471788 583634.41858392 583773.8571604
 593644.03158822 576607.42987509 593610.47701035 582031.97867008
 581669.20160158 590149.20659208 591281.96507091 593491.48576605
 587081.66037067 592684.08258763 584789.92400994 592042.40493245
 587340.36868946 581092.10300455 578769.53440319 587163.01311722
 588130.58440045 589447.57410629 591047.0543658  590663.45093386
 580948.49052466 583882.31411535 588416.50293374 586660.765744
 590846.44964827 587505.657802   577511.33898971 586780.35848583
 586048.99870857 584145.36744201 584215.88213648 585869.2787072
 583455.46219235 583490.04943301 589545.16248523 575851.66788367
 589413.67189851]","[5838371.6850792  5830935.46914856 5830635.08832873 5842249.7878122
 5830795.72119877 5844946.65880787 5850303.45582023 5831483.22219039
 5847778.17675138 5833919.98669343 5832230.58392062 5841090.95470735
 5840160.25033547 5852824.88610421 5840480.1870087  5839582.97213821
 5851923.88759081 5848981.33932806 5831596.54688342 5843544.21759858
 5830675.68952226 5833383.92299631 5835844.4178383  5840906.06354641
 5847255.50155484 5844630.65315587 5839387.91278941 5841935.57652168
 5831074.90803683 5832639.08039603 5831370.66871828 5845526.78839033
 5845757.86969014 5834442.47109011 5844711.15711622 5831246.41828098
 5842207.56090007 5848298.81170914 5850618.63218865 5843679.44854917
 5834520.54038294 5848287.60539628 5847162.63897666 5849408.41633524
 5850259.9336196  5835071.9375184  5837442.89975711 5846450.94082992
 5853404.80488366 5845574.1855869  5841166.81702284 5851831.0709204
 5833023.19578705 5834633.43532069 5842433.7201726  5840523.11164316
 5843643.5834424  5851727.61495031 5832728.45889178 5838375.63766136
 5843795.02329879 5837553.21115002 5840469.83884015 5848606.17625597
 5836272.28087539 5833016.43966275 5853793.75553184 5837104.92269369
 5852797.37487964]",6682.778969091907,7133.002017130298,7057.393071833987,7035.885934938986,6503.6231850138865,6553.783596501284,6682.200754283887,6666.497444509675,6688.903198682343,320.70412473465,7084.145053640714,-67.68776541927386,345540.4465446225,-74.92833785431615,6770.682973600779,5979.577572944372,7,ram-CGI,Rotor average model
"[573507.05267569 579563.92306944 574528.01754413 573202.88283342
 573980.38903778 583576.0424718  577155.40722414 589544.81203507
 584648.04199963 577648.91876545 589868.40539923 574906.62207794
 586002.01627161 582118.04386882 575478.23550582 574527.5629864
 586042.90161002 587859.43758159 577720.35285779 583921.2904284
 591730.50158755 581869.12984776 575987.99502764 576354.00700323
 580696.74510994 589978.99028817 582640.82581988 576731.38111605
 593658.31144573 587839.22212578 587116.78543637 578643.91135096
 579724.2837627  590619.41964201 593494.97686488 582588.57154925
 587323.63614631 591918.39896331 577678.89089753 581935.59049817
 588916.52891088 578817.9959693  579016.39674502 583379.84649945
 591144.33278762 585615.37942342 593446.35334837 585138.82947847
 592550.86526084 580370.01030021 593225.80632304 586303.22541047
 589363.7343759  584944.99483888 585629.10202829 582084.44141267
 585879.32961797 592971.68356391 593182.31594587 587563.67754762
 590460.4397194  586922.38131733 592073.56503944 585399.54635532
 577554.15018145 587346.01488692 586162.68312243 586074.28166565
 580005.56659295]","[5831659.82722801 5844076.10254638 5830651.41805748 5830573.32491668
 5832735.52020248 5849561.44804498 5840404.15905291 5853793.74878235
 5851026.69459077 5830897.76798472 5852852.78393509 5835016.05337121
 5831557.077886   5843987.89046826 5836388.12393394 5833847.12347046
 5852830.43719646 5833372.06118764 5841526.2579771  5831393.18278047
 5849777.80499484 5831230.03075719 5831838.25868989 5838130.59733649
 5845624.79152143 5840234.43378245 5848172.29184648 5839129.00055323
 5846242.61061926 5853320.8507429  5834441.25046914 5842817.90428894
 5841361.72173523 5847931.55568825 5840997.61454753 5833441.02861054
 5852157.41736739 5845979.50904574 5832275.40178045 5847181.74095234
 5849888.899177   5833856.81483624 5836057.29182849 5840818.26592803
 5850988.59708839 5842123.7445533  5843495.00880781 5832931.37908704
 5848519.4533574  5838428.83535047 5844569.36657657 5850322.87754928
 5851666.49141331 5847995.81014552 5846594.9087679  5834789.89975973
 5835965.86943817 5842436.91787723 5847409.64524537 5842062.08491099
 5843466.61184952 5844440.12368963 5841106.58615737 5834391.81913039
 5837346.73789058 5845920.50629008 5839306.26142998 5837998.67979811
 5831240.53757834]",6682.654154260489,7131.191698544341,7054.086431161731,7030.418433559193,6504.365484660891,6553.958471481031,6682.071298587944,6662.061354415429,6684.531711158121,320.4147776784418,7081.313589416163,-67.71431856580834,345505.07892843516,-74.8894122093597,6767.472061251339,5976.523564300636,8,ram-CGI,Rotor average model
"[589545.83795568 586509.46808499 577648.08207435 576784.52014718
 575815.52354062 585299.81187148 575209.20919426 578422.6806247
 586018.19260617 573646.08885836 573163.12872361 573945.81960688
 574487.20860823 585062.5778395  585174.34940309 580533.06995994
 575157.62308429 588203.49609442 581742.00891513 582518.91317519
 592401.93440574 578840.97557393 593339.6278136  577083.91523806
 575579.53217918 590497.83828701 586995.73396226 593633.42022288
 592845.21126844 590454.22011365 586033.1097498  583115.99934374
 583624.53128197 577418.18560395 587865.59513403 580056.32365446
 592035.83048721 588391.00428236 591128.64623693 578400.30164538
 587927.09875094 582440.84091965 581503.84018929 585106.19262194
 588906.50104677 587007.60747198 587867.27141323 584117.84430878
 586243.59508179 592097.8976471  581232.6607151  580190.00679514
 587129.58665839 581462.50404802 585379.2502192  582318.55135238
 585950.6026373  593607.50444593 592488.62167907 590993.48783099
 582744.50518846 585236.32937307 590436.37602528 586409.39070536
 590104.157253   578764.8724736  583025.0446765  578309.46935731
 589490.3520607 ]","[5853792.76719768 5831595.93904667 5841422.86177074 5839522.54071585
 5837132.99592038 5851919.22277972 5830705.35346073 5842515.29053388
 5852823.57093373 5831626.98910654 5830583.32678559 5832706.29383424
 5833962.23846521 5849538.60316871 5831490.94427342 5845401.33279922
 5834946.61426409 5853424.65419583 5831220.42029834 5847215.82195751
 5840325.74756986 5831198.46388465 5841718.29988323 5830951.53367084
 5835851.99673949 5839320.9153607  5834353.10886345 5846620.16862714
 5848002.05349774 5852199.43922014 5850807.11235474 5848933.29395729
 5831368.32248069 5837798.94563846 5852258.58794272 5841956.76676353
 5849423.46476027 5842999.36093782 5850795.11943094 5839130.75304311
 5840962.39728326 5844163.203505   5841256.83285323 5834779.72287623
 5845753.02624101 5848961.56969696 5833390.29567227 5846643.11670635
 5832954.89788172 5846484.45300339 5835016.4885126  5831266.38627472
 5837911.86540791 5838869.77769454 5842687.88321454 5832244.8486221
 5836248.73409778 5844574.82684998 5843713.23490108 5842983.26742206
 5842469.99286707 5839657.1659265  5849138.82966779 5846099.40718757
 5847652.9017482  5834629.75790456 5837412.34330562 5836024.92160352
 5850967.83074468]",6675.851731753948,7126.704454840411,7049.8420499408985,7027.1103972418505,6489.709390191861,6544.782106612798,6675.25472904443,6663.459808083753,6663.8493457887735,320.08091489712695,7076.153197774877,-67.77754821037362,345160.0554405645,-74.95789232945349,6762.725641178664,5970.051788223984,9,ram-CGI,Rotor average model
"[589545.19907381 576232.94845447 582358.930364   577636.14658622
 586275.23287636 576672.17677987 586508.15023507 577119.96261706
 577159.16165381 575113.63269731 579652.87676479 583933.62313996
 573205.21211361 581658.59131605 582578.57257053 590581.36029029
 575131.62909867 583160.50252232 574079.91897367 593621.68324788
 584235.67711477 573651.06103406 581145.99433256 579890.66609951
 585276.61369557 588340.93700504 578901.70826339 590756.30070321
 585308.04341642 575747.42090386 593496.96509804 583414.81137427
 575581.73857582 576080.4826271  582690.92828449 579919.16801389
 581421.62169707 587800.04606193 585044.14929611 591259.28018373
 590269.04880989 585372.01696694 577408.07405716 586143.08882578
 582950.72987911 584204.89322842 586373.50957119 578392.78909146
 590160.83001587 581526.72498358 592409.85544875 592160.15826162
 593008.60569317 593377.70143581 580641.76271029 584553.61772175
 592244.84047059 591628.24694314 584528.47850669 585879.87456723
 590879.74901324 588122.44212239 577771.395947   591725.74154616
 586382.99841939 586667.4098562  589399.92862858 580892.51132834
 590077.9177613 ]","[5853793.79997631 5838200.55495627 5847898.25405561 5841368.30288133
 5852894.29967252 5839254.28690574 5831595.58308204 5840328.93117062
 5830859.26949541 5835513.21760736 5831055.62434043 5831393.3911569
 5830823.77088844 5846937.16104295 5831287.60399046 5851858.19277766
 5830699.31652665 5848994.34753137 5833028.77084037 5845028.68607907
 5850464.57306734 5832004.50221806 5831172.98675611 5844478.34536458
 5851887.9805336  5853461.98535017 5843168.67267351 5839421.7195184
 5831594.24598812 5837034.21907425 5841079.53977977 5841655.10116102
 5831778.87613346 5834759.86225442 5838607.7832519  5841285.37978115
 5834357.5075949  5833324.10657249 5845166.86020716 5850784.72651072
 5846142.61554759 5849178.47350159 5833431.7181731  5835392.82763162
 5833082.24274727 5836069.77979143 5837644.73322511 5838617.19633685
 5848850.73267295 5836602.86670483 5848765.85083035 5840173.02365461
 5842511.63654298 5847069.10943478 5842704.259192   5843717.99273921
 5845251.80200754 5849863.53131746 5847803.98944384 5841769.08792209
 5840976.76666911 5845352.76658515 5836860.49737456 5847422.97565101
 5850670.53343694 5834108.91462437 5842242.33744019 5845759.19009409
 5852859.58408876]",6681.442166669015,7126.711843496104,7049.342136716286,7036.625695648149,6501.571797456907,6553.758571028164,6680.858203977706,6660.722639565147,6685.737996550785,320.82027550196676,7081.627927175028,-67.75610614447373,345493.72528782027,-74.92449918547365,6772.854047852473,5974.5868806543385,10,ram-CGI,Rotor average model
"[584488.32642972 573168.53684519 577360.790182   577425.50515222
 580625.60997167 589558.24618675 583237.85849834 576408.75450217
 592392.5811734  583431.78322279 582018.01432814 578676.08908123
 585347.77205532 586353.11158823 585995.50661511 573666.37489581
 580354.04800207 593277.89788534 590041.33136603 582716.77228509
 590544.49174885 587183.82170375 578833.02475119 575130.45910404
 586780.08966569 574964.42963714 579577.67504676 576225.53927058
 586625.6788681  582201.31554843 574393.82524942 582483.87051389
 585068.17678246 576562.64205144 589064.46598367 579785.01817013
 584733.30940061 588247.66232925 576916.2035443  591806.07360441
 581738.40681951 590786.2350484  575989.63041024 586297.74159594
 591508.15843286 585816.90698817 581216.02088297 588082.23974219
 587443.04683566 593367.04207859 591546.6758061  584886.40830464
 591433.01542982 587809.16133803 588433.11212944 593278.73180837
 583052.16710383 590968.63572193 582022.98831759 583892.97772067
 589258.16306844 577864.93005827 588707.90673195 588315.52720058
 577966.71720048 585740.21052757 584173.27916171 591162.45348861
 579897.97456544]","[5831436.67615203 5830602.90928954 5840723.04744503 5830994.41013834
 5845356.3620671  5853770.48525697 5849099.04512844 5838474.38914004
 5848797.76787697 5846070.13665188 5836271.99213612 5831038.22647389
 5851836.71898177 5831583.49048704 5852816.63550342 5832015.92812828
 5831208.57556637 5844720.27444329 5852623.97550434 5831645.53991724
 5839232.31975648 5832920.97886764 5843024.23615356 5835332.43690156
 5839782.0367935  5830906.29258986 5844095.03840754 5836599.39812395
 5837897.78924421 5846829.43350036 5833783.96860299 5848068.49313365
 5850395.18078111 5833619.24329441 5847820.16584952 5838827.30525807
 5842774.65674949 5849320.64043852 5839502.73300816 5843563.30377519
 5844108.09367109 5851616.11770734 5831413.64860657 5834872.82676478
 5850082.24835788 5844357.3096505  5832200.88063217 5843049.14892087
 5834017.59573034 5841300.96164413 5845682.36389866 5849243.31119062
 5847858.1617829  5853314.91593859 5852497.97458063 5842897.24631101
 5835038.74695409 5841148.50564729 5839711.83199649 5840937.54455732
 5851028.58356703 5841752.05545314 5846370.23135462 5845029.96355511
 5836761.91289485 5836396.44499125 5833256.46380395 5842596.45196013
 5835585.49665287]",6655.023195008594,7125.24116843549,7045.925817087059,7016.689059348588,6471.7480665076455,6513.139891211936,6654.402458721576,6745.565001519515,6743.367064617831,317.45593433439757,7057.058010809464,-67.94104665639347,343930.3629932481,-75.17209399398715,6742.887294310323,5953.961701814581,1,wdd-5DEG,Wind direction discretization
"[574372.83499744 573874.81512847 579452.5056465  575538.88718816
 583780.08066719 573081.7995394  576777.99846763 576699.89058679
 574957.83834182 587870.98590729 582722.17863295 584333.77635709
 589705.96202667 581344.19885403 591368.25707046 573495.38692337
 593492.88777008 590888.04497886 580379.77997072 578072.99203088
 575830.44702375 583945.6081374  577908.55284454 579319.78650964
 593261.92298633 585064.26671903 586804.58234798 583553.66957986
 580234.60311845 589769.94920304 590011.96092153 588896.00868726
 590473.61669694 578320.66626301 587074.90423658 585946.97373083
 593604.93723825 591243.18771929 587663.85692831 586882.93903229
 585653.52562984 585138.52746906 579635.03830273 577899.0314588
 585735.6212372  591143.96251328 584102.62275182 582761.04525053
 589385.75799983 576851.58287888 583168.93371253 589136.21763212
 586685.26758873 587414.26662492 583868.5632761  584509.55511273
 579241.13962037 581766.6212778  591719.60045336 582509.19555477
 586944.72364366 591577.31519305 581972.54520872 593034.81605331
 582538.33351037 578714.91896102 588366.53928186 580209.69688755
 593642.70056715]","[5833670.07190455 5832541.44181921 5843922.93170037 5830957.47123989
 5849646.56345683 5830576.55486499 5839378.4772085  5836232.04399143
 5834655.52983706 5833381.51751258 5846958.50552259 5831470.27279335
 5839425.51363949 5846510.50453549 5850027.07777319 5831490.60603871
 5841053.948451   5851203.89664952 5831196.73323763 5842036.28965828
 5837228.06088289 5846248.03664533 5830918.49177401 5842672.10551565
 5847273.90359053 5851433.58528802 5850702.52571719 5848366.56619275
 5836745.42126395 5853399.707595   5846352.67923616 5842502.53253173
 5852165.41191511 5837844.99433709 5843620.44796393 5852803.71218866
 5844492.65129644 5841000.63244131 5853276.39783832 5833988.99423824
 5834052.2467036  5847429.66878299 5832240.14267733 5835620.28185946
 5837490.45721039 5842514.67561645 5844163.17506112 5841809.62459684
 5849123.70010861 5832052.86751202 5833503.8472446  5851810.4599096
 5849413.50127541 5845871.33292098 5838584.93347432 5835911.07141697
 5839632.62782611 5839613.55376762 5843907.27471705 5834493.17307347
 5832680.48777884 5848766.94054046 5845092.69471931 5842362.28520708
 5831283.06622037 5834556.96990893 5840935.4360144  5841383.43124837
 5845718.92593555]",6645.099472230366,7119.628121129066,7040.108008948507,7008.417873657014,6457.201576095243,6499.945642151864,6644.458727152057,6733.147914678221,6734.868663645589,316.3244233710471,7050.578713988728,-68.16127384427394,343343.4357333976,-75.40806698574038,6733.172248345514,5941.18730650984,2,wdd-5DEG,Wind direction discretization
"[575227.65155238 585663.98326542 580798.97367219 591395.490203
 574531.89254738 577328.9655649  589517.55709952 586673.80279912
 576949.13685324 583825.25492225 578451.16530148 580468.2924012
 576281.36643953 581962.46892938 585231.72798315 582925.35961365
 579463.66806018 592667.65877755 574785.13805623 580802.74165361
 575972.54102876 583574.95361577 590375.18526992 586452.71638598
 582309.02374583 580011.22270737 579728.81807206 576941.40956796
 577265.22712997 589712.75280168 581666.22221942 585645.90401794
 585912.79554297 582150.18218826 583801.90926666 583630.66808817
 591079.8226317  589166.86618969 586167.19697664 581224.48743387
 591087.06215091 592832.16417469 584161.98613692 591599.52295695
 587804.63508383 592550.3482464  582331.62803464 593308.98128413
 590751.5705148  586086.94905294 591411.4353105  593515.64636568
 586150.01453921 584265.0636286  583454.99876806 590080.79727206
 585887.06084994 581785.47376802 579284.20168284 593308.60112027
 577744.68207328 585346.14146019 588029.31987377 584953.80099134
 584621.39617341 588306.2510756  589699.5347425  587069.08619231
 589146.81340244]","[5831996.49179529 5851697.28470912 5841878.41724947 5850514.07206905
 5833220.62862013 5840367.68320084 5853385.49899491 5852985.8216156
 5834090.26499039 5831384.23842706 5831617.8383587  5844863.06185096
 5835909.76053794 5846694.17064243 5831494.98709718 5848223.88790331
 5839932.46938554 5842819.35188364 5830944.58468977 5837155.4492471
 5837457.39624712 5849560.43210516 5852284.36588614 5850658.43914162
 5838346.47344427 5831083.6745105  5843398.47817677 5832667.57835449
 5835311.74985606 5839697.58302774 5834680.05745856 5848173.07445275
 5846533.65190534 5832848.40504379 5841791.16190399 5835597.63474459
 5839505.40483536 5852035.23341274 5838845.21083398 5831738.44416324
 5846354.35211182 5847316.32173521 5844751.76687724 5843703.5530715
 5849400.31746052 5840605.97505668 5831397.43905236 5844263.7278533
 5844941.68150451 5834816.47542739 5848648.12305295 5841647.16953099
 5842006.09788523 5848338.32303326 5833700.14518743 5850329.90924744
 5840705.58487483 5840180.02066329 5835664.86417169 5845799.82665716
 5836442.67320756 5836968.13826787 5843533.70994128 5838680.55657044
 5834919.32379404 5847475.70729298 5843107.33860838 5845656.31300076
 5848416.51509123]",6601.940857488437,7090.50704817672,7004.297319966057,6973.179744407067,6392.653705531234,6447.276850227805,6601.256785598839,6689.375506912061,6695.672931500542,311.9896460737038,7005.185336046411,-68.39600996416951,340844.89149898815,-75.75145277814326,6692.599993111762,5907.700799660434,3,wdd-5DEG,Wind direction discretization
"[575397.1444817  582685.89071716 588777.61895373 577597.99696084
 573295.49725447 576244.3078582  580463.7892552  590328.9307969
 578945.89645366 591170.44572081 585118.16772877 585477.73862235
 577416.18014135 583608.03157357 577939.20385486 579896.95759219
 593495.52417741 578187.95183638 576578.48356275 586457.30804302
 573745.81970501 589814.80276745 586578.16330353 582383.18286531
 581306.79757355 593544.10972431 576110.40983227 590387.14384353
 584536.30300247 577969.20921352 583985.54119657 580980.9533486
 584874.21778065 579238.42187217 587413.98924928 575421.74793416
 590789.94601343 576609.27448967 584831.43484048 584055.70219078
 577206.99453044 590205.15461967 585376.69542141 585854.17060911
 586262.21520108 587235.46503934 591850.04936528 582059.83278969
 591945.25993474 593504.80359268 585690.26201902 586811.91603301
 576025.9777567  582729.24626927 590974.18331525 590828.57319982
 587475.85673305 582085.94849072 588414.05206564 578689.7447265
 592831.52932896 590048.38210692 583438.64325981 584682.71516019
 584520.50561554 581124.237847   590044.34502929 585896.05172875
 592149.37377407]","[5830879.24332728 5848342.92466948 5853582.25404767 5840926.17905936
 5830642.50985578 5837457.00096187 5831154.25036571 5852418.83369367
 5843230.86244755 5850941.99045986 5831486.87652091 5852161.80583198
 5830879.18177029 5831492.85853457 5834268.26712479 5842436.35078511
 5841000.73667006 5842094.55714837 5839028.6122624  5831592.60367764
 5832226.65398009 5851490.12537226 5852977.59403096 5831891.04924236
 5846451.6334941  5842716.92251781 5831794.27197266 5841665.7931414
 5835469.92976718 5838931.05497563 5850121.6732124  5844635.39386937
 5839362.41639227 5838118.75889763 5840670.36407557 5834129.9275139
 5839440.30718241 5836131.76155962 5841828.12467962 5848546.57484065
 5833077.17994513 5843618.17432794 5837263.67492802 5832965.58295127
 5848584.08573749 5833892.1398077  5848850.53832009 5835005.93001286
 5847405.4457485  5845641.79629045 5846029.06480485 5852008.28917266
 5835144.86014875 5846832.15204775 5844943.32705904 5840636.2237853
 5850349.34555487 5833763.01806681 5845344.10439162 5836718.63876146
 5844276.74966907 5849315.85474418 5843246.30499957 5837977.28711698
 5833845.5793719  5841827.41658124 5847741.48291416 5850653.79177247
 5841156.34909858]",6635.943373759839,7107.823240805757,7025.615854381103,6994.661229451077,6446.536233938462,6489.151706847076,6635.2856932373215,6721.648155245524,6723.9064860986255,315.42057328244,7039.135157849336,-68.1424293990331,342732.0115903824,-75.44161446672565,6726.6931474016355,5936.698614178726,4,wdd-5DEG,Wind direction discretization
"[573328.86956192 588455.17404366 574549.29428061 573894.77905479
 587574.57766253 586123.48141638 586259.47419447 577471.07700566
 580488.81945577 582956.41441059 592501.08477905 580066.41327576
 577579.39795023 576018.60215026 576527.32545236 578384.10449836
 589894.88620892 578885.34452867 582724.33552514 583360.74159826
 575926.68437299 583745.7800474  583571.23364872 576079.34693327
 591344.75531407 586375.31543554 591377.42020788 585348.31113958
 584229.66237197 581724.51305238 585260.34205011 584274.17575163
 578549.11432623 585435.32453009 584377.24567159 580253.62567749
 592296.18441632 583410.9201696  586893.97399261 581788.97929262
 588172.57078973 587924.44606937 589522.04516684 587705.18381229
 579933.56501059 579255.29889909 592463.69350156 580086.69031982
 578402.02565751 593349.24269657 584227.3211636  586010.94237871
 583954.4486674  592857.27208456 590185.49164583 587954.00509802
 591729.61480411 589981.25479043 593542.03975723 584566.12301486
 588123.9511405  585500.05934012 586898.77013759 580300.41786264
 586843.71452083 589707.00963532 589266.5853974  588874.12047169
 590391.82782397]","[5830687.84478372 5853287.86527033 5833870.97514807 5832305.83716183
 5833300.45550375 5835834.64293435 5831576.19786052 5839341.801128
 5844947.92621242 5832320.3401519  5840958.52913836 5841446.71192382
 5841265.35211562 5831932.91225186 5837570.65457332 5831389.2419638
 5852960.88828844 5842781.35959769 5843956.69602224 5845641.57177271
 5836014.82930607 5831698.84536344 5848808.12726364 5833622.76963177
 5839810.16866088 5852921.20534382 5850395.65054006 5849498.98859969
 5837789.4685261  5839756.00821071 5832991.94416657 5850517.01842856
 5836408.09355407 5851711.31898162 5839184.69871122 5832714.76782698
 5848967.74177715 5846972.17285644 5848217.47799986 5842615.33065396
 5842606.8175246  5844608.31030995 5839478.65396711 5851884.84026283
 5835562.55181523 5833689.74710634 5845253.47059337 5837240.26094798
 5840531.34596459 5842352.19900649 5847953.36471764 5833982.23517047
 5836088.17251738 5846933.33236206 5841631.81020048 5846670.26325402
 5843688.98137469 5850974.74998775 5843842.81542333 5844097.76889612
 5850707.77933593 5837369.17746349 5841707.34559367 5838384.50103533
 5845687.81558923 5843003.1673528  5845948.1275593  5848123.64322456
 5847895.02495448]",6614.043777141182,7104.8074962986575,7019.581208616082,6987.898138425391,6410.743984341308,6461.816030497929,6613.387266848482,6694.28950905392,6689.228721351526,313.04543677596,7015.216003513757,-68.35547173190656,341513.25967166276,-75.684015276902,6706.21204492829,5916.549849219308,5,wdd-5DEG,Wind direction discretization
"[573915.96590048 574361.762277   573084.48053677 589545.39434279
 590551.7825823  576444.03164771 579202.43571561 581962.37384527
 582788.30718522 587977.21669381 584882.77557624 589985.3688992
 585771.83726839 586541.70401026 576609.33796281 586052.05665759
 584243.17433561 593059.97779432 588933.55093295 580506.13340491
 593014.37334197 579007.46746819 593417.47917928 587252.57899143
 586726.3352328  575853.19527239 582482.4350381  593025.24805416
 578674.41097932 590064.10394088 585355.48538627 580418.6178256
 583290.25505733 590932.93467626 574141.07822821 583405.77283393
 587479.5064965  591781.60017838 580882.250757   583600.67659108
 591590.18973146 586562.21945464 575303.39844098 581438.89295835
 577709.78689817 593355.43546389 584447.32372857 585039.16682452
 592080.85320479 586225.06057666 585812.04979054 588380.64728899
 577943.40074021 585690.76899897 578497.09845165 576442.37339731
 575939.08178068 588611.30965375 582993.88635534 580814.86062627
 586439.77648411 579332.35276599 590162.02220124 590231.98404335
 582658.42385783 590775.81776612 579666.31080043 578819.59874808
 578368.97099457]","[5832497.72373485 5833701.50387895 5830598.55931468 5853793.50300394
 5839183.55770922 5838662.50271322 5843581.4057746  5831415.43054052
 5848350.11821986 5853312.52698595 5832084.33738504 5852752.96988812
 5837633.95458446 5831903.08648225 5830906.90020988 5852832.6282211
 5850412.98522134 5840775.88245272 5848609.30541033 5831122.91043562
 5845531.88511181 5836680.59113697 5842789.57055918 5833111.81904508
 5835085.54766619 5837199.78359628 5847235.72111675 5844038.92721995
 5842124.30352723 5851233.56848245 5840917.33329614 5834451.12837984
 5845783.70593129 5847496.22758589 5831282.88526052 5849214.04317691
 5841047.13631568 5840061.05015692 5844315.99283063 5844508.29513458
 5850069.64591355 5838958.59175206 5834700.27697901 5833445.69492169
 5837841.98006215 5847108.08514305 5847623.095653   5851561.61265947
 5848723.52346947 5845074.46365701 5833805.39323863 5842566.14983281
 5831212.60897787 5836086.57498123 5840637.69745803 5835727.74435115
 5831721.30471933 5851343.66142417 5835013.05142051 5841461.01822578
 5851628.66754521 5831037.95687945 5840322.94778949 5842961.00197332
 5842490.59902458 5844422.13193813 5838665.91300882 5832819.24754181
 5839342.87133867]",6644.817435341084,7116.682650130508,7035.019045224218,7002.0421317455475,6456.43156509893,6499.661785783011,6644.182030194841,6727.657692837937,6710.775135835429,316.4471384991655,7047.462697473432,-68.0580694839414,343358.5158161995,-75.31131235961712,6728.6447034761895,5944.214470598201,6,wdd-5DEG,Wind direction discretization
"[573907.96274413 576258.37793651 589544.85647833 584128.84435765
 587181.45706835 581306.82998313 574472.6345684  578836.39313304
 586391.07966761 575530.44185088 579905.53677023 588458.79667438
 579752.32166262 575098.5257046  591900.53725835 582647.39469139
 587828.00565404 581032.47735431 577455.17548903 583419.24591903
 573568.48094513 582640.60670813 576976.48207821 577887.44628686
 593206.06457999 579501.81112166 593495.79031622 585062.79766051
 591624.3586591  586094.20986613 580571.8250121  590664.05925469
 584591.82480176 591596.22482186 592347.00737989 584805.87841544
 586615.35801854 575330.335945   578947.33219282 589576.53343355
 578954.86376948 592340.0183698  582704.12262341 584494.17245871
 586632.69303774 580255.07459494 593301.56541845 576909.02037817
 593552.2838437  583259.29534695 578468.03333699 586163.5827307
 589053.20216408 585549.61382637 589305.81751241 590224.47345085
 591942.18066785 589082.34806244 586014.05436382 578628.87726357
 586758.11540138 583815.37618611 589783.78070201 586856.29502847
 588363.77290216 583741.37747054 584848.15366826 586868.24598207
 583030.33201722]","[5832526.86733966 5837891.23273206 5853793.6408435  5850312.25134487
 5853142.58675283 5846442.06344957 5833975.51515551 5839988.60877536
 5831588.05166337 5830730.83592109 5844523.10940566 5853415.67679963
 5842743.13647434 5832347.79008606 5849462.7883998  5832844.558863
 5833352.07898487 5834803.56276661 5841132.75095287 5849287.70553634
 5830615.73072681 5848282.55536098 5839985.07467189 5830916.63865322
 5847099.02577673 5833752.23697354 5841001.43436674 5851594.78650959
 5843207.26648123 5835979.66717096 5831159.50196407 5850975.18471805
 5834462.53917836 5839824.40898087 5840678.59275017 5838140.55547532
 5852208.62989802 5835956.73172705 5841736.8651941  5852552.92383249
 5836269.96520997 5845902.23759275 5843519.29754725 5831437.00602101
 5834511.84409112 5838376.87829611 5844818.49088731 5834022.78129477
 5842807.23181301 5831409.84828636 5832678.75576436 5843974.58136206
 5844931.87554876 5848796.78831973 5846863.56687583 5849073.09237463
 5847965.02667547 5840799.77064143 5832806.73308411 5837686.80811956
 5843007.73631433 5840207.36929325 5839461.38393544 5841307.45924724
 5850853.8612216  5841518.80174693 5847508.63549314 5846156.54287568
 5845386.80276003]",6647.033138236551,7122.376591774912,7042.495265846255,7009.246431762402,6462.183662027515,6503.058422661011,6646.406895725602,6729.814112245485,6746.191084748131,316.5409633380415,7051.397997739432,-68.06142251043991,343447.70778348995,-75.3205708646233,6737.587180840025,5944.741066806371,7,wdd-5DEG,Wind direction discretization
"[576538.41180357 573077.08735217 574129.59409791 583964.54143366
 579574.17869659 576774.25222346 578232.52732803 575397.39750998
 577753.19807126 577333.40411496 587039.20512115 576270.22903068
 592137.14272142 585652.96174844 580389.59370185 586247.73413504
 574626.64516192 590663.27179587 585788.06122626 591669.89292988
 589261.57169015 579415.60574319 590730.62487786 582500.6499635
 591831.20409622 581633.18591103 582843.59765242 590151.68205779
 573874.44926801 586245.3050302  582119.62822986 585875.55564867
 590851.71899124 576188.71311445 583361.06371807 585439.99742052
 583609.84493277 591619.75408639 590515.85359823 593632.71565393
 593066.49215378 579023.35886446 580349.86250069 586029.63453176
 590236.71953959 587793.8534925  583761.87089827 575547.86771891
 593610.14277825 580473.8105461  587818.33780743 576792.44179346
 578376.98580643 588139.02126144 586431.03162357 585638.69261479
 590889.55747905 581942.74313247 586738.05289579 580578.27270533
 588047.00916199 585343.87388276 581737.55819637 592903.47856557
 593223.13049866 585012.91624948 588272.91512931 583156.42066535
 580983.32970101]","[5838908.46766147 5830581.72672635 5830620.20277052 5849683.00458904
 5844085.09057916 5830828.59737061 5842255.53773094 5830829.80283041
 5830997.77677144 5840762.72210825 5853097.00248594 5837709.43067369
 5840198.81099025 5852401.09633112 5831180.98790924 5851363.18789235
 5834345.70585464 5840894.57885157 5831539.73527427 5850065.12849345
 5853715.70636554 5838706.01478072 5851602.1655717  5847292.93922521
 5843593.4817358  5846056.64023306 5848226.30775344 5852730.17984371
 5832533.53482561 5835076.54717158 5831341.39019793 5847081.12125651
 5846434.43934172 5835516.68334913 5833884.46994403 5833229.27434304
 5842573.66686574 5847917.93467831 5844742.56107607 5846623.13638098
 5841344.20806963 5833687.32477028 5845150.22258692 5842782.48020954
 5850502.30012144 5833319.08163263 5837349.05243472 5836389.98082476
 5844670.67063682 5836445.78199085 5840465.05701163 5833535.66726752
 5835465.26525071 5847609.2016314  5839594.30240722 5850327.48337651
 5839413.1884772  5842965.78172931 5833184.82844551 5840975.73039451
 5850881.95189722 5837948.6967329  5839008.9730846  5847856.78160755
 5843123.35794552 5845751.75994631 5852437.62821227 5832687.53593763
 5834034.2965562 ]",6650.779467359194,7119.273592402498,7039.456140855817,7009.585200544001,6464.690063249913,6507.697493566789,6650.1441643910075,6744.878929424141,6749.22142455634,317.25175529162397,7057.492131781609,-67.97868676133527,343742.5386271726,-75.20684969962457,6738.119633150983,5952.23226499176,8,wdd-5DEG,Wind direction discretization
"[575725.25063637 592798.91789635 575130.40677122 588032.40003112
 586855.89078129 576870.48185497 588507.16059672 584034.25373297
 582285.28392212 593586.76441314 576418.74932607 580436.56315042
 577506.12633638 578197.27464429 585399.13670832 584915.55279047
 580078.87570861 578202.14137963 579440.54462031 589591.39717902
 586053.30035745 591934.17834742 573808.03943636 585743.53319877
 590470.29913255 583732.85578619 586828.13851989 592380.1173804
 586428.77082141 591822.53137738 587345.45567552 576724.33026157
 593505.76038559 590207.35707787 574898.85509504 590796.14224629
 589909.05946664 573366.33595859 579898.1098008  585649.93268514
 582446.78139715 588814.1366719  583687.73190942 582270.68737197
 583909.82011471 586398.91110074 582149.58744262 590579.12154878
 584929.59436763 583067.48387108 581840.5332887  590183.54768998
 587204.5719939  575899.62062646 579877.85749844 579763.48837556
 592596.93988934 582487.70876603 585416.5489402  585258.91385715
 574868.18404165 586649.45855687 592141.24633752 581546.62731395
 589163.03006427 578570.48344204 579363.62072203 590113.62807187
 582790.53313577]","[5835566.01579937 5848085.01892064 5834294.15081566 5851340.11213262
 5853053.91162188 5839631.03894314 5853508.25940382 5850094.46193786
 5847636.87636854 5844045.83564483 5832291.21586216 5845266.26739228
 5835957.25815622 5841179.91090386 5847342.01083559 5835841.83389297
 5838328.6773345  5830941.17071447 5842831.11615567 5839459.03556661
 5831560.7062454  5846991.52734244 5832377.22019256 5832543.1940035
 5851919.81463208 5844148.32236221 5840557.20845262 5845780.6358107
 5852080.27393384 5849798.89898874 5849677.83017532 5837484.74979729
 5841333.3223229  5849336.09751026 5833069.66885943 5843155.53119759
 5853155.07617227 5830771.42413463 5843857.59229922 5834228.57210086
 5835316.63387381 5844988.26284492 5841012.61298666 5831374.57963463
 5832023.82867533 5837713.00273474 5834076.51064597 5840377.95427527
 5839251.74271021 5848763.92246973 5846675.37174422 5841433.37080849
 5833911.3108958  5831025.97098435 5836170.5255408  5831828.2885856
 5842306.61659643 5832676.04864944 5844992.03946613 5842139.72445247
 5831636.39359898 5844834.12490055 5841366.78562169 5837517.77283144
 5851202.82583318 5838808.7631448  5840881.89976395 5848017.24055133
 5839303.66457866]",6625.8095511634565,7107.864966640644,7024.689805737206,6990.58041938748,6430.617360550742,6474.8711517748225,6625.141075613855,6713.938421970817,6707.604806252032,314.21887121249404,7028.947577091375,-68.1346092708541,342249.2934077155,-75.42399244800819,6712.227838022523,5932.4143227801405,9,wdd-5DEG,Wind direction discretization
"[580997.51652324 589551.65342844 574100.42415844 583285.92090031
 579041.18000186 573178.34515094 585246.80272258 584483.38008101
 592085.1312344  573574.03334236 574509.59761773 586148.99849799
 590123.63969307 577555.72797056 579836.32872005 574552.99447867
 576636.57615396 575112.58053301 588956.91551813 581873.17604552
 580085.78571361 578767.90836585 577663.07894279 582707.69850103
 585010.8835582  585342.49119529 593545.26618314 585985.32647971
 586535.46773599 581544.36187274 587640.00705686 577124.39795716
 582049.98628528 593495.73888457 593492.03383057 583372.28039021
 585614.0832009  575700.38306039 590419.37698957 585367.40151677
 587962.49374136 591281.93627597 586849.2987706  590434.55761838
 588168.50517234 586322.20049567 583923.86643588 592001.88825112
 587735.43923869 578826.53645853 592185.25563191 577722.60716677
 576389.0491962  589310.39491833 590990.93693967 579703.51877258
 591179.60002758 586085.19764676 583529.24353531 587951.64866616
 575731.94523349 587119.41911162 581173.00647264 591479.15025825
 582530.27828304 592469.09408658 580333.88555434 577584.51067131
 589218.09055346]","[5845893.64932019 5853782.05169114 5833043.49790162 5849163.54881912
 5831073.87604524 5830589.57040927 5831496.88100332 5850466.69283519
 5849337.32432039 5831817.66830155 5830650.44337912 5852858.96881012
 5843950.90344685 5841329.44900111 5844448.39932764 5834088.89856734
 5838889.43190354 5835502.94717958 5852214.8842143  5847078.58549807
 5831093.88627262 5842860.94468013 5830898.85899555 5831357.10022829
 5847867.77684225 5851977.20484457 5842587.08274979 5837614.23064205
 5833326.9457391  5831348.61438663 5833615.50429225 5835669.72320726
 5844785.65043166 5840997.2445058  5846189.53755565 5833760.63567138
 5843616.73088674 5830789.90670552 5852260.12727064 5849864.24064271
 5843884.3211268  5840889.45160395 5839521.94996038 5839367.65281443
 5844981.26677076 5835675.50887742 5837257.58128704 5843401.07986655
 5853295.46612817 5836601.22208901 5847104.00919757 5840115.23468917
 5833422.43433957 5849404.88382157 5850230.58359649 5840526.91839674
 5845353.08407763 5846519.14053691 5839857.50655449 5851068.43092712
 5836996.6456424  5849770.43165368 5842215.10854476 5839751.7609579
 5835828.79762747 5848192.67255097 5835957.74295787 5837498.70394046
 5841635.21704761]",6652.028381097106,7119.141808861148,7039.30224018725,7015.662394559998,6466.5018670159125,6510.782232608245,6651.400885611935,6739.102975729025,6743.6337711428905,317.4313069370031,7057.726102323746,-68.03835245582971,343799.2666285139,-75.25680159632286,6740.895307478516,5948.918682031361,10,wdd-5DEG,Wind direction discretization
"[580924.70434208 586467.6945052  574499.71792973 587533.49577408
 577065.76696593 583841.58696618 575363.85317766 581980.16664783
 586027.69550957 578797.94892712 584164.92189137 573935.77605194
 590284.81822176 589228.85091611 586240.94311849 583194.74441599
 593619.88929699 574978.69287113 585152.29707398 582686.76846802
 579479.92958512 586222.04234914 586303.71093464 589512.96569337
 592001.72054214 580571.91524341 578765.2513903  585384.00292651
 576740.37244987 585985.66998725 584785.79535684 589042.28688675
 580006.04068764 573456.6545576  576486.8733971  593135.859718
 578279.79666589 579254.52799533 587488.08685178 585156.97965723
 588453.37756849 593548.72716528 591443.47051179 575932.51413392
 588075.31537073 589156.01294709 586594.80683956 576799.75803142
 577320.6754513  591765.7155177  586436.36879266 581610.88981997
 590435.00737316 588835.41927648 581221.67581196 583060.02430414
 592704.74109819 589954.28994349 591135.86081735 582906.73933092
 582404.85893444 583286.74265147 575715.92165392 579818.99944188
 590752.29794824 590910.26079553 582060.86550356 584054.18697291
 585778.02429439]","[5845931.60586312 5831594.02623602 5834040.61734533 5853240.08159301
 5831180.18511905 5849925.18857082 5830728.05348379 5842513.66280772
 5852825.57102605 5842875.89691907 5836185.03532335 5832640.51772846
 5851920.07608957 5849728.72745887 5834810.13725441 5844173.84565481
 5844980.53214289 5835179.22980012 5850784.26595191 5848290.87664621
 5832841.11064071 5844465.33412356 5846505.45259925 5845476.83430979
 5846149.9620233  5831128.11085982 5831172.57162419 5831684.34713782
 5835500.60781435 5833533.86436609 5847695.85388566 5853654.83805609
 5844446.17284163 5830977.88356898 5838526.45194417 5847309.52213619
 5836771.83361554 5836499.57751579 5833878.98767325 5849417.65835578
 5851059.42010651 5842888.79192086 5840619.41257192 5832062.2209125
 5852193.02680618 5841735.95941968 5838002.57197742 5833900.66539944
 5840487.7272584  5844711.791345   5841049.52463976 5833318.87795724
 5849113.23652718 5840366.7931755  5839540.47694732 5840048.42058954
 5840884.46404655 5853074.56594717 5843176.48804365 5845819.08524445
 5838929.38181937 5842348.72421643 5836957.55424147 5841494.38313598
 5847992.3426857  5850897.51795798 5836138.25910461 5831514.5734064
 5839864.80392956]",6635.751348796805,7112.828659047785,7031.403051137262,7000.445432077054,6444.111344852366,6488.609844341009,6635.099991638575,6672.239522567743,6819.5726224355285,315.39059974263296,7040.909602358917,-68.15367063329812,342747.63818770763,-75.4484363911244,6732.602400199058,5936.227634347713,1,wdd-10DEG,Wind direction discretization
"[580879.80770769 573103.50180594 586419.2995514  578946.11517316
 574512.58534491 593504.27932983 580699.58979768 588177.39705216
 583063.19170142 583668.6057966  587719.10066136 576901.40320258
 583981.47355998 590482.600206   585755.98345243 576403.46967505
 589586.19657127 585752.25290895 580013.34316184 580259.19815305
 590746.66529005 585443.3614978  586621.48959516 582588.07880825
 590201.51405195 591838.84932363 581427.30907471 592154.99727968
 589755.25299917 579689.90694917 575757.90789244 577167.01085945
 584311.12389128 579568.88946142 573693.40568059 585152.54833908
 574305.01996966 579960.01440089 577586.01681951 583103.23078988
 593200.6137403  586365.17118641 584561.19610625 582182.66372371
 589485.73275682 586155.62774306 593617.30194495 585898.22622633
 585273.62670075 592047.9869829  586949.01398473 588744.20657223
 575327.15427143 578490.15687991 592418.44369844 585612.94621315
 582095.52283029 590496.99163713 593453.55377868 575166.40376772
 581080.21938168 579682.88659125 580544.96507826 587301.40394778
 590029.08436163 582146.75782347 586851.64057028 582488.48919089
 584450.81110314]","[5831186.18944768 5830588.21577527 5831590.4095973  5843206.26983774
 5830651.39733898 5841291.91670032 5845606.85797468 5853229.46707087
 5848858.59977225 5831371.97619959 5833298.8433765  5834135.30413549
 5850112.12684231 5852149.11124692 5852543.34774541 5838399.94149968
 5853721.55048368 5850117.33075476 5844690.11188472 5838242.58104796
 5847929.24521087 5845126.01661884 5844068.382108   5839811.22018778
 5845755.86246496 5849407.33135034 5832971.94719571 5844450.76948605
 5839693.8326689  5839228.6674131  5836544.8746542  5830900.28510162
 5834447.40338929 5840675.56385055 5831938.6827792  5831490.56767193
 5833496.38295923 5834807.87730001 5840134.78452299 5847460.68548516
 5846634.44316174 5851234.93355541 5837766.6483795  5845410.3059809
 5850470.14668472 5838868.59443293 5844901.90280859 5836167.04293758
 5840918.67329618 5841861.04616955 5853050.73855711 5843544.45442896
 5832612.25654397 5830963.70867463 5840337.16481964 5847663.98444297
 5835766.16809616 5842255.71529198 5842542.87684808 5835043.44942029
 5836843.92348129 5832203.01171848 5842777.03688936 5847012.03554212
 5849623.61915896 5834560.59813123 5834249.40914809 5842897.226912
 5843820.4691934 ]",6643.646271352484,7119.295100319457,7038.554285391945,7009.22565239556,6453.527468003002,6500.36353659044,6643.021389475701,6676.2946045864355,6841.136527976997,316.5419346824477,7050.6916130599875,-68.01436404725114,343269.05722336896,-75.26929451036942,6741.418199607484,5946.517266144704,2,wdd-10DEG,Wind direction discretization
"[573132.65139364 573452.81584658 582701.4159158  578224.2315797
 583100.31877104 577099.17872327 587987.93964565 573986.4736544
 586380.25177783 589545.26436624 585912.10674253 574851.54166026
 580234.66014391 589299.06440686 581439.66588747 574646.29450635
 580039.21708387 584515.33833469 592755.83792365 576322.50693341
 593612.64707577 587021.42144858 587394.60666959 590317.57727637
 586649.47412219 591016.01213178 592571.86784093 575066.35339708
 582093.48478503 586660.57443444 582275.38908517 582508.4159095
 592336.60269753 581207.20450108 581705.20928832 591922.08159598
 584282.22360786 575617.94119303 586407.65216395 584412.01369123
 588336.15083832 579450.58287801 584089.94577051 578674.09881933
 579163.04760269 593518.45843464 590136.91242644 583706.18587736
 591687.74773311 587373.77071844 589724.65167715 583288.23637375
 589899.13265695 585315.38518345 587702.15220335 589440.57309695
 577888.99882541 578904.8259365  591502.40379333 585844.47836814
 577639.51081872 577273.10937885 586195.21289241 587258.43300048
 581927.36491636 580001.2333387  584932.15399779 590702.50075033
 585473.24925524]","[5830576.04903129 5831526.6753008  5848348.8169036  5841923.43548014
 5831367.3547236  5840262.406947   5853363.80568348 5832809.56686444
 5831667.41154404 5853794.01461599 5852756.37896767 5830736.85700679
 5844760.48657921 5839594.83550303 5846579.57729824 5834092.53619062
 5842243.55367724 5850737.36688933 5848161.40248949 5838128.03846105
 5845013.93886602 5837871.21097697 5847903.71558392 5852438.62026767
 5834624.03045413 5851212.26648536 5843793.31246821 5835369.8051223
 5832291.9398054  5845452.85466011 5839931.33875375 5837489.85800721
 5840445.44267944 5843360.95755626 5831217.05898937 5845997.23046374
 5841993.70861097 5836721.54225861 5844208.55986444 5840101.84265622
 5850982.33378493 5831083.48651257 5835920.17704999 5837082.45509588
 5843503.69481583 5841724.4905395  5842636.72311046 5849658.99444505
 5850029.14183038 5849494.21025692 5846857.97463097 5834884.68036385
 5848886.59069044 5831946.1766802  5833627.98638655 5841337.96922562
 5831046.72007205 5838325.3222297  5847674.27944346 5833221.53341405
 5832627.33559627 5834336.90303851 5851518.46127826 5852176.12515913
 5845249.12002159 5835642.67123863 5847253.59619358 5840953.80413992
 5836814.48521932]",6655.764396471993,7123.396411303296,7044.026380957254,7019.081226680056,6469.213460207279,6514.300306757889,6655.138859020308,6695.711429103627,6854.51593183231,317.9433265325534,7058.25912981952,-67.97144582603251,344026.91991021024,-75.13687436476023,6749.285193048406,5952.314046040637,3,wdd-10DEG,Wind direction discretization
"[583142.27178411 580300.27839028 582058.58548125 577792.91644397
 582543.78637316 582458.15424427 585595.14367336 575375.46752965
 578806.74907175 581004.82666077 577049.74358797 573324.32880791
 577087.55380629 586521.17979258 585567.83502425 590181.08158231
 576586.96059811 576648.59133824 589510.18274626 589622.5415489
 573703.38312799 590325.71056703 584014.26053908 578534.70232049
 581721.21444211 586216.23018353 578048.86717795 586668.54634208
 586323.98611144 575743.99433345 589906.64012128 581284.12098827
 578409.66682239 584407.43332816 590402.07896273 587137.20980619
 584512.81674488 579737.89169469 590985.69362989 586531.77035776
 586782.13073334 587242.65363358 578216.77554913 576173.14323867
 580033.26740898 580124.43134009 591307.92882589 593604.55926109
 593308.46337042 584969.24293651 589315.97721314 581341.5400945
 581490.94629946 591726.94674223 584458.18675772 584787.08509812
 582730.9393535  585355.92140484 579135.43427299 592399.87328968
 588244.55444896 590523.95638738 591990.69708978 593443.16502826
 586796.93045903 576838.26220497 588654.01656383 592186.42642252
 585227.92301334]","[5831871.96526681 5831278.41617247 5846027.73987627 5840561.2032281
 5838557.92603744 5842361.5487078  5851978.1084607  5830766.26956886
 5838294.23202552 5844469.30082779 5839064.21757533 5830582.36722803
 5831114.45861635 5833337.63456979 5850440.97835724 5852582.32140535
 5835977.86268902 5837793.20076123 5851431.90769813 5853657.06398057
 5832119.28176111 5848330.60519121 5848695.22491067 5842285.0868203
 5832308.0641947  5839757.20962864 5832571.2267359  5851623.66710325
 5846579.35584958 5834194.05266133 5849255.78190172 5835806.35323426
 5833981.21093946 5846906.90586535 5845585.14326051 5840431.22101155
 5842219.22595945 5842564.26308636 5839517.52973562 5848412.45176993
 5841698.26484148 5852996.98013461 5835559.21024549 5832502.58728001
 5841135.54912332 5837452.94330075 5847855.0968512  5844752.61246424
 5846379.35546833 5835460.73540466 5844492.15732602 5834714.67595468
 5840218.21382755 5842795.58100828 5844121.66623134 5836994.83933371
 5836122.43031098 5843127.39999176 5840020.73248183 5845351.51208508
 5845060.10700681 5846705.14324144 5841545.63908769 5841242.58870709
 5849446.45284167 5833604.3748234  5841347.22983736 5843820.77222416
 5838689.19187165]",6585.053645306889,7081.68450718993,6991.635114997571,6966.149458809346,6362.575761539152,6424.721379762323,6584.345044925462,6623.291577896098,6763.735896401756,310.2632837375382,6980.625122836135,-68.5932361899349,339932.4962462252,-75.97895000925075,6684.426096612619,5892.528870959258,4,wdd-10DEG,Wind direction discretization
"[593521.4235965  577495.80645268 576769.47323572 584522.76910235
 586576.29277652 583921.68231137 573208.47083053 586187.96630321
 581630.09528695 587861.27959018 578825.68704673 577981.2752351
 584263.1139869  576027.40180224 582493.15473595 585612.58011149
 584591.44776428 580082.37538204 578856.80916408 587139.11406694
 577287.95189962 585422.03181167 573952.45263957 592412.08252525
 589640.82839544 576553.72852809 588194.11701822 574531.46297796
 582325.0617887  582106.44079698 589551.19139171 585942.88249917
 581186.72756008 582955.76662038 577514.28514743 592218.20027312
 575805.13418021 593253.18696968 590794.75412058 583355.09944793
 593060.46171221 587029.55959795 582963.74690354 578609.12100857
 591113.99915366 578584.05742736 573964.06969666 589190.19909341
 590943.79668624 587257.26960837 586554.49697622 590546.92918066
 579095.31532595 579189.83985915 591394.92986737 586263.71540592
 591708.83257856 584723.91114623 590052.55972257 592522.49749826
 586807.61386733 584902.89837729 582018.66091684 580330.54656145
 584415.40387927 581917.73036466 587736.49720797 586856.1398547
 584795.28929267]","[5843551.70588244 5840104.75415367 5838537.83479535 5850642.3997252
 5852977.18489783 5831477.55837427 5830674.53557792 5831660.26151657
 5842207.83083372 5833376.81465997 5842464.17421184 5838800.76564431
 5847836.08824123 5835902.41436969 5832553.03358258 5849356.94123647
 5836794.99807132 5843741.00740766 5834123.92949182 5848245.12487064
 5831822.3911754  5851828.24614766 5831525.33462804 5840733.13210381
 5839477.69736147 5830861.87228317 5853144.79193811 5833666.47637448
 5844823.38405615 5846811.03296555 5853783.61687218 5837472.32910822
 5835257.27907124 5839434.6165345  5841118.28169431 5848884.47565921
 5834067.46232598 5842256.93854993 5849135.02600482 5848752.96406168
 5847034.13376372 5841504.63665785 5843643.36170535 5836446.62502513
 5851041.20369864 5837694.24535968 5832751.39092361 5843371.87835807
 5847218.61286431 5850058.96203569 5842688.26078224 5841519.68205268
 5831030.73914486 5832614.80426301 5840301.12640439 5833084.44051521
 5846024.83620159 5843120.98503011 5850367.55630113 5845092.01157855
 5845334.97439112 5846624.92929381 5831242.04666046 5837166.01280019
 5839640.2016356  5837903.92990812 5852043.79381331 5834428.58179955
 5834946.0513419 ]",6633.1029417293075,7109.097293219826,7025.4854041916715,6995.008854577766,6436.325300221474,6486.677939015271,6632.463820731213,6670.172867126894,6825.110414254834,315.374195065823,7034.833764144398,-68.14449076669125,342678.67340943706,-75.42334172102815,6726.944401228196,5935.054216727653,5,wdd-10DEG,Wind direction discretization
"[589532.30977039 573073.1315879  593388.63064286 578799.59376234
 580117.07781586 585541.35700314 574064.47825587 582104.10969381
 586007.72596098 575441.16179743 575912.11979923 573815.80658198
 586600.84325693 581728.94078466 575211.9081764  583752.6782856
 577330.57281715 578726.89559484 574341.08589234 580318.63422018
 592592.00109426 590603.41689601 585015.31771212 583764.57344282
 588941.3385625  577511.61277248 591047.4299529  589557.11649252
 592029.12178807 576862.62690951 585704.97688331 583175.98946503
 593668.91399488 584275.57238532 579379.16070372 584431.7457968
 589982.64011511 576327.95071264 586526.88529471 583410.82073465
 588525.48096352 591236.84307454 576101.01553506 587695.38466899
 586265.96831953 589213.61575342 585718.9608297  592358.49735653
 578307.80272298 591502.88947016 581292.66118631 582294.12082907
 576698.37290402 587424.55509973 587543.82272382 577914.0840791
 582366.8271887  580665.58817874 583646.4726719  584053.62587189
 586421.24809846 583721.75415785 586929.96304652 581821.49964465
 581129.99226831 588168.32370703 586690.0433172  578965.02781227
 593018.86990767]","[5853694.48445843 5830611.46537809 5841140.38090703 5842945.31387013
 5831093.79396297 5848102.57663229 5830620.81681809 5837853.5590869
 5852817.84702029 5836202.44937948 5837195.08263167 5832214.37963235
 5834774.09445494 5832950.27068809 5830821.72497388 5848053.8571648
 5837512.43267189 5841606.12100564 5833648.88624841 5844861.29746587
 5848441.68362906 5851471.98910137 5831630.13415962 5849738.56152143
 5840152.66858996 5840965.86142348 5850537.96287168 5852643.24581006
 5847060.00382938 5836159.33032956 5851805.2337595  5846284.39130647
 5846542.90206266 5833147.69875189 5843822.73454033 5848948.07889889
 5843589.05446156 5838367.60303763 5841342.59680115 5831352.14176452
 5849388.64156453 5845735.01818939 5833778.69553042 5845944.00718976
 5831617.48303187 5846747.03594225 5850187.23061967 5843374.72826127
 5838893.46956628 5839836.47866584 5846247.10263327 5834445.391691
 5830825.07875367 5833320.04975347 5853136.23129078 5832586.88635021
 5835855.82164143 5835108.30775256 5841603.25672096 5845116.81133329
 5844599.76610766 5840522.21829615 5838061.34744974 5831377.02738725
 5841813.93985026 5847895.3711119  5839185.55936255 5831020.625776
 5844854.666009  ]",6647.269284399802,7114.09229261722,7032.832123249095,7010.054963548517,6456.222513917575,6504.290651548543,6646.624263338593,6683.724579864243,6832.658483142102,317.186732687395,7051.218007334938,-68.05625416573811,343496.32444036554,-75.30686699410639,6739.950873336316,5946.074758387287,6,wdd-10DEG,Wind direction discretization
"[582698.4836091  579912.66186636 577652.83987791 589603.50769833
 574504.01837548 579015.35419947 574285.88719994 586912.12521836
 590229.56486464 585961.87005531 575018.43247998 581136.29305467
 586942.51417356 590397.61574546 587190.40695475 582689.27442785
 591588.81053483 577157.85118511 584231.61746708 585827.97518831
 587788.66835523 573875.78642449 593494.32442255 583377.64615167
 576197.78594229 579628.13199934 577949.08150086 593398.86377986
 582462.19006136 591882.74183622 578004.38433689 589311.8313974
 575987.68698492 590571.36732251 593485.56001464 585240.30837131
 590013.60709636 578750.55472568 579291.97576277 573293.84428977
 581424.5665131  584469.31434647 584716.41140453 585447.05277225
 592814.91933808 586298.53822851 588353.10834069 584073.51545743
 581513.35950533 587476.97374256 577203.15357176 585554.79430103
 593590.97331694 581646.04053842 592284.78037598 578556.2931437
 575897.3822686  589247.7299919  585405.5349985  592096.71742422
 583600.92110879 579594.4864124  586154.66161433 588050.66171325
 585684.88404667 583030.52668447 576929.89406576 582015.7162283
 592318.5763478 ]","[5831295.43379378 5844509.44589081 5841461.58637861 5853690.01492593
 5830653.99373202 5843147.37250722 5833517.62793959 5834215.27190072
 5839276.54014895 5836233.78708979 5835213.81928525 5831297.6348029
 5840695.10753448 5852089.05926785 5853052.50076575 5846499.55973164
 5850008.05226338 5840219.59889334 5831506.79192734 5852635.71751342
 5833314.5212526  5832402.36040471 5846346.34346458 5849291.27615216
 5830830.82694193 5840945.97048405 5830922.4387048  5842808.67122597
 5848003.4876488  5848613.37041497 5834476.6284255  5851031.32243878
 5837318.43105672 5845809.02793218 5841368.10906811 5833044.18995243
 5840428.71380007 5840031.78755345 5835728.94746459 5831140.27600137
 5833522.97555124 5834875.69777174 5848096.85028602 5850672.73256265
 5847362.32923359 5851537.41768906 5843939.06722237 5840585.12227115
 5841185.55313666 5846740.49285573 5838601.61757742 5843721.09688183
 5844311.36273599 5838046.88917103 5840257.68675165 5836707.36047113
 5835975.50437817 5852352.12615508 5845252.92647144 5845670.32105033
 5839004.38883078 5831052.53676101 5831635.85794897 5849702.66581886
 5840520.98380607 5844199.77944313 5833822.97680463 5845424.11980022
 5842027.08658882]",6645.6918641626435,7117.484124581043,7036.434830260813,7008.600144577458,6455.710662690584,6503.410790376184,6645.06260552664,6686.54438212802,6838.810423197056,316.8696055755874,7050.569810345018,-68.0374371367956,343437.8678062212,-75.2809909226534,6737.683554687269,5945.31033562596,7,wdd-10DEG,Wind direction discretization
"[578395.89196433 573075.28914051 589555.69710165 573817.85360903
 575770.3711654  585226.03659422 575320.50985952 583020.19107683
 587004.36224185 578526.76399757 576084.91362657 580871.93883001
 575150.42458983 582405.21460162 592334.41280731 584919.03030505
 586402.64754925 577740.82461678 578001.16121068 582606.68145812
 581810.77810492 592770.48214617 586095.3886455  590555.09413807
 583875.85401152 574247.79091015 577506.37553243 593248.58690773
 585623.31140747 585400.99285833 581513.12190971 589417.90345387
 584160.8758961  578840.52559819 585178.76916189 590942.14528291
 591178.20223138 583150.19682381 593400.64072771 583476.54776196
 578970.12459769 591986.09293095 589991.92814935 593608.3168879
 577195.82735093 581030.92931461 579592.11995185 590008.21405358
 583784.47493911 586181.62365273 588958.0017021  575478.27375943
 584685.92729677 580423.45011676 580644.29356092 584378.20833274
 583539.82933373 590264.26876642 590725.45862599 585960.56434053
 588515.86159986 586807.73195761 580116.72718727 591685.34312443
 587216.67089441 584102.81629869 580476.03003103 586649.96878488
 589809.50464592]","[5842478.32673651 5830583.75491559 5853774.70563769 5832405.71023767
 5836679.43094034 5851758.92069501 5835764.25925556 5848795.77752161
 5833859.37186483 5831036.17529736 5830812.90077697 5845834.54484189
 5834611.41320177 5847676.34033123 5840447.55081752 5831746.80226383
 5831587.48426255 5841423.16095756 5836530.92070682 5839528.27661226
 5831307.11442603 5846818.15576672 5852844.87754023 5846761.49970267
 5849799.43002862 5830640.77197532 5835160.61522677 5843148.1436961
 5847124.07861558 5843462.6462277  5843969.13179274 5851411.04170292
 5847538.93138483 5837475.17856736 5835603.34763043 5850585.9777825
 5845263.58428019 5831331.49846294 5841107.73466139 5842169.22447994
 5832123.14201531 5848046.64349405 5842860.25635647 5844615.27639101
 5839844.86547792 5834354.90639051 5843979.83461851 5849386.19666492
 5837023.8405024  5837799.8822841  5840875.72819224 5833101.74072564
 5840604.47398292 5832042.30677221 5840134.94573016 5844250.80327854
 5846060.33033627 5852374.13472586 5839286.22400826 5834124.3401615
 5853122.38504288 5849582.37404191 5841985.05103833 5842724.83900463
 5853150.92354579 5834768.83839808 5835323.43056609 5839182.15117518
 5848160.28654315]",6642.059467228944,7116.123067275652,7034.390224566817,7005.051649515827,6451.199477829111,6497.919565042384,6641.424197569896,6685.365958856405,6855.2425585935025,316.34355883636334,7044.074171880516,-68.03125643422882,343175.16290667496,-75.29060078338375,6736.82660337242,5945.46594643951,8,wdd-10DEG,Wind direction discretization
"[588780.29070083 573730.60634334 585092.03957188 580989.63211803
 586475.49522061 585420.88064933 574670.17629271 573932.69711532
 580033.00913537 576417.22462391 574712.60408182 591795.29025364
 579148.94174532 575574.45224359 583672.01061024 593377.97825334
 584720.47354854 592985.74570696 584614.18773658 585171.97195777
 585322.99658269 581458.7570539  584008.51234339 587228.95947388
 577316.01100429 583589.72759442 587880.17006471 579545.84707988
 589435.21276173 578330.51864974 583258.26022088 578908.39596624
 589837.81209101 579477.1407571  582304.97157536 593169.03780537
 586888.56953819 591044.82262338 586748.29497285 576957.42033225
 592473.73536296 576087.58627898 577817.90932439 592266.5336098
 584421.43850672 581276.20183838 578502.0756394  585462.85241586
 577196.31857675 580712.88037912 581623.78670188 585067.42193303
 586057.90120665 578817.7571589  590832.17160298 585876.87494018
 584328.99399095 586308.63734688 591513.00826274 589128.76113854
 589064.51543649 587774.90896728 588474.84513554 586169.55341458
 589795.45826531 588268.12163953 584157.66945391 590687.73999106
 579753.8614195 ]","[5853581.07547568 5832124.1224279  5831613.64980443 5831238.55233542
 5831593.2549554  5852072.0276878  5833224.32110279 5830671.55209017
 5844712.64009502 5830809.52774029 5834251.60828528 5849230.35306531
 5831016.14448197 5836502.13680491 5849690.58034536 5842140.51158478
 5850875.66873577 5845086.886212   5832828.20008282 5846157.04274218
 5844257.25474187 5836140.14368725 5840755.58425342 5833149.82376744
 5839117.39582    5837106.47775445 5840474.20094519 5843845.63582218
 5840303.69860707 5836842.20169159 5831432.7648735  5841384.2717605
 5853279.45276987 5842680.23510821 5839887.9876619  5847232.07217528
 5848849.91684337 5847771.20871832 5834956.88028118 5837520.1422866
 5843156.34908751 5834547.18531694 5831018.66797946 5841004.76922286
 5842881.40713979 5846380.84981366 5839146.19386496 5835781.9729469
 5833026.74542942 5833932.69062048 5843289.33959152 5848308.13555643
 5852834.41396576 5840145.48105887 5851528.68032565 5839464.2946078
 5847134.16278358 5851009.17303165 5839772.56293512 5850357.5049579
 5844108.33229536 5852329.49250228 5841901.39281384 5847321.69777057
 5842406.55640211 5847482.15376803 5838887.03669485 5850543.49106525
 5831854.05348586]",6633.80442518303,7105.010581402925,7021.594516866939,6993.514711272164,6439.88180948055,6488.14789455534,6633.148441573365,6667.023354057847,6824.33171282268,315.41325505872817,7033.256124184669,-68.12559337702311,342683.2226516495,-75.41527094191652,6726.920845420317,5939.109447339787,9,wdd-10DEG,Wind direction discretization
"[589558.9508276  577166.69342086 579526.22173608 578877.45029651
 584175.66585023 586194.82568319 585313.24109512 587141.58755428
 573804.48762816 580937.24060099 580057.01536371 573258.12883945
 582722.95216402 579833.02744315 577620.62083649 585017.30084051
 579090.40093452 576326.45454459 578229.11750939 584274.43682085
 584276.26574028 587791.84833682 582220.07425997 583816.1030955
 591616.86647301 591008.78460745 592814.65365134 580932.6086358
 576114.36024501 582167.60047878 584030.59700107 585968.63620008
 591343.68352811 582466.37707272 590468.34744035 591863.60842505
 584736.26539201 580824.24862576 592706.96826351 586793.24506293
 584576.77890992 574603.36994604 586561.70450348 574445.10299136
 588717.94858024 585657.27336045 578619.65001084 582503.86266188
 589883.40335992 593276.48636352 576662.72791256 591474.57244192
 576674.33429361 586435.97185404 584742.78236049 587561.40446273
 574968.54338417 587421.36026047 590174.44458529 589281.43602856
 592262.11806841 582719.84587014 591695.30705368 576334.6925203
 589055.87743375 576050.37702257 583498.89754127 593589.2021998
 585705.38886335]","[5853767.77886794 5840300.31002225 5843873.54418458 5839566.30700704
 5849090.70079554 5831572.46157886 5851790.9165069  5853131.13696078
 5832372.03259616 5845720.10685823 5844748.34827686 5830648.18065364
 5839417.14383428 5831088.40312449 5830947.50989683 5841142.00906538
 5837429.20690216 5831999.61245899 5841502.15289733 5850408.8623394
 5831526.2291819  5851963.09859936 5847671.00176603 5841968.96555747
 5847087.99908763 5841333.45735434 5840726.74528479 5831300.43002734
 5836629.25056219 5831271.2397312  5845005.23063913 5852803.13854974
 5850218.134328   5843607.89147468 5852173.90491637 5844467.37176179
 5833063.9634473  5833216.5565791  5848037.67886025 5832692.20859536
 5837016.81105848 5830668.65313526 5839081.57302148 5833847.94503505
 5850897.56713276 5848620.44368417 5842513.32245578 5834934.96111984
 5839926.16377771 5846469.45107062 5835313.05124294 5839757.11438374
 5839189.86843597 5843264.71389602 5834793.67521814 5845914.86723311
 5831754.09959286 5842346.93012561 5848755.56582813 5845315.6913466
 5842673.16750709 5837923.82893845 5848744.97114655 5833642.36229281
 5846919.68840204 5830771.49822244 5836091.6302383  5843992.25147201
 5850063.1468844 ]",6647.130538866125,7111.68366148076,7030.019938131365,7007.833875439738,6455.496648982774,6505.361058890711,6646.490741838695,6678.391033072386,6834.927269250588,317.0909182265794,7046.340102340291,-68.08518635370989,343473.3728953323,-75.28528910689931,6741.456858252905,5944.21233478089,10,wdd-10DEG,Wind direction discretization
"[573090.43387792 586509.14431442 573561.9916362  578015.35740204
 575960.97714845 585191.10743008 580877.15351626 585349.75661644
 593319.34097226 574501.37894698 574476.86954917 590190.6778182
 580606.46329701 582536.52446165 592545.62559991 578934.63988637
 577164.92205804 583294.35047684 575024.06136968 582351.09902005
 579089.47958145 576575.03795116 588825.01350769 587841.09685174
 575523.38679991 583858.5472828  593494.18056083 579673.23226556
 584163.12299419 577185.48344838 576012.62021712 581498.87607966
 590094.80789282 585946.81254618 591889.61092565 591174.364272
 589545.30577331 593552.28782231 587400.06567593 586743.18960703
 587105.15607247 581177.43685619 591460.03729588 587572.86061508
 585244.28856066 593637.66367577 580915.06283006 583416.60225117
 591361.66588168 574052.20869248 585730.95160465 590762.69188204
 587875.77795364 582576.26174694 585111.87333138 591482.65879992
 577634.10811163 584249.95405038 578065.22542188 593495.66416699
 587609.36487846 586366.02972866 585309.52496632 590298.34755225
 591717.64115004 581832.48602744 581307.60552092 583066.80370358
 587470.77404091]","[5830587.04673573 5831595.92211733 5831790.94124826 5841957.37957947
 5837546.99696768 5851770.73931261 5831152.48128968 5831504.82687747
 5847172.80118703 5834042.99655195 5830648.31953621 5852659.53633929
 5845498.85852942 5848139.71026837 5848529.31256227 5843215.465279
 5830882.24454586 5849177.21788367 5835299.17345681 5831268.08716203
 5831011.16956734 5839018.03369298 5851292.56790854 5853322.93648791
 5836497.71018162 5831388.02173659 5840997.36792081 5844225.17253284
 5850361.41222296 5840449.21089501 5830768.73710327 5846722.19039113
 5839314.553641   5852803.64350655 5849678.71197285 5850933.71051716
 5853793.67071973 5843528.61017138 5833968.56888236 5834881.33126251
 5832909.5878663  5835888.50026726 5839800.54905579 5848590.80863511
 5847118.11464682 5845615.34037015 5832937.45225654 5835430.08725218
 5844156.87108731 5832967.53413027 5841283.66155103 5847856.88411289
 5849945.50626936 5841474.14287165 5845403.20418075 5842540.28611607
 5833414.58141066 5838518.495706   5836789.96186035 5842119.81516795
 5844963.89430986 5837838.52480805 5836829.85721461 5841045.07475472
 5845525.27595653 5843187.83187908 5839296.53921292 5833767.40824539
 5840609.45921974]",6691.969936590474,7135.903122304471,7060.451818461412,7059.3891438474575,6513.906390410977,6566.076143135824,6691.393503141847,6678.880085070627,6695.979507512779,323.0625249385236,7094.703173786366,-67.54254762015891,346202.8595730485,-74.65280453112318,6797.592253321006,5986.285863188908,1,wsd-1VAL,Wind speed discretization
"[573573.33229176 589545.2270042  586509.23949284 573041.76932311
 585947.23425494 574224.29582674 576448.02425158 575665.62285218
 581027.45747657 582369.07534997 584289.30194888 585411.24907395
 578107.15245176 574174.54030618 583414.19971746 576921.23061702
 580211.87826253 582633.92263359 592481.66181622 575132.98769318
 577352.84071778 575627.92284253 578936.13143557 579661.36281564
 574624.58175619 585214.93486028 593299.11500095 581329.39654361
 593593.40197397 579284.06036383 588264.98623777 587793.81931511
 590036.26339505 593226.52472016 576981.77599886 583939.85857872
 593656.35188409 591079.95267295 593522.18190169 591606.10381454
 578109.63961879 587504.09129303 591865.75856612 590106.96790383
 588010.17223908 582121.33194998 585522.12651474 590577.05165685
 589332.51402691 579488.47083229 586590.46833899 579597.15836881
 586768.27711319 588757.26928454 585734.18079928 586337.15429332
 584018.92474557 585455.79532382 584070.62701071 584927.46406863
 591292.83655821 585216.72255083 579928.23084255 592569.97905067
 585577.87158837 587990.45419649 583929.28562934 579596.00525867
 591001.04404188]","[5831818.34799063 5853793.6998421  5831595.92609302 5830538.65902822
 5852803.93173627 5830627.57235755 5838697.71980859 5836838.04847911
 5846077.1051937  5847911.94857084 5850537.28453418 5831509.22090062
 5842084.09371351 5833261.55012478 5849341.14279524 5839852.07297925
 5844952.6299402  5831291.77613221 5848641.58312119 5835560.51211621
 5840886.04947244 5830738.67894396 5843216.9475954  5831056.44806625
 5834338.6203026  5851803.24098813 5840875.93622734 5831187.80502483
 5844123.41092116 5834878.05171808 5853441.2929463  5833498.98814243
 5852926.75092475 5847335.25727681 5830845.60750035 5831395.65868958
 5846139.94456172 5845096.87835714 5842339.90118667 5850163.08266655
 5830934.41456002 5849687.69702185 5839990.9508785  5841889.96933816
 5850912.85859962 5835537.21687288 5848456.224105   5839194.41347637
 5845680.49816919 5832659.06064376 5835295.31281238 5837094.49417234
 5846479.13947809 5851880.25659856 5836454.22549246 5832932.3255839
 5847357.74271807 5839963.37154996 5834317.4256027  5844039.39629765
 5842651.3777209  5842276.68608513 5840921.8051124  5843404.20314668
 5838027.03086395 5841017.76023033 5838786.05216405 5844118.93585593
 5851238.78442149]",6689.478980649103,7126.073076907443,7048.476689387053,7056.452344301192,6509.646986895246,6563.886450063806,6688.883771331655,6666.589892701139,6676.6613509093695,323.17387682216946,7090.955865753919,-67.60883891066145,346113.1586628592,-74.71761827589141,6796.610232387921,5983.384564506274,2,wsd-1VAL,Wind speed discretization
"[573173.55396121 584190.20299524 574748.13664504 576496.31307065
 573650.85806935 581471.62439334 577487.59359369 580623.19980499
 583189.36188691 587839.55016901 591930.84005858 579963.09102684
 585947.36604459 582241.846335   578276.1672168  574534.49873675
 590508.42008789 580703.06829112 579145.47138655 586868.35702512
 578038.35803395 586507.4524925  575824.25916811 589544.99074247
 585318.67917066 579143.74662434 591596.77371148 576945.93558967
 576666.79769397 593625.06553781 593563.94589829 587594.15360403
 584261.04108092 576431.70169987 591132.61274559 585928.85347499
 590091.61226885 579000.16559493 590998.10591922 582571.51926417
 591018.73242587 593495.61946642 585957.68585558 586727.84315147
 593350.55077997 580519.81257123 582106.11345756 585601.38861924
 588626.29987574 589266.22981115 586189.55215173 578493.43326522
 589353.67368084 584140.16261494 592260.26815461 580961.90396618
 580640.80421179 586200.92027609 586250.46415656 582447.00710619
 591092.25061808 586104.36304625 587884.44025295 592391.94131844
 585563.82645255 590681.17429644 586569.4332988  575270.62055992
 575182.63552133]","[5830611.37503885 5850401.76054066 5830669.18259077 5838810.34642927
 5832003.64584088 5846683.91173908 5841150.13072796 5831131.78484953
 5849033.68331894 5853324.34740108 5840048.32752998 5844621.7712142
 5852803.75238182 5847737.83678932 5842315.36298055 5834117.7033173
 5839210.93494875 5845633.97928509 5831015.73387474 5832566.66273585
 5830959.5382319  5831595.95895777 5837136.28323822 5853793.66245439
 5851938.02110534 5843500.97813442 5850193.94077111 5839909.01151924
 5830822.30442649 5845288.37002831 5846743.80421639 5833650.14603594
 5831419.17495955 5833833.73546574 5848541.84422509 5847170.71672305
 5852828.27950404 5840728.25498132 5851245.30374526 5831285.45287344
 5846268.60458727 5840998.15446022 5845338.74580132 5849059.14962906
 5842573.67718867 5836113.48074642 5842368.56365342 5836176.78326104
 5851721.12634929 5840522.45098063 5841152.06070095 5833633.43554483
 5844592.09286322 5838309.7173626  5844017.78233913 5833458.88518439
 5839115.35281368 5839159.51922861 5837742.92844517 5834933.34607002
 5847446.34092075 5843576.51858791 5850705.7502851  5848799.61895864
 5833122.42398985 5842189.93998289 5834720.59138727 5831652.71913819
 5835678.61164203]",6687.039450405153,7131.428039891306,7055.108919788346,7049.135513691867,6506.635246382824,6558.541895593324,6686.450432910282,6661.910200869526,6669.588316860575,322.2932583219446,7086.547443684051,-67.5725830178318,345893.15939515934,-74.71005888020042,6789.373787684787,5985.552734825467,3,wsd-1VAL,Wind speed discretization
"[573143.4158731  586506.81355745 585946.79295665 574532.69899296
 585301.52229663 574074.81677178 587563.36459473 576572.532812
 573593.45162497 587696.4003402  575624.32302452 576112.24360824
 579231.85439865 583252.89996749 584235.8134811  574378.34230529
 575048.13544339 593668.4332729  582302.11329162 589545.08886337
 590960.12310387 576213.58021264 578337.31914784 577476.76817272
 593495.42304933 581611.79662886 580169.37700155 593562.61457354
 579630.294758   584170.93396389 577019.33290134 590408.7710198
 578399.34823278 580814.54301902 586387.06841432 592306.81086222
 581084.94951477 582442.7761708  580518.5940016  592141.69862577
 585535.93530325 576649.37548979 589641.13063294 592210.19329101
 584906.09648686 586485.38373089 592944.65928442 588125.13705387
 587594.01453415 592827.64764961 588713.29630087 585999.27477088
 588476.06065637 590219.14907464 586679.26581858 578218.90761218
 585725.4511103  591074.15991865 589028.068011   581241.24871252
 587031.2355313  584009.5682724  578380.52196304 591625.1398959
 590646.7540053  582884.00810738 582549.24049197 584438.31820839
 590397.56865704]","[5830572.85870935 5831595.7650774  5852803.59329945 5834120.64127866
 5851920.33897568 5833021.05195139 5853248.000846   5839005.03534588
 5831865.68883013 5833241.37369653 5836732.68767117 5837909.77382949
 5843621.27909735 5849120.69453055 5850464.35559304 5830639.69297776
 5835354.51522027 5846525.14046154 5847819.47772347 5853793.63661967
 5851310.67565809 5830784.25876629 5830951.77383354 5841107.88449316
 5840997.88155236 5846875.7574085  5844903.06219765 5843193.24868309
 5831054.30424758 5831411.48657251 5840085.32139561 5852279.08946614
 5842482.42318982 5845786.05198207 5832788.32027553 5840355.49311064
 5831168.17575915 5831278.00484711 5834445.1540924  5845643.80757777
 5835436.45342079 5832279.62524909 5839446.43222955 5849118.0625657
 5832382.97295478 5834338.82091697 5847830.47732307 5845326.54360326
 5843259.89518317 5844348.00804077 5850947.12065267 5837495.6959205
 5847095.83330905 5850086.00265726 5838678.40508773 5836069.17802025
 5848724.85021221 5839816.21451258 5852640.98760743 5836955.89979673
 5840904.5241057  5841837.57666838 5833349.28626317 5842696.96858957
 5841348.152071   5844315.24801165 5838469.14802741 5840621.76748674
 5848003.19442421]",6689.7249758413445,7128.501630031716,7051.796582100889,7054.528239831158,6509.5183913998535,6563.380181901968,6689.133719427252,6675.919702886584,6693.269177603891,323.0215852166629,7089.674479714423,-67.61043196640682,346145.003313654,-74.71525220065972,6793.223810517764,5983.694753748457,4,wsd-1VAL,Wind speed discretization
"[573109.26291509 589545.22122801 587678.88727371 586507.88018046
 573783.87185812 584987.47123495 574822.79104845 577962.15781646
 576205.58318703 576164.58778559 593504.89802432 574349.68867229
 588587.2187937  579150.66503204 574495.27565534 583420.75930532
 582612.26691319 578736.16683418 584277.65559362 585776.13756054
 592436.7151362  577787.1508632  579685.79609007 581732.3033643
 586864.03782111 581014.05417338 577312.06821621 580953.92492363
 590607.94196171 576703.22132691 578289.97170015 591680.18786146
 593499.29994718 593498.10350341 584527.7309322  586713.3751047
 584187.4589612  591193.44379211 580914.13023929 586979.27204499
 586831.62701333 583152.44038237 580350.19592879 584936.86010548
 585229.86239081 585627.54592853 591091.71829327 583347.71878172
 590104.31442011 575741.40952771 590399.80325648 579215.92286107
 582442.06191404 593546.95752182 585843.60660278 593338.41786628
 587447.7025209  591114.37533194 588217.73574218 579006.70938744
 583306.82928189 588436.18054934 591116.46035176 587290.90092479
 586593.44345437 587917.23295588 587694.12204843 589896.3305755
 575294.75993669]","[5830545.79237645 5853793.69340264 5833636.71806848 5831595.95494964
 5832318.54168903 5851488.79229915 5834816.64556591 5841884.39443923
 5830783.92339551 5838033.27593473 5846846.45320917 5833677.27392298
 5853528.90226239 5831016.95062902 5830648.86584893 5849350.23035353
 5848244.6739454  5842944.38006182 5831419.96402526 5852571.00566175
 5848720.26453309 5830908.82642869 5844242.93119159 5847041.25458003
 5853056.34992066 5831162.58843358 5840789.1874849  5845975.57446172
 5851892.44876802 5839329.36513217 5833379.02169007 5850044.89224398
 5843902.76890132 5841072.93525083 5832678.38403422 5834832.20296075
 5850397.40185934 5839790.11767107 5842394.12426701 5840163.58210328
 5832536.39477278 5839473.1125548  5836000.82961348 5836980.36501495
 5845828.64542908 5843004.78805263 5841495.07223135 5833359.627028
 5852762.18271147 5837020.79100854 5847747.42740392 5834670.6883773
 5842963.15287761 5842679.46663307 5835953.78036774 5845244.32827889
 5848488.60781012 5843665.01983214 5846482.60359326 5837225.43242626
 5838319.49086212 5849722.53486398 5851037.67530277 5841773.70267171
 5838865.37226432 5844910.20132769 5843206.54552767 5839370.88721298
 5835948.78672872]",6689.949417257485,7135.063225767736,7058.052534220626,7060.206010769453,6507.432018881046,6563.1602516083385,6689.36145028579,6675.669540745591,6687.626990058579,322.96547189817085,7088.5802957145825,-67.57561129408326,346079.4895460555,-74.68705417345795,6791.560461206841,5985.135015537043,5,wsd-1VAL,Wind speed discretization
"[586500.43148775 573113.85350319 585946.62179083 589545.0991314
 585304.30082723 578960.04887106 578092.6925578  583013.86218054
 578721.74974907 580321.49167456 575231.77990328 576236.2319059
 577100.29592592 581698.51168914 583912.07903529 574493.93605282
 592489.39907482 588031.61677015 575647.7093383  575789.58801283
 574360.17780687 580573.29663311 577142.01946297 593595.70431696
 591794.57138749 590571.34895082 593495.57334604 582450.58480318
 584745.1352504  573597.07492138 591113.04660955 583145.16698971
 584420.83230704 587075.40865448 593539.73427233 579627.83570405
 593668.56643161 574069.70943624 581489.60152107 590368.11873489
 591785.48577002 587654.53319445 586813.68356945 576636.09559898
 586064.26863229 590833.66431123 593632.36215105 582764.52455685
 583225.16903972 587010.95617372 589075.66245601 590217.81348784
 589283.63589821 586088.43238337 587891.16595114 587586.28404454
 583247.59796644 579114.52187488 586698.37953513 585753.34998834
 590623.85241119 584115.39392805 579320.40804667 579492.49657712
 584325.16197438 593074.19221939 581643.51627961 587337.51176176
 582024.60030683]","[5831595.30001376 5830564.56006495 5852803.58323274 5853793.63596097
 5851925.08795261 5843209.80409516 5841923.80936617 5831320.46045863
 5830983.57602637 5831108.49226756 5835473.47726864 5838208.31486238
 5830856.00673854 5846993.92480525 5850020.92571003 5833940.57506805
 5848624.63679887 5853377.44879279 5830740.99073871 5837011.76779001
 5830638.19045694 5845455.41479297 5840296.46786196 5844229.92278029
 5849846.20435445 5839191.416067   5841002.32223172 5848023.37139516
 5851097.58869391 5831875.67039003 5851043.01909532 5848973.28649136
 5831431.20627127 5832734.8100978  5842430.9453086  5844163.04815398
 5846534.02011525 5833009.40119483 5831200.47324457 5852349.91641492
 5840450.12817692 5833705.81033955 5834962.72525694 5839167.8753871
 5836082.38878531 5844000.55152636 5845436.24982134 5839921.01584283
 5844059.54824687 5838118.52065309 5851279.85209767 5842546.92211363
 5840173.1131229  5842757.31144491 5849913.59179617 5845680.27040106
 5845509.13148583 5834363.62682882 5847956.96079445 5840055.86514786
 5847736.39932009 5838226.76446377 5836541.29921522 5838718.9961523
 5834869.58150635 5847597.26965193 5833393.01504102 5841601.06355051
 5835884.65182355]",6696.036384193272,7138.743897078164,7062.876885963793,7068.471969703263,6519.262771213993,6572.325373578332,6695.470539036464,6683.9719120624895,6709.207627220441,323.6470776679431,7096.1920620299825,-67.43550109654882,346475.5969842755,-74.54983577762364,6801.817008503117,5997.752938961579,6,wsd-1VAL,Wind speed discretization
"[573069.23220157 586509.34201912 574015.5280878  574634.54385487
 589544.81870569 585947.66440082 576110.32866196 576599.59536674
 575625.68335723 578168.02185396 581995.75678866 582157.79248351
 593498.18775577 573523.18189064 581232.26096531 583699.08137033
 583822.59011191 580314.32459732 582750.08103686 587044.42109582
 585164.19503166 584692.44732943 592463.86941578 574498.21504643
 577612.78136121 587066.83928924 593489.36768588 575156.82441646
 590175.51579185 578886.74558372 576599.5608474  585356.31158085
 591828.88385844 580528.96554243 593668.03790382 584424.03162086
 590828.40130135 590175.21416377 588077.40304723 592599.09545408
 589241.4736775  581923.69960375 583879.86049407 587842.97752293
 585384.28260443 583846.58700354 593611.3450895  591367.83055358
 586058.37210973 579011.27720595 578166.79403456 579687.8203156
 589704.79734676 588860.21188285 585123.43805559 593374.93029009
 577335.9697398  586376.62115868 587792.8476091  589189.79005009
 581422.99181519 585148.72855257 579114.43897781 576982.30322631
 591333.48738488 585052.50716115 579646.88568679 590531.07101038
 588399.55881459]","[5830557.48291001 5831595.99332616 5832878.70217792 5830659.81349177
 5853793.89200492 5852804.23533484 5837906.6749925  5830814.69605902
 5836464.78333483 5830938.2900686  5847401.63976784 5831252.82743313
 5841106.64611674 5831697.15634214 5846356.67410322 5831374.85023047
 5849899.47674237 5831107.44211681 5848433.12505395 5838081.60275606
 5831491.20675143 5851089.17416784 5848558.27041296 5834030.52797041
 5841011.51845156 5834372.22841684 5843537.87478527 5835349.33292343
 5852688.36847277 5843150.2858973  5839078.92410828 5851994.40317284
 5849784.23835265 5845395.80589826 5846512.48481503 5837012.76932007
 5851529.72890727 5839291.4085862  5853389.23853076 5840443.40078336
 5849180.2100937  5841271.55222444 5844955.54021564 5833385.6493012
 5847784.44444322 5833337.20715034 5844740.90039812 5839828.98938742
 5836051.24468262 5839684.2386368  5842156.73643001 5844245.34189651
 5842181.69306607 5844214.38232195 5842589.22177158 5842517.51495959
 5837722.33957487 5849706.16630552 5846776.18222187 5851803.34300847
 5836911.82320614 5835093.24679682 5832974.44217842 5832567.45498161
 5846579.97781992 5840518.16075289 5834925.11171134 5844527.01232891
 5840515.27230754]",6691.086453787552,7133.828756821052,7058.221899674587,7055.803995997748,6514.906249331078,6565.642836499025,6690.506567291525,6672.615848088338,6691.939232613581,322.79245561391326,7090.294270922744,-67.57771102422271,346206.7350844412,-74.68097276775254,6792.34967255868,5984.922841859147,7,wsd-1VAL,Wind speed discretization
"[573084.21617043 589544.37799318 593575.64692433 586509.09984905
 581465.28567065 579002.66248989 576150.30996318 582262.98395224
 587854.91487312 585875.47852747 577703.35754863 584141.24424399
 574819.65089864 577500.01333929 579933.50570052 574634.07794394
 580671.60346755 575561.83532749 583123.94080395 583643.9609153
 584885.83530491 573608.1432737  578260.4208004  574158.25586101
 591082.56581652 585509.29820532 586898.01876286 579490.04266232
 576831.53534585 576176.02052482 585021.88954915 582420.25951375
 590365.46181301 590403.30019583 593560.74472092 587623.52018601
 591831.25657255 593065.04940036 592550.67496952 585915.19207098
 576127.14970526 593496.73061547 587294.66310527 577303.49102626
 582821.94686307 592388.76469112 582542.89949055 586287.51467852
 587873.58244222 585207.02171134 591827.85034857 584152.79752035
 592586.39918379 586812.67654926 589080.44955624 586316.8188115
 592162.94881156 578779.40628282 579693.16536932 589098.54396641
 592221.40542365 579972.91511364 585317.94793677 588581.09238304
 580173.01890631 584931.87819976 587008.70733403 591300.35074937
 581077.93785441]","[5830557.78081535 5853793.77075517 5846723.00342592 5831595.75098709
 5846675.34532643 5843308.25391751 5830779.4882862  5847765.90535162
 5853328.78724128 5852706.76698831 5830903.504817   5850335.08074514
 5834690.75609835 5841191.79858451 5844580.29261075 5830660.08054332
 5845590.54622524 5836512.77009284 5848941.23006823 5831370.1917399
 5831468.11025368 5831898.88894048 5842293.6858481  5833119.40910487
 5851095.33597457 5836910.78777751 5832590.39695384 5831042.83364042
 5839637.11673949 5838054.94011045 5851539.23848545 5831274.1459539
 5852355.1473531  5839272.59346567 5843097.49031847 5833754.4309612
 5849783.02222505 5847617.43860412 5848520.36725738 5840534.20822852
 5833158.20842787 5841041.03976996 5851725.93194067 5836127.66935784
 5841738.71866142 5844945.19567515 5833439.48784465 5844604.78610958
 5848951.92720683 5847487.25945294 5839979.17900243 5843916.62132811
 5846068.97213088 5834840.8807824  5847046.73729953 5841544.59683625
 5842037.18255056 5832331.85085904 5838899.16119788 5844460.18685339
 5843078.41345863 5842059.33866934 5835724.52019459 5850692.81346333
 5835318.25207148 5834183.79642179 5838084.66191533 5840931.82027425
 5831167.95799576]",6685.289353585699,7127.143066121346,7049.929192913689,7048.919623441535,6505.343156274694,6557.7755694073885,6684.694417394291,6670.270846789628,6696.000780062877,322.2615810088006,7085.512902713746,-67.6399914572318,345812.88514255744,-74.7745983388554,6790.571949197092,5980.343087308466,8,wsd-1VAL,Wind speed discretization
"[573078.76121964 577806.39398542 573586.97467798 586509.4213465
 574558.01308339 577129.1945919  576566.98147218 581196.37090441
 576558.73257022 585946.94429702 574274.59825037 585266.4675406
 575965.85187079 583592.92228391 593494.98827275 589545.12906665
 584608.75479903 582258.11285883 579630.93472948 575389.30192972
 583768.7704851  587881.17571574 580529.59178272 578605.49923815
 590565.40623832 578795.09585701 587769.67582358 574723.26433926
 584842.15884305 580364.30386431 593557.83442058 590089.30052653
 582084.38623841 582490.5363775  585272.9710056  593609.12417992
 592896.12971966 586934.84423431 579237.63287661 592338.8675394
 578663.43112663 589260.74405033 584947.94007552 590257.22627502
 592212.76556123 588866.39277146 593653.84471588 586535.59572465
 579847.39026543 588430.09710484 591149.97288072 592184.21414397
 575784.93655711 587905.82822119 582989.58300905 586103.90117712
 589607.70385572 591246.22821484 586523.66984027 581745.64111149
 585770.69367762 585176.36871778 581975.26938408 584609.68219966
 579498.91065494 576070.11072603 588023.75303498 586048.70051933
 585682.13349723]","[5830543.31819405 5841672.27136266 5831844.41210649 5831595.77450509
 5830653.84157699 5840351.04029056 5830812.17617105 5846307.64864613
 5838981.03495001 5852803.84367104 5833500.70744894 5851874.01352102
 5837559.41377662 5831366.27790884 5840997.7027906  5853793.65602081
 5850972.33007694 5847760.00455436 5844167.79549193 5836164.9124842
 5849822.51911078 5853334.55378284 5845396.76237694 5842764.86701986
 5852004.19041958 5830988.30505337 5833319.02075778 5834577.6700209
 5831464.88562948 5831111.41517401 5843009.43669441 5839315.51431177
 5831248.47972867 5840438.99133609 5836750.27439907 5844693.62307281
 5847729.23945783 5837991.95361736 5835189.53107527 5840283.10796843
 5838297.59069158 5841855.19050573 5833705.98036041 5847377.33996683
 5841961.84098334 5850575.85011114 5846118.27569285 5835249.84168676
 5832595.59969518 5851852.10543505 5845240.29030618 5849163.71583205
 5831863.78544815 5845152.75350911 5844469.34597833 5839500.5249377
 5848821.63225226 5850806.08375685 5834249.04313836 5837507.39222649
 5842227.69057362 5848235.72836919 5834583.03179958 5846666.05709702
 5840329.02209446 5833945.63556253 5847016.85896894 5840633.01752218
 5843504.21127002]",6686.585947279119,7135.2837625899765,7059.601960416002,7051.615109546503,6506.252273448467,6558.746154944429,6686.008463997695,6676.9153344553215,6703.803884049103,322.13293285054965,7088.981536178528,-67.63777759843616,345812.9208163499,-74.7821426809395,6791.946338872228,5980.549056239356,9,wsd-1VAL,Wind speed discretization
"[573089.50963363 576360.98447152 574172.19918968 578876.07446378
 577257.86325551 574740.9098102  577540.89091515 586509.47784654
 576936.40635034 587414.00553217 574483.71916524 585955.21016723
 579643.59209051 591195.00241407 585355.20543771 580572.49817904
 575326.38486777 575870.29051841 582703.95821383 584720.78433639
 589545.26436624 581362.97239224 573569.19464275 575968.69098519
 580439.48980267 578672.85394305 593498.99036491 584022.98541996
 582583.08042113 593485.67237158 593528.99428853 576702.0658163
 592010.63002895 584443.36460942 587855.76612299 591058.57693015
 578795.43956697 578800.7238287  581720.93686309 584279.89225252
 584789.19967902 592682.17598414 590378.4812468  585639.76468411
 586584.80257195 587937.09485637 586007.26207382 580326.32029505
 584243.56120902 588721.11850676 592782.81561002 591976.49673678
 587118.46369573 590101.57466615 587252.63437089 582722.33699663
 588359.88887256 586659.78675534 584464.9358613  589773.54847943
 592183.19161724 578614.48769628 579035.4333017  583640.87633741
 589707.72439715 584120.55960867 591318.21612307 586855.6094982
 587416.29430298]","[5830584.98730706 5838508.14228968 5833255.98886891 5830994.09233115
 5830866.55965145 5834604.02694591 5841309.21825994 5831596.03000277
 5839888.90997591 5833011.77424223 5830648.11638392 5852806.31134199
 5844185.2201944  5850899.88945296 5851995.44920614 5845455.43385222
 5835993.11553549 5837320.68111613 5831295.77128982 5851126.67624462
 5853794.01461599 5846536.35166961 5831807.46289334 5830764.95882618
 5831117.87970414 5842857.03319995 5846857.49038408 5850169.34331572
 5848204.52360993 5843921.48688075 5842061.74008576 5833097.12799287
 5849397.5885561  5831432.85547115 5853328.28441231 5839663.96045131
 5840102.40208952 5835815.27805801 5835807.56400691 5846915.93662031
 5840816.23314571 5840507.56386919 5852331.72255704 5832810.53880103
 5835305.39280486 5843642.22319864 5837705.03837013 5838126.04072644
 5844891.47790963 5852068.2131402  5845425.41378848 5847621.57826362
 5848595.91906718 5849816.7630651  5850384.95086638 5834180.5900444
 5847359.46585027 5839121.75680965 5836055.51437797 5845291.30640443
 5841457.10504679 5833004.14933532 5841680.08583153 5832570.50973338
 5841486.56554162 5843265.10506651 5842724.12860518 5834350.47266321
 5841123.64797657]",6684.25757541899,7130.700770695085,7053.708753122525,7044.452281999529,6503.197959000336,6555.296219073246,6683.67215452732,6664.794475948492,6685.600135279108,321.79098278274455,7084.7783708996985,-67.72594488717712,345720.1566525169,-74.87363333286491,6790.721170973225,5976.925186008726,10,wsd-1VAL,Wind speed discretization
"[573105.52282818 587664.44672972 574945.68148163 577212.18947418
 578045.15981553 576061.14598271 575240.74172406 589545.27612648
 576131.11899438 579535.05840592 573630.08258493 587646.42060743
 583022.3435684  580485.62014702 576663.71271301 584506.42538522
 582175.16765936 581592.15095762 575459.69529674 590438.36288678
 585945.93597847 574209.77127963 578438.75125794 591300.743853
 584294.95659518 579777.45898136 584939.2488139  581626.54204749
 593245.70900461 576612.21908969 585223.09769087 578939.78640689
 592078.46263746 593569.02131382 588878.07878936 577725.90968791
 589740.78127037 590853.44669128 580907.57882973 592854.42174973
 586228.87869115 582558.60478503 579363.46317068 591161.87833544
 592795.50721163 582339.18913121 593443.66895486 593616.49878909
 586500.1532111  584589.76132868 579617.14211828 585144.17317775
 584218.11924621 584366.38684153 583881.77762253 582926.96331528
 587589.49159004 586240.50193467 586974.4087066  581839.5294084
 591772.14828176 584259.56114802 587426.28549639 584948.61653168
 587551.91293984 589336.06375492 587829.54890815 589577.29465145
 592445.83380437]","[5830577.40389158 5833213.83350542 5834838.98326624 5840478.43925862
 5830929.00791077 5832373.40956577 5830707.68636502 5853793.64068925
 5837954.68605476 5844033.28268995 5831953.03795501 5853271.38519954
 5848805.2742239  5845335.39457386 5839233.24477372 5831438.02011471
 5831254.38112484 5846849.28454101 5836343.49487416 5852225.58534138
 5852802.94878117 5833342.09119782 5842537.32377913 5839641.52796439
 5850544.66494303 5831065.32027448 5832535.11199003 5833341.10492041
 5840842.97875253 5830815.98070558 5851636.34913506 5833006.57730356
 5849348.70948195 5843355.61670466 5852643.91344756 5835363.68694527
 5839976.61836079 5846834.26085441 5841717.17680582 5841866.88443348
 5837947.66824036 5838732.37526355 5835484.45916507 5850957.99881741
 5848090.64563099 5837097.60689129 5846954.71700569 5844867.96695544
 5839731.92690298 5848410.99525461 5839542.86849768 5833753.18661492
 5843387.18889427 5847332.08993442 5842189.15137584 5840146.94930875
 5849434.01081548 5835809.77009998 5842734.90805565 5835340.98430269
 5843233.19652665 5845752.84869424 5844835.16656599 5835072.89367735
 5851001.0973201  5842905.97515316 5847735.05008668 5850388.24934309
 5845166.59310535]",6674.565857799227,7133.69788788814,7056.659729060541,7035.340683417569,6491.322569213544,6543.023170248223,6673.98318487632,6667.1083228397665,6676.127122030454,319.75354907251557,7080.494243821434,-67.74727962127831,345059.02381625806,-74.93191878846957,6766.172229310279,5972.9720435059135,1,wrd-HOM,Wind resource data
"[582999.47154113 575556.93561009 573172.22960331 575030.07881007
 583518.29492577 580975.39241747 578069.36823868 582434.30951177
 585950.4099603  586389.3200777  591780.28331742 578714.67497878
 574297.3061234  573608.59840212 576200.68409722 574444.66901108
 577330.44187154 587872.19232178 590420.51963259 593501.38786777
 581629.90878198 584436.37764868 593566.69685366 577734.24746801
 591097.78214116 584388.15273862 581819.66688125 585219.16506022
 577784.62644636 593613.45679928 576068.57850394 593418.07573018
 590430.79816479 586512.10887909 590235.64629724 580696.4146938
 579985.1213822  586720.35836319 586468.44154431 579274.76522099
 583752.90218353 584727.46178633 586658.23762108 581670.69583518
 587723.0340666  586824.72673072 581939.39491137 587391.17192206
 584645.91649074 592743.60487233 592098.04164697 590847.52769322
 588283.85766672 582329.99676513 580533.26066437 589342.81002758
 578660.75941511 577755.25952559 587645.68121654 576790.31583778
 584522.07831127 575074.8989608  592895.36125571 592379.62687816
 586761.24461132 586771.52353837 584690.23492891 590370.01323288
 589546.51734994]","[5831320.48349431 5836578.45662581 5830601.1508249  5835171.90787548
 5849482.99386249 5845758.93303942 5842030.34392412 5848001.06435411
 5852804.7597509  5831586.55554441 5839937.84795634 5830981.89401692
 5833555.48088185 5831903.31244183 5838123.30917108 5830645.07183616
 5840813.17841791 5833383.15159261 5839238.54589735 5841215.20181785
 5846901.30986313 5850737.95991475 5843268.58797065 5831752.86130284
 5851067.25641612 5831431.06059321 5831226.13158328 5851809.06726223
 5833874.87135153 5844790.44502234 5830773.16781064 5846999.56213169
 5841136.65753104 5832772.9251623  5852579.88731991 5832120.54164982
 5844043.72964257 5845024.13015554 5849266.71408698 5840931.21690042
 5834317.35029657 5836170.31576732 5839189.61735226 5843412.2099965
 5853286.67974668 5842302.98475726 5841297.10819006 5846686.8727391
 5838233.50840143 5847992.37953469 5849315.43791332 5846952.64225382
 5852125.16460709 5837411.72812295 5834143.59717322 5850445.91634885
 5835736.54594179 5837733.14623322 5848662.1366303  5839536.68042452
 5841399.17908712 5832001.08292998 5845596.89662953 5842382.06422764
 5840809.74619339 5834901.78922462 5846313.8477126  5844272.15122082
 5853791.81651449]",6678.623930214393,7131.287194974139,7054.801897187793,7037.239661282089,6498.307417962557,6548.439099630801,6678.043688355663,6649.152142209402,6648.059337067367,320.6001579449276,7087.877352522404,-67.7480932468653,345353.48567637545,-74.91444760863344,6772.9896224228705,5972.11913011635,2,wrd-HOM,Wind resource data
"[573192.54728847 587085.38010281 587871.405972   579035.72119058
 577764.07876007 574573.01124194 578800.36501137 588068.88634163
 576138.00392338 589544.96627294 577094.33128881 574190.21761127
 581847.28262892 586508.9968494  575951.97944182 585170.47068459
 573558.13014532 583292.72326093 574982.21801733 593495.38439157
 580283.67454733 585509.13192405 580776.04245409 582737.62287397
 577617.02853155 592698.48706481 590098.85934259 586316.0373633
 589585.51149731 586620.36229711 592495.71525964 583701.81786468
 584997.43614835 579791.28537    593568.13473184 581645.64467073
 583554.54902947 580547.39461515 593582.83576131 580169.70882694
 589280.49197625 584789.83781694 577715.70271203 591966.7083199
 582634.14792812 577238.05829824 589113.52901233 577292.64501723
 593622.28567178 589416.89325177 586603.7580152  582797.04447892
 591174.54526759 591156.67033049 580533.27975049 582788.41809475
 586244.38243108 586169.24166247 585209.38308422 587380.04238045
 591293.96485155 580953.64928558 585980.96848418 575584.68052481
 592180.88220582 582923.23914278 590295.7154252  586140.65362139
 593551.33719221]","[5830654.2364512  5838007.75197919 5833383.51468555 5831007.07127432
 5830907.29660397 5830655.07469397 5843030.30276948 5853387.4159887
 5830778.46908746 5853793.74992669 5840109.52569446 5833296.20124883
 5831228.52284872 5831595.82541681 5837524.28158677 5831490.63463784
 5831782.2961249  5831342.61887132 5834986.92191263 5840997.14802977
 5831105.36141831 5852205.74685834 5845732.85047147 5848415.95482092
 5833934.32610222 5848260.98841019 5852822.79937527 5852905.5187719
 5851725.9027278  5835251.74765676 5840417.51488658 5849731.95586307
 5834315.84616799 5844386.98962778 5846736.32153529 5846922.78303682
 5847004.52245853 5833901.4668063  5843801.78982783 5839389.26248872
 5847423.59124085 5851219.64701265 5841349.12406836 5849262.92962242
 5837269.12823363 5836523.65312422 5841468.63425764 5838278.98245995
 5845054.28858327 5839508.72442687 5833917.33126042 5840838.85847812
 5850933.07657464 5839880.11543349 5835752.13388096 5835097.26188436
 5847163.0232152  5843836.9098094  5837845.91662197 5849089.19769077
 5845513.01553144 5843127.15073245 5842194.32137119 5832619.55987383
 5847140.42572365 5843379.70292906 5843651.89158418 5850249.68278645
 5842782.3908875 ]",6682.318268872064,7130.925343690871,7054.757406563992,7045.550973188983,6502.245487976364,6554.190249610209,6681.742279102213,6672.686150375903,6679.887710660527,321.29047659961077,7090.4782774240075,-67.70856828604956,345582.0252753572,-74.86623698733062,6779.946554602266,5976.324991777354,3,wrd-HOM,Wind resource data
"[573086.28572769 573548.82660678 574542.24539069 589547.51399501
 586509.11793873 585946.76996871 587870.64622341 576372.47990362
 574518.09318853 577558.77290994 576969.46657068 575381.26078471
 576393.03244101 577748.98671952 575760.96160815 583470.18417253
 584958.8132861  578577.83996472 580323.45344312 583576.72698053
 582329.08181619 581975.96574807 584449.81647108 586885.83229936
 579545.26337873 585309.44963692 579122.26940421 592228.84459423
 581181.62067244 593657.1233387  587563.17230155 590820.17726343
 577921.13121348 593496.03711037 593585.10726007 574006.38490958
 589477.14141319 580630.23261156 586120.00689386 588892.97035884
 581332.30648539 581140.41967916 584103.94169167 593438.88237586
 592488.95263063 591990.94687487 587976.68163094 590201.47555537
 579476.07046966 586512.26599547 578926.68945916 583877.20644759
 590921.63813617 576561.70252982 582206.13426077 588600.40648808
 592973.80228925 586707.68237492 588872.22242715 590487.75079029
 584150.42816701 585142.26067751 588869.27651443 583947.74231687
 587140.6074086  584255.91351295 593227.50842601 583833.6759718
 589658.1036339 ]","[5830603.73218304 5831759.3341739  5830652.69903964 5853789.08570199
 5831596.17542188 5852803.9892568  5833386.02641482 5830797.12173348
 5834082.63213662 5841332.36960711 5839967.07693604 5835853.61636101
 5838583.91265451 5830905.52643167 5837064.69227969 5831356.27044656
 5831473.62257566 5842727.29507769 5845114.88271483 5849563.26544635
 5847857.43826857 5831332.87544475 5850757.39355633 5834854.71093761
 5844050.44630528 5851931.81417817 5831013.49517567 5840214.7824937
 5846287.59417259 5846163.11283497 5853248.23835793 5839344.99368806
 5832737.56136899 5841010.57065897 5843857.89959881 5832856.46994514
 5839688.04913397 5831250.18720825 5835706.00576185 5841589.51168525
 5838719.34790156 5834458.52375281 5845917.92096664 5842616.18289016
 5848378.35656819 5849503.39452233 5850334.87225544 5852639.74730297
 5840167.97566558 5832930.22344007 5836478.97244414 5847917.45452233
 5851377.39554214 5834188.64186409 5840469.6026966  5845982.51231549
 5844820.5635697  5843768.11055781 5847469.7018854  5844491.38319574
 5839022.7619528  5841014.75008917 5852024.4296305  5836986.71000038
 5837914.27011056 5843685.00147501 5847332.39209822 5834804.6140895
 5849150.11953776]",6688.667702048721,7136.909044647577,7061.135545383054,7051.754808285778,6513.010853206362,6561.9505165247765,6688.09322535559,6679.109914180116,6673.892006221519,322.06885757341115,7097.329115617076,-67.62805888831004,345964.40319553623,-74.7489192119412,6784.463376770332,5982.421691712375,4,wrd-HOM,Wind resource data
"[573346.94877791 586509.44079805 584521.76547001 577512.20944123
 576211.45052493 580351.0130356  575275.6677247  573786.43289404
 574493.56997005 591385.77943148 578859.79881647 587470.41652076
 581880.01270273 576244.44156896 574657.06679319 585946.24541053
 587436.36709349 575897.1823483  593586.15746148 590027.33941843
 583227.18630244 578606.45311282 584394.97585966 583499.14414624
 593417.72300562 578274.06240807 585111.47835215 592106.98591274
 582813.78190025 584675.81629326 580547.07825157 593502.50198837
 584347.98299655 583115.56858113 579824.29627351 585971.22800776
 593179.90530526 592149.2210289  586130.73936009 580371.42691701
 583121.34633475 586991.81971707 586391.16040455 581726.92711342
 590447.075231   588075.79850369 592989.78683286 583633.47306644
 590577.04089955 588441.05879015 581747.5035476  588507.69905833
 588697.49615887 583917.93032432 581017.87541852 589642.58131209
 587828.79384993 585101.31086628 587239.96666803 587147.69114019
 590343.74219247 588104.57460032 576536.18167054 590409.2300525
 577554.69414526 585940.49238512 579240.82829773 581878.19884725
 590749.05075891]","[5830668.46242584 5831595.68479247 5850855.75308951 5841269.86439444
 5832088.35150184 5845152.27624867 5835903.2472225  5832328.97513871
 5834024.13944085 5850565.21052175 5833950.72078063 5833255.20830215
 5831230.83540356 5833858.72239787 5830661.89744254 5852803.48714881
 5852217.4633748  5837392.0740556  5844301.09572561 5852948.31336005
 5849084.37823795 5840829.33431985 5831429.04191029 5834184.70007272
 5847000.08376858 5836428.42388    5832947.27759454 5849300.00249197
 5832779.48156897 5847563.12331024 5832375.27937933 5842805.91907134
 5836374.43609188 5843840.91328632 5835940.31511027 5834572.39601573
 5840802.53912185 5844111.57030532 5835983.1685724  5837723.15486511
 5839038.58548936 5841470.48911447 5838658.52239029 5842607.65732278
 5848004.34123761 5853389.5255422  5845781.18573607 5845536.39262956
 5841643.26023544 5850812.29294624 5840947.9911149  5844481.34621282
 5840553.44501266 5837530.64469276 5839543.93701331 5846376.52881169
 5842915.39436111 5843910.91023961 5848707.57139289 5845763.06781809
 5844215.44078647 5847711.81029046 5838926.46736195 5839270.55659309
 5830890.21447594 5849824.28890113 5843392.41928323 5847148.62566759
 5851467.95676791]",6658.255566129776,7128.513294283326,7050.635475456833,7024.966782852118,6465.53435419802,6522.02777274328,6657.660219556552,6640.258341926877,6653.628034776709,317.8851300959954,7065.839354052981,-67.98244549346099,344092.4727060051,-75.20330200109846,6749.2323870108585,5953.313227840353,5,wrd-HOM,Wind resource data
"[583918.21148939 573103.72081833 573566.41884798 585848.79802946
 587739.18541058 591973.91028307 575755.92495084 589545.46282453
 578667.69005998 576389.32986836 586509.05150744 593496.06002521
 574473.09480037 590364.82892007 584471.07998887 576989.12949456
 577092.22935868 575894.73867427 574234.72082049 574921.91398915
 580798.04830091 579399.14815566 584931.06671439 577711.25382721
 578170.88352415 580318.90310097 587395.40112208 579532.61701085
 585004.03828933 587105.11888328 593582.9197767  582160.23733322
 581938.03562528 583189.80073019 589459.99582389 577081.13445912
 593400.30099102 583409.75168295 581192.94926425 575276.32872417
 581111.46135127 593537.41234532 585539.53045135 589127.62871221
 585890.25702582 591037.04615615 588341.88109475 588651.74370386
 590636.54105621 589696.09585097 588853.62252026 580943.53847601
 587667.4206523  585283.58185944 585500.36695572 593544.82713396
 578707.33888963 586788.26238538 581095.16061974 587077.99067992
 592349.87636572 590894.17521974 591636.6466309  585571.11031677
 584636.28134372 592594.81947475 586077.79641019 582361.73102995
 581049.85236006]","[5850029.88238784 5830582.15467005 5831799.28731326 5852670.25496749
 5853297.12236905 5849531.07326822 5837056.1406266  5853793.4026015
 5842848.54299145 5838572.51709662 5831595.79013456 5841017.0269393
 5830647.28960798 5839373.06936347 5831435.19455346 5839951.91924804
 5830853.74270859 5830759.47938423 5833404.51224216 5834788.49937863
 5831145.64707649 5831035.69591029 5851414.54613317 5841256.08682142
 5830938.70196145 5845108.30548196 5833046.43989317 5844031.82848417
 5847188.30705187 5837905.95067802 5845269.09033815 5840970.94600897
 5831236.00930519 5831334.19217151 5850035.14049294 5834730.50935364
 5843821.30585302 5844430.27934875 5846302.87600707 5835905.22499401
 5838643.16454944 5846790.19891079 5838939.85208355 5848534.89635093
 5832371.61485449 5851176.06129418 5841773.31181574 5843447.13544109
 5841098.6695237  5852688.04872257 5846356.87522703 5836820.63600978
 5850636.08463277 5842433.52543904 5836910.92410629 5842568.54475411
 5838728.05092389 5851513.17221117 5834419.85011627 5834569.21568308
 5840420.43247453 5847543.25132335 5845541.26851512 5835471.58347823
 5833744.99233099 5848439.26926277 5845174.55312315 5847902.08376906
 5842516.79767297]",6683.229743621872,7129.9203692096535,7053.5893822170065,7052.027800017579,6501.641361066242,6555.802031192913,6682.648025290948,6664.821429983963,6679.832558651551,321.875697555092,7094.755262711473,-67.6998436767175,345652.8598803028,-74.88755338696369,6781.272421769036,5976.534505559962,6,wrd-HOM,Wind resource data
"[586508.88921531 581734.20018661 576060.28256155 583307.24312705
 573599.55490328 585217.93973896 578967.76308335 587052.34596445
 575274.85176241 584651.70736395 581884.51615389 574102.86071983
 593495.80773114 586883.10227013 578394.85313146 589658.82927741
 577703.24644469 581071.66626615 575965.01487346 593497.86454878
 581018.80253997 573211.30266019 574635.33628466 593662.84235018
 574394.00806253 578924.29594759 584460.62384169 588617.13066097
 580346.37654032 583067.14232318 584205.68523542 593584.85805584
 585094.35525554 591592.22877437 583331.85261212 579464.11962912
 580797.68726603 587956.21209408 584909.30912781 581134.17346848
 587166.93558345 586721.06757025 580787.2169842  590915.76069361
 584494.32111445 592222.62213135 581203.47059064 585967.82431205
 582329.25376451 578199.44865311 591846.71634186 575552.54673133
 592485.60120111 585692.48271383 591791.13873828 589940.88242928
 586178.79039381 588508.59153812 591170.08399915 588861.01875577
 576519.80750625 588734.70094661 587019.71094309 588802.11469782
 584831.01580934 589452.11422198 584874.4730198  589123.19099122
 577497.60570307]","[5831598.18721583 5847042.82001452 5830773.40859031 5831343.68334615
 5831881.61724061 5851807.26620735 5831001.71700878 5832857.194512
 5835809.75978057 5831449.4389483  5831231.1903246  5833087.94163332
 5840999.44826406 5853061.49398845 5839785.19404232 5853594.78840096
 5840859.73839303 5844229.37005456 5837137.96841708 5842224.65413857
 5845720.76531367 5830746.51592465 5834367.32084736 5846355.15071501
 5830641.05511004 5843005.09474516 5833300.83792093 5853535.55579521
 5831110.97453085 5848866.68403394 5850423.56128451 5843849.92264562
 5841276.32338129 5840103.19705333 5834529.97508038 5841602.56583124
 5839074.29161993 5841217.70800772 5844787.52833531 5833621.33485007
 5834436.44848528 5851815.1929834  5837238.72167924 5850232.2502991
 5847694.45486918 5845065.91734073 5842532.16260952 5836093.76561877
 5835847.45135068 5834580.56957179 5842915.60132034 5832574.03022343
 5848633.05089758 5846857.16417698 5846664.20105372 5851294.28897156
 5849383.96662712 5844899.18981475 5848535.41217094 5852087.9960368
 5834543.64393213 5847453.4043348  5838124.03543903 5848714.01861086
 5837257.4746339  5841949.6973513  5839674.09820747 5843520.96417386
 5830986.86603707]",6667.446025296689,7120.388948591036,7042.462779244997,7024.5891185386745,6480.94004753959,6534.893208619119,6666.846432212663,6650.366529705604,6673.025216295055,319.28040984057407,7078.234189976409,-67.86123269702797,344611.69985948526,-75.0781281787724,6761.04245700245,5962.507426510352,7,wrd-HOM,Wind resource data
"[586509.25692625 573657.04680951 573479.78255484 575786.73321382
 585946.30880894 575430.06125875 593563.03044696 579477.87303232
 585082.39740756 589545.33797643 590882.55771072 576919.77358149
 576797.00289631 575356.82643115 581829.34527757 580366.02834191
 582666.07621211 581670.62265837 593495.83138349 583770.47085274
 578343.7740237  583369.48391912 574168.7343106  574684.38424926
 577525.49716933 587926.72701107 578605.41023975 593110.74901284
 592363.12348597 586887.742471   584752.1456312  590378.57673108
 576320.47152917 583967.27562383 592381.55143223 582237.96803603
 580562.27115415 580978.69203225 586509.23906198 588726.62676508
 585613.61665365 580383.24365729 576446.03904674 586817.65725909
 586169.33201375 586319.77968769 578776.8038816  591853.72331758
 592447.55820239 587497.24294556 579525.70560225 592272.33484472
 581466.02493883 582898.44221322 585742.86070642 593655.85476917
 587530.66516544 592208.31472876 577353.40330304 585992.86016644
 583257.85486697 585494.43777535 586645.95199713 589771.19885354
 588353.43545689 584833.01116659 590425.90121828 589931.05687704
 589213.31635098]","[5831596.09645202 5832018.61267141 5830858.98331694 5837129.10950583
 5852803.48051261 5830723.12170329 5843153.21042142 5843957.57148305
 5851621.69250865 5853793.88548209 5851167.52039285 5839847.71643113
 5830830.58594775 5835945.23679357 5831226.89775004 5831173.59778385
 5848317.47405154 5846956.78855052 5841000.20536862 5849828.2858269
 5842407.34034165 5831348.32832109 5833246.85512013 5834484.28532403
 5841134.18971779 5853348.60970183 5830972.89069931 5847536.68413531
 5840314.74210118 5832584.86306238 5831457.20777117 5852331.92473235
 5838408.87079621 5835479.91789478 5848763.45782875 5845139.12504205
 5845441.35268451 5841657.51600505 5835413.03059307 5843328.98470574
 5842504.18445938 5840032.98603493 5832677.87487606 5847242.90422739
 5839424.99445721 5837643.93272487 5833598.4052503  5849744.17937828
 5844011.57548186 5852014.22106262 5837321.70534212 5842359.58146778
 5834325.6985674  5836989.2923954  5833560.98416754 5846124.77975865
 5833893.51285392 5845601.0862497  5835481.24988709 5848728.82777838
 5839695.36532642 5850137.51396945 5844888.16392564 5841356.40815264
 5850527.61086817 5845495.08410708 5839421.85425457 5848421.4068184
 5845509.88270536]",6681.874660602188,7135.85434925923,7060.426187040462,7043.603837441055,6502.492204869822,6551.919729771184,6681.292814126287,6661.986219693092,6677.074071897222,320.9602136467045,7089.672386541488,-67.73094426021358,345502.28161770623,-74.89966837843897,6775.787223066961,5975.217103433237,8,wrd-HOM,Wind resource data
"[573454.05180274 573607.91032677 589544.88845125 586378.04486111
 579843.8795231  581394.65716891 585447.33057103 575425.96985978
 578282.35571939 576837.23914288 585064.80484023 586509.14020655
 574897.06800684 576689.99161724 590418.64754323 578561.77648292
 582223.9847242  574227.7097624  576171.55432786 583607.1272354
 577689.19119529 584466.2677494  587101.27944867 587435.83509474
 580604.67587694 575596.72387359 592129.70131467 583813.48918746
 592510.66196536 586260.4164178  593553.93914563 591104.73544086
 576229.01189631 593611.10037427 579780.71867687 582189.9579296
 590689.09822137 593495.81354358 578606.18116037 586930.08364445
 584705.20940349 591938.48091141 583725.24695454 579924.45582103
 587906.3763591  581880.02955284 583827.46374634 588041.41676252
 589778.62540901 584360.03124157 580405.98618012 593623.41226925
 586950.17467782 579211.57594436 589316.83259128 584405.85703668
 585446.64574428 589857.16177175 589207.9067299  588938.39622921
 586937.40328884 586695.77445148 582194.4762045  578228.69200011
 591544.3610064  582043.98784231 592958.0329924  585916.47124491
 590662.7515158 ]","[5830796.6923434  5831901.2397096  5853793.61571842 5852922.53148782
 5831070.62440398 5831193.43499421 5852121.32341677 5836263.3849089
 5830948.10113716 5839646.92974394 5831482.34193028 5831595.91418096
 5830680.74332751 5830822.06844262 5852236.11893318 5842705.65302206
 5847713.52106075 5833388.53177281 5837939.37086809 5831367.71674083
 5841484.81298936 5850779.88952084 5832756.59159585 5834034.76031744
 5845499.14448267 5832107.96318621 5840154.62526366 5849615.32756747
 5848386.57564773 5844550.74389011 5842867.25120338 5851057.58387913
 5835287.49163282 5844707.6590315  5844174.86710129 5846527.48019647
 5839263.97152246 5840999.6343184  5833359.68736457 5847127.13186186
 5847687.28243712 5849595.60976434 5841921.89526901 5839122.22537497
 5849676.9190667  5835291.38794657 5833530.44275302 5853380.22014979
 5844191.17400935 5839557.70795538 5841611.21576773 5846637.76907265
 5837882.83089311 5836722.05435391 5839800.22362889 5836749.30045942
 5834368.28489664 5848924.33340876 5852595.03492757 5847083.48738702
 5841161.85186381 5851061.42300382 5838508.95519165 5834696.28611317
 5843725.00837016 5844380.01499785 5847486.84629796 5835713.67126777
 5841965.67768486]",6677.178680056726,7133.441969899625,7056.8912273515025,7032.707090625988,6497.9329477809215,6545.51391548423,6676.591176745642,6657.36156582493,6651.571014880092,320.0790655292036,7085.933185343135,-67.70625794831248,345208.32869263313,-74.88346013484399,6765.256965091789,5975.978023749695,9,wrd-HOM,Wind resource data
"[582496.09478577 574673.75282879 587872.53044425 576123.07442937
 574074.69263615 577540.21512113 589545.35246968 574620.58078217
 583124.22586169 579343.66864605 575086.30307522 579694.01882752
 573359.30055628 577853.50382341 586953.05155395 574790.76199725
 587139.52054725 581500.19481082 576435.15670348 580357.92243872
 576876.51715759 591254.05321359 575602.19478211 583600.9847359
 593495.73888457 593643.86368703 581419.71663744 592535.44659386
 589696.85349669 590038.19330362 582481.07705818 584634.99262771
 593535.20220127 586553.47306143 588328.82281284 593573.93202202
 582239.60277587 591710.60914322 593220.74314005 586341.77102048
 591270.24263578 583419.41292288 580708.54723672 583606.38639787
 589603.56366395 585053.0246286  588161.47683232 587671.25533273
 579509.16173596 584498.94365511 590020.76935905 578677.65732334
 577790.06669869 583895.93479909 581302.84329561 581362.73192583
 587176.47811558 585876.0809204  590606.93019442 588775.77055092
 579629.73802944 587434.56636732 591734.25614826 592413.49814569
 585870.26112617 584225.0619739  586508.9883605  587430.32376537
 585706.43884904]","[5848085.81674258 5830663.30494643 5833382.8822258  5837936.77582768
 5833020.54345114 5841306.87866222 5853793.85117816 5834278.44778186
 5831329.19602349 5843639.63160867 5835448.59755536 5831058.5860874
 5831169.8106674  5830914.78393413 5853080.66727523 5831951.18982723
 5837916.17620089 5831201.9529684  5830801.93698101 5845161.74481579
 5839744.25523947 5839614.7289562  5836686.95937394 5849595.7062321
 5840997.2445058  5845765.59834766 5846613.9454287  5848546.20005568
 5839437.2509787  5852927.12351077 5839753.45183839 5831448.70198967
 5842260.45352416 5832728.08011331 5853459.08317929 5843500.18355591
 5832966.22671931 5849669.53503357 5847346.1451379  5835577.9060993
 5850766.58375802 5841821.28672557 5836732.80084735 5844563.85656258
 5846479.64626831 5836806.34357749 5851918.9008176  5849038.26452417
 5839754.85245452 5850824.57152071 5851346.18001265 5835755.12390834
 5833898.21671401 5846876.88612001 5843801.71086869 5834856.92147247
 5834422.2044398  5839089.01738368 5841858.97723154 5844873.81053797
 5841482.30666983 5847750.43234242 5843855.71141266 5845761.41164925
 5845527.27546896 5834121.60527444 5831595.96574325 5842362.8003409
 5852475.57364357]",6679.037668091489,7134.511781789839,7057.696377648876,7038.957916506598,6500.609776879669,6548.6962259327465,6678.454530562925,6660.774346680502,6667.3633582899,320.44759936485383,7088.299944807051,-67.64906360821477,345318.211023986,-74.83456812677443,6772.100555143565,5976.7862237148365,10,wrd-HOM,Wind resource data
"[573123.23907375 586474.49771919 581572.81060783 573521.33710963
 589515.35745126 581830.63409612 577202.67134593 583927.12853478
 589470.2649947  574757.11334753 579301.67634503 590205.10363027
 574648.47887156 585955.81035617 593495.34342744 576336.1247677
 592817.88391276 593654.96145113 574573.49369452 574920.74107623
 581915.52510229 585457.31503673 592472.64656067 587856.11079554
 591736.60217829 592446.11985199 579224.26848475 593495.25074609
 586307.71454972 586614.71052832 588753.94025613 584703.57318072
 577924.98809952 588794.20726868 590515.84646315 583436.22997216
 587140.22269245 576392.57755659 593545.46684077 582898.66583711
 575715.58148916 589955.24759437 592411.89627306 580600.71647975
 580461.07310714 577539.44343147 583522.43025586 585331.35732185
 585158.48655493 591184.14792514 579024.85964569 579082.83097922
 582208.61888923 592483.63153945 588949.62425102 588867.20539427
 590078.89815871 584168.97215787 590427.30189553 585839.34154524
 583233.51062431 587549.6590793  585846.14480251 582008.57964714
 583063.23145861 584978.81883851 582051.99679243 583686.42276683
 580490.94773949]","[5830559.21210292 5831593.06349779 5831206.72321177 5831693.35151334
 5853785.6060496  5847175.84611457 5839604.82533646 5849909.7192649
 5851560.89064813 5831780.71723804 5843717.19413026 5852635.7718366
 5830661.58884292 5852806.43092944 5844435.5142254  5838171.42175752
 5847530.5117161  5846104.64385975 5833122.60732044 5835047.59304279
 5832516.4367927  5836870.96996273 5848656.64823832 5833369.7139583
 5849945.38779256 5840384.96967705 5831023.33896837 5841052.6616689
 5832803.9948215  5839028.44635284 5853102.22302152 5851103.33773302
 5841336.69062221 5840856.25084875 5839365.66103009 5849039.63797761
 5837914.94211495 5830804.07504408 5842613.22527991 5831315.92536431
 5836951.71038991 5844995.83362269 5843170.58162196 5845493.48769387
 5844185.02627004 5834255.96586045 5844217.08270695 5847176.16123667
 5835702.8506663  5850916.13457057 5835806.14998754 5841103.72927171
 5846249.15071776 5846264.27887043 5844189.10131917 5842277.09432261
 5846682.35130392 5838316.32000441 5848829.42013026 5840986.67389985
 5833985.15662163 5850861.50345927 5843403.1306257  5835091.63463271
 5832771.1674601  5842120.81359171 5840205.79677388 5840561.28274152
 5837136.17407143]",6664.048207072677,7118.05445278911,7038.247137429725,7016.767456813008,6470.960979373233,6529.553983651172,6663.4340600264,6650.930832671552,6658.747392135755,318.89471393693054,7062.724381763418,-75.74652207750451,344481.5860174921,-83.78768186122042,6749.045171860718,5811.823659403577,1,obj-LCOE,Objective function choice
"[574960.2268857  585651.32353883 574198.32030411 580064.70191236
 585945.64745695 585142.91033759 576997.4314061  577476.85580539
 576025.99163978 579201.89555669 591289.71825471 588536.82476672
 584559.91057811 579362.48198776 582460.77065099 580113.26972994
 589907.69754424 589540.06676374 573169.23695744 576538.18565814
 581608.06584124 589204.98597118 593554.85178389 593494.84435075
 593518.58985256 582304.59151878 590574.15715815 580814.43359413
 593526.52904234 575051.35031318 581803.24401375 578203.50003925
 573493.39189053 587611.06317916 592765.59887259 584819.54845966
 586206.77033257 590954.12516437 585359.82446557 588989.73664376
 589912.13171278 591526.74272427 592464.43180834 582932.72919839
 586085.95786792 586615.54993658 590404.47874178 591266.9205081
 589434.52031293 588313.93080689 580363.3863434  587265.62207518
 589710.38932456 586294.7450813  585274.82965323 582338.49710265
 584931.15968985 581038.01015533 578800.12932131 591193.2283774
 584304.24728934 584172.64062514 577709.32015682 584149.44249944
 575701.17230945 586623.24793957 581411.24874307 578491.43421996
 583407.04449704]","[5834815.97931675 5831528.52692917 5833305.07150084 5844760.52321507
 5852801.81567563 5851704.94868617 5840034.48728642 5831562.68093566
 5837171.84950647 5831022.54086509 5845372.33483314 5853516.57058901
 5850756.36827634 5843496.79054863 5848034.4611158  5832302.20059712
 5853158.12193168 5849597.27966478 5830601.01237707 5838932.65210431
 5846871.49970039 5839739.26539222 5842945.06127703 5841814.13572748
 5844601.87600765 5831326.49475525 5851986.22116641 5845784.56598219
 5846809.47241529 5830693.46616913 5834088.30086303 5838853.22697248
 5831626.27217622 5833171.25414199 5848143.8063026  5843917.4156897
 5840560.5039375  5848939.08618089 5837581.72000209 5848299.97617712
 5850782.01044739 5850313.54405441 5840927.30110874 5838099.92409127
 5836027.32626789 5838833.54142836 5847311.73563522 5846425.81362994
 5841449.29901545 5845511.64956007 5838938.55163842 5852044.1130442
 5842931.09497817 5841745.26556306 5839601.77259275 5835670.09821808
 5832584.65764292 5836535.27471524 5835751.83756774 5839594.94797781
 5846120.48341441 5831411.51947064 5834375.9960016  5833634.11402567
 5831755.05424425 5834298.16560705 5842191.02947077 5842147.40675416
 5849306.69504559]",6666.92634738746,7123.954047652041,7045.615408795804,7025.500234455726,6478.3864677436895,6533.895053904138,6666.328946412574,6650.159147311767,6667.589099893594,319.0833251719472,7062.6162064886685,-75.78716851885773,344643.71947946696,-83.82939476425992,6757.03118614224,5815.337968905378,2,obj-LCOE,Objective function choice
"[585308.54061568 574184.86153264 580134.1508802  580328.06282267
 575572.03869593 581782.53046208 582743.43378424 580139.76617697
 574798.4220966  590052.69451596 574692.18523784 591592.45427252
 577256.48156297 576836.66711319 585287.77216584 589854.68689978
 577101.13913325 593439.52145338 581329.78061819 580940.20186402
 586296.36640833 593593.88806857 584368.36544137 589629.15006991
 584113.43549506 593280.62868947 578737.52785384 589612.29190656
 582613.1700815  583614.28352305 586165.88372357 583301.18989284
 582167.91173027 585912.10594513 580505.09349338 578037.48625593
 581326.2332085  593638.09219991 580624.17475893 593541.77389198
 586065.00342515 588711.32447781 585905.84015167 590453.82838737
 581869.17002758 586852.64051949 585108.93044155 588239.44759028
 589959.04898877 587640.36593999 584519.3147243  591182.43069781
 591618.07748042 586700.12227814 591231.07907582 582782.35371655
 584547.02460101 582646.73458863 587271.22950772 588134.90921152
 591333.79687781 579841.85730599 578638.7806733  592735.27279324
 589110.62981378 586509.19472073 576255.42609241 585180.35324312
 585946.82933436]","[5851931.12880508 5833251.40742677 5843452.88021944 5844929.91274741
 5836146.94468698 5840664.01746937 5848396.77413007 5831093.8171388
 5830939.80072826 5852775.13504034 5831986.12851021 5850202.24325825
 5840240.80558396 5831758.11556957 5839365.37906112 5839647.17994656
 5834219.08142541 5846961.82806255 5831187.78308385 5837346.64091837
 5850549.90330328 5844171.81576742 5844364.66604997 5851849.9164076
 5841775.47574209 5841539.85019793 5831233.60752629 5853675.94967987
 5831288.83496773 5849614.58163458 5847330.25995211 5835346.01426203
 5833031.09547432 5840821.55663148 5841586.52171165 5835454.04879346
 5835602.20809509 5845558.64664955 5834136.39822558 5842564.55983442
 5841995.63864974 5841700.5782029  5845764.7894567  5850921.53752257
 5846918.26366297 5849133.56221899 5837235.68480926 5846947.848485
 5844151.55446811 5843420.45368009 5847972.75540564 5846788.16166648
 5848825.53194884 5838675.4108774  5845414.57887908 5834023.36745733
 5835041.81315761 5838367.24870145 5834280.30963577 5845448.89409
 5842850.71953028 5839924.5099623  5836598.54022146 5840527.65461455
 5848537.32997646 5831596.07361314 5838254.35703242 5831491.46804119
 5852803.74001605]",6638.017374827869,7110.5184893869555,7028.5165730825,7002.622633397984,6432.340110115007,6496.204429171137,6637.380213442704,6621.976682542016,6627.922503595874,315.8972375344089,7038.346866010321,-76.05471707132281,342874.1422542198,-84.19284127499213,6722.880011365979,5787.224950181963,3,obj-LCOE,Objective function choice
"[581100.87244227 593508.16332128 580781.4846207  576727.26455346
 586509.40725847 575418.63109519 588337.34327916 578587.57899462
 585026.4446619  582722.32538474 581845.31934947 573530.30864575
 588783.53956854 583203.67101005 587808.96777602 589419.50244822
 573354.71251054 578844.45047507 579654.32969956 583490.85759377
 578256.61294529 590395.62244993 575584.72995409 586035.42205755
 593470.13584181 593549.68654348 591419.42437363 581485.2828142
 592529.78678811 593283.62592392 588549.39602751 593590.79616943
 588940.85667874 585022.71831075 579752.26935377 587193.99286554
 574064.44980256 577159.99305796 589136.68171576 581012.136592
 582627.21430955 586930.6690685  585786.99667368 581518.54858098
 583656.65690756 591710.31028542 591709.32057491 591998.19507069
 577252.28221834 580228.94597405 581997.20889496 584430.55282729
 583663.34990857 577202.54522244 583790.22143175 588198.13364591
 589448.9421646  587128.285513   585287.72792607 578284.88209074
 578036.73138717 590338.46698085 581766.32735341 583000.70411432
 592884.42646502 582011.92049492 586924.34657695 584840.59341007
 591049.37051891]","[5845780.873555   5841405.91042095 5831144.30884263 5838250.63820668
 5831596.05095146 5836234.50168044 5853461.32507935 5842191.79115304
 5851544.24140805 5848383.90665868 5831228.39184808 5831715.04815894
 5844892.50139556 5831335.15410441 5833394.50057661 5853759.09952282
 5830580.45537281 5831003.84233405 5844092.62374554 5849445.90312326
 5841131.45954455 5851714.10851396 5830885.20869223 5852827.94331685
 5842963.60249035 5846767.76489604 5850505.67209525 5846701.41674109
 5840401.21284264 5845262.03533578 5849219.95020325 5844042.23020132
 5852180.92275359 5831478.66896662 5840350.15382482 5840237.40076055
 5832996.90936629 5830859.47500763 5839848.75237121 5844757.02441254
 5833422.29688051 5834788.48466266 5840192.20656107 5839794.73867967
 5836210.85649028 5846214.66847594 5841846.27368713 5849485.55004264
 5833263.91702436 5837435.25819692 5832394.84712631 5842546.05869006
 5843438.4131829  5839228.24196825 5840335.87584094 5843525.85984086
 5848249.84120835 5837935.57697602 5837178.4742393  5834387.40412902
 5836708.19219376 5847316.16169303 5836801.35746329 5834383.06266698
 5847805.40888441 5835395.99664317 5850383.3296725  5838574.45641616
 5839597.70663681]",6663.5644826103735,7120.529779551247,7041.013467940546,7023.759638821502,6469.539757364229,6528.957452075534,6662.946396548578,6637.999833986952,6662.559328935941,319.2397007670901,7066.458481172276,-75.710093098198,344456.1055140461,-83.7475012400643,6746.583856249542,5812.714525690787,4,obj-LCOE,Objective function choice
"[593495.76708628 589584.11178678 587661.7866928  575179.47195967
 591384.57541708 582991.72125896 576907.44515016 583498.54697482
 584177.60951051 584979.43368245 580805.09629298 579694.31237716
 592217.50561318 585944.69814017 590712.16936037 587287.85888994
 590683.08648463 593531.01564243 573836.30431689 580434.94427006
 593031.87104244 591899.89306871 582069.44889189 580033.56741776
 583332.33480956 592938.24992012 578703.58948429 577878.23374063
 588994.86588527 587499.95842373 586509.30473126 573121.24745389
 581764.74896408 575168.03727698 593379.61668703 589400.37770769
 582632.54144103 592935.19200835 592363.49036821 577682.03656349
 585270.65626209 576336.71144319 588834.29579655 587807.48373977
 593668.95306601 586434.59355587 586575.62836169 583141.8590744
 584504.14016182 587763.02324188 581147.04317474 591125.37106383
 591399.4414265  580755.51667605 589718.32344396 579611.5687213
 588560.82210048 585509.77021895 584642.44512708 583309.89538329
 581756.37715571 583222.30010449 577882.70626813 582535.95672974
 583187.7946314  588219.42343692 583944.48305975 574302.74836513
 578491.5500511 ]","[5841017.36073339 5853725.86482854 5833211.3582962  5830703.29191732
 5850565.16928104 5831318.70222105 5830839.86975879 5842683.52086561
 5850378.55614681 5851481.13391245 5845716.53796014 5841399.46237606
 5840376.52437991 5852801.53896172 5851746.92046622 5834129.32952632
 5839260.02400775 5842126.44302238 5832444.44300208 5844551.34398238
 5845492.33615748 5849396.79132231 5847502.13684199 5831088.08722762
 5849229.31608288 5847730.58881855 5842898.926639   5841756.74689722
 5840842.20392827 5851474.98599571 5831595.68357228 5830710.78833041
 5833398.95454482 5835552.86808966 5844158.76067678 5852728.7777371
 5834472.3044708  5843075.32861681 5846642.92426599 5836156.99796518
 5838278.11288511 5838446.29985576 5849987.12762287 5844364.6166336
 5846547.76936102 5840269.46167003 5835313.47240608 5835366.44889513
 5837011.44017987 5846235.18363032 5843242.56020201 5841426.83226877
 5845494.67810281 5840201.25774862 5843450.2289326  5835115.23064043
 5848106.91759528 5836433.61168142 5841779.75168907 5847157.58957868
 5831221.9625107  5838086.8321421  5838600.41874054 5839566.063439
 5832571.9727613  5853428.42343136 5844987.92240866 5833536.7048221
 5831111.90108567]",6662.0049876797975,7122.229687248527,7042.255744937655,7019.304517846765,6471.641632367775,6527.641199858074,6661.399415967986,6648.733246406922,6660.449004962059,318.57950871426755,7061.358713063575,-75.77599495128264,344309.00686856185,-83.83658465408101,6746.279224517701,5807.3240293657245,5,obj-LCOE,Objective function choice
"[586976.26370195 586508.78837132 588556.93455087 587672.45263044
 578547.85565    580119.66034252 574267.95485842 593369.12090821
 589544.66293743 593619.73444744 582681.18636428 593576.85335922
 574782.23855876 573942.76381849 584570.01843856 590444.37507593
 585292.25049496 580910.99908534 575930.91594891 575575.21340388
 590990.66499295 579103.78513654 588336.40682706 576801.6009478
 593518.27881732 592907.64521229 588618.29107999 590340.96099994
 582894.76876833 583835.67513003 577186.97792552 586641.80338592
 580775.30307721 583831.01524807 581971.91777185 586293.18349582
 593174.39657399 577615.88336547 587019.07422496 589320.27608411
 584241.8556955  583737.31660248 585910.37435149 577495.30105444
 580847.16933833 590074.74312682 579627.83085224 578192.41112935
 591754.94410348 590737.22448814 589888.233213   591189.55419531
 592022.78502926 586084.96370937 580731.49730462 576264.56471101
 585945.77277164 581590.89424739 582573.04332852 588112.58348632
 579324.67200727 584859.6527125  578015.3545127  588070.90247783
 583834.58227462 584565.71506998 587666.26226939 592495.78282615
 576699.90385705]","[5832655.66118677 5831595.99273502 5853521.34309097 5833678.33523482
 5842649.12914552 5844834.45329111 5833484.68916039 5847083.78617649
 5853793.55401711 5844966.30555708 5848338.59339392 5843625.82186831
 5834717.08210406 5830847.7873605  5850921.54616128 5839499.97549769
 5851905.81728278 5845916.87484703 5832800.72634644 5830734.34298646
 5851256.22880909 5831012.83277955 5848965.05404384 5836532.66006685
 5841732.50445157 5846195.79625428 5851336.01885952 5849503.83843417
 5832532.69224189 5848641.02831387 5830861.98242399 5838787.65551547
 5831144.32468923 5849910.73330357 5834239.6191549  5840026.79679651
 5840799.113674   5837646.38027596 5834655.01916168 5844081.68753917
 5831417.50709956 5835806.43026204 5841029.55487118 5840242.72075248
 5832808.22969945 5852778.09907687 5843959.20994568 5838817.03013737
 5840198.19271145 5846830.91908631 5841198.53520815 5848048.45538577
 5842470.26440203 5836048.96661163 5836844.89278969 5838275.97725314
 5852802.71336615 5846847.38177708 5840612.37054392 5841973.27887972
 5840459.37186986 5837465.27347155 5841474.23422145 5847432.53785058
 5845857.56846058 5843771.06759351 5845936.90738389 5845275.85444973
 5834602.69928254]",6665.2225337646405,7121.036677678241,7041.57094862633,7021.5642912613575,6478.522196429412,6531.611153599365,6664.6130678047475,6646.577512688607,6666.283642617451,318.83763466368265,7061.310449671706,-75.80235279745006,344540.00231986673,-83.84386017263496,6748.0690114716635,5814.274445798909,6,obj-LCOE,Objective function choice
"[586509.20561686 583134.16892589 580828.36301983 578364.8825219
 592061.18244762 585477.36481483 586956.96282123 581772.61978458
 591555.42198986 585217.10336903 588367.91685869 577955.58062476
 576539.56320463 578362.15094065 593389.98163375 575500.77203642
 586299.74546063 580063.47120722 586260.05015089 590073.59477645
 573571.57998923 589544.65528894 577633.79648568 586209.43799958
 592757.33764193 590695.73137892 585982.51509109 574499.77639938
 574846.86715633 581467.58438318 586036.25781305 593665.50736256
 574861.61282149 583204.44308134 575962.5827386  590120.72878008
 587115.19775324 586009.2205043  582250.23165886 573871.26557525
 590622.3929835  593466.31402121 589904.88118165 576441.17566179
 576964.81025184 593432.35775853 589148.2649033  582350.59104079
 580656.22274262 588164.04605044 580369.94836166 579571.10106136
 591585.72075923 588718.94759189 584603.95067699 586003.37057103
 578505.29883291 588549.67033069 590742.99378463 583578.61566578
 584712.00872073 584151.12567817 583567.09479906 589061.22769859
 583939.37739022 593182.91231679 580310.81798073 581079.46015128
 590777.57294175]","[5831596.19819272 5831329.94793219 5845769.77708503 5842435.93172349
 5840112.61777581 5852162.00910664 5853081.4105575  5831224.88859982
 5850264.61115965 5831494.35348549 5853153.91309162 5830922.39001614
 5830810.15198966 5839997.92730762 5843241.33534955 5836442.61924001
 5833140.30235313 5844439.27824914 5850586.24062766 5852865.18181369
 5830664.48216116 5853793.48421111 5841335.02818603 5838770.63432759
 5848157.76827259 5851773.8871143  5834485.5466475  5833765.40135389
 5830816.11468235 5842563.71280263 5835937.40558381 5846439.40593623
 5834866.06576593 5849054.25843315 5837548.06876206 5850073.48223355
 5840077.04215066 5837762.38987988 5834731.11679003 5832532.74752921
 5847278.10652826 5844380.35311649 5848885.81469895 5838665.01660274
 5839955.90461446 5841441.24669365 5839940.4740602  5847853.53920173
 5840296.04966084 5842269.70281608 5831302.21111837 5835501.76007917
 5841719.00348175 5845929.91254678 5846989.32260173 5840924.03244648
 5832024.51876993 5844377.79166365 5845880.3114949  5840221.84073537
 5842487.99014887 5850348.67751816 5835907.66418528 5851232.73755874
 5845103.22312257 5845563.82261121 5837018.25226366 5833884.40137125
 5839321.31203378]",6671.8492154365285,7126.76456004576,7047.86548754003,7030.120330980332,6484.778248769405,6539.819794252289,6671.254060085145,6648.962683508909,6667.712582370955,319.75390991110504,7074.071302886985,-75.76730159724875,344920.0396846113,-83.802114254797,6755.465431536855,5818.841500907519,7,obj-LCOE,Objective function choice
"[590489.45820916 589542.70481626 593095.59237194 582678.20484785
 592754.71457887 580965.08915236 589074.61688725 576208.11891621
 582719.80974928 593546.84399055 591898.90722458 587477.14294436
 575540.85238344 582775.80165879 574419.18305627 579982.01997368
 590160.95502848 586008.74123348 592502.61485272 591449.89447492
 580741.41416349 573199.87146373 585245.470398   573810.77288321
 583609.39846995 578176.6550682  577918.90060311 577358.06244064
 587137.37780238 586508.85405579 587965.94796862 584364.62952278
 578608.43171804 577926.46384266 593512.75301181 589220.50497886
 581960.86681559 585147.27311897 585654.83306515 590802.92679499
 586327.88126216 578760.21927233 590695.32787094 586518.07330119
 581157.00653645 582955.73563021 585599.57567155 580409.63256986
 585747.70457361 577080.12625028 592458.4399322  582616.63146335
 584208.80061505 579638.12131969 581596.65161798 586851.81436112
 588005.85580602 591081.13893167 585814.29686812 588546.92707939
 592512.50718146 585051.48145513 584779.61589188 578372.43767678
 585520.74309541 590522.42148521 583654.05452413 582213.18587053
 579856.55118634]","[5852137.20693152 5853793.31042721 5845684.72983851 5831294.84047812
 5848000.43405847 5832411.23577634 5839999.84336687 5837826.25178758
 5848391.56723081 5846773.07513069 5849058.55589393 5833061.46291122
 5835282.57345394 5832594.84905531 5833612.48190911 5831081.39895254
 5850830.73615983 5852820.83899975 5840464.17834491 5850093.16402163
 5841914.37893276 5830741.63326607 5851844.7131204  5832383.23983406
 5849606.58688272 5831106.61583582 5834237.33361006 5837033.16262993
 5837913.30103374 5831595.93511691 5853358.76379117 5850637.62719659
 5836444.93595712 5841349.10041445 5841574.3429633  5851708.02415562
 5847353.81472961 5831520.69176427 5833034.33613197 5843889.48238528
 5834306.2043601  5842903.02600555 5839269.43038615 5849597.58545112
 5846079.42631711 5845024.04638471 5835528.53301919 5839037.80099296
 5847352.00068264 5840227.55214854 5844559.5048159  5840910.24706018
 5838073.82053021 5834764.19410226 5838312.11532106 5839525.85461506
 5842841.74880776 5847255.62603347 5843607.71156782 5845826.11429542
 5846924.42297232 5840890.95610784 5836755.17222396 5832541.70338247
 5839051.80961578 5842455.31057659 5842871.08659368 5835292.54414627
 5844224.06311921]",6656.667076256892,7120.861396934942,7040.842436876213,7017.738996414326,6462.382589820703,6520.8377830443405,6656.0629365048835,6641.896073239785,6673.1408693114645,317.98011694705843,7054.270238979207,-75.89181958117564,344014.61434412433,-83.96924932595095,6740.681691764654,5806.551818590153,8,obj-LCOE,Objective function choice
"[592908.22981389 573178.79381792 580811.59356816 590679.86560432
 580647.53051473 582671.92691764 575629.2663167  577010.54023369
 586509.41274162 588133.84384669 593423.23145327 588858.59606874
 582297.60505197 583557.54254695 573673.8128264  576708.54617543
 585406.79021855 583933.59545644 593444.93134977 585428.76692008
 574090.29085006 575881.37823617 587895.36230026 575062.15952179
 591418.74368795 581064.07878469 577862.60889752 582188.41631571
 592653.49765289 593641.36690507 589544.84900275 584457.21297543
 591782.74824827 590101.42367583 591541.8674155  590380.89443158
 588721.95358593 586146.02559367 581357.345758   577400.54841542
 593596.52284128 585150.21522127 587397.74330437 582745.82639924
 583140.83347238 589075.50156076 580091.98375067 580917.68365829
 584196.22999609 584315.02704676 579504.06090747 585329.78599385
 591403.78400903 586535.4322919  587007.06998375 589313.02782121
 583733.57468635 588932.42535836 589990.68801271 590474.44140702
 579424.37516991 587397.80668679 589725.38851029 580368.29947463
 585999.70178087 581204.23729665 581430.401628   579106.37138916
 584304.90615384]","[5847890.90697638 5830715.9789554  5843643.53213223 5839581.03077656
 5845556.19190762 5848286.80888863 5830738.52257694 5832207.89560205
 5831596.19401363 5851515.89264753 5840952.9630632  5852884.19080243
 5831264.53533495 5849534.95267904 5831578.90570012 5838081.33520494
 5831508.78390929 5831392.68010605 5842214.62992029 5852095.65619849
 5832867.89516719 5836744.31089415 5853339.67375084 5834683.71035915
 5850507.26663341 5831166.80216488 5841651.54388749 5832457.19547005
 5844609.22503266 5845692.01589203 5853793.90034031 5850766.40272913
 5840355.0906934  5850917.77483795 5849201.80405184 5852326.98377115
 5849209.72318295 5840327.87651807 5846526.69886497 5830879.70037451
 5846686.13469549 5838940.31945951 5833560.32439585 5833592.14480047
 5834945.51933227 5839970.3100055  5842133.22121169 5832848.57208742
 5847407.86241083 5837432.3599244  5843993.72443361 5844037.3135883
 5843118.74151025 5835375.10363077 5838148.46225774 5841906.81823819
 5836366.13434907 5847358.61524123 5845379.36102878 5847010.89058025
 5840459.3991222  5846072.71515856 5844278.50041222 5837241.19292593
 5842406.10952794 5844733.44490576 5840356.32637391 5835078.08893446
 5840479.80447289]",6659.150560853915,7117.799424717496,7037.977300332378,7018.873624891927,6466.728601411411,6523.322417727019,6658.534798829708,6645.611206382572,6660.023254733005,318.39402163964735,7056.60669967936,-75.75697275803897,344158.4819726062,-83.81626981102697,6748.907559240024,5809.110859682695,9,obj-LCOE,Objective function choice
"[581104.77735104 580686.35857995 585892.11680456 589545.26436624
 582820.70339499 583047.76173772 584865.76671273 580765.62055164
 575130.31570683 585300.13888953 590288.19880886 576821.86170044
 573607.40724939 579048.12160786 574552.44892344 583184.665893
 580960.22912674 577032.21116596 593037.80201736 586985.71185397
 592405.49379746 593495.91257745 593593.64057009 573970.37133305
 589140.64210909 575170.01772354 587776.81460379 578177.84440856
 590456.96767058 592899.10001923 575844.54904405 593445.28523361
 581826.25231806 591562.24045675 592349.61489444 585952.70090243
 582832.04704604 582106.67934285 590713.03356932 589326.18490562
 585132.64953577 578639.87384708 593529.73093235 583937.46070423
 587926.72571725 590012.28203933 577536.59915641 581781.51465291
 576867.36821826 576488.15811738 588268.85085483 584708.46746806
 588284.68928894 592385.1537447  582047.66333216 587808.36957138
 586133.35575257 591156.06089989 578773.03191426 581487.65715928
 589487.22509681 581952.53203046 583973.81187834 583571.35101459
 586509.4883213  587223.52288833 589804.62173708 590715.92562073
 580776.0839057 ]","[5841676.86351497 5844281.63872624 5849544.2627951  5853794.01461599
 5831305.64182557 5848840.05287036 5850963.119905   5831143.00915657
 5830848.68468855 5851920.14957958 5852489.77089083 5830833.28778478
 5830593.09479782 5831007.6515212  5834166.65095756 5846626.93567797
 5845699.93306026 5840118.35520092 5842411.72612045 5839808.72059336
 5848773.58009714 5841002.80436306 5845742.41635448 5832746.51770018
 5852865.36238261 5835648.60402229 5833306.30007231 5842180.63450436
 5848924.55923102 5847909.10697968 5836950.57825085 5844480.94293751
 5831232.37147739 5850255.2478166  5840339.63209434 5852804.7548738
 5834193.88560171 5832889.89836577 5839278.4075436  5839557.16572213
 5837384.05194511 5835086.20879688 5846801.46050599 5847798.88389442
 5840600.87066704 5851257.84580141 5841303.46631346 5847055.39699658
 5832753.02219053 5838053.59824548 5842999.09543264 5838574.15027476
 5846970.20429668 5843496.84956678 5840441.99554011 5845722.56729646
 5835966.35605566 5845089.70212372 5840708.63653931 5837922.21407614
 5844407.72675724 5835651.27496376 5840352.75406681 5842956.92011749
 5831596.25514904 5834347.78854919 5841159.05821826 5846517.15807298
 5835671.55859669]",6661.055151330881,7120.060918463606,7039.047493460571,7017.597686357903,6467.480910932611,6526.739886109596,6660.444876474155,6642.2086471940465,6641.265279005376,318.675531956186,7060.618159611324,-75.70849133795993,344283.19135975285,-83.75623791614495,6743.82718977536,5810.857647428774,10,obj-LCOE,Objective function choice
"[573042.1802593  586509.21338035 573704.53900007 587864.31360999
 589545.05711657 582555.76060453 574214.05319494 590524.48561851
 576459.05310423 578272.541591   585947.77498335 574238.81603117
 580920.87105359 574954.37115155 593645.37493156 582395.80796401
 575622.87371564 591815.63110981 588301.30410509 575879.6281238
 586790.30390379 591974.76811719 580606.96808801 585034.78317157
 585352.65834799 577143.32248987 579711.82576656 591047.47882721
 577681.61324072 586737.20953319 579074.91692491 583602.144755
 593120.34078572 593472.03325972 593156.38627091 591026.2923224
 588780.60817247 581982.63078651 584347.45511171 581700.95032344
 587570.75606401 593562.83637723 590615.64217589 587096.64104101
 579332.88492713 593593.90110428 578195.73960519 575461.08515817
 586588.24095208 588657.83815551 592338.60808751 588058.28080169
 577835.91635281 581575.02388082 585011.58794111 586804.01227176
 583196.0550322  585119.53422376 589504.09444834 582249.21321963
 580307.58183337 583172.34386037 584258.30617946 586588.00271222
 584332.38779281 576953.76152149 578900.66466466 580401.77104668
 590261.22592851]","[5830541.44376312 5831595.6885973  5832131.52340757 5833392.11094876
 5853793.67964825 5831285.64400327 5833350.92720484 5852074.76689118
 5838743.16432184 5842309.88401595 5852803.96750592 5830629.03672303
 5831156.22124095 5834742.09127626 5845806.46335793 5847948.24640559
 5836736.92859084 5849810.78593569 5853451.4535954  5830758.13426288
 5834916.61405753 5840060.02452017 5845502.14000982 5831612.23880585
 5851991.96624033 5840384.73519205 5831060.22751096 5851158.40956144
 5830900.13763607 5832563.02735503 5843407.19940914 5849593.42155523
 5840765.42629546 5842102.23808842 5847455.37661003 5846853.54558715
 5852173.61334041 5842661.93855427 5850617.12669741 5846858.73236289
 5850608.17776393 5843145.01526937 5844802.26462634 5848255.61223748
 5834967.38723652 5844141.22168156 5837859.63774997 5833103.19151125
 5842776.76656636 5849590.93345475 5848893.40350389 5845666.84332668
 5832845.70285544 5833755.85449918 5846799.92989255 5837796.43136897
 5844179.14440094 5836807.67960368 5839753.66963952 5835137.30354079
 5840520.49809426 5840416.59898118 5845629.46608955 5839276.5309747
 5835709.73772254 5836329.42609261 5838890.99957095 5837030.65480926
 5842511.64266085]",6688.651115900407,7133.672676487503,7057.799597721311,7045.2893406839285,6507.670407627504,6562.548509097907,6688.080116500716,6671.080505913831,6691.1288413047,321.7905444240695,7083.996083158752,-67.57325039644651,345969.868208178,-74.69997154925692,6783.914288631488,5986.21223887282,1,obj-REV,Objective function choice
"[573108.04524684 585208.23034537 580353.68044594 579278.83441723
 575691.49002265 573608.13556923 582068.74976309 582577.32849323
 577742.64554865 589544.558829   586508.80643579 583587.66633767
 582738.41898181 574255.37790197 574096.79646642 590681.16703302
 576699.36071243 576130.09533841 575180.10944707 574675.77055458
 577159.52620352 593484.67769732 585962.9006658  578484.60278083
 590489.31331536 583984.64882877 581252.1960454  591322.90468204
 591961.65505213 592794.15169981 592285.12592541 575714.12210609
 576941.10759371 587515.55404856 579542.90693939 584262.41147884
 581089.5202828  588331.40619992 587061.4060275  593660.80752346
 585226.82656236 582579.72517542 583257.55946892 590836.06139053
 593602.9906328  586122.27014696 586993.1344202  593477.56147888
 583906.82949684 589055.32176085 590330.31706891 581949.97087205
 578196.64570222 591139.51426687 588175.92433873 586943.84907247
 579237.66600149 581492.85621596 588925.57582624 578708.92529703
 591732.00857449 585110.71888345 588790.58551518 586902.98485284
 577575.16301446 584463.01211317 579789.15625334 586623.03162434
 587341.78910132]","[5830618.92397108 5851793.69964827 5845152.81287415 5843685.40333228
 5836901.64046011 5831900.3785174  5847419.94400384 5831286.55860973
 5841584.8597477  5853793.67866884 5831595.75453361 5849480.32422626
 5848416.72577547 5830630.08156289 5833073.47491615 5839259.15192141
 5839081.90959881 5837952.84322119 5835673.70238196 5834243.1909174
 5840421.63970022 5841325.40142318 5852807.94069679 5842599.56307572
 5852136.3596379  5831397.62734988 5846383.8887637  5850674.77186633
 5849222.83915729 5847984.96837435 5840251.27316549 5830744.89602402
 5830988.38099891 5833094.17057682 5831046.75614487 5850500.98261579
 5831170.43566975 5853400.52657564 5838053.17005955 5846290.95638474
 5831623.26469018 5839716.52345572 5844957.64722188 5842347.1642675
 5844439.90424447 5835671.15912398 5844384.15458605 5842973.76819727
 5841691.79553475 5840945.63767479 5843579.2735783  5834947.92061888
 5830941.06474068 5845176.49058903 5850755.24529    5846715.66815981
 5836996.22447544 5833196.18638678 5849876.95336829 5835104.07510662
 5846581.27846002 5837155.0275549  5847485.22532605 5842643.90651277
 5832621.00095617 5839227.76649331 5838696.26350406 5834446.22833004
 5852070.62005348]",6694.692639179652,7135.862026702584,7060.295274852571,7056.397908086059,6519.393499672816,6571.057454172243,6694.116302173833,6666.975352434817,6675.215312378339,322.82010692880357,7094.543312034249,-67.5492961092967,346366.3930282802,-74.66055130703744,6785.67849372812,5988.333424787963,2,obj-REV,Objective function choice
"[573123.77540462 574184.15880495 586508.49539735 589541.38948498
 583584.53826306 585968.46354248 580798.35156777 585226.14858758
 573583.03642698 575315.97585598 581662.81203056 585132.87770627
 574775.37384921 584288.65102439 575770.23899798 588493.57988444
 578579.05772786 576335.71619924 591986.84510417 582570.97862012
 579572.19305663 586612.01778809 593202.80518733 577947.91786818
 582365.49801361 576300.68386493 574813.31904832 580930.36618317
 580488.1298449  593555.04104726 578566.66729005 586843.36326815
 579763.04468654 593381.6594992  593619.51498881 590119.29987307
 577782.97943011 592085.34388869 577054.81854683 582308.5366416
 590100.07057785 582961.50351746 586259.25026556 585304.04161602
 584303.67859002 587791.75688904 591325.16890848 580549.41888401
 583075.58623479 590590.40878265 588499.73216813 591730.33651866
 591496.10906137 588248.45837684 585140.65680846 576384.63174346
 588898.26890444 578149.09605283 587844.85867546 587947.89118936
 588753.34381535 582414.9345169  591656.50481606 586209.44909792
 579001.06723957 583098.90145232 587293.30339723 592711.42926291
 586223.2274956 ]","[5830591.80074012 5833260.96962668 5831595.77352884 5853792.77132966
 5849573.17892695 5852809.8648353  5845764.07634094 5851818.6532362
 5831840.51771048 5836000.43854187 5846937.89500215 5831487.19661802
 5834678.42551446 5850536.74195115 5837089.13439177 5853503.71750742
 5842729.08790003 5838243.40753593 5849303.23748699 5831287.58239725
 5844086.07327652 5835262.7043746  5847377.44822886 5830920.96474128
 5847906.70157046 5830791.50484997 5830674.60524963 5831157.99266578
 5842826.17016782 5842916.03822166 5840572.32236677 5838100.64710544
 5831064.17618174 5840926.77931384 5844961.04531301 5839329.23584905
 5841434.4762369  5840196.91788359 5839343.80192098 5833354.29711494
 5852819.35438134 5839971.26154556 5833824.05415448 5845398.30907746
 5835540.46376644 5833502.04495997 5841624.749718   5836418.62630941
 5848717.37693868 5851689.81606166 5852007.53588692 5846734.90265848
 5850369.90856124 5850548.38089023 5837069.48904406 5832546.22491325
 5846269.11197825 5835018.74256755 5848651.97534477 5841902.29115962
 5844212.84558303 5842719.4795445  5844702.23414276 5832548.34715581
 5833059.79959253 5845748.95962142 5840547.61104839 5843859.955244
 5843678.78460286]",6689.724550546579,7130.541599873585,7054.486765962928,7044.204728979674,6511.473654377461,6563.892462662037,6689.146178384264,6671.107798839594,6695.993826989832,321.9652405959605,7087.935239754217,-67.62525912420197,346023.58532275766,-74.75785573099557,6780.457735454794,5983.591549124261,3,obj-REV,Objective function choice
"[573094.51735003 586509.48483952 585971.15670834 589545.06131311
 574124.5141945  573520.02333622 587833.91011443 574563.13824165
 577118.13652271 582778.82173729 581258.20217842 576929.56474432
 584496.42830994 585445.14156828 578261.30810131 591812.41037584
 585314.9659525  582983.83339999 574708.05161739 592743.57636158
 593539.01769778 590252.61079004 588281.71528703 578070.35563557
 575264.68917644 579298.3330442  577108.18686616 591117.78761396
 575779.34985817 590100.5615091  583499.0880094  593283.34277705
 580066.07791591 579363.38499219 593655.92642104 593602.1094123
 581494.19787378 590127.69480004 575201.77971165 577118.37716585
 584246.38227173 585218.6443814  579466.23951732 590043.3775488
 580940.78907762 580755.48282203 587381.35446773 577340.33803198
 587769.45716191 586796.29785118 591671.1787581  585774.87779992
 585072.04061795 592392.26044631 590473.94035096 580050.61335647
 586264.52716217 586673.83678951 584468.00400907 592708.03597328
 587531.72310853 586910.54373675 580301.17467669 585815.61396051
 582048.76441142 588025.74842992 580541.13915349 583829.51289446
 581855.38136343]","[5830572.09757465 5831596.09516198 5852810.6680824  5853793.80430673
 5833137.72096597 5831691.04429984 5833397.75072177 5830654.24610677
 5840321.07537302 5848441.24644746 5846271.92619577 5830899.56213272
 5850819.92777021 5831511.80641363 5830945.6420416  5839959.07447769
 5851939.93420073 5831317.82850478 5834539.12131445 5848183.23583987
 5842406.48010944 5852553.12119851 5853445.98270409 5842031.76693405
 5835876.98018651 5840692.70534739 5838665.24814302 5851034.48402157
 5837022.8561483  5839313.18666691 5849456.70333309 5847234.92135852
 5842214.05802921 5843801.43850533 5846139.09223241 5844402.13342963
 5831200.67707265 5847127.48339972 5831423.03163022 5833923.19963378
 5831544.20542351 5838152.59029855 5831040.60376943 5845197.94249205
 5839372.80475055 5845041.19171958 5843005.80052603 5836313.33459698
 5849287.57156195 5850743.56425492 5850061.0162859  5835851.68185997
 5848155.80786375 5841552.0805367  5841935.56792719 5836527.86198512
 5832792.2114724  5841220.48452661 5842942.97740916 5843444.61217591
 5846509.72811957 5834819.16211666 5832992.66195698 5839640.91513363
 5834847.6588506  5852198.7524326  5843805.4015144  5837020.184735
 5847133.07547061]",6686.271138782336,7126.410877544956,7049.432797373236,7037.2505473631245,6506.171413886555,6558.831434411195,6685.676345565126,6661.349956644521,6684.07697589556,321.5814107744342,7083.618363517488,-67.66167528875847,345843.7414201884,-74.82417329058052,6773.153825269096,5979.342601098441,4,obj-REV,Objective function choice
"[573458.04661413 576020.94276434 586308.26654421 573782.64846167
 574378.92291471 580311.99390938 584506.52513454 576665.95928556
 590073.48119551 583829.51637153 591191.95083609 578663.45040248
 577486.39072964 575503.0598653  575961.53244305 588592.79542462
 578231.99012501 585385.14061047 593353.37548049 587453.64342103
 575752.85274283 586069.58281427 587814.02770106 593571.73419596
 592165.55397287 578421.57196667 582816.38245216 593142.7023649
 581710.29745885 585923.52444168 583213.8708628  592984.99781403
 593530.84279954 580337.55810449 583742.14480664 583055.55407327
 580340.48752228 582453.38172687 585804.00022117 592074.25593676
 577206.06067124 578187.90044642 579893.94974905 588221.08167704
 580195.8301995  589298.45947274 587066.92139593 584594.48735132
 590339.6698777  586131.54588135 578492.08437092 586552.21049564
 584510.50161511 582637.33845445 589845.04351842 588104.37638285
 589896.5478459  581332.7283692  585000.67341224 590376.68691028
 586555.45102551 587517.09429398 586739.70988299 583870.56550271
 590378.37387046 590698.75173606 583953.4578384  588413.73684386
 579994.86663958]","[5830623.10031313 5836049.75108021 5852903.15427404 5832251.21680727
 5833620.88048293 5845099.21260949 5850834.89988091 5837560.06895601
 5852866.12775456 5831384.47753983 5850904.86466323 5842844.94546253
 5841208.05960639 5830728.7010456  5834015.14154381 5853531.94788265
 5831123.41127833 5833054.85515886 5847111.67366077 5833395.8657537
 5831929.22473212 5831561.32912658 5852194.29009136 5843438.51617551
 5849193.6600591  5836362.04845083 5843902.98789792 5840779.58953969
 5842677.33660979 5849733.25153723 5849066.52459466 5845745.28939857
 5842151.58476757 5841514.64320096 5845723.32567306 5833704.27389104
 5838724.98719785 5846922.79154524 5834570.58270122 5843446.9493275
 5838883.34387625 5840285.28180466 5835586.28878035 5850513.78681864
 5837346.49938226 5845732.84596677 5848559.69562753 5848028.91613659
 5839569.81452236 5835978.48932038 5833804.97589343 5841888.8356407
 5844556.06680519 5832369.02793348 5850799.58308582 5847200.3292571
 5848191.08136207 5840313.6287672  5839498.60867211 5841404.87050657
 5837761.3534044  5843573.46700561 5846036.38373417 5838029.43443774
 5844083.33560276 5846865.50550956 5835438.57213179 5840642.32765297
 5831549.61791942]",6652.7494894218335,7122.738266251263,7043.660996148987,7013.304591889529,6455.449278500997,6514.587532663798,6652.140574588166,6628.304042375711,6618.665652364093,317.0241690733576,7049.869657838739,-67.99794237508094,343776.3828673528,-75.23239050519688,6739.974530002604,5950.137429933949,5,obj-REV,Objective function choice
"[573100.96365635 587814.00167321 590493.20013046 589545.3824383
 574348.75029449 579285.08286911 583169.34024693 581561.73585622
 575071.75148605 584531.97700974 582495.0937476  577364.96612329
 581571.42629508 586975.10430284 574529.56429177 575667.28866202
 576305.74484507 576034.31482723 585563.2261604  582946.02897084
 580271.83645604 585946.78953951 577940.56423162 573972.16834409
 576846.64486591 591225.35199338 576591.44938569 584581.46581799
 584177.93674742 589436.48823304 593599.30337973 587397.35623634
 592933.34023196 591352.42792983 579954.83547029 592085.3166104
 586882.5494238  592527.45771856 586288.57662822 591491.19000566
 583256.04284086 586698.60351399 588577.86496352 577323.13059627
 583791.79814099 588583.04858449 593657.13995732 586265.12052559
 590215.71761144 579489.25485998 578969.30947799 581797.18165397
 592884.89120385 585502.9667218  585107.67874319 578414.99057005
 586521.47953126 581102.23110155 588007.30658992 580465.2909421
 584995.74754063 581882.75239944 590435.47290357 589199.36385566
 586509.44079805 587156.90050027 590158.19216028 592113.08240577
 578125.75327847]","[5830565.23913979 5833470.04305113 5852129.30024324 5853793.57708422
 5830637.40583502 5843693.11435432 5849006.43249738 5846807.88727808
 5835414.46769307 5831439.83909406 5848070.00423548 5840916.47079501
 5831207.43681525 5852195.96547543 5834112.06059603 5836841.8498009
 5838373.36631009 5830770.51090536 5851285.16212989 5831315.41621711
 5845041.72832434 5852803.39890809 5830920.51605313 5832773.25459194
 5839664.2464856  5839596.42834844 5832389.63533446 5844126.91485785
 5850383.87140273 5839502.83938722 5844312.4223084  5853202.96242076
 5847850.33426618 5850622.62052437 5831079.11045561 5849338.01681386
 5832578.5506021  5842132.7863497  5835646.83285309 5845280.5522995
 5833325.35597768 5838123.95801436 5849935.22442046 5833704.88297331
 5835543.57047055 5853528.6013346  5846169.36101325 5839660.94080148
 5846960.93250907 5838129.76818117 5836451.75040419 5841113.25927443
 5840661.3153245  5849090.10462408 5846263.19550756 5835324.30898987
 5847888.36392977 5839674.22377524 5844385.27324694 5834413.88880934
 5841892.78383673 5843977.84801523 5848906.26276684 5841980.90672928
 5831595.68479247 5834451.1312796  5843497.38217729 5843888.34816989
 5842108.89555773]",6683.695727507623,7133.58976262602,7056.366802033493,7043.823414506512,6503.126680527199,6555.264968794709,6683.117539576918,6653.654573951873,6672.541787706454,321.2123116094271,7081.959085721813,-67.67219287177012,345692.81334593246,-74.81383695169603,6783.275562253967,5977.981416025835,6,obj-REV,Objective function choice
"[574216.32015048 574992.19174535 584878.72791681 575602.03728329
 575616.08295359 573096.31403723 579920.53574353 580130.77048452
 577027.10326746 577341.5757694  588110.67131267 578772.73279566
 583025.00972949 585947.11428522 581828.03336816 580672.2744956
 591339.84763549 591703.90066594 576328.51100048 584878.88285402
 593459.10907123 593565.5825173  578740.00828993 574264.54693817
 577515.13931294 590349.22741524 581639.82945114 573660.32944357
 593375.51497922 586517.00450414 578745.81404723 578924.32784574
 586290.68237289 587537.64120291 586284.56003217 587216.70803413
 589778.54155139 592692.29737843 575975.6397897  582767.93743665
 589708.329798   585014.44730661 587040.14956429 589354.34712444
 583916.85159823 586756.94118583 591893.84485297 583184.63695687
 581316.85520138 577589.03993123 586425.58818829 592735.81404869
 593647.38962105 583599.018862   586623.63467684 591476.54196046
 589545.78075772 584643.08059674 584110.98208743 588920.04912969
 589772.63457295 585208.84490184 592385.49746074 580085.4441021
 585566.04645863 579843.2936163  582804.64480776 585983.70133831
 583880.72474974]","[5830626.92939384 5835222.46220445 5851281.77241976 5830737.95657298
 5836416.09696998 5830643.47779157 5844476.88132666 5831364.95242195
 5840105.59830782 5830873.38131829 5853398.86523197 5842994.38143899
 5831321.26093428 5852803.73261584 5831422.075625   5845590.71996996
 5850644.30297794 5840013.08698544 5838426.90116429 5831467.36266043
 5840974.97967541 5843235.49456853 5831093.92994083 5833475.99911715
 5841273.98111433 5839260.96422664 5846914.68003696 5832025.12058631
 5847074.53490394 5837873.98290203 5839011.53578558 5833968.3853616
 5831578.65591339 5852323.78849966 5839656.99991929 5849665.79289048
 5851928.54491454 5848272.77723222 5833523.49073995 5842645.01364676
 5844093.34556875 5841587.33898737 5832902.29367521 5847752.65319169
 5832721.51561402 5851237.7175669  5849671.77937885 5845342.40751965
 5835708.50325175 5837748.97240917 5834456.57363964 5844285.09699845
 5845866.71086905 5834262.05643376 5846791.95945854 5845512.19384693
 5853793.10871364 5837059.45536636 5835689.56440113 5840246.8033601
 5842420.01197592 5847874.96608298 5842091.02964443 5836907.40059422
 5844851.15583501 5840619.92264317 5848382.38652268 5842834.11652334
 5849978.95741809]",6680.883915449748,7131.264768896354,7054.653335024242,7036.2557545718855,6498.1816005043975,6551.811962520883,6680.294894713525,6662.697453747629,6672.199171663078,320.7184243611283,7081.752829902896,-67.73867720106995,345490.19269526383,-74.89973357889643,6772.344448307454,5974.250457953791,7,obj-REV,Objective function choice
"[589546.56939807 573706.18180643 573152.91624156 584603.9007116
 583131.28131966 583784.35710132 582170.56431069 586017.57047937
 577698.11466126 580850.12583679 585332.05422936 580455.91021628
 574679.3805845  579531.36377355 588174.58016995 578361.90796904
 593500.17239825 575505.74651749 586391.56532223 590931.18705334
 593617.74575952 590229.30482376 582986.15223384 576589.1803912
 574830.82655443 591747.74651644 574288.21270046 579216.58437148
 581253.40138361 592820.70304981 593563.14641044 578924.85256542
 577841.26941885 593448.79124774 588655.28347689 586938.515449
 589679.78897955 587912.11231841 577167.7233751  579457.9225614
 583974.68945844 585811.7276031  584770.08249645 586125.13995807
 591907.69422794 592165.85138965 587026.77996439 587194.74161482
 589475.29468563 584600.15375637 586585.23395085 586772.64916837
 575205.66373688 590472.35047484 586476.51292827 585646.82794887
 583119.58806995 581461.97097207 576423.09572824 583067.51672376
 579231.00216892 590428.74933502 590361.36902096 591287.40635614
 583641.15465945 578502.51197762 582301.95252427 577848.00555361
 581151.8600617 ]","[5853791.51417144 5832134.4260267  5830572.97809908 5850966.06209634
 5848912.51469156 5849846.80022436 5847640.52510372 5852823.33902917
 5830901.53661595 5831150.39332707 5851963.46783425 5845198.76021907
 5830663.82803609 5844031.75587463 5853416.46181557 5842432.1363996
 5841160.62160929 5836455.13486936 5831586.55334977 5851361.45626578
 5844904.58134786 5852593.62869324 5831318.52182058 5839033.46737672
 5834833.81542934 5840046.45462283 5833394.28548652 5831021.54730106
 5846385.90598188 5848045.17532735 5846745.24644443 5838238.53098973
 5833821.20690223 5843268.33474311 5851932.08945968 5837842.32370714
 5840448.7134774  5849669.46698565 5840292.04265554 5842844.60426053
 5839666.72676871 5841067.36197942 5831458.80409579 5835990.84494112
 5842190.54038702 5849196.04619071 5842883.19035372 5833754.49205816
 5845591.55405574 5845311.65728454 5834723.78224303 5848467.90320475
 5831767.53781912 5850340.90428776 5832695.55852419 5846730.1416217
 5843619.37912698 5834909.35018411 5835436.90650265 5837033.23819645
 5832536.49133278 5843815.38515965 5847492.24924749 5845987.13341735
 5838240.26039255 5836497.6015674  5833579.12544899 5841343.41560147
 5840953.31728987]",6684.686715967432,7132.86565670112,7055.611705256165,7041.6835413945155,6505.797082678304,6556.285217237038,6684.1042058824405,6671.354519748257,6676.080119552135,321.1826351534889,7078.328463607637,-67.70968817720201,345737.57772270043,-74.85669468674377,6776.375605863331,5977.827635303561,8,obj-REV,Objective function choice
"[574540.98377357 574917.95225529 584755.4863813  581695.24202841
 578700.45747574 589544.9357796  587136.38017418 575391.99217298
 586491.41884586 593518.95628411 573121.10193727 588162.36218349
 576336.17774705 584406.5093004  576941.11498287 580671.56024389
 574512.43024521 578807.7126718  576277.07678528 579623.34315957
 577800.29587495 582691.63154599 591284.89822765 579926.44444577
 587440.16716078 581708.09047547 593583.27075114 591826.78826636
 575807.14186112 586323.03064054 577261.5813776  586183.61403732
 593658.89223788 592980.28277255 588799.12259526 584071.70366169
 583003.74550935 576633.54554876 581490.56370782 583706.41180936
 579170.61181449 584376.88868929 591930.1518708  588652.7332145
 591072.25330277 588011.04406993 585776.84870224 585008.81206043
 582494.73438323 586863.66006252 587000.59748924 585992.84331753
 578462.19265118 582449.58717277 585667.99451326 590983.74890513
 582261.63746611 592468.46759511 585051.35397102 590913.93770455
 590127.66132787 585828.64549696 587445.08352915 587140.0152445
 590837.61798338 590346.7439256  579203.14463717 577591.23394383
 573704.88178884]","[5833013.67361087 5834227.65343425 5851175.07916676 5846989.50760218
 5842550.35365538 5853793.36150393 5832787.48091182 5835449.30803807
 5831594.44216865 5841799.92337163 5830570.55722224 5853413.32565325
 5838443.49450217 5849563.99629586 5839900.11581681 5845587.07087012
 5830650.29739134 5839242.72376835 5830790.45270587 5831053.15084394
 5830913.58550542 5848329.17492314 5839701.11025408 5844570.07074995
 5834027.87220796 5834814.83133708 5843808.67183467 5849786.00495483
 5836572.20938992 5852907.26848125 5837600.94984835 5850535.06810803
 5846237.66003889 5847767.66701646 5852516.017003   5843985.30277566
 5831321.03487405 5832446.42252973 5831200.78015818 5841674.3140033
 5835462.25961102 5845143.47932173 5840914.80076944 5846237.9041322
 5844813.37455714 5842486.13877683 5833623.5017803  5846494.93171808
 5839898.82131848 5851789.74391474 5840922.36921613 5836016.29826307
 5833591.05273272 5833066.40251398 5847860.77240481 5847157.75673836
 5836346.02743044 5842904.1009508  5837412.07263082 5851195.81180693
 5841517.49563372 5839525.71136316 5849742.62088282 5837914.74524199
 5848720.93728813 5852386.92799609 5843490.82386862 5841241.35633353
 5831710.01010409]",6682.369113354566,7130.5631241689025,7053.326426573817,7033.473112299592,6498.563859761091,6553.150284359579,6681.784278561347,6660.8185704295265,6665.3582329048,320.7653683258149,7078.272005449141,-67.70957448624313,345599.525311085,-74.85471836550755,6770.302662033064,5976.016313634484,9,obj-REV,Objective function choice
"[573070.66306125 575311.94358951 577643.44734796 586509.49504753
 589545.40727239 574795.95479913 584618.12819921 576262.030334
 574414.10522157 581441.64678734 585864.37557238 575891.80158045
 590082.027572   575772.10836859 583762.64868993 585406.4783235
 573851.39808437 578347.52343134 592381.27371527 587044.31785847
 593495.5270508  580809.44284632 578918.31450666 576701.67471763
 586576.44125656 580156.79853787 593422.92079822 593601.2916147
 578449.70678988 582556.30957292 583226.21285717 582982.46710982
 590611.66516812 587434.32045044 584092.94846077 581548.97789619
 577240.8419658  588273.45285878 577115.47954533 575319.47117875
 588495.63713008 582723.62172335 589395.44101998 591335.80883154
 579317.15546573 590962.43043669 593527.13507511 592545.50611487
 585524.42032386 589113.34131132 589761.81805467 592788.19154428
 586606.73524046 582240.10680278 585740.00457601 584810.19291952
 588079.73122351 584273.92706089 584956.94906794 585813.64315407
 591436.32877913 588294.38317018 583477.56853433 586066.69211421
 591496.09731654 580656.7765262  586834.82350142 579271.47533792
 582259.46195239]","[5830569.05782265 5835989.57930562 5841395.8712403  5831596.58852791
 5853793.52632427 5834742.61972361 5850986.9318193  5838269.14162035
 5830642.64597917 5846643.41703599 5852691.33338909 5830764.87581388
 5852851.72573675 5837092.25286663 5849817.00670022 5831509.07763608
 5832483.61420709 5842411.93527467 5848818.82111153 5853105.869438
 5840998.17982764 5831146.90057756 5830998.27509074 5839325.07373345
 5835313.07465992 5844886.41089956 5846991.18862501 5844382.74000773
 5836611.37487819 5831284.67411178 5835364.6332141  5848750.05780543
 5851671.78242382 5834033.94215016 5831406.17912302 5844660.45224363
 5833967.23654657 5853443.8011259  5840315.54192823 5832312.04529046
 5845266.42326709 5832895.21070479 5839614.71967183 5839665.44417057
 5833061.69569512 5842153.05464763 5843061.83572955 5840502.01399784
 5846901.31747504 5847937.71665831 5849265.70380715 5845704.50617704
 5851837.94436576 5841754.04094444 5836564.13977561 5844796.27333578
 5843298.53934803 5839174.5673809  5833523.45581573 5848956.66121269
 5847388.87159859 5850522.44057828 5837716.1798814  5841564.90523261
 5850370.82323088 5839402.51352311 5839492.57032244 5843675.63612275
 5847761.69296684]",6688.621986125812,7131.367428175967,7054.788030567748,7048.99014711502,6509.609787723425,6562.321164956303,6688.043728626524,6674.180510911285,6689.347506559033,321.9658116645021,7087.190827957474,-67.58758635053421,345973.9561618122,-74.7146113331479,6785.933802062459,5986.275241211671,10,obj-REV,Objective function choice
"[586943.85806936 573837.32876623 585411.69571115 586508.847199
 574940.88708586 576492.51891572 592612.09155678 593607.4450144
 575017.84567923 589545.37004868 585129.82574638 576476.38044645
 591248.4411696  593495.06695099 584388.95138042 591884.99941346
 579493.4116415  588253.22754404 579985.04336358 587360.37701573
 582124.58372411 591860.11847057 590381.41773045 593346.91631078
 593650.85884742 585942.25344112 577345.50286671 580507.17090576
 583639.72320955 575219.99784507 592460.34733474 577744.89118221
 577531.03405812 578201.0529657  580732.22555701 574139.17149808
 588233.72010665 583894.72857406 589289.03288983 593295.07303163
 591798.73354924 587114.69048187 591060.67958432 586973.9348428
 589425.18024718 590246.75683066 584766.66745447 584935.3260067
 575428.5444172  582318.79511252 585643.74129511 585267.06896898
 581435.1846549  581779.18102291 581157.35363019 586667.79747409
 589851.67708415 578981.04665277 576052.13067872 589051.68310206
 583023.73779932 590589.41176473 587877.53955742 581404.66455653
 579809.43112618 587716.62298954 583468.09494309 582946.82597583
 580953.19806188]","[5837851.27394049 5830619.9601792  5831509.86480134 5831596.19006098
 5835099.24021458 5830808.89992058 5848411.90109168 5844601.75375281
 5830691.21697984 5853793.20660824 5851685.98405259 5838760.50758965
 5850805.26636652 5840997.14282995 5850672.11106732 5840016.00251099
 5831044.59989238 5853437.47274367 5844192.46684198 5832966.97713468
 5831254.83045405 5849730.89158078 5852321.40811799 5842987.36166704
 5845989.05518461 5852797.7686069  5834932.33028031 5845322.79897741
 5849645.93442619 5831909.32074078 5841346.53999654 5830905.59777577
 5841268.16339874 5840186.49939983 5831140.99545226 5833174.50562393
 5851848.25839594 5831390.08162428 5839812.36033006 5847215.06985553
 5847218.92820953 5834076.17267798 5845501.04784863 5839780.38730402
 5849418.04385895 5842947.06926539 5844401.92654216 5839814.64782261
 5836202.46590906 5847723.42618104 5842276.15853489 5837921.20294132
 5839439.06472986 5834917.72146105 5833421.41982301 5835179.70942934
 5841459.55872498 5841692.83864899 5837762.34626872 5850580.98560595
 5848805.6318745  5844379.68159675 5847946.52275496 5846591.8457955
 5836805.40524869 5846012.68291023 5836041.08093323 5841921.40367521
 5843494.59449982]",6677.112677076726,7126.680730718941,7048.385241499115,7038.995329063747,6496.824372524099,6548.500819671504,6676.529752669964,6648.029809843378,6661.211920577912,320.7132230445121,7077.967926889425,-75.6691252361978,345274.2392304816,-83.6736281935243,6771.319839154683,5824.831114060539,1,obj-COVE,Objective function choice
"[573114.25981818 590428.74032709 581885.89030445 585938.71118184
 573518.36907835 584868.39349707 586133.40456432 580996.8999103
 590152.48393934 579734.272301   589544.14727226 593549.93330919
 593315.38226461 576547.66902455 574965.28821174 580406.80823994
 575417.78224416 576241.48275087 586593.7605372  582599.9544754
 574913.23699617 589189.02833086 577242.11033722 581615.28603428
 585125.43163589 593631.87164291 590388.68129658 584242.60929802
 593074.46871883 589094.19348869 591058.16478072 574505.84427945
 592132.35808098 591470.51483478 592203.38117787 578325.97330801
 577026.46689973 590348.56761074 586330.7631292  590819.15599238
 581365.94583427 578473.18187363 575869.58290203 579123.22604325
 584607.73862753 576486.41974025 585581.45039918 591585.45142404
 590798.48541835 584415.76652626 583721.68362514 590104.81692853
 582869.71047018 581265.32019333 587460.95366571 587772.00316623
 582828.13739042 587504.84695424 581123.13216288 587271.92829733
 585134.52261637 584542.34739643 590599.74060198 583716.36805164
 582265.76766152 593499.00278496 586829.67157407 580366.62106403
 580146.70005144]","[5830687.62881123 5839219.01400447 5831328.55315209 5852793.09085152
 5831685.8069267  5851327.85647689 5831566.18331891 5845865.81241856
 5852728.77310792 5843537.90731649 5853793.47309997 5842744.77732887
 5847178.77189335 5838868.87692137 5833320.6569719  5844797.59991386
 5834407.72235943 5837757.65364572 5832700.56303203 5848227.55879486
 5831615.91593427 5850709.65579851 5830865.87146138 5846880.63668003
 5835629.24792755 5845354.81357078 5848081.90546441 5845887.78505327
 5844164.76934044 5840266.7548101  5849805.49393261 5830649.67056256
 5849254.75968941 5846186.06909559 5840204.95868258 5832018.42022742
 5840104.01533751 5846903.43935247 5840029.09318474 5840419.06544828
 5834003.74449886 5840276.76130837 5835291.42725057 5841437.77350856
 5847767.67985021 5836517.18754332 5836798.36427102 5841822.36467147
 5844490.02058819 5842105.09894214 5839917.8730454  5842573.93940386
 5832586.65336476 5843036.8344126  5833997.57053577 5851684.9950644
 5838045.53731743 5843390.00490674 5839981.04891997 5849587.46266111
 5844024.74516615 5831440.83910918 5851770.6338806  5849753.7494761
 5835361.50220191 5841113.9740709  5846974.20986128 5836613.74469278
 5831094.23147569]",6670.646297170481,7125.61192302563,7047.365493781989,7025.391184382033,6480.305150211468,6538.432576766668,6670.0479643424915,6645.147741040101,6675.903947857027,319.4554354201137,7070.4848869227935,-75.77408072786004,344884.91605225665,-83.80303540348469,6754.153631641155,5818.311605953434,2,obj-COVE,Objective function choice
"[583526.9755914  580206.7465347  581955.07261488 574701.21673431
 592933.07843781 589426.83335568 585523.43177157 577191.52817862
 583252.90411087 590793.83898602 582829.93196191 581845.83042991
 585948.2318155  573551.85726074 589545.36434063 574949.54169261
 577227.95157525 579382.374346   593644.41970118 580297.58049716
 593598.11389671 583094.78403979 590873.54229357 593358.13059856
 591511.62826394 593012.1664246  577173.76919569 580836.12940276
 576004.27230894 576207.06107053 590922.47490398 593334.82291662
 586583.50104632 588327.13847164 581595.792611   581421.92928583
 587831.21257799 582100.62812212 581689.34542924 585571.38744952
 590094.2094824  586599.17303622 588864.91967429 590269.05204382
 575502.58510275 588165.41892342 583545.67477784 584369.0404329
 579388.61229631 583638.33941467 585153.00236447 590894.66606106
 586217.88206449 589321.22541985 579521.95036086 586289.95841384
 580777.29154312 574160.11086463 589638.33267289 590704.7699623
 585011.92855348 579567.91216401 587641.2423599  585908.43771392
 582658.10095326 575238.68236824 588934.94494889 587533.52604403
 578478.03425289]","[5849494.21404376 5831099.2684093  5831237.00280569 5830665.86362944
 5840676.62010018 5839505.60986297 5831518.4029259  5834240.16797903
 5831339.57534788 5851602.8165651  5848370.91471073 5846998.92219037
 5852803.68509262 5830950.40480223 5853791.84711922 5835116.98825491
 5830899.77817127 5842517.42973471 5845793.63838492 5845079.50328333
 5844279.74225351 5845949.28124505 5839670.25783023 5847104.81445567
 5850338.90333998 5841924.82936033 5839852.16900878 5841395.05605606
 5830768.72574974 5838051.62397621 5843106.48067844 5843128.51367576
 5834832.3906001  5840810.47295156 5842500.61450232 5832113.99089398
 5850566.8591701  5833116.47860309 5834650.80209406 5840580.70430247
 5852830.45899176 5838995.51445079 5848916.04417291 5840843.34997196
 5836446.39973718 5847450.75486728 5835891.23981876 5844550.3549392
 5839861.1566448  5841075.68268529 5836875.62940034 5848958.70069195
 5837794.96102587 5844390.87057219 5843703.58696431 5842962.4632216
 5837800.11223943 5833225.40586389 5850098.21452622 5846750.74817912
 5851525.73291395 5836792.92911282 5845626.1731943  5841730.16393268
 5839587.89944994 5832238.65945394 5851581.65899061 5833108.52103931
 5835731.56766347]",6652.455874997356,7117.827909836849,7037.187619348216,7017.0460578523725,6453.883001001866,6514.641378203497,6651.833832016395,6641.638429617011,6662.6487064203675,317.67350150029523,7050.466567437353,-75.8850685285481,343825.034990174,-83.95492878099532,6737.916556064907,5803.572857644368,3,obj-COVE,Objective function choice
"[578115.82747055 591091.2331242  581140.51717333 589411.38554348
 583381.6896715  585865.00599014 573101.44883496 579005.78455076
 590024.39012249 593553.09264776 580433.97268234 586509.35292199
 577471.77339887 590069.99713669 581959.46004906 583365.32925569
 574156.46803376 581972.5530557  575658.88937358 587299.61980734
 593495.1222651  592246.02115007 589911.08263257 573621.33049177
 584405.37629829 576170.43228502 593534.4546657  592900.37276424
 586489.39744405 576573.03976817 588676.6177781  590918.72325483
 586988.82625688 575540.06844642 575103.45608277 585772.64827933
 593621.47119861 580817.4918479  575453.06114124 577271.77349056
 585614.04881435 585449.49465128 587378.6098961  585250.25949115
 586745.33813013 584664.4101163  589022.37591647 583137.21652403
 583874.55965994 580650.26600498 578809.41833886 584160.42654498
 592154.0524443  590541.6984484  582706.45351724 586063.75585614
 578565.63299305 581205.07132923 589587.35192845 583845.59187121
 581980.45552649 590705.82188637 587680.0335999  591040.1003986
 585911.16221712 591598.76698326 582977.11591209 586447.66796556
 580432.65073857]","[5842042.77918995 5851081.93127066 5846226.44688332 5853757.12487596
 5847337.83526287 5839194.9416026  5830549.50298415 5843308.54056281
 5849831.22094806 5842872.00100572 5831121.3303548  5831595.67786688
 5840874.90539473 5852869.84236785 5831238.34063984 5831349.21008504
 5833218.24078778 5847369.33989453 5836823.11551181 5851316.66194375
 5840998.10690712 5849054.37354531 5851559.6806353  5831933.17576773
 5850696.10187869 5837870.64669803 5846795.80296599 5847908.07580729
 5834015.84201908 5839016.98477915 5840685.2457946  5840223.49185126
 5838180.280456   5830731.17869867 5835402.95854243 5841648.53423251
 5845043.94850662 5844309.54645138 5831814.4099958  5831749.92477474
 5852349.39929466 5836997.48431921 5832981.11733801 5831496.44758198
 5835065.76292884 5836151.47863541 5844410.70555321 5845935.05778179
 5838529.54930625 5832552.06976921 5838735.95426294 5844165.21659128
 5844897.55451227 5846831.40227396 5833278.7418192  5847911.96522988
 5834596.03769496 5834177.47179792 5839689.71382652 5840988.18473725
 5842341.4957073  5843919.5500844  5852516.23767883 5841596.82623116
 5845121.58825365 5843022.91491219 5834783.23169759 5849753.61096831
 5837849.05597575]",6661.762076246895,7121.840291333019,7042.8370469837455,7019.8031137616845,6470.742528536105,6527.356359196321,6661.162548308126,6645.54570115479,6672.716185331782,318.64323561280065,7065.481199467188,-75.87017693288446,344359.5822188442,-83.92539663642042,6750.127806691134,5807.611721097064,4,obj-COVE,Objective function choice
"[580250.78264917 573108.78561411 593602.375522   586508.71104163
 591377.53425227 588828.35013012 584627.34101344 580314.86915219
 581444.07486123 575971.11206707 576800.21770628 582237.79656976
 580906.15569477 591421.63741613 577304.59940497 593584.57423022
 578076.33065456 574592.96400121 579227.23050981 587566.21361739
 593493.83198748 586537.60876012 585502.10647767 578048.7797238
 592643.47737176 589824.47542944 591256.40371167 576506.06477975
 575243.91047129 574645.03720376 587264.42186308 573571.1417284
 581449.75193253 586330.04096648 588675.43410058 593525.83513027
 590753.06089219 580486.22480149 586819.44328206 584914.82567783
 583882.38957941 585303.41877307 581554.53361037 592429.50565759
 576076.3802102  591065.03720712 582211.18927027 583138.12454054
 586000.6091276  577492.77089687 587042.41892704 585915.09963797
 585832.77878979 587656.82385166 585250.45252257 589854.78960034
 588204.78482537 583820.5487961  579212.48041876 588080.76129005
 591613.87113167 591875.96689936 589598.76382325 586917.05485684
 585201.73532362 584822.74630474 590741.34593874 589621.68303485
 592697.28346672]","[5845014.51648142 5830570.65692991 5846673.55626701 5831595.80979867
 5850579.30645724 5840305.36142877 5850999.15120347 5843581.02645014
 5831196.61923806 5830766.68261375 5839558.378081   5832349.69208979
 5838999.09268698 5839719.20398142 5840750.7438075  5843896.43100073
 5842041.92402539 5830656.67208626 5831025.54543476 5833839.66970335
 5840997.29569291 5840495.20484879 5852195.8619269  5838142.34606525
 5848357.91011812 5853296.71872112 5849588.41650506 5837656.84749154
 5831980.85282573 5834389.58168391 5832889.92255159 5831812.77998288
 5842502.22665474 5835645.66501542 5853554.34323943 5842266.46200851
 5851674.52359382 5832560.06546465 5853043.57267593 5831470.68943979
 5849783.91451719 5837214.75884705 5845780.80682398 5845927.33291285
 5835206.46920749 5842957.86664796 5847240.51315611 5841281.98367921
 5834167.34666466 5831152.52288589 5837879.26825411 5844289.6754938
 5843195.52685603 5849549.51129628 5838796.81432091 5841383.41712072
 5851525.7842068  5836031.25497881 5836503.89556786 5842884.77157933
 5841717.95978991 5847416.03778959 5851483.5482137  5847566.63123188
 5847482.86674389 5840237.24432083 5848024.04661763 5845577.2996494
 5844353.68604517]",6657.928333097392,7114.726779836087,7034.871292089393,7010.589788563796,6466.629069813816,6521.524593515067,6657.304207182601,6648.113474272862,6684.962663521767,318.1747739937149,7063.222133517083,-75.88991283789852,344076.93867787527,-83.96783670615085,6742.976674589865,5807.068648177064,5,obj-COVE,Objective function choice
"[573090.76544992 578053.72884834 580889.96190734 573504.18304281
 581955.06901786 573980.80839171 586847.82614889 587405.40114028
 592279.55834993 577276.25500404 580291.79238303 585196.78571071
 574494.13716545 591432.61583402 593552.91964693 585490.39301947
 576588.20789014 593469.44684632 592944.58961695 589863.223591
 589418.35989031 591450.44693586 584630.4119491  576114.73521665
 575212.85414961 586508.54734568 581300.05560738 585375.21918022
 593638.00332118 590726.87246153 588506.50839177 582762.23451255
 578923.5413783  586177.37352852 577600.482072   589665.82730626
 576139.86901091 586265.52381903 589889.03045962 581062.47829919
 582433.11975624 589776.62718856 586911.24380411 593457.23436995
 583912.20079574 581437.9765305  584267.31154805 584582.23914119
 575030.9384631  585910.57754571 582508.08776171 592226.36167486
 581716.58420148 588658.44197331 589109.44780176 592178.95881819
 586078.01951984 587576.76675537 583351.2220618  580357.64683642
 590501.2483617  589678.0739822  587830.8692578  591202.05034559
 578117.42055931 587998.17871335 581345.39551324 577108.71249134
 579963.44550452]","[5830581.68639644 5842009.74161988 5845884.31572    5831651.79891366
 5847341.21107166 5832795.26136668 5853051.56222722 5833003.37548373
 5848997.05939982 5840616.80912832 5844918.85645715 5831492.78526466
 5833911.82557882 5839726.77593559 5842858.99218911 5852179.88830081
 5839052.47595357 5840981.27533567 5847828.67655216 5853236.05452424
 5839517.60141363 5850450.29783761 5851001.02864728 5831565.61121054
 5835384.96387442 5831595.79318006 5831185.71833799 5836347.83205862
 5845561.63249545 5851719.74814171 5842312.77857655 5848449.36415922
 5843198.08240502 5837874.92168828 5831251.17601929 5850626.44479829
 5837975.0766078  5833321.04490974 5849003.42739323 5842645.38397843
 5831278.8696548  5847446.97000949 5834815.89571338 5844328.28976691
 5845820.64461441 5832526.64046045 5841715.30509743 5843503.50764564
 5830691.32653528 5839564.03729166 5833835.33334871 5841212.842618
 5839906.0731557  5853549.85471748 5844403.11966451 5846378.0583209
 5849339.76135379 5845957.15091376 5834979.91533067 5838787.75066317
 5841799.44004862 5845630.02302512 5851869.59021721 5843879.32116247
 5837107.64558855 5840481.24595709 5834691.83944183 5836013.29498297
 5831082.13856297]",6674.90568100099,7126.752834900696,7049.323264807312,7029.479434576257,6489.97020472767,6544.964450235482,6674.322124370017,6673.758283813051,6677.214121467423,320.02131949037204,7073.927811660451,-75.66304521494173,345134.291420368,-83.67316520144678,6763.473185944187,5817.962354159694,6,obj-COVE,Objective function choice
"[589545.45143038 593544.94437511 573104.42350213 576528.51339129
 593487.33424633 593645.01019705 580469.34537282 584110.91916831
 592200.41526842 591642.973179   579849.72906887 575006.49524111
 584960.89488375 577240.16234661 576388.5190818  590351.29580612
 590598.56778968 575935.67596723 577930.03864192 583287.50828725
 573725.67800371 586886.28477685 581949.01090501 593444.70613574
 587669.98673615 581300.55896871 588579.1594837  585821.80218735
 587240.91838006 586705.20878246 588165.13964506 582494.9390466
 589099.41098168 577806.30490541 592061.56984531 580540.87173264
 592949.5555755  586466.61571531 592532.15411093 590219.0252494
 582151.92888889 587134.10706751 583239.03398487 582773.90751217
 578857.14875458 580433.60970824 587254.26424104 586161.83573113
 580998.4960901  578109.59242069 585164.22612698 577892.74433393
 583530.33885608 592267.85567811 585712.99311347 589666.06891353
 582993.86084423 590592.5448956  580962.00968587 584275.46515697
 586471.06636735 585210.91675725 578718.83901197 586488.67618756
 574482.50938757 588409.72685893 582646.01980724 575127.80377044
 590011.24970965]","[5853793.47220177 5842583.17335311 5830599.41222753 5830809.58536738
 5841040.97170417 5845787.47005178 5831120.19766026 5850293.35080078
 5840198.28308422 5850110.37467109 5844266.99060329 5830689.37684755
 5851453.83769069 5840614.51304193 5838567.25311243 5851835.78649556
 5839309.05116976 5837486.19972226 5841828.00184156 5849167.32011011
 5832174.25518876 5839596.67277396 5831238.55735418 5846952.8397648
 5833281.97251173 5846450.42007502 5853527.67842283 5852631.92634691
 5834324.80618501 5832433.86603116 5842734.40978298 5848083.82869634
 5844402.49214619 5831049.82908286 5847622.07468969 5845360.63127845
 5844609.03304334 5835473.60583655 5843068.26584911 5846071.51601656
 5832648.57811843 5837911.87052821 5833731.10838972 5834639.3204115
 5836125.96616162 5832460.6921541  5853163.70983535 5841097.32953013
 5839538.03183187 5834745.1485608  5843445.96793097 5839112.56069021
 5836341.07966629 5849017.78966641 5836605.30027669 5849331.42283224
 5846764.74030909 5842113.68451604 5836814.53142485 5839774.19264405
 5847916.87915636 5831493.34694576 5842915.33824608 5845964.54202898
 5834000.10098773 5850414.80053783 5842350.78701558 5835548.72157198
 5852914.34910926]",6673.458727838572,7129.336605837606,7051.822152405431,7032.851071596546,6491.587850903006,6542.5790912877055,6672.875241935454,6659.394569495479,6690.637690890044,319.76084390458954,7073.191993032042,-75.74259041243444,345066.8843168791,-83.75933304751183,6760.5620186935885,5816.493238113776,7,obj-COVE,Objective function choice
"[576963.03845044 576175.44205866 580625.50116317 582926.79149527
 583663.9789022  582863.50942883 585927.12422091 593549.077162
 588448.53003811 575800.64008935 582217.80093341 586019.0739684
 578948.24475923 586509.01209366 573567.42469338 573197.45373534
 593667.93581608 585112.64365777 575754.38446476 585384.4139724
 574452.29467098 590327.06721795 591576.15682201 593081.94679503
 589544.44966221 574388.36422515 590227.81838433 577241.85622549
 591008.9384783  576041.78005819 585315.94367349 583815.55244136
 589692.16496913 593499.51034841 580211.56451827 576139.79162857
 581498.86715502 589247.63825662 586445.87890266 587312.09570844
 583030.12571147 581600.07064062 580977.66242827 590681.36149271
 591075.7683439  586060.51776219 578030.91761947 586694.82840379
 585991.24485726 587755.48081366 584583.86604978 578413.38366854
 580276.7074762  589421.06059619 585838.7909502  582951.98963422
 590542.54552856 579555.0384935  581404.23117901 589720.99215841
 583010.81258199 587568.2458139  585918.28825491 587187.21342222
 592270.39932166 581467.29732572 582396.80062841 592385.70204188
 579926.66501741]","[5839950.71919187 5838061.56082187 5845525.48816407 5831313.332981
 5849681.91881899 5848587.60999029 5852777.42430457 5842724.57150846
 5852852.60071182 5836939.44625742 5847531.86261012 5850228.48781657
 5831000.40824801 5831595.65100589 5831801.70309742 5830609.87015869
 5846559.69416529 5851662.53056658 5830748.06913669 5839006.32603027
 5833927.43172506 5852422.35710894 5850225.74895629 5844495.26476227
 5853793.31663108 5830640.6553409  5846682.16600578 5830866.3389969
 5839461.4777249  5832346.01365531 5831575.17794948 5836436.79953031
 5842659.54386656 5841117.96794052 5831204.71091818 5834387.86705239
 5833035.05158228 5839671.85600234 5833260.52566055 5834219.76936978
 5845973.27279734 5843402.73903222 5840306.62110683 5849245.32883099
 5851108.57694708 5836087.26044169 5839224.62745065 5847880.11414994
 5840290.77201035 5851515.45413732 5837864.83298378 5834149.53505515
 5838950.52673522 5841040.44759192 5841605.62898386 5835027.03494117
 5843645.18635989 5835975.42364982 5841374.42110965 5844745.7368796
 5842898.09098986 5842397.81463017 5843389.77488442 5846265.79037025
 5840498.81579223 5831198.6076022  5834093.65977077 5848475.21363343
 5844274.00860291]",6664.818639758203,7121.250641264087,7041.344837922483,7024.759957021323,6472.738035773881,6531.941749653731,6664.223033329857,6643.421172678798,6671.18519752597,319.280251018833,7063.118668504481,-75.84023253979194,344589.9350593088,-83.87465824209747,6752.665141355643,5809.4395209446775,8,obj-COVE,Objective function choice
"[586508.61920942 574743.90899231 582104.47544966 573711.8395652
 585946.14858942 577738.40244863 592275.88060334 587799.73049563
 576832.5383713  591732.39818712 588678.60673484 590807.39329798
 587713.78705194 592551.49021552 578262.99413587 573161.16415987
 593623.44091111 593552.8177621  579582.01186295 578406.04337527
 591100.58947446 575245.64276969 586765.49791948 581065.74536734
 589545.33583491 581658.17264573 588866.81653835 574305.84979891
 593492.27731684 580312.60467059 590468.78655036 582865.40061551
 580891.15662731 575922.86065607 585044.03712961 583907.44075755
 592652.34859787 580254.62493535 591667.73856803 589554.47217809
 574721.10479411 575924.73314682 582653.95129323 585523.29936457
 591931.75815969 587508.47808887 581954.92068553 587201.69848192
 590692.93582121 587461.24609074 584280.66899305 585134.55263941
 577915.61464084 586537.97231871 577049.29736577 583840.67542922
 582956.93009006 586960.80571836 583652.59015084 583244.02498183
 581816.3531025  585982.72253711 579599.64675045 586320.06751721
 586769.03573428 587044.29896185 582062.50764665 584600.42398237
 586121.05961473]","[5831595.97670437 5834626.17874597 5847549.06384948 5832149.5702176
 5852802.65904206 5840856.20258216 5840382.45913764 5833324.41146461
 5839590.48992408 5849955.24762654 5853298.39095866 5839364.04317189
 5853011.43595441 5844321.16691842 5830946.38573336 5830714.17871896
 5845113.01318671 5846761.53397611 5831050.17087258 5842204.88149196
 5851039.22668138 5835830.44760413 5838331.07607919 5846129.11167914
 5853793.56275772 5844437.66269368 5840285.55959659 5833576.09494276
 5842173.67954458 5845085.94068037 5852169.02642881 5848588.66228562
 5831153.47489902 5837004.57756792 5831480.97640924 5850013.92918836
 5848332.87458468 5841959.08368733 5847284.78167782 5844420.98586438
 5830666.77915332 5831753.7569985  5833279.60724725 5836661.12927573
 5842012.20662387 5851359.98163476 5831372.15758293 5834382.41122076
 5845907.78353465 5840587.30179071 5843599.05996912 5851693.43228924
 5834219.92892974 5847874.22623361 5838270.49351752 5845884.85939357
 5841762.72586053 5849092.72205219 5834803.29375479 5831338.47775923
 5836731.20981353 5841864.7361294  5835875.02338131 5835605.62018792
 5839385.16603191 5845774.90162418 5839143.00738383 5838248.8835361
 5832825.37908596]",6672.6409496575725,7124.8052425023225,7046.4304288174935,7030.763806398875,6487.2798458113475,6541.96383038676,6672.047779954827,6639.958607974451,6654.262849564161,320.2400825007241,7072.339862422988,-75.73484123687004,345055.1664428192,-83.74334443197421,6761.430356700212,5819.727922512351,9,obj-COVE,Objective function choice
"[573113.29958887 586509.47131513 593495.77549702 587776.10680813
 573510.68944729 585894.11058941 592654.41291662 591211.69536541
 577980.174652   577318.1496401  579257.17725965 590296.20278081
 585706.01761294 574751.11421392 574040.07678643 581393.35872694
 589548.43950981 587999.55506713 583283.16317589 580388.08413098
 576255.83513652 592424.32942458 584191.20721005 592743.79926991
 593607.28514157 592191.85346901 581994.72551884 581550.35908491
 586985.66424405 589998.15935017 576463.76112506 581202.03349051
 589248.11425153 589401.03226233 578907.20982146 593553.41254342
 576192.28316642 587374.76952575 589097.5305692  589435.55455177
 577688.34976936 583607.6193409  585919.19978701 577080.72254861
 582361.91338735 584959.13775274 584339.07006602 578235.2917464
 581003.2600592  582883.61249558 583108.69981751 585235.08241539
 580434.92987743 579839.46402835 581967.16607045 587600.46616497
 593528.01253696 584739.32868226 584794.33172286 589368.41976978
 584660.07956608 591030.93708395 590421.20147605 586385.31861136
 580325.82843798 585298.71837376 591575.08365544 575569.96389451
 592848.1469328 ]","[5830573.65033607 5831595.96914442 5841004.44780994 5853307.28026172
 5831668.09767629 5832738.86193195 5840477.77479757 5850870.39390994
 5841910.61399347 5840770.71403751 5831024.79024601 5852474.95281789
 5852475.16014982 5830669.21255256 5832716.86785099 5846577.89305225
 5853788.44448143 5840480.38923211 5849109.59009742 5845201.84905989
 5838254.67264745 5845296.19248558 5850403.76360444 5841996.6214069
 5846667.09268542 5849151.11986758 5832405.16508459 5833695.45393586
 5838186.00271616 5851105.73892789 5830920.43175803 5831178.13707903
 5839740.63507918 5849848.83969742 5843178.26930122 5842883.83578179
 5836365.4508937  5833892.64465557 5848627.05629471 5846849.14509576
 5838005.66781058 5835954.45664697 5840463.23756223 5832678.68025687
 5834853.64491941 5851448.69397345 5836915.20448694 5839798.01645025
 5844314.90449364 5831309.93000523 5845765.2165543  5839305.19801251
 5837319.5352755  5834853.68659359 5842122.33560151 5843711.83217563
 5844490.47729578 5842829.25991242 5847506.12444042 5844413.49511508
 5838053.30087702 5839736.2074792  5843413.36898514 5835103.1754566
 5842594.34394798 5831500.26667007 5849942.48072279 5835203.53797896
 5847998.78611415]",6667.759165341367,7120.880520300395,7041.93027065313,7022.526431711909,6478.135412491076,6535.380961948314,6667.15069351355,6655.148873951146,6670.291751925569,319.4847163453665,7066.810948824754,-75.6906248903651,344738.6335011175,-83.71001111771625,6754.471137623182,5813.301381070453,10,obj-COVE,Objective function choice
"[585917.44777651 581608.81158098 575256.52505039 574044.26428559
 578867.42331717 580834.10947055 575960.47621517 582291.09009722
 584449.32465758 586309.57962757 578097.30545594 590401.89489177
 573773.59805251 578474.88201453 584169.75217452 588275.80374059
 589603.32327819 585304.67595052 576889.477889   581273.83155875
 580612.86983009 588096.79906056 583787.88633586 578066.93250892
 585670.10873786 584646.35497311 585920.69316041 593198.05167665
 593609.76490849 592482.15309632 580109.67578688 581948.17985144
 581966.59996704 586949.54119281 575429.86062443 577084.60796386
 587108.41234049 587065.52733793 583250.24437834 582640.30597779
 590970.95995833 582801.43489353 583115.54942256 579092.72765434
 584493.04213954 583844.23927582 586655.81958855 590738.49290269
 585494.56902526 583124.53670273 588692.52075298 578935.16516233
 590570.48792826 588278.25629504 582747.85860644 577469.13103013
 592968.23331487 590348.23043103 589485.28349729 584984.54144747
 585786.68628937 588921.78282762 587326.54391019 591723.6631531
 587137.3152596  591268.35335775 590128.50512769 581688.40172228
 592125.19452673]","[5852423.97949843 5834219.31300026 5831022.51338255 5832769.35032281
 5835630.36365308 5831582.70987195 5836430.94993014 5847802.44688217
 5849367.1067968  5849253.63536668 5840623.02293225 5851748.2147723
 5831411.72618706 5842231.24163455 5831704.68105325 5852072.32716233
 5853093.35626467 5851406.67931369 5833643.23716911 5841245.76704146
 5844681.45695882 5850785.12774331 5847768.75068417 5831367.52844195
 5835888.7769108  5834146.50482528 5831797.30444534 5847252.45171932
 5845261.89923518 5841408.94721673 5842555.0181287  5837942.79703208
 5832883.88785975 5834261.54209933 5834335.94437351 5837540.16132732
 5832907.77114674 5847802.53701988 5834867.17432897 5846281.79939055
 5846281.61428265 5842379.82802815 5844532.86361629 5839551.91101652
 5840165.07942034 5845513.24361357 5846186.85654308 5841117.60674634
 5844405.61024536 5838952.32847438 5848501.95251764 5837119.52385336
 5847983.90152061 5845368.59121215 5836078.10420531 5838651.71503808
 5843243.56442632 5849205.77140965 5842011.9291433  5837343.84229948
 5838522.83599047 5844116.84438814 5840713.33328075 5843383.41064318
 5842464.04770041 5844716.16669199 5850331.64804395 5843874.94456713
 5845851.6473734 ]",6594.571898730899,7089.406262949204,7000.9764519966875,6982.850682257986,6378.368009775325,6439.842992726189,6593.895803106446,6577.649534098337,6575.696151431817,311.52070057799455,6990.042632077464,-68.45232649505031,340393.5276775134,-75.82962149100211,6719.684159399737,5902.445385847471,1,cod-YAW,Wind farm co-design
"[573547.78883771 578355.40105264 589550.00234233 585043.10872243
 583102.12469813 582323.46234733 577168.76006392 587211.97076386
 573416.86933438 576554.65865981 580552.34949977 585936.30843307
 574101.95176959 590020.35701738 581486.50194104 582876.31430304
 583930.52023277 574895.3416181  577204.8432304  580798.77600967
 590300.41917021 575236.31038634 593516.21237229 588357.75382183
 584467.08697876 579706.848058   591903.86502444 585891.91863345
 582416.73234577 581160.06902449 587090.3586059  578668.72975254
 585626.62321182 590991.79642974 593087.89498935 576506.15213392
 586802.48241578 577803.13617823 577383.10067545 593499.16767665
 593653.38520329 590903.18588079 586654.52602132 585759.27057842
 585779.56297315 592491.80699163 581042.48237571 591582.80949147
 588367.31493799 589226.66911702 584741.44035519 583702.71921245
 590953.13730783 590425.02288562 581694.12817562 590683.4995005
 579502.85622756 588511.81084169 584244.28076183 583338.9215349
 575641.89545414 581589.72307706 583521.07195543 585668.98850356
 586763.23388497 592179.29534496 582085.04199567 579748.22025688
 586113.03900226]","[5831677.91333953 5841416.46294632 5853784.28174312 5851504.74527891
 5848913.06900565 5847848.7902652  5830918.34371439 5853151.44865172
 5830603.02164476 5838298.26062671 5845395.72339494 5852788.81898509
 5832964.99372805 5839769.76727623 5846705.26962801 5831626.76493806
 5850024.7132137  5834506.63428254 5839863.30882689 5844186.43747243
 5852463.16752082 5830738.79003748 5843502.20445019 5853466.58469231
 5831550.36942058 5831350.06151254 5840015.69980718 5831547.3842703
 5841773.36281091 5839651.98692066 5833987.72224651 5836072.60368983
 5843011.76250228 5851250.97553482 5847288.34464935 5836352.71718739
 5832662.8116745  5833395.10410706 5832070.00625197 5841138.20570398
 5846054.17525954 5850144.00156717 5839369.6521245  5846952.69736186
 5836504.82295774 5845045.4304424  5833588.51174286 5841605.36309174
 5850744.31096713 5848968.46168109 5835201.43534738 5838148.973441
 5845020.04124887 5843265.72233921 5831675.36575496 5847920.53724432
 5840662.49464449 5846121.0705156  5848126.82538712 5844854.65967425
 5832535.83671444 5835706.06202668 5833802.38901013 5840998.17533117
 5851124.58198674 5849113.46443335 5837465.63411467 5843278.94187185
 5844318.83117522]",6658.794525897212,7121.796569852363,7041.954591097819,7023.811837822429,6471.068945036919,6521.234614484679,6658.1896042742,6638.597177120417,6649.678170864984,318.47598842422866,7057.748690459942,-67.89183016625016,344170.0243070154,-75.1130368800839,6776.093023050754,5959.723318278102,2,cod-YAW,Wind farm co-design
"[575105.09622415 574540.85401498 577301.99010617 586628.72690831
 586498.84931352 583664.38469552 580377.9017328  582216.81094928
 581877.51346109 580104.51808714 574794.30902068 575930.29349882
 583626.86245656 590455.26783266 582829.66487814 578510.97321664
 576243.53386374 585609.84896103 576637.74159233 593650.33505726
 591556.60868759 585521.42888742 588327.48664037 593554.76896048
 578719.39367874 579710.73695963 589544.24340771 576960.48828249
 577742.90762187 584638.09542057 576702.13865319 582774.68307668
 593076.50001466 580549.04827658 577552.91786809 592723.49832518
 589571.62792518 587746.14834195 580748.67686128 591435.2545585
 584128.81292448 582558.22102938 586464.82717011 587103.21373508
 579328.66075596 583474.82843712 593044.50798977 586253.57276246
 589101.88020428 579996.18574378 591530.7859677  584791.3439197
 585918.99851173 589846.95603684 588372.23417308 591645.91169585
 588636.56810082 590757.61611563 586122.34519125 579929.74507744
 589263.01253986 583459.05571459 582947.95663549 582156.00982243
 586085.92715855 589783.38046011 583184.07761043 593580.52531293
 583888.35714692]","[5832022.5379628  5833240.2604851  5840558.13118313 5852821.90543021
 5850582.80539282 5831373.43104118 5844845.57659733 5831314.90291848
 5846693.97576154 5831129.45101811 5830938.55831055 5837441.15413105
 5849442.41545295 5852192.66292712 5848204.88349254 5831766.06835226
 5835838.36960889 5851556.824545   5834123.86520051 5845968.6633876
 5850232.74244809 5831523.2778011  5853039.75083841 5842925.45130977
 5842635.36834122 5834513.15926227 5853793.03415247 5832426.01607677
 5836956.02111545 5847972.14202927 5839308.78746916 5838307.75866855
 5847139.66513874 5841786.9859917  5835336.91868484 5841915.11307626
 5850345.11021058 5849419.1760392  5837055.84683602 5840042.51084382
 5844324.38911658 5842465.24791471 5834609.71630843 5844917.42294746
 5839917.8059213  5846160.50289965 5840719.79777179 5838004.72582457
 5851563.47422486 5843590.12834303 5843481.36008524 5834595.56522555
 5846380.93212439 5839385.61303305 5847659.70340989 5848559.06173078
 5842005.99777706 5846835.35466343 5840327.70089013 5838632.38911976
 5845343.73167394 5832965.72261321 5834571.58226056 5833594.38158462
 5842245.06425613 5843987.44064435 5836159.13051583 5844194.71345911
 5840925.40309017]",6627.051123332477,7110.475586066073,7026.573632951416,7005.606635597658,6426.301660299769,6482.356002212405,6626.419338924625,6620.199769119861,6626.701578862582,314.8577040669362,7025.435465448654,-68.18638518103302,342268.1676271105,-75.49128852493476,6750.059099694896,5929.208938285958,3,cod-YAW,Wind farm co-design
"[589543.12186444 573266.96643413 576330.31711004 576995.65906032
 577226.44345699 579130.35607201 578414.7731101  586073.39091661
 585343.91310068 573733.84658891 575766.5501766  581213.04531263
 586488.95185411 574173.87224168 585172.79234207 574755.7031287
 581870.24166044 574481.47752281 590982.51268276 575335.16108754
 582723.19929498 584796.19806494 577738.0798524  579547.55193797
 592356.38787664 592221.03802668 587345.28727846 582738.44854189
 580746.51709037 590125.84114586 589192.49896082 593466.25649139
 578079.94324983 590747.15734324 587531.8869704  586827.79783825
 577997.75880989 587156.3821949  582162.36570719 592990.22514027
 584757.02187435 593657.94867566 593590.58824144 582522.10570174
 584544.42126581 593531.52691362 586982.67467852 581138.90281035
 586728.11298535 589789.72915353 591630.68309369 589744.6666586
 584949.25292451 578872.98849787 584024.18136351 580180.92140229
 581350.92324246 592161.03610912 585051.62729942 576858.83283439
 578623.48414664 588754.11970767 586742.71792598 584839.61466078
 583970.23932846 586785.71112091 588766.41596098 589925.46679425
 588683.96955998]","[5853740.69377495 5830609.3905407  5837578.39706037 5838978.60330583
 5830886.78147388 5831036.18765694 5842130.77756723 5852838.24221692
 5851821.69148353 5832154.94397945 5830756.45307982 5844528.20478296
 5831595.63459412 5833232.08271848 5850504.85510663 5834648.18750263
 5846322.42013357 5830655.34974614 5851272.08116701 5835827.31680029
 5848390.8952479  5831509.5438745  5840569.10046287 5842973.24043505
 5848859.99285163 5840348.62761129 5850788.75685931 5831338.86913632
 5831167.80803942 5852651.29549897 5851073.39619296 5840979.69643521
 5835414.31494429 5839678.0395406  5852762.52316067 5833028.2421271
 5832352.47265132 5849285.70713541 5842334.28674391 5847643.630834
 5836853.64163024 5846189.53162539 5844118.634806   5838701.12058652
 5847007.87578932 5842219.26813085 5834421.41034136 5834515.949054
 5838587.8184907  5846236.95756216 5842815.34208183 5849594.41046023
 5844602.86442548 5834059.14723011 5835091.33474856 5840602.48248768
 5836058.1499615  5844904.12613137 5848936.32228653 5833751.41197704
 5837994.67524472 5848252.33894419 5840636.86329209 5832933.77208088
 5841971.5358457  5846298.24557448 5844675.64969218 5843256.75378546
 5841437.90570159]",6660.111335980882,7123.646832330679,7045.03391576164,7030.8830099546185,6472.894643833946,6523.659119287994,6659.5118479190205,6649.660367763503,6645.238331859083,319.0332565713695,7065.148416107436,-67.9428372363757,344284.3803761171,-75.1541915695841,6783.790459361789,5956.227046313192,4,cod-YAW,Wind farm co-design
"[593352.16442529 586463.46730853 582935.52213241 573342.35558019
 583908.84947697 584619.41046746 577418.92005991 578637.59723737
 592209.67950387 589848.8682727  584053.26393411 578478.27441111
 575862.27323782 588256.88683873 576777.62839252 580264.39140292
 575985.37471972 574633.14187818 585619.5870513  578541.71894639
 580463.19943637 578694.16711295 577670.13810977 583621.75638747
 582666.7311486  580597.25638422 585399.99886709 592699.94670878
 573776.8729539  576183.17844211 589719.13340175 579938.46457141
 582720.53247349 578552.89916443 587397.62283449 584735.87391234
 590956.32842574 593589.79076084 582824.31311473 592653.05204029
 588277.64798165 586221.90838118 587153.11162198 589807.10658229
 586553.65346989 585187.26424292 580327.18601976 587282.9273194
 580859.11553183 589698.19662298 581401.76697561 583550.62815495
 586009.39360534 588408.22629836 582703.96282287 587993.0900745
 587588.57563444 593114.1589973  581321.30456037 587204.74145215
 584208.01807761 589798.4764929  589524.30629254 586816.66728795
 591624.54963206 584694.90778226 590279.80169203 587161.36099261
 583999.54995075]","[5847112.87968554 5852942.27907348 5848683.24664075 5830667.81713786
 5831391.70316004 5850767.24952144 5840991.56159614 5840352.88609445
 5849113.57099671 5853032.80255274 5847898.95014835 5831462.20223421
 5831862.1139835  5853107.18929805 5837462.91968767 5844861.27892733
 5836022.57724684 5833747.05807905 5834509.96903049 5834173.61369406
 5837388.47084648 5842661.46478672 5838901.64205359 5845642.60618309
 5843737.00480407 5832773.26137911 5849086.74518987 5841055.11674871
 5832151.10829733 5833868.3770392  5850855.32295597 5835799.72388229
 5832367.48949127 5836564.25565702 5833351.64532168 5843958.86292075
 5851317.36758178 5844054.38956294 5846833.6561196  5845702.59886118
 5850292.81395485 5831574.80263601 5848292.32127391 5839477.49204223
 5837874.74264184 5832935.62725003 5841683.9073731  5851799.51278981
 5838529.40108718 5847952.06512109 5842637.21120125 5833818.38948283
 5835910.12443394 5844545.47269308 5840270.26912212 5843279.82729247
 5846865.34646424 5842358.5728282  5839833.50667766 5841627.98352373
 5839375.34987363 5843525.05956896 5845943.78508665 5845814.10012865
 5843819.74851231 5836259.98073097 5841151.22532964 5840181.71412009
 5837665.24594749]",6617.727478386079,7106.773049856333,7022.52866381816,7003.862145418093,6409.372725201666,6468.863025358788,6617.089624203403,6604.588638466423,6581.157929616705,314.22315190804153,7016.567655347665,-68.21739492091264,341794.7392012501,-75.5371622195527,6743.4319458069185,5924.788808127445,5,cod-YAW,Wind farm co-design
"[584123.17291864 580299.46584496 574262.52584426 589712.00746376
 580956.51870972 583211.04229464 573652.52615528 575756.64114921
 578276.61062651 582285.73640847 574365.99063089 576254.98863541
 585855.48130373 587984.54840936 575975.63371435 578121.48717704
 583365.01687827 582973.895807   578866.30365063 584043.89445862
 586975.38611997 580996.65464856 575257.70456171 580627.92673577
 587219.17350866 577211.07188654 581814.66956927 591131.3935491
 585397.01768932 576827.76568595 577807.16507747 588497.12205442
 591464.79759114 579754.88613432 590486.11227898 585402.19422345
 587073.57031443 579073.52518093 579966.31706083 584901.36838833
 593460.98118036 590849.55932546 580178.57954728 585995.41553924
 578442.89706508 589375.40995944 590656.83196939 591966.83131929
 579491.44189827 588960.80240182 588231.3052286  582864.38719031
 591331.85614291 593559.43917582 587860.67692413 577624.92580759
 585873.62868363 583646.50556582 585924.10728213 577080.12790941
 581361.80397949 591842.06643759 586129.69856868 583330.94972204
 580726.44834336 586021.10973286 588620.69912586 587567.64712959
 590665.02724456]","[5850210.68339777 5831107.32055082 5831881.67681678 5853361.15949548
 5845818.58665828 5848813.21301283 5830812.31572331 5837004.16017239
 5840683.14883939 5847445.63343989 5833671.49558722 5834289.72111951
 5852652.44839509 5853101.18398144 5835664.24701765 5838877.55038991
 5846135.13852516 5833581.12480566 5832192.21406137 5831943.34098741
 5832654.18346313 5839726.65603729 5833023.78016171 5844593.48821263
 5833892.3331073  5837324.52527021 5835228.19372457 5846994.29721709
 5835805.67802343 5831069.30600894 5836031.58001777 5849010.20072464
 5844942.58843768 5837281.93545299 5839228.28562831 5833738.35412313
 5851461.94064259 5843350.3369202  5841762.03045514 5847951.33289612
 5842404.08952083 5848969.70359383 5833626.49875635 5845021.85906149
 5842101.09390087 5847757.84618165 5851674.41656697 5842384.3500599
 5840248.57165568 5851116.01583815 5844107.71717577 5843674.94818054
 5850569.77836256 5843978.46339229 5846568.29014437 5833653.50859332
 5850544.25249157 5838921.34205849 5848961.74987315 5839901.50983881
 5832083.04358372 5840685.8116176  5839594.66982928 5840899.94924123
 5842958.64341321 5837626.1791783  5841115.50469534 5842178.71864144
 5842365.32960444]",6621.617896778275,7103.357314753265,7018.442772431778,6999.006852779725,6416.7445707535335,6473.839369939926,6620.969519449637,6619.2960746538965,6630.985736442969,314.13292970865626,7015.886246954171,-68.24611030770373,341976.76173736074,-75.55979741268222,6744.988699009566,5927.9456675363035,6,cod-YAW,Wind farm co-design
"[579908.52204297 575198.38641804 575904.88991354 573567.39831897
 574514.37956441 586508.18939704 577153.35799868 578318.40561615
 586235.28612216 576635.39925447 581787.12878059 578271.55269059
 583364.59593374 581004.14806253 584681.98526601 593433.26019932
 577807.02509466 589583.05990973 583558.37694801 577644.01278546
 576213.01803177 581124.24985375 587188.69995358 578934.94487435
 587782.78707332 580897.03826018 582709.74084114 583468.90188413
 585706.31891686 589949.44129564 587591.07153899 581511.9388526
 582882.75882934 593644.45389459 578418.57828322 584715.55166916
 580278.31896439 591869.16900535 586173.30135492 584803.99015762
 591575.62459859 581345.50388294 578960.33891241 583226.58463071
 581225.66584279 587575.92285635 590600.90433442 579671.39318171
 581806.05334957 591058.96505969 589164.78143324 588185.37674796
 588785.80254873 592716.66338446 585220.7053924  592718.50498432
 587339.5227143  590418.52188302 582477.09731953 584875.49251058
 583854.81372304 588926.02579523 590122.0882122  586093.58135447
 587169.76822113 583582.41637566 589588.04452919 582141.90465302
 585586.51544261]","[5844525.40169291 5831268.66875193 5833005.37726517 5830848.93184569
 5833550.39187405 5831606.09993101 5840248.41207743 5832106.91382935
 5852793.52521531 5837300.18456004 5847114.28821298 5838651.86347107
 5831349.38793428 5831163.88301731 5850875.90382058 5841062.49511935
 5833867.13418403 5853718.25484215 5849481.02622285 5830899.48229765
 5835155.95701194 5834061.43501931 5834175.92913526 5841824.74304541
 5853259.06905125 5845897.87146221 5845665.42063493 5832440.68793396
 5832955.53060178 5839949.11957118 5851861.24633992 5841336.74749051
 5834895.7756368  5845847.0288168  5840400.19164312 5838366.22327589
 5842907.51207643 5840445.93034196 5850528.23656011 5846630.93786906
 5842583.98163367 5838524.82665905 5837497.12724196 5847994.03867622
 5836056.52128645 5850210.22663675 5850904.47377921 5835063.87317092
 5832908.74266284 5849398.27137038 5851576.67252441 5848159.93443931
 5844936.01330683 5844716.38254736 5848031.11589815 5847650.35105767
 5846212.56580444 5848195.20312174 5837670.26001823 5842352.29842101
 5836647.9062227  5849906.9343266  5841729.19051991 5840517.30602775
 5842304.21164161 5840946.6932291  5846563.68539299 5843601.02966068
 5845067.0321266 ]",6620.881740510123,7103.198831223827,7018.733216952239,7001.950060985573,6414.937943826329,6472.794945159471,6620.236490413548,6616.084350114039,6606.876405258402,314.375343134796,7019.889969275667,-68.1958612982005,341942.1123505363,-75.50341931375878,6752.159341903107,5927.326818033313,7,cod-YAW,Wind farm co-design
"[579839.81872163 573712.75190655 581776.36591852 586448.18494018
 581964.98843904 579649.11605104 585694.55684821 576255.21563763
 575736.16471132 585483.33881442 577853.68900027 589070.09159567
 590382.66059269 574529.49784652 577710.59374946 578151.96956696
 583805.27531475 582454.25180345 576652.70934079 580233.00672546
 586893.37378263 584890.2760094  575834.18340688 577432.2225093
 583698.58906695 582604.49931881 585033.22069352 579491.6528851
 591770.27089966 585257.99343971 587452.32135336 581579.79302734
 584414.65007785 579079.09855738 583495.02899508 591923.3038429
 588884.90532913 588232.54108131 590745.91299395 579860.27016509
 583981.81433651 593062.42852046 584710.6553938  582388.76872651
 592208.94383109 586375.67532304 581688.80835765 590560.92274929
 578778.27238879 592965.15701081 586416.37283954 585419.93851565
 593597.98903428 584155.25815643 593527.78228736 582488.58292453
 586436.17648927 584438.14742974 589883.33627742 583268.87058801
 583422.35699814 580643.97805127 586693.80066099 589183.13974149
 588204.77644554 583708.3692424  588418.15646689 585701.79042369
 591155.34576021]","[5832810.55963203 5830982.64982876 5831452.08968135 5831652.30823496
 5843684.54421865 5843645.29269374 5852455.02121232 5832670.95072893
 5831401.45632546 5850225.24966361 5830933.1292189  5852737.71811198
 5852322.01228889 5832986.10752001 5840622.17466502 5837366.63818699
 5849874.70707556 5846024.48918631 5836666.64817766 5844987.29472068
 5850343.00901155 5851330.09967939 5834323.16319505 5835713.97946504
 5848686.21874591 5847746.27158279 5831624.53612294 5835902.87835359
 5849238.58121365 5847016.226724   5853215.77895146 5833667.8695559
 5843728.89663373 5839055.78705286 5831545.6666945  5840118.05388853
 5849073.20829266 5847708.41406481 5850571.56147867 5840339.4268728
 5833142.11275784 5847615.06999794 5841253.27539791 5841605.43944623
 5841355.32201558 5835462.06920719 5838253.18673535 5843548.2607169
 5841617.26416316 5844201.39701702 5837871.68404258 5848765.71453585
 5845999.90026657 5845806.60730529 5842638.51578454 5835087.03400627
 5833453.03875226 5835227.5824018  5840447.71040315 5836267.76265647
 5839989.43676403 5841966.53234575 5845495.92807946 5845964.7272084
 5843909.64275816 5837642.34306247 5841814.66170144 5842256.73491006
 5845971.12492288]",6615.364355139123,7103.3333318045425,7017.660913017878,6993.982835877851,6412.549234117187,6466.161576854793,6614.717680294397,6605.416595670722,6622.69561086445,313.47898914627854,7013.220599237157,-68.29928597707475,341553.15529119386,-75.64001213066327,6738.055281785698,5919.414282788278,8,cod-YAW,Wind farm co-design
"[590671.63963997 573475.97607845 588845.81904395 576770.5903648
 578821.5462036  586920.21630795 575114.24406113 576580.73996531
 582201.68288985 577189.15447438 574848.0829881  575475.38151669
 578305.85845867 581110.50064048 574643.4345361  580091.74370733
 576314.433891   583562.9866311  577304.66252863 583274.49011748
 589975.81952872 578651.47360243 592885.03693706 586414.88368135
 581677.81485869 585250.82256657 580062.57811413 583049.44203531
 586385.37999475 579653.71298285 577617.02028747 593465.64423837
 579949.92134757 590732.94805207 587286.48280658 588412.83378888
 587920.93030532 587135.07898225 584574.03368556 585792.8360604
 589462.95535623 592126.78209002 585604.74489432 590647.92062791
 584772.16837121 586042.75520446 586842.03848337 589048.75769291
 590435.20483107 583709.07150887 592186.07539413 581988.07561019
 592969.13745703 579498.32249597 583186.33082278 585126.46714952
 590227.10057225 583102.01527512 586627.49385944 586143.19962912
 579015.06560445 580181.14953593 591785.23007653 584351.81301624
 589011.93884199 583560.96841155 587765.64085489 581929.65265376
 586800.32863546]","[5851813.42832992 5830757.92016692 5853600.76397469 5839478.74147303
 5842844.82919701 5853064.48210484 5834332.08242257 5837552.13534416
 5847659.8975847  5831034.02415079 5832975.72487407 5835620.59488863
 5839119.08842215 5831176.15435348 5831188.4509895  5844796.3608717
 5832467.49765604 5845771.88254916 5835977.71707605 5849114.9989438
 5853034.39916639 5841290.81138732 5847930.78490146 5851672.33644255
 5843614.49151123 5832413.68879208 5838775.14786085 5831663.12629039
 5831586.44579807 5831152.29942829 5833318.3965857  5841978.09913819
 5836396.11532242 5839673.78229821 5850228.33408729 5848612.38569287
 5851760.46766084 5832978.73795743 5846956.74604285 5834265.36704728
 5850823.37139235 5840705.82789756 5848167.81477883 5849863.14544138
 5842125.90035815 5839331.77970133 5837804.69624321 5840406.70541935
 5843166.25108217 5844160.9721257  5845479.56171975 5832934.83085883
 5843143.40929558 5834430.10862296 5841869.8532529  5837007.79290871
 5847572.86050849 5836765.73366804 5844619.12068376 5846477.48785935
 5832714.31782374 5840899.03366941 5846640.82040799 5834937.03406265
 5844998.52530485 5839964.02016407 5846164.22341676 5838401.45846727
 5841085.29791171]",6629.189644757625,7109.391126108857,7026.353526066464,7005.154779697982,6424.095207988101,6483.722283985795,6628.560600615593,6624.695290659723,6629.2673741109365,315.3184217378198,7029.382941184495,-68.15656793244138,342435.442513641,-75.43515690865597,6752.145189284652,5934.490499428893,9,cod-YAW,Wind farm co-design
"[582175.76557265 581076.30501357 579829.69046327 587173.66304236
 589542.92014376 583134.83510878 585251.12699874 581225.47042849
 578544.01956625 574745.64902815 574958.82357661 578319.71193716
 584788.41694399 591206.48239911 583276.01385175 583975.92883799
 576523.53380719 587082.63318209 585780.71423638 573411.07216239
 576335.49985013 576126.62805681 588827.82835951 575631.66499019
 579319.83790639 577407.24927092 586213.82505005 576521.08988649
 586804.04130027 574312.26290894 590632.89589791 578456.47078771
 581813.29219432 587790.03274881 592737.49236875 587418.29328869
 588865.67033242 578984.8076742  584680.48418559 580230.37292224
 591116.14794509 580771.26701522 593509.21291024 585280.91256533
 587844.90502185 577024.6285396  588873.39811675 585559.22153122
 590669.36938215 593574.32577452 583465.38803646 589204.77655889
 593527.92173223 588238.9373668  586522.60092457 583807.84701444
 586823.72111717 577736.54549169 585868.48021041 586030.73428446
 590555.91167179 587892.64125952 585037.36869263 591412.0166849
 592332.24558365 590869.59440958 587135.2141909  578064.27047664
 581449.66814097]","[5847605.92159859 5846128.7063009  5831071.93999147 5853133.76085457
 5853792.81030535 5848886.45876321 5831497.9803165  5831183.06331532
 5842675.89436856 5832907.75318946 5834817.42616686 5830952.7534204
 5851215.62098987 5839776.48792169 5831342.17573032 5850106.99777739
 5838841.6419144  5848208.97043343 5852572.01736156 5831308.05650613
 5837362.90994413 5836353.51387498 5842125.18297733 5831820.31069538
 5841902.06883781 5833338.16229371 5835799.15160674 5830809.57711045
 5838456.13050844 5830647.61051739 5851882.13430185 5840489.03537389
 5841426.56683744 5851700.14247553 5848107.39095514 5840514.54625164
 5852945.56733382 5834715.94965129 5842189.9933974  5836618.96290278
 5850257.10005453 5833045.18734043 5842150.57001905 5848560.16104608
 5833363.25693015 5840097.90471876 5846737.84029719 5833065.71105419
 5848765.23515888 5844520.78254152 5832816.64359024 5851088.17547523
 5846801.55153852 5849468.44726856 5843996.84798957 5835917.79110477
 5832530.53055791 5835932.8039067  5849823.35495572 5845765.89198358
 5843697.59638897 5845583.55720155 5837485.57461955 5845549.83062407
 5840804.22014546 5842090.21151402 5834470.13298896 5837946.07506158
 5834602.32402744]",6645.837132083093,7111.502714402163,7029.685678261143,7009.5405288156335,6457.645137592062,6505.6327398531785,6645.213151342211,6636.074961026087,6634.235330978718,317.04383327374046,7044.065429442265,-68.08188985853575,343407.8924631733,-75.33839846065152,6769.275712665884,5944.067899122659,10,cod-YAW,Wind farm co-design
"[589545.3570219  578051.16594668 585946.42938985 573780.59202246
 574259.34640813 590102.45198109 580702.8634586  583834.96295399
 593502.88925604 577839.9015656  588587.83371077 574946.37556037
 573092.88503251 586509.52015674 577410.28215481 582023.48249039
 585204.39609508 578931.29003674 582618.09381042 585375.47375605
 576929.00676734 576130.60149194 593573.26283555 575088.33592992
 575596.52727699 579187.38184868 589886.83008038 576344.36328629
 584579.97904039 590300.19886121 593493.50073859 592805.85982637
 587809.51776962 576614.02243611 590763.72955932 576960.87468774
 583495.75330392 579245.73506172 581930.12222992 582325.60981591
 580444.39928586 586261.53712387 586202.74751261 590179.59939304
 578480.70924947 590905.69412012 591759.21293846 585645.48502703
 582600.4489708  586700.74466568 590873.76672946 584766.96555982
 587162.53064976 589734.75831483 585651.76764243 580479.36869852
 585514.88891468 582186.43573288 582682.79981626 583350.23341515
 591485.91077883 586740.89084664 583209.08839244 593303.42170264
 579903.24166642 577814.01313884 587990.7476084  586992.73963392
 593485.04184755]","[5853793.33614887 5842007.23286516 5852802.29963739 5832312.10298386
 5833456.47301838 5852795.84214002 5845633.52817217 5849916.39509267
 5841226.12576775 5830912.70539429 5853402.59389222 5835113.34051649
 5830615.08926289 5831596.42424069 5841020.60416034 5847201.73297754
 5851789.11562671 5843209.88415637 5848227.04924021 5831507.04292636
 5839862.18885921 5837954.22290942 5846726.31916444 5830695.88605189
 5836672.86541418 5839296.16483916 5839552.47985016 5832616.88651087
 5850885.28770153 5850629.21180041 5842995.51952149 5848069.78795368
 5833477.27226694 5830817.10433408 5851652.86981423 5834130.68609392
 5831360.68039914 5831026.36495773 5831258.80693278 5833357.14850622
 5831299.06016511 5837716.6373485  5845494.46365519 5849278.68872962
 5835325.01453561 5846258.36597656 5839924.61745987 5848148.48736351
 5837830.0553733  5839372.31210343 5841208.1700537  5842526.31388694
 5853137.94393232 5847964.4144302  5832736.20760431 5841830.74240962
 5835930.54582979 5836224.33934469 5845390.02667437 5840658.79876636
 5842777.0700671  5834892.62176098 5849058.85679348 5844282.00005026
 5844540.27270363 5837645.87444162 5842965.84098693 5840542.58968203
 5845431.47061613]",6685.399118612147,7130.029464396065,7052.652589487232,7042.930532578244,6508.574152047207,6558.361598660814,6684.810359507809,6671.591044547688,6672.306618246947,321.5480668478387,7084.3130488040415,-67.5288842091689,345775.44399424735,-74.66532201015225,6775.753737599135,5989.135341772682,1,cod-CAB,Wind farm co-design
"[589545.95220071 585737.65250039 574789.96616365 584911.11530079
 586508.37227613 580939.7284484  583203.00149082 592974.04108954
 573261.75383652 574598.4312854  585182.14504323 577592.29427785
 589316.21477034 579438.07777152 593463.59466323 573544.19111625
 590593.44551784 577986.22200299 584141.72264739 587735.22919502
 582640.94783233 575332.1448727  577405.83582784 582880.90993027
 575905.80498479 589429.05490813 576361.27554255 578412.14634836
 574146.37819819 588515.16999325 593560.44980913 581906.60762564
 590639.62827087 583672.13860655 592657.4288666  581711.04759514
 584994.22305895 587052.69595251 582846.64730278 587286.48365184
 591420.03170033 582963.0541063  586798.20758294 583143.57872259
 585993.63535853 588408.83874508 580954.93424236 578906.29905129
 577296.71849041 584313.59260644 590526.57233025 587249.01525499
 578485.09195233 587913.31663221 593110.94621133 577790.89092316
 584198.3277387  593565.84423944 591193.8309837  593036.21633956
 583606.60992702 581289.27430832 587094.1147057  580371.68249876
 590550.70980641 588375.75498159 575879.94229664 591981.97729928
 585180.72737408]","[5853792.80795227 5852517.80075825 5834737.93505414 5851387.91018863
 5831596.25727776 5845956.24212278 5843945.31950334 5840801.99525731
 5830603.78198551 5830739.03281522 5831493.57476189 5830893.47106376
 5852798.01920898 5843901.71612681 5844441.38621071 5831747.3484005
 5851951.34514818 5841918.80535913 5850328.85107712 5853295.91584162
 5848158.34595241 5836001.85077556 5840680.67435819 5831311.46327098
 5830763.33620513 5839688.62162563 5838504.48880069 5831816.12808031
 5833192.25222548 5844635.18317988 5843074.46990426 5831801.54606165
 5846837.22326442 5849445.03388274 5848327.12843621 5847011.56797324
 5840505.06528602 5832927.60493309 5833864.09382193 5834250.44852881
 5850497.9116458  5835559.26070673 5838511.21557944 5838219.38210116
 5835970.97574913 5851654.94063374 5841484.96840401 5834275.46160026
 5835526.31862227 5847226.97629615 5842942.28464435 5849804.11402309
 5833126.18101688 5847088.21203953 5845702.64198907 5838595.84027568
 5845559.08286121 5846737.21067149 5845394.81371294 5842071.67134072
 5842542.19999905 5843860.35626191 5841018.62978428 5838562.53075107
 5839183.11250343 5848424.81841396 5836931.32245772 5849313.4282686
 5837715.1580054 ]",6678.775649635691,7131.347419904234,7054.145284747204,7031.840577138582,6495.60295201402,6548.86652148378,6678.194152078772,6653.102418916307,6665.131149974124,320.07045864171823,7076.825528472443,-67.57000493789337,345294.74456338893,-74.73192980395336,6764.244327813764,5983.3142041086185,2,cod-CAB,Wind farm co-design
"[573086.41807027 586509.47354959 573511.77690526 593498.59375977
 577431.8282295  591863.89141507 590252.52224799 584488.3939605
 593588.39416884 589544.69114584 585309.02036518 585257.27319363
 580001.7618361  586142.8777555  575121.2480169  581324.94419504
 582183.59272479 581810.01746315 578242.0708931  576180.81175811
 574615.44924704 579470.40553749 575925.90731864 574046.99673888
 592501.37046915 577617.97729936 591229.93784708 585163.44985288
 583081.61193435 591105.53513354 576506.43966982 574893.00179997
 583688.42949181 584004.29013435 585704.36610335 579914.98918823
 593531.02906156 587797.54907142 577984.47590263 576622.32355641
 585962.39253704 577141.77871983 586967.81698887 581129.79192294
 588383.47286208 589813.72221515 581056.33762557 593458.77665085
 583233.75914223 585423.16607421 593433.83723644 586761.4407121
 592847.55895156 584168.50897123 589595.40111972 586896.13761642
 587047.03677532 581257.66444924 591840.25234442 584649.59212109
 579322.8015089  577009.4500407  590095.3892961  586339.02106946
 588000.77920473 590258.50599465 581170.45812627 587955.17990092
 581938.5856593 ]","[5830551.44888714 5831595.9899647  5831671.25637412 5841088.62821087
 5841073.41876878 5849726.46165234 5852552.41563356 5850808.50075058
 5843997.5617442  5853793.55088484 5851931.49826972 5831497.28394485
 5842870.99410492 5852857.94284422 5835532.67520624 5845898.38080849
 5831254.76081795 5847077.09325028 5842267.92427588 5830786.64931849
 5834319.4901036  5831111.01516412 5837269.72959144 5832896.89645093
 5848608.13612561 5830896.46270248 5850838.60244082 5848902.09655985
 5848885.24644913 5843800.52496917 5838854.72880485 5830680.18279471
 5831373.35835603 5845856.48899999 5850210.41054826 5834987.38115919
 5846642.72053298 5833322.49079882 5839331.36620786 5832351.71395226
 5835975.6904424  5836769.17482891 5837880.22945966 5844292.61636651
 5847143.23277708 5839512.2997469  5831289.53662315 5845363.84501268
 5840924.62776418 5833925.11946339 5842569.67021101 5844076.13106654
 5847677.55207467 5838282.80036924 5851316.73482967 5834839.706577
 5841861.76900108 5838815.94099189 5840132.05684509 5847752.70484175
 5841123.33289442 5834305.39066814 5845162.16803284 5839717.76517007
 5849389.1269764  5841226.183243   5842203.35522049 5853315.54781198
 5835159.58538758]",6682.159326113151,7131.80586679688,7054.932618392599,7038.018517214851,6501.290819761973,6554.047134633263,6681.585825107705,6666.428240172055,6675.234982997929,320.9126762992413,7085.390977946215,-67.6073677349536,345533.7392979625,-74.85372497039758,6773.627760990694,5985.132010233548,3,cod-CAB,Wind farm co-design
"[579035.76615734 575146.68503728 573131.64046423 579022.86592626
 580278.10572254 576810.15530116 583637.84204094 578199.882716
 587957.28451738 584692.98853419 585171.06012929 582622.82845438
 584651.16491278 586508.77934958 573476.39751565 590096.8614966
 580076.19608127 576416.06928701 585946.05164605 574713.97413992
 586409.27586319 591377.80855469 590329.57372589 587356.20451335
 589835.64961345 574434.95258958 589545.10221943 573959.35069031
 587628.84973563 579428.67789092 581699.81105309 581425.9881565
 586467.19467917 576502.73226266 580950.70158322 593526.95143414
 591658.15281562 592967.98326749 589802.5093859  579023.90101637
 584850.66136245 576618.25371021 593669.33404079 578911.65137899
 577872.76936388 587668.64908679 586687.17797992 585522.25088532
 584046.91065772 586714.95802558 589534.63953718 589766.27340047
 585542.65902215 582401.51055503 583247.10169341 593577.87497333
 593544.61023355 583042.09806501 590232.5967402  585953.96686062
 585839.31471011 585420.10801784 583077.50462885 581875.62534268
 585812.61413923 593424.76929962 591434.48876298 592340.93124662
 580386.47587508]","[5831006.9848033  5835230.36144831 5830559.30699661 5843201.91502131
 5831108.39122976 5839580.09286153 5849641.50055276 5838961.25847461
 5853357.12625476 5850871.56550797 5851742.99592487 5848259.08111314
 5831449.34870157 5831595.87722055 5831585.41144982 5852821.46607061
 5844775.93065138 5830800.545805   5852803.27503393 5830666.22331644
 5847033.62000095 5850570.34062549 5839286.13007827 5850206.67470873
 5851623.28696878 5833885.80518904 5853793.44526752 5832745.24303041
 5833277.99512665 5840552.04270769 5831347.36319366 5843796.00748533
 5849139.35350303 5837096.03397051 5845858.47859478 5841996.34892492
 5839871.4371139  5847787.70166777 5849237.31207823 5841807.64778722
 5844919.22815792 5832900.40835209 5846559.18491992 5835843.3026028
 5830915.81838956 5851476.38011313 5844644.31260655 5835327.50359985
 5847323.12928055 5838592.89327125 5844435.31132884 5846320.36651929
 5833961.55908508 5835717.82761197 5842172.49909673 5843665.78126175
 5845404.34689284 5831453.96202388 5841688.62835773 5842454.55289765
 5840247.03509746 5832629.65509494 5834516.36838559 5838257.03426717
 5836458.0310147  5840953.48052802 5843380.38245444 5848885.87248113
 5836959.97729593]",6683.505414212506,7130.383606484192,7053.596935713017,7038.150978628697,6501.250700654839,6555.335151112197,6682.922891489128,6662.233392995289,6698.2517893236345,321.16150185865973,7084.017446553213,-67.53448539690517,345560.39282674337,-74.6880807997997,6773.566283109108,5987.003763073338,4,cod-CAB,Wind farm co-design
"[580282.41429633 577542.91299769 573328.20427902 576690.6172032
 584480.73447221 583215.27283806 584015.91486652 584419.38106569
 591152.38924004 592152.0659292  575842.98048385 574442.8032459
 578571.8022758  578461.57308267 578776.92560416 578618.29802664
 578443.34604794 586030.238431   577088.18142939 583623.15847678
 575683.32614549 575932.62886932 576005.04753922 573627.06727254
 582747.22873656 588620.59402744 593424.36728245 588313.15760034
 585696.95408907 582299.89058838 580051.5667687  586073.97591952
 584752.00771604 587458.74939999 580550.76163681 587674.11591184
 580426.51823324 586993.28939585 589777.34925516 582683.87934263
 585230.19862921 592710.69707933 589115.12777112 579487.53300831
 582221.67396696 583448.77924403 587125.49143308 590051.77024981
 580292.56644716 586732.56319336 588119.05329092 589786.4704601
 593582.28774908 591699.98264301 592714.76069979 585380.82614573
 584194.22015082 589729.75462378 588849.66931795 583171.36723188
 586465.65427864 583787.09902648 587276.53580782 581428.74811671
 593527.43131021 584385.34069805 591925.31847773 586917.06137765
 589544.56890388]","[5845058.54627526 5841311.52991935 5830649.42662709 5837567.95821431
 5850797.34440792 5849068.68802704 5831399.26198067 5847848.8881896
 5850971.57436405 5849220.09513196 5832062.79561312 5833871.61618326
 5840354.70626675 5830961.45449743 5842999.67049618 5833960.4509891
 5836377.61104784 5831558.17345502 5838801.74470589 5846073.16651645
 5830742.80418198 5836163.05858887 5833875.53564068 5831946.37698592
 5832173.21350266 5853430.47884621 5846691.54814155 5850104.70208496
 5852462.73813256 5847592.84285002 5832520.75124764 5834398.95359538
 5844819.62694937 5833046.77424424 5838934.24845211 5851780.64739015
 5841719.80920608 5853091.27142656 5848207.17149337 5844031.49106055
 5832883.27238453 5840722.73549805 5846237.11126159 5835408.59617777
 5842584.56835742 5834349.12133036 5848111.80543212 5850564.32570674
 5837468.49748752 5841474.52591691 5842205.56726236 5839402.68911028
 5843833.37293479 5841943.25293157 5845283.61254256 5849622.32053956
 5836058.31391246 5841054.70189123 5844252.38442566 5839998.01270283
 5835480.29380753 5837104.26226749 5846744.54408515 5840553.45375436
 5842037.69978891 5839401.83320395 5843452.56331798 5838116.00599056
 5853793.64218985]",6655.301918543365,7120.7289440800505,7041.689671133043,7013.211512379418,6457.818080041663,6518.049048780754,6654.694399999358,6637.296468167187,6663.638555873259,317.45573112173145,7054.387194202064,-67.90800985935883,343938.60570828663,-75.13688719581506,6742.014704491209,5957.028499570397,5,cod-CAB,Wind farm co-design
"[586507.5782775  585909.51463315 573072.27900618 574236.3712857
 580974.98303821 584368.35725585 589545.26436624 585113.51577751
 574989.66825689 577352.13109858 581753.64368917 574185.61184609
 574516.13835423 593436.88206817 580249.99211928 587290.23484362
 582581.76753482 585367.70173619 587721.31332059 580206.98902903
 582016.43524902 576229.68399035 575564.39228075 591247.38997683
 573632.19871853 578576.05325991 578251.0327221  575934.05733263
 583240.71737408 591991.70075505 589780.80447309 593446.23891123
 577245.67940064 583543.06335264 593406.27337026 590475.38305269
 583372.49507551 583387.21712351 589456.52140274 590244.87330457
 588614.93338166 590587.04281803 576897.16223299 591127.24948182
 592205.42456454 583663.28605193 584543.61481188 586838.40797658
 581364.22083823 579502.41307887 586479.14032842 581441.11873487
 586205.3687367  584016.54865477 593559.65420212 586974.66025565
 579444.87973544 582681.93479529 589080.09763846 578086.56376146
 587761.41498107 582804.42962749 579304.44695683 587967.08565656
 588607.21699095 590728.14133029 579289.46645198 584698.83331095
 592221.54150151]","[5831595.53800556 5852753.42799367 5830587.33580566 5830628.80201467
 5846005.08536848 5850646.00381627 5853794.01461599 5851664.02863032
 5835216.28843355 5840733.74021127 5847067.60668465 5833011.81917841
 5834079.91048094 5841114.97407724 5831102.37201639 5853173.36767075
 5848202.94772074 5831505.70331086 5833322.95296434 5844952.82967379
 5831369.99534938 5837742.47388585 5836566.1856464  5850806.32307002
 5831955.96914705 5830970.65059113 5842280.76797491 5830762.85917642
 5844788.10893879 5849499.78702824 5845776.6346083  5845648.12014697
 5830866.44368063 5849481.16622419 5847017.45364183 5839402.44688084
 5831348.62846191 5833088.26123728 5851369.25137082 5852565.3091771
 5853449.13489149 5847045.60786319 5839212.15878782 5848329.21975549
 5840243.0373358  5834619.02480743 5839671.60395144 5834926.8187909
 5835174.46059896 5839214.7428365  5838644.14162367 5837917.8227353
 5848825.55260729 5846816.10111666 5843083.80610625 5840037.64052504
 5832711.75130642 5841012.40140098 5850236.91934504 5836317.95591052
 5841702.42253232 5842527.94151962 5841811.62168565 5844317.09134016
 5843235.00802897 5840577.31126158 5843699.41272338 5836065.29041377
 5843902.12993033]",6689.101993114777,7132.280568842763,7055.3184371190755,7046.641039399976,6511.872777024684,6563.77029752743,6688.521645124374,6670.240992735283,6696.143702450882,321.76308667500723,7086.868528741067,-67.51240132564266,346014.95980107936,-74.62800943606292,6780.286462006399,5991.63785984261,6,cod-CAB,Wind farm co-design
"[573100.82327593 586509.45372176 576979.94564147 584254.48509286
 577519.95756562 574932.72217528 574448.94605409 589617.77975399
 583118.2170699  578186.6268283  581246.89586271 576366.42482919
 581130.68629873 592421.45158732 587451.14617366 582600.35979322
 591001.94949201 574369.34411432 588463.88300015 582428.52290775
 585160.70176687 573541.68172108 586766.81514785 573946.69083897
 587229.32681105 580097.19539225 579860.91599292 593529.78629057
 575517.00080391 576612.57695349 591732.86716216 593640.98038167
 582146.93465514 588155.43323261 591345.41603444 584188.61824724
 593135.39143482 590928.56946153 579792.65071281 579916.56561701
 580375.52066952 588380.33574747 578212.12480999 589975.17774695
 578750.19478701 585415.58539691 583152.44403405 593063.32519766
 576977.30161265 587314.99749019 591934.3685695  578835.17055908
 585690.0206756  583997.37872436 581903.59672475 584148.50597184
 584973.4703374  586971.92087148 589667.70416869 586080.86260691
 587107.87870426 586940.81984583 583906.05753013 587707.04982908
 589542.06998625 578817.11442179 590485.24427372 581703.6021662
 589745.09484659]","[5830559.88394195 5831596.16014213 5839993.36668409 5850489.51341238
 5841280.73134319 5835080.92045701 5833920.00711468 5853664.97990202
 5848936.23800574 5831081.06979326 5831181.97823172 5838178.15146413
 5846218.37384224 5848748.33732131 5833891.24820661 5831287.8121572
 5851238.56098949 5830638.91286186 5853496.50269653 5845454.07404527
 5851729.4558612  5831649.19911209 5853029.18542512 5832714.76091071
 5832860.95767648 5843429.94827153 5844482.06438106 5842087.09183511
 5836103.69697233 5830817.65237713 5839914.58589448 5845646.38158641
 5847607.9184511  5849053.79993049 5845576.51093469 5831414.56073482
 5847490.71851901 5849933.76673477 5831067.58099812 5836269.2329222
 5837830.40540211 5852143.3502823  5833334.03491731 5839348.26194613
 5840121.98808314 5836741.36591957 5832913.14208794 5844199.68715317
 5837153.31468421 5845277.44598552 5841704.22835381 5841426.00032258
 5840837.43504861 5848123.26921306 5843288.27687401 5837841.49532872
 5846927.76050312 5839811.57263549 5840738.34924127 5842443.15820102
 5850404.99698558 5844147.7295003  5834372.38742331 5846673.67258801
 5851013.29402171 5834862.94916791 5846615.55617758 5841098.65316856
 5843202.89752459]",6676.0013509730325,7128.144487703298,7050.0259995459755,7029.968754620928,6490.173408763449,6544.313632687666,6675.401384580642,6663.9567337690505,6674.60462049498,319.98857928500894,7075.353103955489,-74.58933722573325,345172.47263746,-82.49020255435418,6761.845178261933,5821.559786760775,7,cod-CAB,Wind farm co-design
"[573064.49445136 586509.26384086 580329.99380081 575110.96970826
 575740.8334181  583340.05504623 584486.60972201 573852.07253882
 574204.14176352 578278.28081183 576486.24627649 584668.53414766
 575478.78788134 585806.86036942 583581.0468255  581294.3388155
 574488.415343   579102.05525401 577946.60696914 577051.68374518
 587501.40790851 593668.62746986 578686.24023539 583601.87566281
 579368.12042972 590898.68757687 575268.75306831 582072.23914567
 593411.00229761 577266.95150582 591429.0757924  590036.33171274
 586218.82300737 584844.63196667 586766.72583696 579953.74325863
 591939.64444925 585805.48028512 593453.13412975 590736.93373569
 579604.87284817 586559.49867256 582940.1875173  587868.8390059
 593381.76486991 581265.93712866 577064.73129467 587649.58953855
 588936.62106226 587298.83507153 582604.25730017 586528.68418957
 593496.34390825 585827.44392262 589579.9968358  585968.13961812
 592107.86717758 589086.42232372 581976.02702422 580667.05830252
 588135.91195016 590142.45268067 590782.87193234 579350.84447325
 588582.7205745  589544.32416524 580324.1547171  592869.41476434
 585413.86363133]","[5830563.43374483 5831596.40981667 5845123.08504306 5835507.99957292
 5837016.83789232 5831346.29793848 5850807.34333771 5832486.2737751
 5830626.09267739 5841185.94660582 5838806.63411288 5831450.94575186
 5830727.38120542 5852612.71962669 5849568.61038681 5846439.6323977
 5833973.01039908 5831012.50365392 5838067.70542283 5830871.29496937
 5853231.41717145 5846558.77936712 5842427.17708444 5847473.96531519
 5843801.4035676  5851419.71272288 5832250.01897815 5831246.19881424
 5844031.18589686 5834270.85581213 5850385.35390665 5852931.43526213
 5842052.49484116 5849148.07708741 5851565.5172596  5840256.94218929
 5849252.98102933 5836076.71976198 5845413.64681506 5839293.17033187
 5832653.93776517 5834929.61163439 5842350.84421218 5833380.86237993
 5842280.29661044 5844255.47031633 5836563.1927638  5847224.9045229
 5852006.52882705 5845726.27049234 5835348.75009041 5843541.38418204
 5841020.61539407 5839713.73526345 5842936.27201353 5837640.15392578
 5840140.49065349 5840254.8390059  5833965.50364491 5831142.43415186
 5848580.94644329 5844657.41403714 5846757.94691932 5839106.95162952
 5850049.50460532 5853793.61145502 5836525.24868521 5847960.68584782
 5833029.79554751]",6683.051568935338,7130.266936601079,7053.129719319038,7038.329559706504,6501.983670104974,6554.61252304189,6682.464253308542,6666.062831842425,6692.128570814867,321.079509830053,7085.91511717658,-74.54389374909908,345574.45383310237,-82.43100885605476,6776.880833534084,5826.944228796283,8,cod-CAB,Wind farm co-design
"[589532.07450861 573126.92770533 575385.75970961 576603.1507949
 574312.37750832 578720.56677204 585333.87414749 577188.0874338
 584537.17112974 574599.7181963  575266.92601589 586509.1908857
 576228.4016527  577963.96966863 575360.30556365 582247.14447335
 579528.72192281 579694.98644849 585947.35033133 577063.00511904
 581991.60100224 591141.70183435 584734.53150183 590247.30163382
 583153.57076173 590848.83762856 590716.94871591 576067.41930351
 586548.09945828 585414.26946879 578513.62481097 583206.8272962
 580235.10112146 593535.14211641 588714.712001   589571.35539236
 588295.49688687 588292.39304776 593319.3468731  592836.65831143
 593495.71975977 582038.57818617 587419.62946556 593646.50852735
 586018.7962686  580918.63695678 586782.71266617 586910.29947485
 585802.38730077 592460.06954079 586069.93614911 579970.43297373
 592609.69360113 587907.20576381 584699.57458889 585850.93242195
 585336.9714618  584198.30288971 586810.51651045 587382.2010913
 577606.8798192  583041.89508249 590098.64026448 579710.34126099
 583459.39642634 575176.3327312  591357.93643234 584335.52814434
 581059.80825944]","[5853790.14593542 5830609.76541557 5830721.64151168 5838971.88074083
 5830634.67258826 5842922.65605812 5851965.61556237 5830863.06851625
 5850863.65257041 5834254.43691565 5835878.26667808 5831595.78078494
 5837734.84181335 5841560.55405402 5833284.15612113 5847667.41239091
 5844027.87145054 5831059.07140331 5852803.99389428 5840191.68095628
 5831239.8555665  5849924.80633064 5831456.04539366 5852554.75020418
 5848983.25078954 5839362.29175346 5851309.15655039 5834919.60840693
 5850887.3436166  5846576.32741667 5839540.35126838 5846410.39731009
 5838422.13143356 5844146.97020786 5848435.15107534 5847318.37696141
 5845465.82143664 5852491.8658647  5842913.47431175 5848016.89464576
 5840999.32071126 5835092.84362421 5833952.41124805 5845846.77157084
 5848435.32224771 5843907.65292301 5839883.91590269 5832709.66274893
 5836032.98012952 5840358.30720813 5849725.39388177 5833884.90394184
 5846568.99014256 5843403.45688151 5840870.82037552 5837580.93548512
 5844788.93982317 5842536.94473357 5834938.7274921  5841284.45263028
 5834412.04407048 5837333.09789494 5840897.18942125 5841195.84704249
 5831476.61934917 5832128.88194004 5841883.44512453 5833777.69144081
 5832355.84331073]",6673.215247345227,7123.907400154313,7045.9677429228295,7023.707332782015,6485.939793702234,6542.395400726313,6672.619724211728,6658.040074278439,6674.565208617637,319.80685475551064,7076.0137414740175,-74.56375856347036,344955.204097476,-82.47992126313521,6758.043652060739,5821.014209283444,9,cod-CAB,Wind farm co-design
"[573109.33174161 585946.33700633 574359.36348449 574981.87366569
 579619.89343262 573604.87681112 577061.92947606 586509.37811907
 578771.8099442  583575.46997171 576813.67094391 576410.47858424
 577719.82950205 582747.24702424 591388.94378116 574127.29242268
 585293.16292231 584418.16564688 593496.31277432 575509.17592407
 587871.96298919 584697.76478599 584485.60609797 575995.77994037
 590148.68251184 593549.28087968 592308.23203655 587782.39109694
 581319.65891657 577254.36500468 593563.18560233 575132.91663315
 590627.6185117  584407.43608173 592188.0958269  592993.37009832
 586656.25446117 593412.73968952 586765.67761806 581505.58465487
 578177.95226287 580113.36822007 580414.55354819 586658.13289981
 582096.91029931 593521.26180793 580041.12269709 577681.84684511
 581113.50404798 587370.4425912  585525.11807304 584482.95907295
 590658.54515074 587618.32507743 581203.82952602 583281.43651405
 588878.98936132 583644.24899789 590421.36003473 587192.99054132
 588371.5108151  589303.42207587 590335.88370947 578632.44671904
 587510.74775665 589545.0773753  590575.57168814 574638.28315107
 585006.24709887]","[5830625.61696076 5852802.90306827 5830638.26390331 5835195.90215137
 5844151.90890225 5831893.25562816 5830851.30286489 5831597.25037664
 5830985.87515065 5849560.67199847 5839592.77597379 5838586.57709955
 5841553.99688066 5848409.88411125 5850547.04797837 5833146.44329814
 5851896.17175494 5831431.22616707 5841067.19893853 5836463.36361437
 5833383.63832213 5846298.12470279 5832486.22991095 5837571.66370298
 5852734.72238646 5846481.08154294 5848923.30603686 5853307.09943303
 5831192.66451583 5832865.62316236 5843549.49258656 5831567.44411247
 5839424.07664719 5850699.29771455 5840291.85692524 5847742.13873764
 5839125.27044644 5844848.15573206 5833015.09425551 5846730.85730197
 5840671.3937067  5831092.30470503 5845239.12856535 5843853.7391973
 5841658.69077232 5842140.46302869 5838043.48644691 5835400.68942974
 5834184.47402042 5846756.51180865 5836873.93984828 5833702.62744202
 5851833.09500586 5851203.62821971 5843262.2784708  5839214.91928462
 5844362.22088698 5837998.62756824 5849223.08624224 5840350.06469284
 5842191.01545119 5845621.71191019 5841324.84743037 5842802.24381448
 5849507.51142533 5853793.60574974 5847141.94074229 5834059.74484756
 5835281.27318659]",6689.153790624827,7132.44311885392,7056.042827911365,7048.760487118584,6510.466671631133,6563.343024867884,6688.5780285066285,6677.067593031058,6691.3206527937755,322.1536161015547,7088.354124398231,-74.50581175438391,345981.3374432513,-82.38444577642004,6783.279113294356,5832.95644467311,10,cod-CAB,Wind farm co-design
"[586447.41520665 579813.73996577 592223.66764049 591609.52494418
 589545.24313675 573885.12840338 584408.12874114 573037.81441577
 590301.29327835 582313.82947476 581357.5516141  591434.84700493
 581036.35564597 585243.60943531 577107.1368073  576005.04410715
 586982.70837859 580600.49918534 586244.01353053 593522.71093919
 576757.51805294 591530.31393666 574424.56506965 575023.19536568
 586501.24895995 574629.73982965 583535.85995158 583558.2739967
 585959.05801944 577334.77341748 580058.51445718 578415.60328023
 588200.89733481 575434.24691586 587307.69200197 585402.41209919
 590913.56908924 593394.55031088 587095.76900349 593667.61043193
 593008.61986062 587872.74401046 585925.68131497 588132.89199083
 584327.00553025 578887.07128917 589511.50125464 583119.87849525
 586583.33954502 583380.4535117  578627.32223257 584920.63595126
 593564.04832017 588233.35253613 580410.80642209 589333.57786986
 582279.93339043 582258.13130646 573420.77641894 577946.47328731
 577567.80035282 593488.9084872  591907.04305035 576410.76251051
 587081.4415411  589756.57998633 590395.73303028 583074.4835208
 579150.06731109]","[5849429.34727884 5844201.43806922 5848910.51096972 5850172.60852777
 5853794.0090813  5832567.09529313 5836628.47100657 5830533.96237262
 5839254.67245922 5847836.57600266 5846346.95703039 5846696.69339947
 5843153.8957951  5851842.63089639 5832806.0418264  5837448.21477776
 5838069.65475423 5845418.95117841 5833140.47228628 5845252.00598082
 5830901.34537808 5844373.01585961 5833861.50110458 5834900.34654726
 5831595.05651919 5830659.49192054 5844408.04033981 5849538.11530956
 5852807.37736468 5840841.8668202  5833623.86328919 5839465.73405265
 5845303.19269874 5836284.23944257 5847229.47732783 5847622.71880157
 5851184.3136343  5842539.58929682 5842681.36743859 5846498.77000935
 5847718.25481118 5833382.88696162 5850685.52886113 5852316.98691147
 5841725.41934218 5830994.96389184 5843648.82802878 5832379.24825133
 5835307.59467637 5838757.21632055 5842777.98633748 5831470.46422679
 5843516.19887551 5853433.07392567 5831258.80113953 5849098.54601186
 5831262.38019485 5840785.10638954 5831452.87861704 5836347.9358962
 5834391.07794292 5841065.19438779 5840055.51518111 5838627.30836756
 5840353.38218186 5841190.66601214 5852302.05905516 5834705.35166358
 5840938.28782609]",6693.219516113857,7137.810054345306,7063.588948405684,7045.496531961737,6512.746302269661,6568.3165618951825,6692.651425933205,6673.801041860079,6690.66387951951,322.0926674736308,7092.644125556986,-67.60570279634493,346173.0911040504,-74.7429877637543,6778.532496784351,5985.462145674553,1,opt-SGD,Optimization algorithm
"[587807.47752976 580212.16526244 589689.25013436 587942.15220163
 585474.17334875 591249.39840909 583547.67091489 578096.29123337
 588441.07675851 593120.89537625 593482.46450139 578228.48412871
 581010.41422402 587188.19985129 586509.45570052 585625.35687051
 585283.45080726 581749.33580609 592884.52943279 593437.26401421
 575338.6774605  590138.97226564 588901.15832534 583958.05303945
 580229.28277744 575103.03064634 580801.8860505  582772.29403863
 592045.63706251 582308.47589215 582427.67137762 586060.32116004
 592993.58296868 574793.92543973 584256.93255206 581058.5415565
 577033.94851242 592054.34697576 587406.03440551 575948.74274823
 579405.19570013 573037.822662   578104.96309386 585026.85588067
 590244.27199553 576531.83609016 576848.11630923 573522.77461301
 580433.06350277 590991.2541877  580051.6543511  583327.0712794
 581924.21368755 586975.73565646 573819.0547589  579099.66088666
 585756.73392162 574388.66503097 577479.40619491 587129.86941098
 593636.38416058 583620.82364466 587672.42362984 586205.49573756
 585088.50577184 589545.25418015 589967.45888774 576422.79043318
 582868.98773322]","[5853315.82880015 5842432.54319321 5845223.93979171 5846222.06355096
 5836946.2002113  5839801.07946764 5831481.03488942 5842035.21716017
 5848268.42964051 5840765.76611819 5844461.78517786 5837291.46714727
 5845963.83603749 5844867.5155889  5831595.69727196 5847196.57766839
 5851897.29672392 5847064.63145378 5847712.49625591 5843174.52544255
 5836054.91145947 5841309.70475022 5851381.22887508 5838776.72449962
 5831100.74186939 5830696.735619   5832794.49073077 5848273.16479274
 5845793.58620681 5835339.69007021 5844922.01938662 5852835.24227275
 5842238.50071117 5834747.7970176  5850493.63075639 5838181.40678283
 5840122.88662579 5849392.37156135 5841934.47725314 5837518.77459316
 5840423.81834135 5830533.97253639 5831010.36314457 5834141.55431908
 5849151.94159244 5830984.4269794  5832693.77434251 5831398.50751853
 5836009.55461551 5851257.26928821 5844743.19070057 5840592.43015944
 5831234.35080152 5834600.57943197 5832408.59641752 5843441.37964558
 5832554.82910519 5833523.41826993 5834640.28683862 5837933.0826352
 5846617.00056464 5849468.27763701 5833220.01358712 5835856.47450993
 5831483.7251275  5853793.99480614 5852817.36148742 5838549.9345656
 5842639.54443569]",6692.884784596118,7135.0813981822885,7059.553798105289,7045.610251626931,6512.530122725502,6568.668592186908,6692.31212032567,6672.878386568333,6684.53288684895,322.0982788543959,7091.523544510042,-67.62956905035192,346192.17130986036,-74.76151376768338,6776.899139462784,5984.885538727528,2,opt-SGD,Optimization algorithm
"[593304.13183885 582930.60420819 584778.55066466 583176.79788218
 581125.88988984 590586.69066554 591441.00657256 587130.44351435
 583466.15628716 585852.56489667 582664.7582414  584455.70035141
 587170.9984115  590035.42437613 587371.84805634 589593.54528014
 584537.11298647 577598.22555267 576796.833658   576347.9634435
 575172.83042021 587831.14678765 581143.02747609 585586.86461335
 576924.36546573 590359.7449957  579918.3485462  587224.20255652
 587095.1082483  580700.88513309 592000.10266201 573803.79122229
 573037.81316529 583293.7240838  583335.26253091 584993.20089936
 579226.29087238 593500.11685044 584976.65743386 578418.18234836
 586509.44903258 574359.38213737 580235.20079369 588351.2368266
 590580.10942648 583749.90513317 593651.99620144 578258.03000257
 586516.45870717 578462.23716994 580711.35305531 593324.35036
 575881.38810716 573568.54916059 581340.56471894 576856.97093739
 585945.47736264 586195.78369646 592431.19832514 575244.96736514
 589545.26042675 582474.81740434 577635.9096045  587150.70304331
 592516.27284973 593478.81312638 589055.70979458 590756.18596045
 590285.81881919]","[5847199.8563039  5831412.2902338  5834507.05509861 5846248.13863835
 5835116.2300445  5839225.76542952 5845551.64031451 5834367.11545073
 5849412.29560505 5848636.11372543 5848166.84902743 5836854.8900993
 5846749.57356649 5852932.38547611 5853196.06048081 5847227.30620083
 5850869.93271877 5841061.7012417  5839552.22792579 5838476.18822453
 5835642.02793661 5833349.06495883 5846235.42069296 5835884.90780703
 5830840.29587739 5850590.79369458 5831221.2684787  5842644.96848841
 5837934.35228727 5839532.33116846 5849487.37695882 5832335.80861233
 5830533.96733811 5844144.17422164 5832905.80913437 5845397.3500679
 5843597.93393151 5841137.30494065 5831474.88948663 5831120.33249065
 5831595.70299152 5833592.49314984 5844994.18585602 5852107.6073099
 5841736.60616922 5842239.08063063 5845999.5179019  5841998.17360949
 5840485.69111925 5836037.73418573 5841469.22453515 5843001.78596026
 5836951.86904829 5831371.12582274 5831188.33992082 5832819.62477813
 5852802.60451587 5832958.88719673 5840339.69476013 5830708.41663106
 5853794.01009559 5838302.44498624 5834242.68884481 5850209.19583279
 5848371.02466861 5844367.47402092 5849160.02317158 5851610.77770139
 5843748.31230956]",6693.060397109212,7136.7152089958245,7062.673770668948,7043.850707806643,6512.862835398428,6568.313443977078,6692.49576014898,6666.027087642659,6683.986542561646,322.03306779476276,7093.900512184568,-67.5958694597398,346160.1416110887,-74.73313523884812,6775.416904331182,5988.798656471923,3,opt-SGD,Optimization algorithm
"[589447.1421917  590993.23365875 581123.17671297 583188.06777104
 578954.86993927 592954.02659029 593508.24852046 582764.59029881
 579723.70336472 586057.00208959 586721.36952889 587034.39998844
 575456.46203998 587929.76226648 593474.13891315 588439.04476151
 578662.49343943 588618.55216795 581289.60321435 584404.80319933
 583966.95114975 587296.09650949 584126.96851827 574354.89262101
 586509.43775026 584663.69530946 576398.5295349  581388.1324503
 581529.48994584 585946.40530078 588232.4093756  593625.15530284
 591589.97274767 581388.32062338 576754.08692453 593574.18146541
 573037.82058322 590002.09016874 585314.32428659 590097.60670986
 581650.23674147 592547.81622274 576348.44776146 590696.02325783
 584676.19924979 573629.74789164 578719.7297285  585967.21494722
 589068.02345947 584995.2607879  589545.24019878 574858.28814646
 592798.83128758 578503.19588881 585137.1077665  581900.91883475
 585452.13645855 582744.20386199 577039.57145513 587581.46299278
 580333.4311804  581924.38469405 586092.51076477 576416.68246571
 577499.23089275 575598.2783111  583593.1691018  591855.13749935
 574132.63624525]","[5842061.90075291 5851253.84447125 5831171.20766674 5831483.21416974
 5832894.27478505 5847449.56348675 5841397.88851945 5848450.09429304
 5843951.58365231 5849541.28000905 5835017.59409704 5832701.24792205
 5830724.66255441 5853349.53383546 5843475.30557858 5843850.27570257
 5838091.78958869 5850708.48206265 5841656.83386191 5835958.99547302
 5840616.64562401 5845616.09037668 5850064.8405004  5833513.77782924
 5831595.70067632 5846356.31305669 5833283.78652955 5846316.01854835
 5834706.76335094 5852803.85981539 5840539.09993378 5845140.27998577
 5844698.97054303 5832170.88767891 5830951.89311953 5846477.10872828
 5830533.97425236 5852784.59236805 5851939.52783786 5840758.80143654
 5836826.81490069 5848526.64587374 5838139.83888968 5839267.99088921
 5850991.95474371 5831954.26923591 5830981.84249521 5847860.73348607
 5848427.50432865 5831476.42247656 5853794.00950381 5834902.31548493
 5840576.09383519 5842569.72850543 5837231.90095935 5847271.90532493
 5843016.98457827 5843909.13972626 5839997.56654235 5833816.89764791
 5844914.89716034 5839189.55336562 5838407.22314797 5835524.84242204
 5840989.45102806 5836677.92913105 5833532.58232978 5849741.81997501
 5830655.73026391]",6692.165504498284,7135.347412692595,7060.290580923692,7046.892280176,6512.310359202015,6568.049916178329,6691.596721874028,6661.001511490373,6668.927626264192,322.22601109074276,7090.925388490639,-67.55917441544459,346152.10247210815,-74.68431340850336,6776.758355537327,5985.760229010626,4,opt-SGD,Optimization algorithm
"[586873.6736492  583406.20298465 589545.2594243  590083.09539678
 590244.15682749 593582.88529829 586610.3374633  577038.15669558
 591043.04836811 586391.07916927 583663.32119997 586845.92359164
 582442.09368795 586458.6560554  587908.93843155 575570.0427394
 578802.09818079 593667.18741556 589162.87444707 578196.47324241
 590831.24266016 584459.26666305 581646.71594261 586509.44201725
 584957.95835999 584879.88601368 576997.15721561 578152.96019676
 593528.55861887 584962.02529068 582191.848846   593477.89321724
 589662.04908303 576246.77519989 581439.80960948 587413.40750985
 591966.03172575 581409.71438384 578969.70684557 578036.3600716
 573037.82204435 585775.45052326 588536.49280976 584040.68727742
 586652.97820049 583165.14036245 573447.09159648 579107.58477395
 584929.84665271 580074.01604987 589456.14904684 584308.81266215
 593433.4726262  574580.39731766 592276.45578336 574011.2115474
 588158.02097375 574535.80778124 581761.4628758  580574.71288451
 579901.72236527 591799.48997485 585946.47106771 592920.39713433
 578759.86503413 575155.9171778  575795.33363544 587779.4670318
 582646.31974389]","[5839568.36829426 5831450.91830135 5853794.01240399 5852850.45916068
 5840965.24597562 5843788.03060587 5837883.45777176 5831019.55476117
 5851166.44624299 5848955.29752627 5849681.75821477 5850548.97571848
 5843950.74962656 5833479.94825539 5843356.19010485 5836542.57632908
 5835115.32387129 5846485.03351875 5849342.45299466 5837368.37552498
 5839396.06413697 5837008.71999207 5833446.62710134 5831595.70254657
 5831473.40152543 5851345.47826992 5840021.28437278 5841789.08331467
 5842048.36386461 5833364.17253059 5835725.87227343 5840986.22959201
 5843746.71385396 5838234.07239402 5846641.38263061 5852129.89256503
 5849547.25187012 5838163.83982193 5843233.09012951 5833629.6509133
 5830533.96333022 5845506.62533508 5846900.11564155 5840524.5403959
 5835091.61147382 5845238.13197726 5831516.02298352 5839247.02360712
 5843061.81264298 5831144.53611314 5851515.50124629 5846873.91882599
 5845350.16058182 5833943.29090736 5842443.59092236 5832869.67060187
 5853412.3520468  5830652.05951848 5831221.51486132 5841355.34153513
 5844537.89464865 5848213.43021848 5852803.91715137 5847529.19631416
 5830984.92914131 5835196.70109136 5830972.25614169 5833307.1368909
 5848134.21658024]",6692.236217504377,7134.780807717047,7060.42105566846,7042.936847970653,6511.921759139086,6567.217264935556,6691.6564005585615,6665.719953562487,6687.184445977286,322.0244682980458,7093.468001735463,-67.65017286436998,346105.2180951079,-74.79582985185127,6780.673483273818,5983.863361887101,5,opt-SGD,Optimization algorithm
"[583260.27010971 586509.44497416 581591.10279776 584894.47607111
 584932.10907219 576846.53012175 586882.69580535 590526.86574196
 582982.18415156 575163.3734065  574423.46358847 583379.03672899
 584642.36190406 592250.62085614 593504.46936932 573037.81315466
 583170.94654837 579404.59067095 583104.59276028 587758.03761367
 585946.35221788 577439.59584754 581116.37380991 585123.69785959
 573511.320409   589545.25874661 580700.14270378 590774.53585149
 577549.18363952 587586.81422314 586386.40872143 589689.06345901
 591282.1859005  575744.67327638 587366.08890424 584860.68453691
 584172.20385809 588011.79859165 581898.36208892 576326.9866768
 578223.49320453 580951.32417449 592300.23379182 580614.72151564
 582697.92028219 592965.63611513 588473.06355047 593666.31943833
 574643.64147714 585167.53438953 573953.27150461 589168.42425921
 593495.72802726 586581.83328568 593565.1558002  576086.93986786
 586649.8541512  591762.59418813 585620.65236004 589236.6439935
 587200.81757445 576842.72940998 579650.15987207 580853.54851899
 580882.55154466 578360.09473422 590686.07794991 590920.98440593
 579401.64704556]","[5835997.7494657  5831595.7215924  5843816.42759118 5841664.38349505
 5837086.38023363 5836405.91634202 5840196.43114875 5852071.9529539
 5839623.70544004 5835300.25154915 5830643.26805738 5849293.17147638
 5846287.77995946 5848904.17630034 5844457.47624233 5830533.97528602
 5831332.59686764 5838896.25656238 5833988.04733931 5849012.24612038
 5852803.82424378 5840744.68067071 5831170.65754137 5851649.66825447
 5831404.78981352 5853794.00818071 5832639.20373233 5847555.90709265
 5831032.01457357 5833809.67760935 5844958.07021039 5841992.84690129
 5845601.11281597 5837029.19443624 5847375.54966883 5831553.79730903
 5850377.73312461 5853372.07662519 5847172.82433959 5838426.45097263
 5833226.37772829 5836707.99144578 5841423.74478814 5834799.433302
 5848167.35409913 5847793.55964683 5850619.28226688 5846457.52365155
 5833903.26475551 5843121.0683579  5832730.56697649 5852580.74473289
 5840997.26033157 5835309.46853676 5843218.96462822 5830996.11862454
 5837944.72545463 5849904.15494945 5833312.33671376 5843381.18815206
 5832836.56298487 5839499.2028845  5844194.18236107 5845790.63206458
 5841641.80993515 5842392.8145173  5839550.28133279 5851020.20487354
 5831035.54204882]",6693.707056112497,7137.669305028242,7062.754394339657,7047.450549047508,6513.956238235797,6569.729716413465,6693.13960568006,6668.882007125108,6685.380425219048,322.28436607830605,7094.569394471809,-67.56395181667031,346222.9340600911,-74.69151570705596,6778.691316232723,5986.488826379221,6,opt-SGD,Optimization algorithm
"[592435.16986224 587084.46609091 578183.68883864 591640.308897
 586872.05137938 579280.75728291 582529.61008805 587747.56448422
 584174.81237836 576789.35969374 575830.67657178 586632.76463918
 581337.37231869 578880.5699903  585946.39527675 581781.55912116
 574322.86991305 591026.03171764 593596.62108925 579273.20214975
 577519.06798583 586083.30420204 584376.67471119 573037.83177981
 586629.39671012 593651.19730954 591643.47315141 585064.03514073
 581999.04846519 590072.58244531 589269.09611418 573489.43377371
 589545.26472284 593226.44965194 593556.25588999 579817.18453988
 584165.67515663 592696.74369737 586388.42790575 580531.35184331
 578198.93919822 587792.99703281 587197.33719842 593450.16430624
 584864.16762283 583404.00793512 576303.4529594  585328.41544274
 588701.01660265 583442.66970851 574904.2342439  575281.89378082
 576261.05126655 579629.76098072 590759.85213996 585711.36575381
 590704.68854893 580311.77715097 583270.48822841 574492.04455428
 590700.4728649  582753.95486152 586509.35056263 573925.91079402
 576934.31323087 581897.56947801 590050.14549076 588024.11123687
 583156.74194649]","[5848724.27270801 5837893.70177104 5830939.54007331 5849838.90240847
 5849654.87436363 5839871.71536668 5848064.53849425 5833325.49061779
 5842405.69927994 5839536.03245981 5836919.72837102 5844550.32893819
 5838590.26610954 5834821.71166256 5852803.86461135 5842856.48098794
 5830635.29938973 5851196.29449407 5844244.27920235 5843577.00505468
 5841098.33884119 5835024.24235529 5831427.60114361 5830533.9732505
 5841473.20141042 5845974.94023673 5840202.03059395 5846837.49795809
 5831240.28988649 5845989.33688916 5850650.98517679 5831617.56490832
 5853794.00928715 5847331.7240378  5842935.02447681 5833073.54197063
 5850368.82418876 5841944.19355613 5848412.06419912 5845373.39961204
 5842209.7284826  5851416.08236791 5834307.41548038 5840969.10746242
 5836020.10873093 5845034.2552885  5830941.12018562 5851805.72753086
 5840818.46744884 5837169.09096084 5834442.05157937 5835719.02167549
 5838268.14447821 5837030.61065763 5847386.5696064  5832831.50492882
 5839273.24135205 5831107.24153149 5849144.68435791 5833534.76765459
 5843774.08258909 5833896.00471942 5831595.68042879 5832664.33199849
 5835189.96115004 5846955.49526656 5852908.23768337 5853375.46408882
 5840662.58633759]",6695.8710829810325,7139.847092100962,7064.68257220522,7048.006200508216,6517.612212753369,6572.374071966681,6695.308191595036,6681.848790625446,6706.489916643898,322.4348018149046,7092.201060008512,-67.59916649387527,346387.6626473502,-74.71905470942619,6779.573090136974,5987.18756459012,7,opt-SGD,Optimization algorithm
"[581125.7670572  573951.99383743 587308.96701446 593140.74178848
 578155.23606192 593495.8933078  573419.13668291 589615.49062771
 586509.44187195 578605.8416643  587781.81149604 575127.65289032
 580931.63067041 580113.4228545  593542.43919117 584491.13741952
 585164.0142981  585209.71277934 582414.80322168 586855.67560569
 588428.85909553 581085.92551016 591155.97040255 586532.0830497
 593665.41120631 582200.59515502 591996.77504603 588292.66707505
 586358.9422766  575851.54024013 591710.58393276 582728.74223627
 588024.50448772 589545.25900265 590106.43123431 573037.81143423
 583557.93644719 583811.92545742 576591.64162951 577285.90569413
 588278.75851673 592555.67996785 590574.02501845 576551.43952413
 583067.22834232 584555.4166368  593546.83650353 590748.2100657
 575916.2712024  578045.46569971 585946.40330653 583253.56040675
 579887.41729706 585158.15078666 578995.06788158 588155.40493454
 590177.68263751 592874.85289941 584492.79370585 581708.34989687
 578492.00280026 574461.09712347 587756.44455756 577310.95827689
 579651.91290301 587997.94164243 583990.12069924 584769.21987831
 583288.96030414]","[5832492.48425312 5832588.43503435 5834224.46110303 5845286.83807736
 5835494.25161592 5841002.29025732 5831448.91479146 5848808.57230152
 5831595.6892812  5842414.51962741 5833308.95191677 5835371.51836689
 5845786.48004608 5831091.64402002 5843766.13161299 5850580.92426821
 5836816.13082047 5840942.4629506  5843914.88752835 5850855.64874328
 5847261.84280587 5842050.31451319 5850629.37048161 5835279.94252804
 5846429.18510425 5840413.86624656 5849226.34103237 5853449.32117074
 5837984.42390354 5830755.72887216 5839907.69799642 5848121.34826321
 5844155.72757993 5853794.01428448 5839310.59502677 5830533.98044121
 5832848.91647034 5835177.32904974 5839061.61167591 5840727.39097133
 5849933.49992022 5846677.26839637 5841907.87388095 5831732.23096053
 5831324.4082464  5847638.46904316 5842632.99708375 5851645.03390772
 5837441.01366409 5831019.80041565 5852803.89420431 5846205.45941807
 5844423.3210765  5851725.95198475 5838764.43907956 5845941.86360636
 5852684.54407612 5847951.67848961 5843256.82491668 5836058.66437104
 5836828.27017372 5833949.19201929 5852197.34655588 5833408.84797594
 5839971.71027727 5841591.47085579 5838433.74672118 5831458.5552575
 5849168.9433124 ]",6690.187410302306,7136.455594730163,7061.559101331551,7042.301195509775,6507.843824124477,6563.628521865642,6689.612368015353,6670.930557927217,6678.480499453615,321.7394872777922,7088.561419774732,-67.58458907582809,345983.1109189723,-74.7268062932642,6776.206281725966,5981.847416821408,8,opt-SGD,Optimization algorithm
"[581669.09992259 587664.89840014 590109.17383287 586046.02812398
 586509.4311394  575947.56721761 593461.11579356 591560.90634734
 584922.9881208  583616.26538154 584232.36986681 574693.82978503
 588729.50875078 593582.39773889 589387.20026713 577548.19163192
 581489.3438036  587622.3205293  587990.22136189 584345.20933448
 579913.04738744 578756.690296   573840.86687331 593536.51039493
 587390.28448221 581651.61067094 589606.72927306 593387.02178774
 590807.82006114 581922.55656903 591516.80300252 583934.92104161
 575357.66205658 585771.29557591 589314.00302222 577239.66742634
 577944.39777928 588066.84260125 584495.82617228 592927.6304387
 584513.00750102 579459.7293593  585218.55426353 586378.19983198
 582552.52907164 573037.83887376 593600.22158347 580619.69329945
 590610.47817341 573419.19502442 576579.7138409  589545.2669064
 583415.61355513 587830.94757452 579258.53768579 577527.47318166
 586504.33497281 581553.31919745 582242.48321409 584712.42604636
 584374.23235634 582751.16126471 574858.55438425 578860.50114972
 591679.36981686 574378.66977216 576701.42931002 584516.36464517
 592370.10460785]","[5846872.93133883 5848784.73416723 5852802.53308043 5852831.29698443
 5831595.69044278 5837516.11065682 5846678.33997551 5850257.95089682
 5851404.36587853 5845599.37395514 5850341.40189538 5830664.52116992
 5845749.10770646 5843771.30577482 5839557.49328337 5841181.48242201
 5836308.47092534 5844202.29814117 5851624.46709217 5831425.12955812
 5844545.29519348 5839294.2149977  5832460.9340202  5842302.75173875
 5842706.24519948 5840665.17572194 5850386.73769116 5840930.07646992
 5851579.11082179 5832124.96129475 5844385.26761476 5843584.28522717
 5836100.57610452 5836519.60959304 5847898.95579209 5833892.71560417
 5830996.03095909 5853387.24027285 5834909.61580107 5847860.2021542
 5840440.60585804 5841091.67698633 5838395.01408969 5833106.95918841
 5837632.77957121 5830533.97495854 5845460.11187105 5834837.79317786
 5841887.98512761 5831449.07892211 5839032.92393448 5853794.00493337
 5849343.12537259 5833348.90026279 5831237.70708824 5836146.88205854
 5835080.84496249 5831205.08181992 5844108.5649855  5847055.76211216
 5841601.89297442 5848341.4035024  5834465.45767935 5843107.69240428
 5839987.97863788 5833366.29111177 5830822.71810745 5832602.60974414
 5848838.39353583]",6693.331721358667,7136.068394492328,7061.191151080756,7049.008607840933,6509.033375229032,6567.88798644898,6692.756455590453,6666.74091750223,6680.530645657412,322.4875860638101,7091.083532047359,-67.59143833410128,346187.4704588971,-74.7253661513668,6782.819939588578,5986.095114822893,9,opt-SGD,Optimization algorithm
"[591866.91378953 590194.8374758  573533.31656726 579846.97782009
 577690.58987059 588658.9991736  593381.67808443 584417.63669285
 577110.72086607 591768.48077013 579285.4690385  583130.21941361
 583473.00717801 581307.65383378 583797.39857372 589942.38157995
 576006.6424387  587141.12029928 582909.74981967 581618.03050735
 582495.02200849 580177.30866655 590082.50962634 583843.89216326
 575568.12046884 574245.48565121 585023.08807134 591141.18570114
 593398.55903102 587714.566351   593533.01706736 579696.54146813
 587349.23703909 580927.4231687  593651.59443556 580807.42282472
 587311.32660272 586731.65220965 590571.38283854 577940.23038584
 584103.64249748 574922.93025261 586976.55630537 585750.53284212
 574340.67204691 586602.81434183 586013.81813666 576212.8598688
 576728.98026684 580478.56636466 591335.43926519 586324.64156764
 589545.26401713 591898.97166277 590467.62888891 579886.89843879
 586509.43176843 584112.48644913 587781.08655703 586483.80663945
 590199.53928108 592699.40427384 576155.22196953 582303.83123565
 593494.42275488 583628.34616058 585955.98386194 580377.0419984
 573037.83288498]","[5849569.12476481 5846164.31080084 5831722.89411249 5832703.69163094
 5830900.69961411 5851150.57940189 5847063.35984148 5850555.55970913
 5840146.2796756  5844640.24499457 5843553.63940943 5848952.96388557
 5843276.77007216 5843318.311013   5836002.41639551 5852832.93996338
 5830885.13699569 5840473.16234994 5845775.16340761 5846885.10067156
 5831279.29569636 5836562.81416531 5839417.79802505 5838818.36230414
 5836079.48414948 5833431.60753418 5851541.29999651 5843277.43373889
 5843784.08716155 5833254.36692068 5842193.51408149 5831058.77168112
 5848563.10400135 5841631.49736503 5845987.27532134 5840044.24816569
 5842028.77445302 5845086.68162355 5851952.77263656 5841855.97431979
 5833939.72433351 5835053.13860894 5837853.72733289 5847161.72387199
 5830636.66043924 5835278.46271526 5832460.99162569 5833057.85277726
 5838771.08350551 5845326.955302   5850653.48276423 5849973.03746946
 5853794.00185633 5840128.81144232 5847692.51026326 5834567.48182354
 5831595.67982399 5831493.08492452 5853308.62480034 5834037.47004751
 5840885.14146121 5848260.72496463 5837624.80278652 5847815.85699063
 5840996.41348553 5841195.55747516 5852806.52808995 5838249.02866376
 5830533.96700263]",6694.2532720526615,7140.395898013188,7065.542831479206,7048.0418725885265,6514.929572622851,6570.560923194483,6693.696870730947,6676.389514596039,6699.362346051282,322.12192128203685,7094.756920830568,-67.59060477811735,346185.1461608663,-74.73523464655922,6780.80986336353,5986.049499528628,10,opt-SGD,Optimization algorithm
"[575655.36640619 591827.02568899 574651.97941945 578039.51749871
 579496.7241277  583699.46830563 591704.20763052 587849.97189391
 582599.27112527 577157.7059075  579097.67954307 585322.20820552
 575594.87561408 585392.22200673 584291.03483474 577921.77961328
 585389.92530957 584517.20290784 586075.54753731 576105.13757716
 589580.21127966 580815.81661507 583543.71273364 580717.10997007
 586174.65063973 591189.49150885 577692.7176463  588481.74970912
 581941.55634507 577717.91980843 591533.52308412 585300.57730324
 590893.93963323 581556.14578693 582684.87089592 583373.32598629
 579011.39088913 581976.41602826 583843.65802723 590718.94658297
 593180.99855139 590219.13045276 588259.52464854 575896.01733724
 582526.7097008  580235.95335183 585547.04697428 589032.79277372
 587046.09680887 579963.79831076 589829.34905575 593474.42775962
 580752.78006114 587480.43908699 592105.18916969 586113.29907852
 579226.02163381 588101.53987176 582936.24042672 588713.00557761
 582586.8146778  581608.97458731 584753.59035508 589145.44930948
 585894.6267072  585091.49854184 592693.26255576 592410.52710095
 589013.84359645]","[5835445.57225052 5841869.0636386  5831523.88635989 5838688.13994513
 5831264.86149218 5847092.87762311 5848667.51164827 5841237.96493547
 5833113.01719735 5834849.9862179  5835502.86896645 5833157.40336512
 5833656.03471589 5850501.16678725 5833823.19899604 5841646.69286747
 5845032.32388071 5849470.00025947 5840641.74229934 5837106.93778185
 5853588.7938463  5837119.2193739  5842199.8484293  5834264.12027165
 5852797.96924382 5840584.35129452 5840288.51036933 5850858.15358267
 5846280.4889981  5836639.34493655 5846308.82888185 5851751.51767666
 5842796.40889086 5839377.25535806 5831296.66365718 5845413.65756117
 5839877.03517665 5842723.93484756 5843674.36924662 5850845.28329815
 5840965.05142613 5852377.32175545 5853321.59717001 5831711.87598579
 5847701.5858893  5833056.62658115 5831691.67506281 5849462.35348938
 5848941.51501384 5842868.97084133 5844073.61749764 5845922.70487062
 5844374.12558755 5842600.27078296 5844700.24479746 5838982.73372738
 5836801.6028805  5844332.79303926 5835247.80469593 5842440.84174831
 5840213.01464284 5835689.70127246 5838083.85886628 5847060.5546391
 5834510.29081405 5836647.62267696 5843629.71588377 5847570.18238635
 5848158.72969374]",6591.269468608459,7086.685758996884,6997.169174211009,6969.829221118494,6372.90173750596,6434.231559945308,6590.577896785026,6580.211696614456,6588.823242353101,310.4318916990882,6987.806407671604,-68.45897184531485,340137.4367974088,-75.85607466170191,6686.41225689436,5900.105671427437,1,opt-LOGAf,Optimization algorithm
"[589653.02324765 574420.03933012 577319.05828934 575416.08459589
 576000.68937924 580871.65399461 582486.23232303 578100.84473559
 582296.14743715 588055.09285943 580527.4159548  585295.80992815
 578471.29885061 586505.8508424  583672.76519942 578532.13444161
 576992.32034187 586458.09973562 582093.74189469 573637.98541901
 578406.88925587 578092.67908379 586720.51985625 580059.1457082
 579518.41127398 582992.68095896 584107.10068817 588012.8284143
 580556.11731665 575529.87008328 590911.10257151 588282.23132105
 576873.82921803 589804.21838395 589532.0587748  593177.60051715
 593430.58851903 580532.63912395 584973.77258992 589346.69475745
 581941.36383006 590730.87751948 584254.93722657 578705.55062759
 584307.05485961 589512.78863515 587147.30537309 586801.30449539
 585772.20709169 581522.87212702 580696.13100397 589516.03249882
 587282.30272295 592579.9521576  584263.84139843 584575.25745297
 584576.77619855 582407.58206556 585755.90642668 582472.81627836
 589636.00772698 592600.20188137 586651.82417891 591494.72380186
 583251.96598362 584246.0754177  584098.92990151 579790.63949858
 589008.41287058]","[5850869.21216195 5831497.8361234  5840319.61964692 5834112.92989383
 5832687.03002714 5839997.85357865 5847930.68881204 5835332.12108879
 5846326.25505082 5853229.68031328 5837825.1833752  5849256.32482379
 5831143.08958335 5844145.28862246 5848675.98018528 5838141.14512591
 5838307.94187089 5832696.57069753 5841500.13513699 5830632.53099914
 5833131.27022507 5836661.30527059 5852671.32682306 5835182.07260966
 5843768.34188523 5844851.79791947 5835418.00340409 5850343.39811147
 5844937.90187755 5835681.79203858 5851298.70042139 5851458.29154783
 5834618.74916019 5849239.54323738 5853776.12766901 5847421.82997204
 5840990.14372676 5831892.40690987 5851448.65946604 5840510.16330627
 5842983.44546437 5841009.30112888 5837339.86478989 5842173.79050602
 5831966.11104125 5845914.24901373 5849532.53132797 5841331.25544201
 5848350.29120457 5834573.06268114 5833320.84843538 5843996.73099781
 5834134.51995108 5844262.4495361  5843773.46145285 5845292.08112987
 5847078.61949529 5838633.34683478 5839851.69233937 5835901.08779752
 5842272.64646625 5846185.65560657 5845961.58259334 5847184.20880977
 5840629.42101401 5841929.41687416 5839673.94005156 5841333.27397226
 5847738.52210181]",6582.620469311813,7082.53416309181,6992.476417878985,6967.971891819837,6357.835171580615,6421.669760236503,6581.909995396891,6579.80885873848,6567.75542247352,309.5025623828107,6975.290500426249,-68.61412168820914,339758.1477156858,-76.01298819639483,6679.890725518952,5891.0826346742215,2,opt-LOGAf,Optimization algorithm
"[577376.92367675 575591.7761179  588942.82055688 585903.41000207
 576111.51815178 576734.36677901 576775.24839699 587863.57061308
 590774.20423934 579207.6456854  574137.81176988 590710.37524
 577449.57331455 574422.56021439 577837.85587943 579662.96540948
 583696.03676138 590028.16006107 582222.59144403 584694.81684721
 592014.67163844 574202.85113916 587616.17678304 592455.54466596
 584950.13496041 579234.2023875  593413.14309611 581580.17028239
 588740.39835826 578832.55104515 579474.215221   587197.32047662
 576061.69257437 585953.02373786 586945.49073998 582276.53722716
 582827.21762504 591260.71080467 578469.72406268 581040.6560019
 592871.99253584 584100.44246014 585764.78416492 589725.34882562
 591627.51838672 588985.48117612 583244.49538489 584764.13479332
 589065.6973199  580346.121931   583198.13818717 580484.36718034
 587071.84872475 582770.08557634 582670.04321558 578637.08952163
 586198.60875697 592049.7791061  586439.90282988 591692.35909064
 583434.31242412 576217.52440321 583433.96923548 586575.01649146
 581710.52501333 582111.13596566 580570.87244138 587331.43375494
 585471.16127282]","[5833441.71843512 5832940.33473799 5848339.86729705 5852745.08034058
 5836276.04891445 5839064.72877765 5832182.0558703  5851972.0364893
 5840739.47039066 5834515.39821164 5830911.4436889  5850036.36671712
 5840830.36746932 5833856.74880789 5835178.33632302 5835915.06212792
 5844620.77846115 5852423.06127064 5847170.90594854 5847548.77300004
 5849202.32736675 5832630.87248459 5853244.03634062 5847754.44040995
 5849498.63380617 5833012.12471601 5843486.66551701 5846045.48173082
 5853229.11200805 5839601.83062413 5843927.78353736 5847479.85489674
 5837769.01651835 5832098.94195348 5844318.49376364 5840486.0932861
 5839116.96830128 5839725.95584028 5831513.26583119 5831164.6849476
 5840871.08066257 5840658.75477513 5838420.10058191 5844163.20710629
 5844114.81739748 5845963.17460638 5835727.09310832 5834624.45497062
 5841863.60480433 5838386.23384144 5832183.94667257 5840585.02940115
 5842234.34372895 5834177.55106338 5845579.16450222 5837625.2274008
 5845364.04544463 5842728.55603639 5834633.27916885 5846233.33462831
 5843526.02136229 5830784.56961149 5837495.12416739 5840506.07396092
 5833838.89925408 5835780.70182031 5842721.69039    5849945.34331508
 5833103.40962229]",6598.682242027591,7091.522724201277,7004.006570448821,6975.315777780517,6385.691987540655,6443.772835646762,6597.99896120226,6589.236493985037,6593.55244616369,311.1939413125258,6997.55106194263,-68.48254455732655,340599.38478882617,-75.80709292737069,6697.290305166582,5904.592076485899,3,opt-LOGAf,Optimization algorithm
"[589976.35191473 587816.13493761 582623.42133633 575426.33391464
 577679.29709755 577946.40118058 577166.26801788 578361.10907384
 578593.32686844 581514.67390044 586828.69157307 586003.49449343
 576567.96749539 585062.76280787 573340.58771431 580316.42117322
 585134.17439296 576397.24630352 582410.35950665 581441.91140246
 591685.39362091 581483.78937332 576786.94444088 583292.65540723
 592992.35273882 579164.65432297 589603.90799078 583291.28630324
 586424.69167387 588602.34633367 591657.81542815 585905.1530626
 588151.94048684 581436.3599046  575709.47570581 585532.6039492
 583951.00329798 590020.97628635 581890.85723933 579579.59500334
 582984.52747533 583982.14789605 591886.60292177 579692.61802078
 585357.65576995 587361.95302842 584624.70576372 593602.75267304
 579872.36325723 583230.60736767 585433.832872   589196.42988481
 593470.51981173 587960.06429902 586089.11701161 584026.06463422
 580994.99606309 589619.36648922 591784.08462431 588667.67180297
 578661.45645163 578403.92345662 583498.78266711 590903.76325659
 583781.70256396 577387.9242607  581161.15913219 590929.86162779
 584786.61887787]","[5840705.86979582 5847021.02629618 5834639.97464499 5832550.1179088
 5841433.45361581 5831111.1301353  5833502.85516086 5840450.85541254
 5838477.04541244 5841757.60681951 5841768.81627204 5832514.29037792
 5830952.78062056 5847309.51956038 5830560.45403387 5831645.15111355
 5851303.97271893 5835077.0788906  5847944.5311859  5846637.23268579
 5841292.63004021 5845096.34410611 5839404.62513135 5835730.02563877
 5847662.76547661 5831278.93850966 5852703.72064391 5844645.90934417
 5852763.99372568 5844924.44033512 5846758.92238669 5844297.62922506
 5848934.36000189 5840460.89341062 5836636.79322745 5836364.99949885
 5847696.56771037 5850965.57410937 5837532.95909453 5833154.59358463
 5846143.08323172 5840405.40613787 5848661.41715673 5842371.01391371
 5831739.9341856  5833683.43793804 5850402.39774455 5844561.78170169
 5838010.04857807 5842010.9521323  5842949.33637242 5853698.04253861
 5842671.8758359  5843316.39988154 5833665.00648425 5838326.3005097
 5839336.81682624 5842142.39147677 5840225.31257008 5850567.4582336
 5836166.0105664  5834499.5005542  5832598.11349314 5842520.12099498
 5849223.63394701 5836535.70002373 5835896.12712539 5844900.82662424
 5845890.0759521 ]",6597.453514568042,7088.065179044569,7000.630697851861,6974.211658775511,6379.323734817977,6441.3748103597745,6596.759629320885,6591.2896329562645,6580.455573485328,311.3921272429865,6993.977106749541,-68.44749456253177,340538.8745841243,-75.82492151063333,6690.692963516583,5904.973362991989,4,opt-LOGAf,Optimization algorithm
"[589524.93096003 593077.57338425 587176.14854806 587632.66239369
 576434.37173212 579400.81236795 575115.59143728 578338.01503463
 575686.71548848 583520.0825776  580599.07169772 584394.45168288
 589500.49336345 593518.66548853 582595.04371336 576130.03272675
 579979.89867743 582464.36230512 588315.37273877 580325.33631834
 577404.17938769 579170.29662557 580868.82816755 590430.03210747
 580386.42169885 592589.17697811 575707.27687091 582754.30686335
 584548.49513297 578656.21095946 593342.11257778 591790.81858556
 582923.12745611 583498.53506206 589461.134787   590222.90483911
 585441.65883649 587286.95669213 584937.68063654 582263.69261733
 583450.20838885 591328.99259706 574287.54210746 578197.58538778
 584759.50231962 577324.19254246 584780.50574746 585523.99996943
 589355.42873858 590375.46831739 590888.55648686 585800.92714719
 581561.20082866 577525.48916719 586105.10773974 580842.42336594
 577002.6779985  583135.75698302 587189.82583139 584606.57183256
 585396.79428585 585528.71182479 585702.11298964 587735.71187065
 586465.09665731 583042.16939945 589412.1511191  583252.25421325
 593159.0276927 ]","[5853599.61411272 5843582.04734424 5849064.68050882 5850511.79150378
 5835802.58767105 5842576.92035871 5831948.20086709 5840066.22216336
 5833191.14728578 5833549.06281794 5841509.95126144 5844424.660267
 5849285.90716418 5842195.65825976 5835822.91767737 5834317.38177973
 5840436.76188261 5847432.58189382 5851309.45486097 5831109.60616198
 5831371.47131007 5834294.72854588 5845860.64424246 5851203.96558093
 5838110.23723378 5840441.11964252 5836742.42894078 5831764.78372866
 5850589.73047778 5838728.43098167 5845615.59713181 5848951.00745373
 5839527.77516407 5849223.84411942 5844976.38047285 5840517.51042045
 5845836.20085607 5847437.98155432 5832975.28729818 5833828.92729446
 5845410.95652303 5847384.5196632  5831194.66686968 5833606.16637647
 5831902.66353427 5839456.32622132 5835017.55160317 5847379.53911375
 5841850.13322061 5846326.50250354 5845231.1086509  5839712.47166635
 5837518.91185049 5835329.0364157  5842299.08416727 5833979.02148565
 5837505.10193825 5842836.20328387 5843124.74181747 5840741.69900036
 5837060.2018085  5849664.8886419  5851601.62823134 5852530.10839535
 5835484.07666661 5837420.12773634 5843333.80671852 5840943.04712882
 5846831.19344717]",6580.861732574104,7079.030697314006,6988.111821160201,6964.003760849195,6358.784369010023,6419.947168568248,6580.1460409755655,6572.535693585083,6558.169315462938,309.7586371313202,6977.505064152675,-68.58240788339087,339658.52298725373,-75.9798337944385,6677.512174422869,5890.589754007202,5,opt-LOGAf,Optimization algorithm
"[585371.36054012 584702.0978851  577579.46487916 574655.96671831
 589139.73555483 584449.89011818 582736.06244007 579614.11148967
 584460.79857626 580024.62237726 583945.80356693 581700.90536145
 577106.46634487 587034.44876595 579899.56771254 582646.62575447
 591227.75062726 575926.97536683 575278.84910733 581385.39381017
 582036.4435842  587424.77654243 588780.0836168  587464.68929402
 589101.76482991 577493.93363531 579934.54369103 582426.50630203
 593163.36557992 580654.6703202  585624.42805235 585574.91198752
 574591.17788088 590185.62000659 593585.02803758 574589.04627159
 582870.31922677 577747.78163477 589109.87254614 591184.96772578
 582427.04592421 590387.4055947  590260.35870516 580087.43193731
 584193.19285086 583347.55181716 573437.66001896 587324.76795847
 577770.08923286 581137.83072166 587593.22594602 587506.51153014
 580675.66208864 578665.03330082 585953.57287628 586791.79415885
 585280.05647017 585903.4672343  586380.12412738 589199.34418235
 592827.42651765 585354.52368786 589489.61162781 580819.81279148
 591551.31024232 585657.43591333 592230.86163927 577790.36219039
 589384.75417668]","[5832007.10123979 5835105.39581371 5832678.75813156 5832610.97813277
 5842721.57759714 5847797.46101972 5833922.10666884 5842043.33469627
 5841051.29689297 5836433.46167842 5845527.2499417  5837821.37761931
 5834128.42737395 5845142.96284333 5831363.36959414 5840043.6959413
 5850557.38454349 5836528.66315795 5835280.58210783 5835402.80387793
 5843655.39151857 5850257.37302532 5849707.40512304 5852864.79820724
 5845735.80821329 5830907.29611602 5843655.56812495 5847850.66283951
 5845729.88793589 5845567.79846828 5850605.799928   5843186.99839672
 5834128.62946156 5851894.79739897 5843923.77658278 5830964.06159449
 5844681.72021452 5840994.09331798 5853411.44759071 5847254.08840161
 5846256.66264602 5839233.90793584 5849020.97016505 5838812.77086147
 5831876.39243587 5842284.11568613 5830659.51826029 5833850.99327048
 5838498.65726181 5831197.24176628 5848066.30221453 5841451.64167708
 5833333.79078405 5837237.38753374 5834457.05648297 5832539.16089539
 5845923.30077719 5841599.42459582 5839750.47942393 5844431.95421187
 5841123.75675714 5838122.0907608  5850729.22701756 5839594.11169731
 5842684.7671107  5849371.27014805 5844197.74299932 5839838.23935692
 5840201.08746112]",6599.465464717402,7094.899789642909,7007.653224427833,6977.824382508644,6385.946298828123,6444.2727269663965,6598.791705893524,6588.311879806434,6589.2685421864535,311.43164369111065,6998.6634306639235,-68.47226667283235,340700.70157551253,-75.83955895884937,6692.655205755324,5904.83577438808,6,opt-LOGAf,Optimization algorithm
"[578417.36356901 587309.09110442 577204.5589068  589148.19983049
 582792.4584724  582436.62245876 575722.05695317 591155.02309711
 585674.70099141 579336.58215193 579082.71999354 577228.53132562
 578414.17844643 580157.96585677 592073.00290318 580934.94128766
 577373.99499265 580792.25802832 578449.79131697 582509.43825879
 589204.70114057 574206.77165259 584085.87232712 580731.8906173
 582161.87085987 577799.80816821 573824.20021416 592969.67342014
 584431.24133398 588852.75160651 581351.49214625 583571.15271291
 589247.10825211 581531.80485678 590830.76659851 588754.48725209
 587705.47944005 590164.90673171 587497.85259431 588864.47706019
 581200.61341704 574879.11316071 592480.93564976 583787.87815454
 581940.77422105 583718.37016036 590190.20336586 584451.96965433
 587380.3931732  587697.5904048  588243.21047759 590325.7126043
 585681.60510277 585330.76396744 592878.91292603 586092.59307799
 592770.46550331 586621.4909118  579231.24638008 586310.14832061
 589147.1851451  582660.84878688 575855.7815429  574823.6671649
 585001.65323566 586766.79815785 586149.92802979 583964.08229891
 581787.04500748]","[5841273.01010852 5852859.81983061 5832053.90419655 5841412.95663825
 5834362.19536047 5845977.52268301 5831677.62620207 5850888.17608107
 5852317.9740856  5842747.43770623 5838391.93371104 5833793.76857214
 5831227.23401779 5844388.88688179 5848985.81460927 5842944.1390611
 5836406.41042832 5833648.56080949 5839955.94159758 5848102.11791534
 5851292.44173767 5833211.4962839  5846400.92811829 5832146.45810129
 5836500.28073105 5838781.21400853 5831851.37909562 5845321.0726657
 5831488.73619204 5853143.53041514 5840893.13339557 5849194.94674655
 5839744.81419223 5846767.21817482 5843816.3114003  5845283.72127109
 5833612.7263442  5845227.17482712 5841787.9707218  5848450.61468005
 5837545.07460801 5830747.1503312  5841693.31497692 5841109.39539499
 5838619.3791594  5836114.50293191 5852298.28753475 5833142.54696141
 5846694.65183633 5848212.11943601 5843262.8228657  5846962.46955843
 5833212.59794864 5840447.66415264 5844058.8269477  5834789.73401166
 5847359.68512277 5849452.19770052 5835110.89483007 5845665.50027956
 5849702.90960623 5843727.89261967 5835270.59465845 5834116.83878809
 5850771.47582355 5838569.84057083 5844284.65628799 5837747.90460342
 5842225.08755008]",6598.05933282808,7091.506070776244,7004.137287848123,6972.499085752616,6386.181239175219,6442.965700755648,6597.3782574396255,6598.328727344213,6598.096845474713,310.9759961091688,6993.037775860711,-68.44796969946945,340568.3875991485,-75.83277211622976,6690.62469521173,5904.279063388277,7,opt-LOGAf,Optimization algorithm
"[585624.93960325 583935.90729559 593000.21607068 580148.15424121
 582945.65814314 583037.14558597 580544.85794567 574680.05231063
 586418.22921667 585521.13290748 574349.72304276 584125.81856962
 577234.82403199 579185.44032225 590147.33054112 575838.68461901
 579831.18900748 576893.6408922  575286.96076204 575702.88018776
 584848.98398395 578431.88056459 586735.37995728 585720.76256306
 587664.02980286 582572.62770674 583175.41564315 586330.5929889
 582039.59594002 586092.89094238 588432.72083493 581486.65667889
 577256.55367068 584969.6409188  589267.74797716 586763.16506423
 591710.57276888 590663.52958089 581445.56511217 589194.92797642
 577510.77792382 591960.31087661 588528.94901984 593440.08324607
 585105.16426779 586460.15023676 583563.9350921  587161.40679749
 584793.17855539 589474.67995281 587221.95614822 593527.58155054
 584176.71320091 589344.99747509 591506.00917814 588853.20661881
 590907.01788691 585692.41643852 576811.8151691  585673.72899516
 587341.24994301 591730.5020575  585280.88570546 588462.22865542
 579166.41491291 579816.56291877 583295.70024153 582948.00900147
 591703.9636484 ]","[5846836.72443634 5836109.17255311 5845792.35170662 5841367.41796783
 5833368.51168363 5840282.90948196 5842927.70734387 5833837.55694334
 5833101.14097396 5845589.39145972 5830778.68247972 5846348.33668744
 5840097.76097505 5842564.25013728 5852607.78031231 5834513.86625596
 5838199.99393554 5831058.71999947 5831787.1017813  5835644.09077899
 5850454.90225637 5839650.12349543 5852404.06648247 5851321.41885466
 5833217.08874805 5844641.77037557 5831570.33788445 5848710.43374819
 5846475.49973555 5841611.85699562 5840519.00813639 5831976.11572757
 5836539.87676016 5834078.62661643 5843134.97490238 5835036.55343404
 5846909.38819003 5842088.68558228 5839421.9122572  5849896.77316375
 5834082.0105187  5849557.23066853 5852220.37713595 5840962.87869787
 5837006.74066298 5838947.17796762 5834763.71883767 5845048.49010476
 5831460.42462263 5851356.67226781 5850649.7809334  5842067.1559509
 5843644.66901293 5844585.38609323 5840747.17257085 5846754.99616659
 5848266.80425236 5852456.50850116 5832999.01790228 5842757.95361676
 5842584.16197949 5843155.98519404 5840619.59996981 5848516.08562214
 5833980.4061544  5835740.48105981 5842100.05570638 5837560.62838332
 5841997.42731977]",6582.8321271405275,7076.129760939962,6986.236134059235,6959.422873893509,6363.30958895349,6423.207143021652,6582.119720803669,6588.986517031969,6598.981086433022,309.97248075411744,6981.658191215683,-68.54585538225952,339674.9730665331,-75.95839708133236,6676.631232268438,5892.993414471787,8,opt-LOGAf,Optimization algorithm
"[588814.05619197 585671.76804553 582592.96561714 592499.6397066
 577987.49966276 580589.99466826 584929.37180078 586207.45559843
 578342.86599273 576446.9586893  579633.17602723 588928.06651704
 586410.68804145 584199.20204298 582686.05089967 587062.5373354
 584134.34130614 587214.90501685 593206.95458562 593530.65013634
 589734.8598738  590942.28157941 587666.55939981 585071.22233924
 583479.10432727 586273.46284843 584964.76408885 585203.65965996
 590343.78009979 576728.91496013 588408.99205975 576556.33147026
 583142.69409898 575904.25506891 582325.14929665 583066.30220755
 578985.16071588 578921.91659392 580963.46785421 581760.72343273
 573869.15083515 584035.39430119 576697.74289274 576763.54908478
 580935.78863295 591528.5900769  584775.40271912 580788.45258147
 581577.11413614 592520.10475971 573886.78832147 583588.09584282
 585621.98338703 592360.75479149 578253.37390765 582276.25415779
 574508.73876713 590156.43386287 590077.93384855 590548.67512497
 587106.17669744 586386.30509597 584841.64684745 590590.45072893
 585628.63524501 589322.32689019 589972.98749197 584057.04804797
 580487.46342143]","[5841506.5780384  5841179.22685676 5848189.34928566 5840381.96840174
 5831616.2410561  5838274.36746296 5831474.77402337 5851217.17648339
 5837898.77441872 5833616.59653961 5836801.09491774 5851175.82910076
 5835146.2135519  5845705.72485819 5837077.28208006 5849533.52457989
 5846981.477671   5852413.50653852 5847368.30765443 5843149.47784317
 5846022.88030446 5845319.32073123 5844421.49243196 5851586.83578646
 5832273.72474213 5834035.27061505 5848467.13384722 5832864.42635779
 5848257.50460653 5839147.36956589 5848511.73075007 5835171.79065466
 5840924.62923199 5831811.19164052 5847055.52336455 5845321.19205013
 5835036.63862855 5842965.85274356 5831161.04333412 5834278.09910212
 5832458.95866708 5835989.8864725  5832541.55254884 5836672.29259323
 5840264.99855272 5843505.25324488 5839493.84303768 5836477.46197905
 5842661.50183502 5848575.27067658 5830893.25186242 5843823.17493048
 5850057.82761352 5841900.09215738 5840856.53965543 5839848.30207067
 5833761.25714385 5851836.97314206 5839324.88710649 5850239.11307381
 5843171.60014814 5842141.77378627 5842503.24925234 5847040.81068377
 5838342.53813549 5843463.27219892 5840788.80507617 5837732.59466382
 5832463.06144585]",6585.450336568336,7081.641704918275,6991.809246371826,6966.764068156427,6362.127757619766,6427.298161908119,6584.751211809526,6584.184368805489,6562.276540527647,310.1282807357757,6982.727957073852,-68.53238315088254,339891.200988237,-75.92534111482762,6678.259920223271,5894.585801009073,9,opt-LOGAf,Optimization algorithm
"[590051.88043986 590988.61860142 584058.22850509 575698.72394341
 587355.17858664 588279.34228607 580543.68283094 574861.30226707
 586037.57787588 578035.46075123 587607.26405711 577265.29225228
 587189.40077468 580143.46410474 579914.75139737 580738.53730122
 577816.32213644 584978.19072628 576906.16818893 579507.02071681
 589097.92241299 582132.55330929 586359.4935528  584443.91428731
 579437.48857023 590068.561148   584636.92280789 582035.98258228
 578814.91500275 588769.47074718 590519.73368813 586692.09290383
 585896.07637902 582518.76091463 581616.82360667 588265.09800248
 589622.44961801 575047.13378997 576376.61371519 585672.50518459
 593392.8564204  579542.06402612 582311.85323369 584958.39323105
 581541.42668481 584103.26678236 585501.05378858 578859.367332
 591117.40313818 591815.53757231 583826.90242061 589826.11284261
 593068.91948386 582301.02862367 588561.92685491 583579.98227364
 592879.52007231 581184.17453422 592602.63794105 585168.37784033
 581380.532712   582638.12479066 577462.78955    586985.76378688
 591164.70036615 583122.56349913 584404.79947586 585288.45041888
 585373.00205919]","[5840486.46044894 5846702.29057108 5849136.74513827 5832832.20703636
 5833054.99338336 5851666.87119187 5837644.61263437 5834309.39029923
 5851949.92862599 5841087.16566812 5846003.19483571 5833808.76272672
 5841139.92062404 5832636.22066689 5843621.44888297 5834881.75912768
 5837845.16705769 5845042.71430415 5836124.48614005 5839890.52961293
 5846738.51074423 5847588.69937591 5837657.20061439 5840446.32885928
 5841014.03951231 5851376.302259   5850215.31500461 5842362.6707669
 5831412.74216278 5849766.39152122 5842298.33646335 5849817.55169135
 5846296.83350442 5832396.45256267 5845617.61067515 5853415.53983753
 5844559.45392462 5830759.85278624 5837254.22544054 5831648.32717273
 5844648.93531406 5833609.05226329 5831268.63011683 5843578.82974367
 5840038.75536815 5833727.16448049 5847250.44901953 5836621.62893112
 5839971.19710586 5843861.9393441  5846193.60818043 5849028.80650237
 5842930.22189814 5833561.61970082 5840842.64045727 5838923.61052924
 5846408.15796405 5835901.05329711 5848019.82104266 5839200.12879287
 5838472.14227828 5835354.18967454 5831845.90981128 5848328.3305347
 5850912.94287928 5837541.1874017  5841893.58549351 5833125.86869717
 5835878.92929481]",6575.248804633599,7078.143424400336,6987.079418705868,6961.14891789371,6350.910203314906,6413.948496269824,6574.5391365313,6566.052472448131,6570.065822350347,309.04400711844664,6972.397884625056,-68.65405166908755,339249.10747850215,-76.01061336156799,6674.174230799458,5889.472300668831,10,opt-LOGAf,Optimization algorithm
"[575434.06612857 573326.32711707 584505.07077936 577745.56473515
 575040.42453477 574854.76774327 576456.20966232 574306.6924973
 575919.96465323 586509.11298528 587929.62447021 593186.53935976
 582078.63220009 580664.30669368 584726.64548914 585946.20109497
 578808.84084162 573720.72291992 576625.99365594 589544.76261838
 590685.91741746 591234.72686574 578970.23902962 588662.469893
 578284.36063241 581313.72336612 586863.8547773  582028.45429137
 583052.17140135 592202.97336836 590383.22175021 585619.26917492
 585359.66961331 592968.80755951 580363.62483349 579518.36691723
 593667.07847913 582029.47042541 585107.23563811 586572.1650808
 577190.24421738 579495.3186847  583424.85047099 585968.06799079
 579613.16962516 588006.37600246 592049.81623608 576387.56601156
 584922.88101106 592505.10886534 579645.3720954  584957.07855806
 590844.03857637 588319.1327802  587091.97651716 584884.01584807
 583263.26686614 591696.38870277 589406.1888817  581868.15858878
 590486.21734888 583598.10203665 587870.25948179 587136.57796913
 582605.96492504 586659.57701964 579568.08472328 588027.41824019
 587035.45582015]","[5836283.59206255 5830901.86740707 5850832.37968174 5841533.92475131
 5830691.84334675 5834889.99757002 5838734.33440318 5833578.29910649
 5837449.05761634 5831595.70132918 5853347.77213172 5840806.42190559
 5847514.32319542 5845425.05582726 5831458.65523063 5852803.13189019
 5843043.18879224 5832171.55369531 5830816.81111218 5853793.65503753
 5841545.5209483  5850824.20784162 5839182.64194987 5852392.48833155
 5830947.56868916 5846468.15898338 5834736.75282891 5831242.71580646
 5848846.21235267 5849010.55053077 5852323.68334644 5850119.22903537
 5851995.65042252 5847785.11764274 5837494.22534988 5834281.55449109
 5846524.76464187 5843431.27574343 5848702.97413576 5832899.48407749
 5834685.87965262 5831043.17744608 5831353.40033009 5835834.93014076
 5840545.59844444 5848854.09624638 5845861.22493652 5832413.82760219
 5847133.55794839 5844408.99040493 5844186.31681406 5843738.27748212
 5839881.39973667 5850717.12058168 5842702.12718483 5837926.43259842
 5833724.16470862 5843284.90760454 5846794.20739364 5835786.82923855
 5849181.76764951 5840678.54949158 5833381.00268564 5837914.77285006
 5839377.25704746 5839889.98005356 5832580.79786928 5844724.75162419
 5841169.87606335]",6681.671780355137,7132.592779557843,7055.747042380538,7041.004671686886,6498.525349294345,6552.4574665397595,6681.091155342947,6669.209663074964,6686.890370116336,320.85684544522286,7079.6670436059585,-67.73522112367752,345496.67433694896,-74.9033392787091,6778.781191444153,5975.054013147626,1,REF,Referent
"[585948.94010738 589544.21859818 587785.99176298 586509.44079805
 575418.74120482 592798.98354426 577287.43709141 575390.03130869
 579533.82629939 584923.6781853  573544.10060171 579915.66402609
 578076.22977039 586935.23092699 583783.25137012 581051.45468524
 575956.90755868 580298.34221787 582554.1753833  583499.52263992
 581711.3812785  573640.90470963 593598.18777585 585234.93873157
 578228.44909714 574294.01745114 582644.51405853 590130.45697302
 581919.09614677 588055.8518188  586648.68789782 577031.154159
 586712.28739061 593550.46449884 589222.05777962 593501.46232271
 583510.29083561 578927.47633019 577134.79028412 586363.72637694
 576562.30089442 586813.44373519 591541.50067628 575167.58356536
 591032.33144041 590148.56470125 588292.33604456 590808.16988099
 592850.59313168 582283.88261631 585677.73086827 578450.89652617
 582094.36980877 593506.9113188  585959.17730241 585153.03763811
 588980.32928299 581866.80979648 591753.33935981 585131.95523455
 587001.29270992 580307.18662325 586362.40241348 582222.61169669
 589161.98823797 578632.49085784 592375.4447245  574832.103046
 590382.2578888 ]","[5852804.28571251 5853793.35838969 5833512.38930966 5831595.68479247
 5830721.61678972 5848085.38057341 5840731.23440251 5835961.55637262
 5843544.17216646 5851405.28253515 5830633.91016219 5831076.50608828
 5842041.26963409 5852232.23903909 5831506.6349502  5845930.88426633
 5837522.9357632  5844738.57830505 5841009.91120555 5849457.75122423
 5847011.08453148 5831976.6359039  5846683.99636855 5831495.37020798
 5836950.71149519 5833173.84765228 5848287.9506009  5852767.41487748
 5831234.16305761 5853384.24429836 5837839.27664133 5830982.47399677
 5835030.57976179 5842819.15691458 5848800.65403934 5841186.49622469
 5842972.21867064 5841099.69876541 5833155.63649    5839618.1171079
 5838731.70724516 5832540.41438455 5849970.71575956 5831913.61193018
 5840952.62530903 5839298.50840347 5851685.03898915 5851574.51025709
 5844421.78327394 5835908.83224343 5846726.25804686 5839392.17856956
 5834265.92188325 5845651.63873804 5848743.30146739 5835486.27027193
 5846721.75709469 5832766.61648858 5839927.40969892 5845080.76264919
 5842257.69481125 5837667.59618273 5850351.60479061 5839430.99784981
 5844294.39067453 5831086.13966679 5843250.9552212  5834286.37751091
 5850675.94481329]",6684.617581639847,7129.832347362846,7052.317211866145,7032.544560615602,6505.45782051583,6556.582102671539,6684.03220599654,6664.745045582021,6675.421721725366,320.88669098535854,7084.193276934931,-67.67929964342223,345656.61238582444,-74.84755606489827,6767.377847959606,5978.230478560564,2,REF,Referent
"[584906.97021039 583237.83721517 589544.68487219 580241.21432033
 573221.7476189  573915.00858074 573475.04780864 575067.92936301
 578493.30963407 577189.26939227 581754.86122124 593394.11869909
 582122.110751   577740.16603791 587267.75741998 585781.72491293
 586229.30678113 590087.50601203 576963.56146517 579650.77223591
 578135.43059349 583206.62396957 587260.08847927 586509.16549842
 574491.80229278 584134.95589197 584532.28316444 580436.02197089
 581411.31065389 590403.72421715 592532.15976851 587878.69375143
 591815.11983662 576423.69831564 586514.50553982 575528.91562415
 580559.15394757 588588.79920376 578198.38535127 584616.83798287
 575824.3864129  591673.24101483 582452.28692349 582145.18027378
 585164.30036714 588346.29468117 589435.66058067 593584.43540813
 587030.97761706 589939.37205663 587571.80133298 586999.03578594
 593436.24902639 578266.0244392  578324.3811602  592888.22542208
 590967.36503075 584532.19235376 590916.50903226 589860.3894215
 581382.92347039 593614.62350985 592838.63876643 587107.32743305
 585795.1790677  588097.42302459 586680.9637399  586180.48466135
 583611.83760165]","[5851382.22355561 5849092.54526942 5853793.85518437 5839402.03452806
 5830557.61437284 5832635.31304951 5831582.16474678 5835402.19972247
 5842611.90071408 5838695.32948064 5847071.33692145 5840934.47518202
 5831251.5968133  5837166.0667407  5853167.2120252  5852578.56091777
 5837577.86608612 5839316.91551869 5839951.53066135 5844124.36236544
 5830935.72152207 5836152.67129516 5851722.20461193 5831595.68578243
 5834021.74863315 5846543.33002103 5831440.16669532 5845268.74454072
 5843237.61558038 5852282.41261671 5848554.12264986 5848699.20441933
 5839959.150345   5834698.13313923 5838530.45118266 5830730.40304512
 5831385.36519753 5853528.74147662 5841217.37783591 5832755.86557079
 5832629.26462148 5850060.91845982 5841951.94206882 5839563.02788135
 5842540.24978901 5847663.12111517 5850782.45277212 5843897.49992619
 5850057.10607781 5845745.13864966 5833389.63184467 5834686.595143
 5845028.04899282 5832252.27915511 5834120.53456629 5847626.51276253
 5841240.61851149 5834579.16861563 5851388.44865489 5843963.83435235
 5833110.44488251 5846510.94790572 5842924.08320693 5841820.50504759
 5835854.10385692 5844294.85181997 5840247.98943425 5844508.15288661
 5844515.25336448]",6675.601851289927,7130.122981346105,7052.949735503817,7027.370111484446,6489.324419807855,6544.741843800896,6675.019885603699,6646.532360679346,6672.477207629008,319.73588756036395,7075.973618511878,-67.75703949149931,345073.6139750997,-74.9511767778044,6759.914731444753,5969.343032176677,3,REF,Referent
"[577128.58037246 581922.19815106 586509.41025229 590712.51088173
 573632.44672498 576617.59349466 578422.36163015 578478.30434484
 579811.68960801 586126.53128049 584965.08268212 583333.72498879
 573380.3747517  583193.50317021 574330.84864465 585305.93260501
 589545.13476111 587942.60837209 583812.62548098 584078.60799436
 580824.17525041 581048.85778373 574927.85376174 593584.41741958
 577892.19107133 577026.87128252 574920.38811901 576710.75392792
 589541.2052432  587794.19487046 590598.82088377 592679.19271529
 576872.65438833 581184.77386751 575777.42417967 579307.06502739
 589634.80071268 592688.54816188 586374.07019907 579596.96222432
 591995.39674364 582052.38295439 593633.38467777 587326.14642275
 577232.19733176 586146.48203146 586016.72280945 591367.33275923
 582452.03298858 587843.80970162 583098.05420498 585198.91132902
 588439.13252596 591180.41601553 578640.56202019 593360.69589233
 586853.99772681 590729.04399825 591981.22212916 582151.75825531
 584009.3873446  585978.37383907 580277.34208714 589009.85729778
 584652.31362517 588858.79241186 584242.4536675  589788.27919268
 579442.12640057]","[5840348.83046791 5847300.25164772 5831596.01559792 5839278.30339267
 5831957.83804503 5830816.30271981 5840640.02499352 5842589.58350444
 5844414.43246121 5852853.13334092 5851461.55577157 5849000.68076406
 5830677.17421376 5846870.84100127 5833633.77838984 5831501.1677852
 5853793.58173657 5853352.50535506 5831385.55533216 5850249.0144903
 5843330.19688147 5831165.611074   5835060.82519565 5843836.77628803
 5830916.7251715  5837459.19521714 5830682.47335492 5838935.50035844
 5852744.86046105 5833494.10317879 5851945.52274682 5842835.03919752
 5833421.07520987 5846027.07568854 5837107.29263163 5836652.08355817
 5847846.40128446 5848276.33711226 5835618.50145329 5838397.35122613
 5849495.76267501 5832250.96244423 5845412.25555442 5846451.52031778
 5834814.64957599 5847772.56278058 5834016.49227199 5840764.29597731
 5836077.96180593 5841766.47725426 5839790.72273623 5842388.58266814
 5844855.9685035  5850810.30014599 5833157.43868824 5847098.81216939
 5850568.18410924 5843002.88878155 5845814.29372508 5834411.30937457
 5840934.4736376  5843673.56446074 5841346.02037874 5850564.94135197
 5838035.0546164  5840577.39020973 5834891.96010659 5849183.14793142
 5831178.38160937]",6673.693872985835,7128.260191375642,7050.809911120979,7028.2916941266185,6488.710282617277,6543.003025468844,6673.107555015762,6663.983846275412,6682.1736735630875,319.5278188129897,7071.6289169871825,-67.81425153417851,344995.2763851411,-75.01005167990343,6762.123236513752,5967.657072496433,4,REF,Referent
"[573346.50611642 573857.06490293 577495.0237631  584501.36109111
 577323.68576249 582524.42526616 586394.04448487 583218.56883386
 575095.54612253 574890.58234764 593551.47585583 586875.4410941
 589659.20597171 575445.00453    580131.10870647 593602.86528862
 580248.78704044 576394.76193896 585671.41182424 593496.99933051
 576569.43363256 581782.51805614 580554.49916892 578913.82273433
 590344.27850266 579253.13004924 593640.12114688 579828.29557942
 591451.97891445 574395.76195305 592111.07476408 582671.17738983
 589421.17703437 579440.3348247  584964.82940207 577887.77379991
 584922.88091176 584547.6216985  585753.28840879 583182.48869153
 586460.15360342 582568.82249704 577676.97932208 592338.63868224
 589591.3560236  583188.31529629 593154.91897228 590541.84354129
 590304.59949147 586783.90532886 580395.98452038 588130.39105227
 586579.74689823 587797.44427603 585052.6277793  585522.72847284
 584657.2023174  580528.80281903 578266.63400158 588925.48709928
 583324.62572517 581221.007721   583334.89717341 589708.05610138
 581638.64316675 584023.40294808 586621.03480756 592704.29869989
 589440.44561307]","[5830684.81317139 5832497.86120623 5841229.07602572 5850827.52998724
 5838997.71894852 5847814.71743635 5831586.68214307 5849012.60632008
 5830736.85845424 5834978.77906185 5842810.43277401 5853059.32081831
 5853593.88389879 5836301.9379725  5831093.02810758 5844426.32880563
 5843282.84790835 5837701.547363   5852427.56330233 5841077.46944568
 5834508.52027119 5831223.69471663 5845430.66083377 5841558.64281659
 5852391.57973839 5831927.09312887 5845628.85658693 5844435.8108798
 5850445.2331334  5833696.94459672 5849292.82944558 5846591.52052084
 5844975.56298996 5835784.03973928 5831946.23223656 5836976.71095905
 5835119.24265548 5847788.90955835 5851288.98967993 5831457.86828359
 5841421.81953556 5843870.69096117 5833195.7872954  5841940.20363678
 5846911.86815504 5845162.0485735  5846844.94508196 5839236.62317915
 5851389.78663193 5846154.24993057 5833544.56684943 5851707.52161364
 5832561.93131497 5842581.9833191  5838742.95235636 5839893.05698335
 5837044.4441333  5839215.92682629 5840308.46021878 5840349.0402049
 5834770.38485901 5841721.23344947 5832951.28194829 5849046.9533045
 5837815.53865887 5849955.97018267 5833948.84865422 5848245.38088925
 5841796.16721689]",6664.586899940577,7121.234175578576,7040.992082657377,7015.735150947575,6476.186423694961,6531.536191152021,6663.984409132581,6634.073777125124,6660.175797734822,318.51499206170064,7062.369332933223,-67.86574680167125,344441.71870636684,-75.05150631976254,6745.929369140798,5961.089128045235,5,REF,Referent
"[574252.38524863 575779.92612227 579215.14328278 585834.04811435
 583048.36717277 593100.83844692 578373.84811023 573039.3219216
 586509.27293348 589625.47304939 587421.76548165 590316.62788183
 585007.69659063 581186.9497784  593534.78023131 573923.49469813
 588439.39966223 582343.06867597 582094.22565413 584947.43081275
 583578.05220917 573621.36017692 580324.47567326 577367.30867984
 577237.54026046 576372.03858542 578077.10727285 593598.685341
 593175.65008781 579265.19400529 575728.82622271 575501.3226496
 590584.33831489 576883.87610562 584645.79028153 587878.86278499
 583430.24779597 579775.03919409 580787.53486141 584115.9291099
 582728.40719959 580311.10644328 586322.71609699 585442.07039946
 592306.33124213 581021.8672276  591834.43056332 589345.25425827
 583682.21873096 580291.59411265 584496.97091384 581363.48944756
 579466.47732785 590429.01150551 589799.5807941  590310.63706957
 589775.95641304 591571.18473194 588321.44848496 587101.01768442
 585606.93591043 584976.21333098 587010.4318122  583746.0959192
 585922.08508323 586571.75941295 588995.75554148 585664.50730868
 591569.89382912]","[5833447.48841973 5836952.8495614  5843598.49238277 5852650.10444671
 5848840.72423157 5840819.13378175 5842188.16743283 5830535.73669832
 5831595.7826068  5853652.85683005 5853209.79312953 5839373.40659534
 5851420.92143652 5846295.05843035 5842495.23913674 5832405.24922819
 5853489.63134485 5847782.18784697 5831248.34851024 5831472.62860542
 5842760.39646348 5831339.65947638 5844977.39394959 5840613.57783295
 5836775.77471959 5838534.4182604  5830931.37496963 5844292.52992663
 5847256.63910068 5832167.33206745 5834924.52576024 5833328.4248135
 5851970.76043975 5833745.3121516  5850438.43979294 5851805.01722252
 5831353.01082454 5841389.49370777 5838883.79655519 5846633.35938415
 5835057.23137613 5834369.37694696 5832858.3447076  5845425.99611538
 5848207.86608856 5832343.69040143 5843861.447145   5851760.49981306
 5833301.58745902 5840202.40931527 5848480.10723303 5835937.04003406
 5837690.37093507 5850627.02492261 5847902.86125299 5843773.96773118
 5842671.34609885 5849865.5265953  5849475.31874111 5837983.70085271
 5841983.34057584 5837093.09183926 5847350.01825042 5839665.96520053
 5834113.48198395 5844261.29397616 5840988.3363021  5839040.30926735
 5845519.1494472 ]",6665.137537437331,7119.630789053797,7039.724014532918,7014.97010022898,6472.261460269447,6531.251448442712,6664.523704595057,6639.366282617762,6679.988659440959,318.4942107172242,7060.096762415787,-67.90285533558335,344479.67281064444,-75.07544290601558,6748.970374793837,5964.828156525347,6,REF,Referent
"[573479.92088452 574775.43062965 573762.97378405 590878.32954143
 588441.04803261 593495.57090652 583359.46393426 575591.46011132
 577279.07783284 586348.64348601 590234.04488211 578622.15449163
 585131.93262715 582523.0667725  579344.94804388 581323.27282488
 578781.71318569 593280.27719323 575736.52279195 589693.70568235
 591986.61599958 587703.15527674 585901.00006429 589545.29681357
 586775.50422268 586271.94598755 576228.86611832 579953.07354352
 577666.92270066 579751.59906791 576751.47760202 581134.92471389
 593661.38902619 581337.80061232 591271.80159784 576565.38085168
 585500.35542351 583826.51439291 578077.06617659 587382.48919369
 587749.1882422  592175.34307202 582499.31869977 590215.28420145
 574960.43276925 592231.72609493 582737.60576786 586427.98993041
 585337.81672888 588201.65655063 590060.11748081 581248.02410071
 585580.04836122 593208.85001028 586821.36814636 583067.43563847
 581911.74167679 589968.93963158 585366.80104745 579685.48897933
 585479.90370687 589707.75308658 582572.12562224 581442.03233713
 584744.83340414 580715.63288182 586322.65050816 590821.02923424
 589844.62984657]","[5830837.91466594 5830671.46454136 5832271.48080217 5839435.89497152
 5853490.06991685 5840997.47623684 5849265.65629849 5831844.17336931
 5836388.42313052 5831583.10492208 5852584.31681664 5839181.48265739
 5851689.85620281 5848120.83025356 5842977.89748145 5831187.78379353
 5840625.70822922 5847240.11684582 5836596.13733183 5839751.73119855
 5849305.29534404 5847766.21410924 5850831.88366331 5853793.66612269
 5832518.65993309 5852893.22549097 5833234.58260644 5831079.80211427
 5838015.75776133 5844233.44256307 5834567.17903046 5842797.16021967
 5846305.08665659 5846501.7325717  5850764.54743045 5830812.11229715
 5838291.74004215 5831384.85473081 5830932.66994846 5834091.69161778
 5852313.93594774 5840369.49351897 5846669.552678   5851573.82289873
 5835147.17657487 5842343.12426933 5835257.1582322  5849865.39435014
 5841668.17187935 5842872.42329926 5847323.36251268 5844841.5309461
 5844784.01401231 5845062.33885458 5840202.38695708 5842496.65709045
 5832691.74017372 5849818.26652156 5848649.83426581 5834199.26506152
 5834006.92129472 5845767.71003923 5833672.51703859 5839027.79719145
 5836723.076266   5840816.22826929 5835693.62251273 5841173.48821544
 5844371.17777873]",6665.9663067065085,7117.709470700765,7038.194194789025,7013.245317236586,6475.971386421879,6531.633856298402,6665.346878971858,6646.009467954754,6662.854397353545,318.62796360514204,7062.881954339769,-67.84234108076356,344548.5600857732,-75.06567252687242,6750.876148347788,5962.688881028877,7,REF,Referent
"[573144.43598094 577519.55339607 589545.26098238 575967.31870072
 585586.63054369 578518.46320438 584009.89322448 586470.00327484
 576460.89870028 574384.67500215 575030.1416269  588150.7570024
 573855.76965504 582448.80604835 574337.68182787 579936.18718422
 576969.1503385  579381.29464578 580640.47598548 583538.97834502
 586507.62774173 578538.27664902 585031.25517502 581540.08016273
 591919.08570852 593616.88586553 587872.36224679 593527.32319968
 581943.97360833 584712.50663572 586687.14164908 580105.34157888
 583937.00581719 585390.05844216 592284.58070825 593594.80146585
 581245.47257946 592969.55982292 577470.86595686 576423.92978797
 590380.66222552 579149.64483772 590065.12736746 591277.58094007
 588197.99120917 582622.096057   589787.08688562 587158.41323246
 590607.39022725 578044.1218701  588401.88534596 577993.05544223
 585922.83550512 585056.51687726 589742.77993129 591456.33452694
 586411.71099953 581457.40990606 582213.80549739 577643.04461402
 583094.82197433 591922.58754129 585780.15843182 586629.5003214
 590894.10529428 584078.73800158 589300.8267105  589267.48548316
 587326.68664199]","[5830641.63165636 5841218.78862272 5853793.8588151  5837437.4344313
 5852311.5819987  5842645.90489978 5849904.87193508 5852947.94230622
 5830803.8024084  5833763.39416332 5835020.10810985 5853410.32951363
 5832495.51219612 5848019.59802017 5830636.57959765 5831077.75727287
 5839965.2040792  5843826.54691104 5845548.05373528 5831368.55378431
 5831595.54190388 5837720.54778788 5831489.86449058 5846777.7242096
 5849629.63464776 5844876.15310033 5833383.4649233  5842008.24902899
 5831235.95887957 5851115.60969371 5838448.1875563  5842006.24389843
 5837724.48363394 5845749.73340964 5840375.31916654 5846687.28765481
 5832730.13093208 5843137.58650236 5835278.79703682 5833602.91418102
 5852323.16424611 5839311.03344823 5851339.92199297 5846577.28022934
 5852071.72747049 5835883.35037267 5840168.49654124 5834448.02227557
 5839213.90287501 5831033.99073451 5842131.63249942 5836621.91617543
 5848181.7042412  5835152.78530491 5845159.60214206 5848420.03701301
 5850061.37491522 5843856.57523896 5834469.13062475 5832813.78362065
 5839989.64273427 5841412.41415268 5843710.23706187 5832710.76841639
 5844302.14744349 5841898.19898993 5850055.63819136 5848162.37783557
 5845346.67791058]",6678.203356486145,7128.988527245692,7052.069255499931,7029.094211356559,6497.234154425165,6548.249197327792,6677.616836696772,6664.138826128022,6679.773202506093,320.0898989084803,7078.176861644221,-67.74834257246675,345290.1964049965,-74.92373617035244,6770.052138051083,5972.424165724771,8,REF,Referent
"[575190.98586005 573448.42079181 581816.79450094 576837.19093537
 582196.33076488 578731.24563095 592812.43349055 586577.50601998
 588646.05920291 583403.01747867 574775.3036438  582788.42987913
 576091.81005103 578883.34372229 580196.10611647 589857.95328089
 577787.11446586 586111.65137119 576966.51652316 588433.68368571
 574612.68789959 590592.01155111 574388.6046631  573894.27375476
 587622.94411026 587659.78263188 577863.1226593  581014.58035496
 575946.88794516 583354.25894197 585494.63290348 585064.24085655
 591514.11591921 579603.79398983 586219.24644136 589388.28984572
 582525.54685094 583908.98138087 593538.91486659 592746.46327044
 590767.04004072 582052.79759675 585257.71316405 583066.96602925
 579789.005276   580070.76896832 586167.06971129 584987.46271872
 592174.52445838 592411.74358448 588295.4741674  584686.37128247
 580275.95268959 577426.93710254 588636.54058715 589223.14600944
 589997.1862417  586354.18548004 592434.67069356 589236.41192196
 583038.06655302 585686.86945359 580493.54866267 593550.61431925
 591341.24741063 584804.1749816  587521.69194372 577427.08211577
 586507.52383801]","[5835700.64341782 5830767.61174368 5843913.56964414 5839650.83519285
 5847675.9105549  5842934.15556359 5848061.27616597 5852977.45005762
 5853546.39480023 5849325.53562223 5834701.81154883 5831302.83894231
 5837244.36211046 5830996.9368615  5844930.34375331 5853245.46640418
 5839034.1688803  5852094.06073803 5830844.09207581 5852103.53496817
 5830679.72973119 5851957.16836423 5833503.71746478 5832587.6559669
 5850149.94287076 5833624.92299926 5841374.87130368 5831163.15215306
 5832506.64791009 5846110.87661115 5832520.19471657 5850127.0442314
 5850210.88836705 5832064.69394092 5848759.84719585 5851349.67540924
 5833110.88339318 5840561.28280142 5846784.85941864 5845504.35199952
 5839742.02200104 5838000.80701004 5833999.13236767 5841891.84101021
 5838830.45566554 5841088.14147652 5837755.73754995 5847283.23719089
 5842137.12063578 5840364.52041869 5845646.70553301 5835514.41656396
 5836116.60673426 5833776.79485411 5848485.05889837 5840344.94304173
 5843170.48578932 5839587.79401504 5844142.23936224 5847089.87241548
 5836808.65751946 5842385.45645284 5833720.92331409 5842753.79083244
 5847803.26395371 5845264.12709874 5841248.49280905 5836295.27092702
 5831595.90084126]",6660.791226125194,7123.310948241676,7044.323775963949,7013.472354692819,6470.903684068337,6525.77153702154,6660.196557447889,6628.752937272146,6651.979324745907,317.69541152860137,7058.505957382139,-67.94973740126451,344237.7001741348,-75.20238958643526,6747.948516816729,5956.050937873557,9,REF,Referent
"[586509.47727558 575895.04017592 574819.16175331 574380.65211562
 586209.56263294 583957.02922721 573195.50573474 575304.35342129
 573808.4996301  582194.10707847 589545.23308498 579669.32459179
 574241.44787462 584381.26961507 589152.50510325 577126.72283747
 581035.64806753 584961.06714346 575685.74508871 577743.90377381
 591890.94272963 580212.29538697 576371.05746694 579045.83148556
 590475.69036377 593404.47538159 586978.21652797 582569.6067475
 590070.61362048 575754.72480933 581762.77384973 591498.65848934
 588108.02116573 587259.78210629 588075.72477974 593585.41282632
 593569.81107667 578645.58480997 579033.847032   591464.16281967
 593459.05199055 587139.64773966 585574.4374755  590665.10218564
 585345.42189303 581911.93986986 578312.9692854  583358.98414279
 586799.12260433 590792.0476696  585254.9499613  583227.18160157
 590784.26438172 589102.26842958 578325.90831745 586058.2998503
 585173.64086159 585463.51422106 577847.20061501 582747.7915382
 585081.4057892  587846.03349265 580349.54394522 588268.65266169
 582015.26222174 591783.22102262 582769.16369755 591595.29485739
 582523.75067486]","[5831596.56023397 5837388.94249421 5834803.93315543 5833754.36784696
 5852875.45165712 5850080.8006475  5830721.54929284 5835972.57193987
 5832382.19365584 5847670.72080206 5853793.92681089 5843831.67620554
 5830628.9933527  5831428.12861068 5840233.89319715 5840312.32473778
 5846088.6920606  5851456.1419665  5830743.02329267 5830905.18816117
 5840005.98505307 5844962.4764497  5838531.31349277 5842597.20032366
 5851828.97915412 5847023.76283512 5851695.33782527 5832493.3768411
 5852872.39769742 5832306.68529087 5831221.7336726  5850367.18749491
 5853397.37379301 5833012.40449537 5850301.65208138 5845114.92708922
 5843435.28442513 5832229.13989044 5841150.35267898 5848884.4775465
 5841854.4414611  5837915.21202716 5840332.36772162 5847078.06353726
 5832915.5537303  5840149.19173248 5834272.41490736 5849099.30598147
 5834945.10660961 5842182.39294793 5835383.40019551 5843863.30909563
 5845189.50617755 5848708.43182573 5839317.67561026 5842584.67887231
 5848035.64583985 5836912.90526007 5837735.38115579 5845932.85773136
 5845482.81495599 5845385.91227871 5836250.44585817 5846696.67871673
 5833688.59238625 5843647.76521084 5838015.55534797 5841000.0769008
 5835090.84067296]",6681.195730898122,7131.776532884081,7056.010552866188,7034.215540309206,6497.332590697371,6550.672964764764,6680.607558898541,6668.702809375702,6677.035023719819,320.3682745151798,7078.531099587931,-67.7088169614796,345422.6044067063,-74.8848606456114,6771.140409973152,5975.418190478568,10,REF,Referent
