x,y,REF,wdm-JENS,wdm-BAST,wdm-ZONG,wsm-LSUM,ram-RCEN,ram-CGI,wdd-5DEG,wdd-10DEG,wsd-1VAL,wrd-HOM,obj-LCOE,obj-REV,obj-COVE,cod-YAW,cod-CAB,n_sample,design_choice,category
"[572668.9690111  581054.54296027 575425.86559618 568668.33259771
 578370.0644305  567773.81262758 585737.95346971 574539.80264491
 587383.92622812 589565.84936876 569533.55451014 581127.1888065
 571529.13019078 573715.51426473 575239.72700992 567918.52790434
 569203.64430769 582638.42313884 577638.97343638 576911.46621859
 578473.38489514 576871.50933757 581693.87981506 585574.38956895
 588217.91727264 586344.30863604 572699.8507366  590483.96440859
 588074.50934353 591366.04341574 585237.110622   596282.83606641
 569922.36962131 571631.98681305 579291.49116293 589307.13424705
 586113.0834275  571771.74444627 581419.39243934 583233.29836146
 577191.16189053 581667.69430184 583093.08542231 576027.23433013
 575215.63523894 593330.02909875 579185.37052538 591672.28298214
 588754.44944545 582719.06801673 591318.76239028 591443.11847748
 593423.11406633 573039.42528478 591648.51595564 593416.85080585
 594301.71724999 587855.66656145 594462.45668876 589478.43429347
 590450.32604635 596161.85983704 578650.73090508 596122.28725385
 594171.62878239 583822.77381059 583968.98256362 589195.00258392
 580296.75569997]","[5839903.12091537 5827877.28037533 5844237.26533421 5830302.21650678
 5845836.30884973 5826838.20829725 5857570.14891418 5841713.69035829
 5857848.58934094 5855659.71764102 5826930.91374837 5852001.82371664
 5827140.3750233  5838366.0251947  5830445.84479857 5828099.2742217
 5831590.66452675 5854330.87197461 5842774.91216681 5838691.75249784
 5848500.09357179 5827509.81001806 5849755.23777959 5828846.39817721
 5859004.49127812 5838160.28802301 5836616.41284364 5859627.62912479
 5830900.4733561  5858169.1518005  5834140.78145103 5846875.92629817
 5833137.500725   5832367.519598   5829571.69136199 5852749.94116706
 5833045.72399905 5834819.77587985 5830068.96799393 5851496.71360804
 5840598.7610286  5841706.02434593 5836531.92371626 5833280.40761713
 5836839.43656157 5854727.34613629 5847152.493847   5843940.36593053
 5848762.41483844 5829824.26986417 5849687.01051849 5855668.37587222
 5848754.97360486 5830931.17990495 5846102.56722183 5841261.7247424
 5843284.00046562 5843806.32426009 5852738.63815746 5842999.47671817
 5854067.16214424 5843004.75512176 5836832.32139648 5841737.37801227
 5845458.99973559 5844547.47522443 5846439.97454104 5850924.87882557
 5848440.14811843]",6878.773125502996,7235.109522784713,7184.725400007219,7145.989349395537,6764.711985312114,6793.717470070922,6878.412547166381,6846.119182667434,6853.878327732159,341.6819996397946,7284.324585264052,-73.29872254268457,356930.3773619526,-80.77356292300212,6934.290658455749,5957.595237738972,1,REF,Referent
"[568394.05842916 577765.04958347 567917.95688736 580828.9871308
 583754.61068921 574706.5635822  582928.09689206 570028.65112173
 572035.46544224 567733.69934863 570508.93561732 576770.25917755
 572833.70722913 570859.2385086  593758.90092876 588677.62751873
 585738.3752151  574417.5164747  585438.99342859 594792.8677008
 577577.13340202 579583.56834804 580307.43138105 577371.33393745
 573435.50958782 590528.53525752 584648.26781483 570428.1340308
 589906.65928561 579915.42335953 595387.29680302 578323.4309123
 574631.87661562 591803.85882218 586924.40279082 585612.71292763
 582406.89240221 586489.52442934 579262.01661151 596271.3136971
 592586.35957468 582622.80396818 581238.98758188 586162.15486185
 595973.02358096 589313.70453658 593012.85097134 584140.73667468
 588976.85501235 585013.79725073 594548.2901986  583226.3214937
 585891.69630181 588842.57336136 591090.33749319 584833.29130971
 572642.34842237 591649.72223154 579855.3764512  574596.19879221
 589527.02442528 585146.47916207 569705.9350976  572915.01577099
 590304.48447899 593867.21192612 596215.83699132 581226.25665641
 574142.43800009]","[5829647.23256785 5847680.66584312 5826896.79115559 5851887.67381795
 5855934.52660519 5843451.37641967 5854731.57187749 5833570.21502661
 5838383.61859302 5828052.19952046 5834722.84215974 5846228.12238756
 5840301.3796793  5827035.75814094 5853971.33547126 5859130.62581783
 5839989.00983756 5827622.89611807 5858238.11320916 5852099.6077844
 5835279.53223126 5829095.35550819 5827820.82953621 5838837.89874191
 5836238.87681101 5859639.98814832 5857157.07034814 5831739.02751515
 5848387.67840994 5850386.31749829 5850593.09979377 5843778.99306256
 5841716.84357508 5857404.5841333  5832616.61501381 5828199.06656778
 5832480.26469295 5837244.60364577 5849041.09293175 5849234.76680873
 5839363.3059177  5851765.39309105 5845747.27686392 5829330.37141789
 5842368.73132722 5852058.88025228 5840649.97012439 5844424.83201892
 5854271.30614409 5835475.48747515 5847773.89317638 5829340.00884938
 5830480.76381585 5856692.22009121 5847066.03280044 5834038.68300155
 5828379.76259653 5855343.70698451 5841774.36361627 5831564.45320668
 5841940.5496521  5852605.41193302 5830100.97896821 5832585.12610976
 5844793.38310847 5844552.19966127 5844759.95687449 5837491.84473822
 5839733.20684808]",6900.198777948994,7245.4955912019295,7197.12446700336,7161.289483273367,6794.046300095895,6820.4892219159665,6899.860215669179,6879.068046921579,6907.410834841008,344.3859352725158,7303.57832620575,-72.94903851510631,358217.60581283964,-80.34883911256796,6953.751502375521,5984.834363325785,2,REF,Referent
"[570365.67711171 571299.42852461 569597.21544743 585647.3253369
 567389.74215198 573094.89846327 572208.96279102 567788.69518866
 577130.78742144 569367.24116099 582391.48457747 575141.17086383
 569088.21791835 572006.73876942 596116.0095752  588125.29714464
 586235.91071228 581577.32921069 578663.78619168 594699.00064312
 580769.79838655 583611.52409572 584192.76431593 575002.42022385
 588702.60332143 580419.71801454 591189.406756   573838.14720528
 590429.34992935 574015.57196231 584884.63619652 579159.59298458
 594548.31708116 584104.8523797  591796.26094457 585121.8813928
 580251.11132203 589055.75174973 585066.5922729  595573.17704781
 581763.75266468 587389.92826378 578070.20172556 586784.40931542
 592572.61308539 594815.08804962 575504.00719206 575928.08395938
 592992.09797031 582093.75295928 585361.40939365 573174.11437043
 590261.40876287 591980.26411098 575599.20964511 586061.47066159
 590713.35776008 584555.24888291 591020.29168891 585338.00883849
 589385.44605456 592252.57858677 589377.7719722  576410.5466785
 581930.29298111 577969.52069847 568579.10133293 593267.15374199
 596101.68605316]","[5834377.37172521 5836619.70156463 5832534.20837464 5858297.18656062
 5826824.06947403 5840615.7155519  5838798.56542119 5828186.14947487
 5846805.57665618 5826919.74268015 5854070.6797514  5827599.91681829
 5831310.54954018 5827127.4334448  5841546.17130983 5830831.65156012
 5828247.91703391 5852719.34320742 5848971.77196264 5846541.81340748
 5842262.10330827 5828081.56386357 5855594.93628989 5843472.19905459
 5859137.28198546 5827867.37684441 5858482.18567921 5841944.58328392
 5857483.40066934 5833011.20608907 5857235.48727241 5833920.25412855
 5840889.46693549 5834412.34699406 5839182.38208556 5845712.42895996
 5850907.61075544 5853279.83518844 5841786.66635212 5843174.04257329
 5839354.94089458 5848080.32104834 5827844.62018897 5837509.18706411
 5856054.33298573 5852120.0009349  5838466.48057286 5845094.92041435
 5853530.36315844 5830801.48414384 5831647.63379153 5837327.57914338
 5855868.9015586  5849593.39214329 5830869.53492356 5829767.60951947
 5842166.19842269 5849628.25098738 5840953.44439003 5834992.42569936
 5846761.95161931 5851471.5181857  5844337.12998362 5834730.03576597
 5827908.989932   5842944.64725401 5829684.95461395 5848256.37070994
 5849864.50437645]",6907.519928167851,7250.75148362207,7203.525837514786,7173.3059438970595,6802.475550318029,6830.127751243789,6907.193453768706,6885.679357409138,6912.1088859672345,345.6126942226265,7317.6437402631,-72.88130888293989,358668.5662234324,-80.25837324851953,6960.283702427092,5989.98280383238,3,REF,Referent
"[567447.80588819 573154.79786472 585998.46484221 567737.40207179
 568433.15118366 576529.10344493 589817.65084665 585692.70085699
 572770.10378433 572145.22721644 578467.96962467 571411.89213265
 579525.78067403 575073.27852077 576649.66950055 570110.00084326
 581519.96004285 569175.6454191  580564.99137281 593123.44383538
 593416.39070483 579914.74448314 591371.86128763 588901.57711241
 570208.59494735 585197.72009476 595153.87912507 582692.86717953
 579102.11323025 574666.14892638 579967.67375778 590277.9274547
 576431.68422357 595392.44437151 578130.38068063 579900.39227139
 590501.94964394 577673.67235237 584475.62164674 590444.34598906
 596353.58370266 590322.53009952 588419.57667117 584679.17506492
 581837.25201229 587023.77032174 592436.3085015  585519.64229498
 576954.60487363 578547.11383526 572402.96879867 596141.22093033
 583410.33245847 595220.2000572  573642.34865362 570297.31852323
 590366.39696274 570720.94074053 581090.39227611 586592.62371187
 581667.11299287 585769.60017843 583961.65667277 593500.39615059
 582945.92803103 581715.5416931  589719.72005832 594358.34349401
 579826.19354265]","[5826826.26230965 5840983.62031152 5828252.78513709 5828072.39375927
 5829624.65651724 5846048.99632985 5859443.5478341  5858309.20941397
 5838820.31642018 5837207.77449445 5846343.12008354 5827079.53516775
 5850152.73083506 5843559.10691037 5827582.57384948 5832249.19189711
 5827952.15457942 5826902.80158357 5851472.33088567 5854418.28120646
 5840033.82662609 5848767.07084993 5857409.98804214 5852730.30124265
 5833828.46553303 5857223.75593218 5844933.18220025 5854483.73091047
 5833817.85882097 5836282.50471459 5840241.30214916 5855983.61501574
 5841511.24317642 5842632.31314525 5827609.07448213 5827749.33042889
 5840061.15589352 5830492.12068382 5832057.63841782 5858468.03592447
 5849143.35710065 5848718.01147129 5848133.51177338 5834012.40794625
 5852449.28501405 5829988.14436588 5841845.47077856 5830956.5033363
 5838045.78254438 5843525.13449752 5833980.19194383 5846215.81371219
 5853791.67023174 5851178.81938462 5830721.99887147 5828531.05496611
 5851282.16611637 5830252.10434798 5834820.96572678 5839950.89425931
 5846987.54473145 5853744.86759796 5843238.45931545 5851433.18813617
 5838838.00021394 5843822.12332836 5844537.1779806  5847663.52264284
 5835949.82688381]",6887.668908950707,7239.846719919605,7190.302068121595,7154.0126642331525,6773.67820000838,6805.045161219305,6887.315793626439,6857.933022786539,6878.456712620856,343.01940016878615,7296.637008854073,-73.08018269063606,357455.4160255661,-80.51844228769791,6941.869959532632,5973.685637327189,4,REF,Referent
"[571318.02265737 577794.46026268 569320.41968189 567586.41293127
 573454.50754675 587938.81835974 574767.72700129 585800.73210675
 594898.96084471 571289.51514607 581811.69473079 583071.02508843
 588807.48145263 573552.17728967 575579.90529522 568339.45062632
 582154.01899684 575116.2219657  583408.43099832 587524.03891108
 575335.50814988 570830.9598494  594234.0323354  591015.68792642
 585696.59184516 577367.26066529 592941.04457399 577604.9238625
 589663.54474961 581171.34302144 581125.40572347 574630.04953539
 595955.89508534 584395.83163309 582386.14802152 586418.88931735
 595010.8230574  590987.71303701 590518.29209031 572549.67290468
 582833.22234062 578950.01886312 581336.81810443 596170.35987941
 577549.03849079 588653.4621066  577676.75586095 585360.6563143
 580742.01511434 587061.49139776 596137.67401846 577056.116903
 586769.16699193 581418.0193676  591759.38210026 584242.04874325
 585056.95743839 590788.52855108 588729.81398276 589780.46504265
 585229.73451397 593768.89001919 579371.12061132 583293.30710573
 583475.22307983 588635.42439462 585505.9764769  591850.8701855
 588498.94606363]","[5834508.24428103 5846931.4754981  5831262.55155563 5826854.77858488
 5841482.06940631 5857018.47626187 5828000.4489035  5858339.32274254
 5841473.07081266 5831578.77766612 5852428.87004793 5827998.06868569
 5859075.36453038 5838658.78261544 5843912.06873762 5829165.85845924
 5847951.11395079 5840942.34963457 5855462.15992514 5830791.47195241
 5831733.54942154 5828619.96319574 5853140.389365   5851737.33276
 5828205.63185607 5830124.88231732 5855406.72972195 5836297.74943662
 5849143.96651719 5849604.10159426 5829421.79398516 5835365.87069609
 5850120.80582129 5829964.99300539 5854062.53219374 5847701.30550112
 5847844.67251172 5858836.45658747 5839481.72560473 5836480.88983635
 5851184.19216706 5844160.27981761 5832743.74867561 5843367.67606212
 5838310.28869633 5854526.21961827 5842379.43837669 5853391.29508347
 5846062.63446369 5851899.60728098 5845111.85806499 5834416.42103839
 5842620.75937431 5831347.00804889 5845828.67535379 5845564.00706112
 5832277.87823713 5855451.11580218 5846740.62308456 5841724.11825787
 5834835.11339119 5845408.69979789 5840088.2970688  5835562.40147221
 5839631.68423989 5843996.88222631 5837529.46523029 5842538.78413496
 5850469.69918169]",6873.847407854457,7243.269380759829,7193.666360716838,7152.03033111504,6757.10503495314,6788.181838178377,6873.506760997902,6841.555881332074,6849.7486132378135,341.1483475845799,7283.149972213709,-73.28481729971398,356620.2113471391,-80.77059897521468,6927.925891601298,5955.429790831864,5,REF,Referent
"[586236.15979489 581312.97243979 567857.87106321 569119.54378164
 595964.74133255 577914.72634638 573454.65640583 571042.9500352
 576814.17030986 581299.16602776 587455.48854848 569286.15283918
 567900.06627257 579960.8296359  571776.30572273 572109.77875149
 576094.39684596 577000.73358178 569563.03905811 583831.73686952
 584723.54901717 575245.25899741 590026.33748538 570579.09987144
 578910.78549482 596311.4968779  593072.92867066 584335.12518726
 593438.14321326 570158.74621306 577390.30727997 596163.14793241
 584795.87169001 575031.38478091 589579.13506883 595995.25431739
 596249.11215984 587350.18206977 582862.63217858 594092.94896482
 590535.3332212  585824.84863813 591538.84156379 583070.33994088
 581024.56648662 589313.71512865 583874.91025426 575422.82417966
 581247.0722339  592327.40067634 577857.98791725 587984.88473544
 583227.40124484 585235.80798924 580281.27711626 574078.4113296
 596265.69766293 587087.70177274 593196.367028   580769.56836166
 584932.27242834 586725.63424538 585571.36667092 588370.16334789
 570581.20944051 580401.74526617 574700.98517097 584224.04775143
 592506.86192252]","[5828247.6532654  5852595.32975009 5826864.52189715 5830221.2752354
 5841697.26386762 5847949.24465212 5840489.64143626 5835994.56215505
 5846189.17294907 5828060.2920307  5858794.7302814  5826912.31545866
 5828386.93615419 5850700.04110565 5837649.11386406 5827189.28654792
 5844734.25694405 5842039.00753973 5831828.55090292 5856040.22012242
 5857259.78666618 5827381.70590943 5859501.78837758 5834845.6572776
 5849311.549662   5847840.58458207 5840810.93076759 5828709.60992626
 5851464.53538932 5833406.19207812 5836573.13869689 5844400.06957711
 5836998.13566774 5839550.43829696 5841236.62794646 5843044.96384113
 5845796.43408919 5848195.16870461 5844184.38005428 5852941.46195786
 5857466.09509098 5831470.03151353 5843774.78266446 5854999.52370333
 5830434.36261244 5854946.72196051 5847231.32464154 5829795.11679548
 5833583.39680889 5853577.53782058 5827588.92339438 5845440.1912482
 5832838.38554091 5839733.85636146 5845897.11333113 5833396.55205506
 5849291.10193706 5829900.35622817 5847484.8893125  5836642.78806327
 5852728.6079576  5856087.03699921 5858276.36670138 5852026.81558712
 5828986.14206415 5841030.34785283 5837250.39853187 5834675.68261894
 5856167.38606717]",6902.731657159877,7248.682873456867,7201.254570691564,7170.1420080158005,6799.24057028885,6824.569158226476,6902.402563458738,6882.344094455862,6909.340946577174,344.89369829562935,7310.805891479438,-72.9911994977961,358336.6166824251,-80.39807711549831,6959.768066187342,5980.146348003056,6,REF,Referent
"[567868.80600775 574156.08858524 580684.27890476 572753.77169287
 568811.13011462 570469.20205691 575109.15176616 573480.93805656
 587221.73195954 576696.42225214 580440.69650054 568261.2995464
 580955.27564452 571221.9926205  570415.99181091 575867.56365667
 586251.93156978 590103.79374816 572261.47773769 578036.77458587
 571119.84449873 584250.95491894 584823.9597017  592306.64300632
 582253.21383671 590529.08794082 583793.59850425 571143.19327618
 587371.11205649 595387.55019082 584253.18627188 591107.1360011
 590151.47728698 587083.86717635 579504.69546568 585654.77893232
 587781.06689828 582781.78675049 579546.13841684 588689.51310079
 572467.26235164 592580.67720151 591137.23573815 580133.80610396
 593775.51120817 577275.5659384  583801.41639597 578320.98900854
 577353.16406839 596341.5621276  596125.27032329 588013.60549334
 590697.67990903 583094.51140566 580192.9694389  596164.79753735
 593148.64149677 587191.08462531 594950.18988906 593165.89766862
 594590.59385524 583386.2103091  585923.5814695  572007.7248293
 590948.15048919 587884.55247486 573908.01960287 585370.18938666
 595313.57180979]","[5827105.81673596 5842809.94960889 5851673.04292938 5838721.55681003
 5830554.85565274 5827004.95815231 5827370.4689406  5840310.91149063
 5858730.04426907 5845763.12286754 5849010.81672784 5829205.69421943
 5827832.31317319 5836128.19870243 5832980.43957433 5844355.24943477
 5828395.5226689  5850896.7147209  5827179.78091865 5827634.31181129
 5834293.19775332 5828091.40154758 5857393.57873505 5839363.81744209
 5853848.54326313 5859640.27304903 5849829.45994074 5831506.13017443
 5854381.29181612 5850376.57159867 5832291.82478482 5846156.20353434
 5856853.97863314 5832233.40584048 5844959.81361875 5856200.350793
 5842128.6055581  5827975.12283302 5839269.17288869 5859134.21836785
 5835665.77709105 5853660.27452246 5858363.00788093 5832749.99428058
 5852429.11709362 5834822.08261317 5836372.11770674 5847284.81635924
 5832410.11563556 5848761.82366278 5841857.1915928  5830878.98159477
 5839912.864209   5842604.1594971  5847389.08116191 5846947.53685346
 5841837.29026922 5847403.37181288 5840823.15857394 5849641.98150255
 5845251.29557047 5830540.79132594 5844297.97688598 5828778.68567535
 5855582.33725052 5851974.79057182 5841483.07166954 5839315.72532455
 5843353.94110921]",6899.658218935912,7243.644895852634,7195.833501249953,7160.2259971861395,6793.585453926851,6820.305628600318,6899.3197602929595,6860.4368807660585,6888.304356965801,344.55157880420757,7308.873328936613,-73.10116335855875,358189.25843892817,-80.51645917658063,6951.891867837416,5975.550859321434,7,REF,Referent
"[567821.28456297 590529.39997134 578380.40397081 569472.23288492
 583635.47109557 567421.4966657  576234.3313988  596333.08440344
 568911.55735813 595030.31962648 582619.23367681 574004.47799125
 572951.60264949 570444.47783719 580872.34064982 575446.06059146
 584960.66803572 581582.11574951 590645.75847536 580041.92006022
 578888.7967386  568490.38629216 593287.65700002 573463.80869828
 577906.55639969 579094.60679218 582947.40264399 591273.23984242
 580197.9908307  570714.48590261 586895.17508968 596234.35067637
 593979.03215005 571355.12487644 581706.00057363 595811.51027468
 590281.10744891 587105.11962742 586277.30633673 587016.05798892
 585851.1806261  584814.1231598  583291.10049984 594782.39465234
 576536.0051601  574492.39420857 585820.32099843 593454.32671996
 591482.89605647 592258.59094072 584707.69695506 589447.47597949
 573563.61102751 589605.42309904 573282.82166535 577110.94543889
 584054.65388236 592020.16802577 593358.58673854 579510.77268088
 581589.18253231 592122.76648932 585035.45883183 587273.42601991
 581258.11539893 572230.83054588 588546.95688111 580882.6594864
 586235.80172941]","[5828197.8101023  5859640.2888843  5827632.71313849 5832233.68894458
 5855771.72057836 5827062.08855773 5845231.239409   5848521.6052214
 5830873.82399639 5851743.69483552 5854382.84828108 5842376.89503909
 5838615.57552464 5834453.23277874 5851992.0841572  5827397.76035587
 5857584.68800431 5852963.84234768 5840917.84546247 5850847.75758083
 5848777.39534045 5829607.11305608 5854800.31907582 5827299.31360031
 5847543.6549028  5832160.90617111 5828027.82184959 5858243.13198112
 5827771.99177866 5827369.52508449 5829960.34396934 5845368.59914608
 5853588.80413314 5836519.41816911 5845573.75167541 5842855.52222833
 5848131.58697189 5831320.6055951  5855341.84685871 5858673.65635874
 5834226.21070645 5832208.06531917 5848307.34556563 5846196.28279416
 5836183.24451371 5840089.5610211  5852020.6486667  5841087.01785541
 5856913.97285001 5844815.15748283 5836737.70584061 5855049.01718776
 5831616.48037224 5858596.19853231 5834071.38237811 5842042.02213665
 5838044.25006883 5850307.82194634 5848986.05641269 5840786.75020859
 5843003.01346859 5843593.60406584 5841788.24067974 5843052.44564232
 5830272.85412559 5837441.13139576 5851128.05368175 5836349.06027876
 5828248.00125598]",6903.841473392056,7250.004823268837,7202.044805300342,7170.903644753137,6796.4825806909885,6824.8518517295215,6903.510248317409,6879.5043099253935,6905.192406037995,345.0371227908312,7308.190968615566,-73.03862691537837,358467.5705669731,-80.43385755552215,6957.891538667956,5978.787021263879,8,REF,Referent
"[580026.42744649 567788.79920209 578160.8195819  572017.51990983
 577979.03739838 582647.43114359 582792.86391184 578437.81083344
 573920.66107482 571068.51696165 569386.60540476 576671.2287685
 584563.04384816 592409.41607142 594855.72265429 572526.48884829
 574456.53509236 589777.5988122  568901.02872932 586725.89185912
 569159.03291214 594297.91707894 572565.90801751 579800.64136985
 579896.63495629 581634.80898371 588540.28890621 578287.34180314
 585627.97272974 575388.31846318 584424.24762427 585980.29770983
 573023.11323315 590000.49782452 571068.13825381 583950.27731616
 575213.68509286 579211.48563379 592096.12802541 579714.32514243
 590190.09338636 581988.48653731 575670.82304808 586694.45782267
 595146.49792004 587264.37982988 584179.55633954 591662.34131339
 588074.6602135  591004.09305339 595074.04029135 581150.9082984
 577217.35078305 585255.51248224 582473.97226899 591806.48676602
 584471.37759226 587529.23405721 588034.57032464 588168.05168304
 592323.16531923 591723.15255293 594275.46439397 594602.8997889
 581918.28822671 582854.05422465 579137.10399875 594415.6131668
 592875.79220322]","[5850837.07565273 5827069.28153428 5828614.18627411 5838024.80758662
 5842648.52763806 5854421.22660372 5829112.97695623 5848187.68695271
 5827938.86575852 5827707.01404527 5831730.53237119 5846248.13713125
 5857039.20406044 5839622.38220029 5847914.921144   5839563.86526952
 5843217.71032329 5859433.46367313 5829753.11571627 5858593.87941072
 5826901.39736463 5853029.38629221 5834429.76153849 5827741.0625085
 5832161.55134362 5851907.27521556 5858302.98777828 5846462.37571509
 5834399.34311998 5840492.79133677 5846689.1163369  5828227.27801873
 5836010.70890888 5841066.05173752 5832221.32809626 5852637.10997473
 5830709.58571566 5839388.24155654 5856891.45728354 5844967.7500706
 5851026.94257728 5853265.88062238 5833012.78212813 5830116.12096232
 5841275.18759153 5832099.69471277 5829501.96364744 5844827.17918956
 5846883.81507966 5847143.35439066 5844307.83806164 5842205.23050632
 5834491.8621253  5855627.25206024 5840852.23753239 5849743.08563337
 5837685.24291947 5857078.96773787 5848989.46918149 5855435.07977664
 5842023.72024433 5853892.08930696 5851709.23257868 5850207.27787359
 5838725.14725104 5833357.00856485 5836329.68116097 5842205.32076299
 5855357.05794707]",6880.502958780388,7237.739282590017,7187.730594572375,7147.165901008352,6766.599941743881,6796.652290350091,6880.15656184581,6859.980335187408,6882.591237150089,341.9359204927264,7287.335738904643,-73.1208004278087,357019.71957483457,-80.57759070100936,6934.825663785616,5968.256781949627,9,REF,Referent
"[590528.34844867 584245.01774256 576964.29677123 572098.99932808
 571555.90766754 594416.17850503 574123.16967751 567880.46441829
 575132.38176548 582143.29205608 586887.48822262 585338.87449869
 574980.31256929 578495.64126562 593320.13276448 570422.32782995
 579618.7128442  568552.92143414 585436.12923481 579393.91908019
 568840.23361682 576011.69969142 587387.73535292 592858.76598482
 581368.32179262 580268.36766696 575037.98002731 591627.37316807
 580056.26522958 584023.49181994 567314.81811319 587972.41892574
 591841.82024307 574844.9820749  593054.75885504 574309.26739512
 594568.90312243 581360.73370026 591306.99795151 589998.32497798
 592071.48827927 584357.13096287 585045.53726059 591058.40172411
 593447.19405817 580553.78170347 581066.3834099  589797.74918831
 595412.96202337 583249.45432526 581911.12731493 580650.90495834
 595338.52274653 579389.96134928 588795.18341909 582840.76247291
 585793.29549333 577623.13767411 575039.80260479 595970.15301394
 596247.40086045 571367.83494049 596224.55197128 583163.2427805
 581252.57581086 589222.22426448 569305.78422636 570864.26930627
 588203.62211175]","[5859640.01122042 5856549.08815524 5846083.00529792 5837170.73875719
 5835175.58598456 5840712.41144237 5840831.28838361 5828411.35722084
 5843808.41213688 5853732.118075   5829736.7989667  5858101.75652053
 5842393.68170677 5847891.66153764 5854274.92525131 5833060.96448052
 5827758.93171515 5829977.56589395 5833900.01032735 5849601.91936413
 5826876.52306889 5835028.12726207 5857552.57325143 5843346.56940058
 5827863.62239445 5850877.21548772 5838547.92887378 5841666.12499427
 5843461.41989514 5837128.58618326 5826861.41065496 5830959.06330289
 5851130.80845283 5827392.24234364 5847748.75681459 5829185.58114833
 5852149.78819906 5832445.56161496 5857459.04564922 5849026.65518651
 5855955.82482741 5846007.95495091 5843275.90154525 5858539.99100698
 5844703.07515039 5836999.6234303  5852259.40359856 5847555.21579107
 5846458.27181613 5851885.88611928 5845578.46572243 5829133.4077183
 5851071.11472039 5842237.80897074 5855351.52165368 5829250.75981918
 5853097.26106658 5840416.67434253 5830810.78058705 5844238.13424505
 5845753.06761365 5828987.24018328 5849402.48813646 5832974.51289724
 5830624.44896816 5858707.76850058 5831340.54054337 5827036.00858651
 5852936.60511722]",6889.888143767202,7236.49441918008,7186.629837697374,7151.335283580197,6779.949907075591,6807.07822012865,6889.527453383626,6852.819057479246,6880.16087703576,343.0721060061334,7293.101253155781,-73.19287825841599,357619.50773530867,-80.6315772520423,6944.665601291525,5966.953924806655,10,REF,Referent
"[575358.94299582 584026.79528325 579143.11592701 568825.2888551
 570672.16295235 590404.47948702 577565.25762864 567955.71006789
 573668.28584517 586587.77163619 596084.2055205  590629.54223364
 587883.46917114 581452.95786384 593294.25291941 570068.64462934
 589450.18014852 592249.63117594 582310.28470753 573875.67013863
 571058.31073299 588300.86177973 596297.98502973 590753.97972991
 585319.81922605 579569.33174932 585925.24979698 595313.42376996
 573638.80823    587066.9753876  581930.78735774 585012.33724385
 592217.10992954 580024.45473298 583662.89721567 594093.68112591
 586944.01867181 575300.88587118 582306.25077556 585498.40966419
 571784.90416941 576827.00337231 588815.95559362 574820.96265919
 584909.92584092 581319.81278068 572360.18952642 577344.92664491
 579627.66668124 587168.0309773  584447.84932077 577974.81886241
 577794.91209515 579099.12443265 585762.14009234 584145.01743003
 582044.21962604 578702.56962523 582950.84361391 580717.58072321
 578793.92596213 588525.45105424 584678.42309657 593484.23535325
 591936.83935268 578341.52418167 583380.36555248 582077.50803093
 595381.8502122 ]","[5844386.11928075 5856246.46972014 5827747.88169884 5830655.02738447
 5827078.84029753 5859533.07089455 5847430.91137793 5828580.3586217
 5841903.59080989 5858554.29931355 5841603.12304817 5846626.59527982
 5856846.4623658  5852287.3337709  5854125.26795398 5833582.82814823
 5851569.32623276 5850067.82387577 5853960.68515008 5829945.53223942
 5835598.33063965 5840897.47844809 5847691.93720064 5842541.26945458
 5833598.81178489 5841869.6720316  5843470.06713896 5844285.15956063
 5827286.46446139 5837259.29070127 5827915.96349257 5846380.30806564
 5856426.9089314  5850701.0237387  5850577.59509841 5852436.41088358
 5852509.44522715 5837781.51130681 5843526.0826946  5831159.19883997
 5831892.24235759 5830089.94842935 5844122.34032813 5833719.25055587
 5853381.17815904 5833189.68466281 5838829.61494464 5835202.00586613
 5848533.96284126 5848852.40046876 5840570.69283137 5837261.65489749
 5842805.70301889 5839573.58769591 5828315.18943941 5828174.90241764
 5830665.55451958 5833226.44949402 5848522.38131975 5837168.00879773
 5829786.22984158 5854760.33988926 5835977.81968801 5846420.66451114
 5840040.7866362  5845426.77876207 5838410.1489302  5846823.16585923
 5850484.66414788]",6850.213293778264,7248.4317595754665,7199.172568464376,7155.929961193835,6735.464658807694,6754.294020331653,6849.864535882373,6856.877225787635,6861.794094748068,338.816391645306,7272.531501535793,-73.4783230743117,355276.0849694036,-81.01076176783953,6907.902876929423,5935.3990293412435,1,wdm-JENS,Wake deficit model
"[568424.12796827 571921.57441437 567768.79566027 578313.13055408
 582468.81749858 585433.76191048 577708.33384043 596105.69819227
 580591.85977081 591738.84725929 590228.03217827 588872.99094846
 580008.59204592 569672.6300647  573045.05297272 596329.80593562
 594042.29034012 593811.17264254 587642.20770901 583703.08876242
 574669.39270892 591914.36784676 577511.77725725 580741.57583161
 571270.25630095 573831.28270003 594815.64275932 588087.62719316
 592643.01426576 591344.90851237 577387.28873491 587244.03211845
 577098.38161082 582720.97943202 590413.33106604 574275.54078036
 590608.42019308 581011.33905124 580019.55919293 583376.54455753
 588453.49782942 574391.33246604 580758.71749607 578286.49882384
 581038.90319398 583786.18621781 571292.3662924  584666.16833349
 586579.18665169 590678.12644472 574090.41535413 572899.85195778
 584171.0052961  582777.28807643 584100.34583714 587279.1211001
 583926.84834541 575913.60021082 580012.1648042  593914.61515806
 590827.24762431 579816.32582739 588458.96174884 584155.05465886
 573847.92436055 585109.13239576 586211.58920953 579772.81003854
 585357.34474246]","[5829660.26782787 5838067.38183241 5826840.11674693 5848469.03120873
 5854151.11070975 5857918.00497467 5845667.73115603 5841584.04541134
 5851586.3182713  5857518.74650836 5859542.71205645 5857213.79312707
 5827772.2713673  5832655.28618832 5827229.00081638 5849379.07019886
 5847892.6731273  5841487.63272233 5831553.80704386 5828047.62747773
 5842608.39465664 5839061.59698335 5837772.17718368 5849346.3417955
 5835126.1449542  5830558.24001029 5845059.92735277 5852749.98266345
 5854987.33834123 5852540.2386561  5841120.43071157 5841740.07343676
 5827566.05424831 5841552.6399751  5850534.11892653 5837725.909429
 5842380.41259866 5845929.98989314 5836840.22704106 5851576.90776113
 5848745.87543897 5835754.78647767 5831411.96772818 5830483.73828523
 5839108.80982687 5844316.04511732 5828635.19387209 5835996.11225442
 5839286.6143827  5846575.84304447 5833869.18314504 5832301.83015708
 5839178.95013621 5829433.82242903 5831457.90584101 5845009.81640667
 5849037.9469193  5828888.09689836 5832927.09506456 5852534.17715666
 5844476.32420399 5835039.05485962 5855546.24267838 5833814.12201162
 5840482.17841234 5847123.30205354 5828331.19897422 5842993.71570796
 5853141.10847002]",6846.3295730541195,7248.348761353249,7197.927424356087,7150.3288944292135,6732.669323907868,6748.180300731971,6845.970058260865,6843.868318849009,6832.767729172964,338.37498700479335,7268.396098940516,-73.56053364316436,355045.1402528993,-81.10814336967276,6904.4442901698085,5931.514183416541,2,wdm-JENS,Wake deficit model
"[576720.94798609 580185.10539857 567771.10294232 585493.92431459
 571920.10848174 582685.27608197 570925.94060376 592189.16553253
 575318.97213262 588967.04231813 574007.90464239 595071.19905085
 580765.72157546 571149.31576924 568821.47261226 591015.03304647
 587932.12863693 584681.30768253 594451.93701483 591211.33313994
 571842.64783988 583106.2450267  578186.10675772 573843.63900645
 587102.09538571 578624.95412311 592198.98255687 581702.41376629
 570794.52919645 575136.95799996 589299.34501137 595044.57870364
 585807.86642319 590895.53230458 572803.11599425 583284.44497697
 583658.80122022 572318.56048627 594002.94669444 592713.8390936
 584591.26797664 579609.94224382 577466.61493631 575746.76207137
 582608.35252964 590559.53745082 587180.14535607 586997.04753545
 588716.91868652 589854.49652751 579177.09707525 575377.76299421
 583893.30254261 583919.97821891 588815.3079722  578537.17890082
 584275.06043803 580954.30686161 583692.75394881 595225.84849758
 576205.75842884 579984.32804635 588395.70878597 578771.13811854
 585659.51740817 584257.68681085 593205.23344489 577939.48020371
 574908.93404724]","[5846289.97481935 5850867.79647235 5826849.62955739 5858229.29530438
 5838091.43649697 5853992.27565089 5827042.22756221 5856705.51981178
 5843844.3157749  5857073.63409563 5842000.85787186 5851647.03720351
 5827851.94111853 5836093.93031166 5830572.19959733 5858706.54064567
 5830776.40163378 5856506.91142569 5841346.51137633 5839204.82858663
 5829488.558964   5851220.62138256 5843016.03751732 5827281.42305053
 5837229.78291189 5845364.95249016 5842579.37177664 5830759.42573341
 5832770.01547012 5831623.53288924 5841742.49757196 5844027.50780092
 5853348.09451281 5853142.4748555  5840199.33619464 5845681.0454953
 5829388.67763441 5834626.98727904 5846444.66219406 5849668.19805965
 5836497.73517533 5848462.40417882 5827574.30894263 5838163.72242268
 5841403.95128724 5846570.95686708 5846839.33665727 5832516.83139906
 5844567.61461485 5848983.02756796 5834072.12132006 5833428.85448936
 5843271.68693392 5839067.33579208 5854462.9172503  5841390.21175427
 5833796.52210833 5836699.16121284 5847554.6506849  5848441.27368372
 5835919.93167599 5832524.03693626 5851422.46697542 5839203.20012393
 5841106.36064204 5849613.02100136 5852595.69810377 5830975.46479075
 5829536.34929123]",6844.7488448345175,7248.983870322937,7198.421133940482,7152.179880807362,6731.450448488099,6746.081486723612,6844.387112175326,6838.465335135617,6840.891990412277,337.97957471665484,7263.010409894615,-73.57488266397584,354966.0233426868,-81.1233114529063,6903.56940516189,5929.680856092846,3,wdm-JENS,Wake deficit model
"[591221.87062819 572808.58633775 584828.86977484 596061.07367501
 596226.82641057 568364.69359586 576058.86396216 579161.34827133
 589774.32960758 571844.05510045 587404.06818999 591369.40507031
 584148.9301895  572532.99448002 571527.1316398  586236.11734619
 572586.68222255 588102.29531495 569787.52833051 574527.6093874
 587374.72992697 581045.66227686 580117.49502584 593082.30437522
 593147.04956212 589620.25633213 584577.69962456 584451.74346649
 578446.46992566 593861.43313725 581195.00199118 583304.21564243
 584487.5340358  592506.65682262 576611.87931881 571429.54032911
 582139.05162964 576228.25018192 574181.15087894 593194.16686583
 590057.65062496 577134.29369408 577684.55943643 585108.52610266
 575495.5620055  587085.82515036 576695.37185088 584105.37912132
 587735.98776848 573351.62945634 580311.92842244 587814.12580476
 585854.01497384 591089.87356701 596233.28132532 584038.85859943
 593588.68861645 579836.52178871 573566.56615914 586472.40198293
 580958.45078426 579301.68989569 590259.98197878 595075.40024737
 579481.11654573 586143.94149077 583148.22646078 594599.58398551
 581436.13147522]","[5856452.08986237 5829202.88800699 5857364.73554776 5842324.3793854
 5845083.07389008 5828203.87242425 5845163.80263616 5849646.3442261
 5857869.1847319  5837744.50567978 5858767.8385039  5839195.32573923
 5854959.32070939 5827200.98657255 5830883.74909259 5828247.25773698
 5839558.79690098 5830787.43107071 5832904.67247812 5843210.25399768
 5853315.43126022 5851456.71233825 5848139.45639117 5855161.92807299
 5847654.58658101 5841286.20899461 5829563.57217429 5849156.90342168
 5846890.4641453  5840150.31247411 5829728.9207322  5841877.54437433
 5839992.9186242  5843224.17661483 5841101.96319683 5835917.09071666
 5831717.24544406 5827460.47206945 5832839.23318597 5852733.48020098
 5848255.73760472 5838431.11381073 5829460.42401085 5833108.29059819
 5836519.6262568  5844528.81715946 5831293.24267817 5846088.27646448
 5846809.74353081 5841517.5823413  5842636.98506866 5849774.01510168
 5836831.52036656 5850050.68615852 5848007.20408498 5852381.85111904
 5845274.55109902 5836890.13083734 5834535.64607553 5838190.80759334
 5839698.86427443 5832829.60719699 5851997.52758194 5851646.97758183
 5834815.61076796 5842513.94799285 5834480.19086191 5849906.67160372
 5845293.99292537]",6842.196012492981,7246.897966215566,7196.39665823531,7150.731578406737,6726.047784336218,6744.0620909641,6841.834582138158,6829.505661543311,6839.549786902825,337.8877005306253,7262.31354486824,-73.5312848739824,354858.9087403022,-81.0925352726753,6899.573595922615,5929.904485940804,4,wdm-JENS,Wake deficit model
"[581438.43709524 567603.61027848 583434.85761834 573287.04303122
 571536.58318484 575303.87757436 577515.30726857 568265.92101722
 569209.76496325 588975.3711352  594445.5873353  571335.66268054
 586194.70743172 574354.04123734 585941.04501987 572230.58129521
 595276.99111461 580962.86025577 581062.15070137 582864.470825
 581316.7599699  577798.07418889 595513.33397503 593176.80789641
 581730.58678332 591648.64180874 591209.39534415 578701.55848981
 595171.59345318 585125.70933725 572630.21142895 588853.03479316
 585197.38934331 575520.01493539 576934.01188594 581129.14574036
 589229.18171206 587091.70171214 592297.79195358 588578.37069461
 586578.75072177 589696.16606633 590293.36436255 596211.68473672
 591893.79725403 571992.73520727 577434.89519842 593873.60515671
 574784.95158818 584457.7192088  588129.52151644 591020.80619764
 582280.68501939 583391.69681714 587956.6181706  575619.68732665
 591327.33460443 596104.49351942 587968.57914283 585793.47954618
 582035.31518814 586427.76639201 584644.02365056 579578.60599224
 577424.95840485 586218.24644665 585723.44473839 582573.38736085
 580813.1726918 ]","[5852706.1004062  5826942.65666181 5855476.52520194 5841380.57075692
 5828782.15896874 5843957.12040056 5847270.71262785 5829322.73842022
 5831588.42349007 5859194.60127542 5852770.32928294 5834863.37166349
 5828271.79565056 5827340.94537105 5858352.60644146 5837199.60880277
 5841068.95528166 5829236.35137927 5849985.04701835 5828005.35001086
 5832074.37594818 5829044.40715612 5850850.08034143 5854957.44522714
 5847637.81281962 5839104.64131688 5858425.28226819 5842268.59482969
 5848079.09613333 5845617.63323414 5838793.62462141 5854767.64109176
 5853762.45107151 5840943.40796182 5833703.52964263 5845835.46093348
 5846620.52675523 5851796.17179097 5842130.54768938 5843884.47931727
 5842678.44499324 5840605.52727075 5848547.6406735  5845682.17431613
 5846367.92610389 5832341.63081139 5836641.77432872 5844858.11954593
 5835168.23537051 5830236.42007862 5857033.7316235  5851322.78431592
 5836716.72558854 5851451.39342591 5850327.89204821 5831211.8902246
 5855940.91718283 5843316.51218723 5830789.93098217 5832698.12611217
 5834266.07926705 5837347.09228077 5839100.54260828 5844185.76114582
 5838999.89338126 5847738.41078759 5834417.92598406 5840050.9937961
 5840707.23702016]",6855.949816405972,7253.559390221,7204.273982968103,7157.018867266743,6745.22651018796,6759.442777204512,6855.592732303783,6854.3274069999625,6853.8645377164285,339.33418167855365,7277.1104324489515,-73.44983035139116,355608.4770832734,-80.97140621717348,6911.251576583269,5940.2885724236085,5,wdm-JENS,Wake deficit model
"[567943.41635626 585239.78776305 571056.19421182 568191.61131319
 581301.1728706  574700.94658392 593870.29447331 592467.57719165
 587733.22047564 578496.85700419 582698.32907077 569089.38714524
 582963.12862527 577329.78692653 572056.66650047 576016.64771733
 577460.74486834 580385.15718689 588518.82025322 591030.17769141
 573597.53005179 592637.47348343 594515.85578151 589738.95710193
 585760.63221094 570049.94867774 577488.75858104 584790.02289572
 590136.33510627 580150.19942254 572566.42379086 586145.23674289
 590183.22507691 581984.80308575 592192.35792248 581969.30087614
 579634.8890435  573058.71403901 587725.46729541 581251.65667023
 576947.21965707 578249.89719692 593001.33036873 594598.54975804
 584009.43966685 591596.16086146 586695.97515655 581956.45758407
 589184.74249996 573958.93607602 584751.26676708 596154.79853647
 575153.20053225 578216.40393705 581077.08299338 579326.18246775
 588734.34049025 578689.70267398 572898.92728789 585870.10407828
 583792.69629086 586850.03637917 576009.11306671 584323.16452995
 582447.94426203 586335.05482526 586720.08363318 575125.19979048
 588968.58368975]","[5827030.69825284 5857950.2470178  5835957.71255017 5829118.22058275
 5852568.80459668 5843492.78229746 5840615.561476   5849949.65307459
 5831098.24354378 5848737.74570417 5828767.9587495  5831313.99624265
 5854846.65893259 5847114.88097261 5827141.83759971 5845316.32271601
 5827577.74332351 5851127.77926109 5858675.08242144 5858737.98122544
 5841788.417688   5855934.89676851 5846939.09910114 5856016.64830344
 5834070.48834637 5833616.34143884 5835941.82080764 5831644.28166512
 5840506.10357895 5827776.6563499  5831720.00954068 5836924.1855861
 5852840.77675211 5838604.52213505 5842926.77598632 5848713.52159942
 5833965.13815624 5837610.0302735  5853204.05708204 5845212.10685432
 5840711.92981829 5843069.57774012 5852458.48984136 5843972.34174204
 5843838.21274123 5846524.434232   5856137.10643771 5835690.60309387
 5849766.54544776 5834767.51628977 5851333.82920304 5843431.44652476
 5831120.87267554 5831610.40621966 5831469.81363126 5839427.46745922
 5843953.90014635 5844793.34453344 5839468.40151803 5849606.14871931
 5847083.22758085 5841369.77524511 5838517.59856993 5853310.19193645
 5841790.68015245 5838964.58757271 5846703.26773718 5828707.85751568
 5846454.68009075]",6843.484202773514,7249.4184010754125,7198.197838277141,7152.857792681058,6731.2008651898095,6744.501472225236,6843.116931942311,6833.620618684859,6840.11578320284,337.4984234539209,7258.97469855595,-73.57708528562146,354845.5668756211,-81.13828520322235,6902.801833013597,5929.469109154231,6,wdm-JENS,Wake deficit model
"[586142.53462915 568278.51277458 577104.06948338 586227.98983101
 596010.61133378 572993.82615063 588616.89405668 584868.41986649
 574304.17597487 570378.13819658 586776.38870829 592902.58870701
 590259.59221736 572173.85364119 582200.37547087 581641.64886077
 585113.85596868 579861.59531008 578722.88872826 569268.44646788
 590861.71804462 575652.86474142 580984.67988338 571596.14720121
 574189.14898344 582139.26842654 574069.20821532 595360.74921682
 575250.2433419  579457.59648315 578161.34458137 587662.37167503
 586189.6805993  591540.19119108 587768.90139185 591965.33326303
 578980.99779259 575476.5608182  571297.29475    582448.61680794
 588555.62267718 568657.97447893 593487.14300098 578629.79949786
 578977.4246129  587706.00755597 584318.13192241 586754.41407111
 591877.18413298 580823.58762668 582180.84704762 581468.02340861
 583794.45064396 595456.67160759 586280.18923198 576271.06284868
 578397.99913041 594330.38132226 582122.44744665 587833.40548019
 589151.08661856 593914.50144869 590218.13912861 591137.7503564
 594064.07342082 583314.71921005 579590.11872227 590900.83868625
 585410.31920347]","[5858433.50763326 5827130.57395161 5846841.55247892 5828293.73453769
 5841477.82886699 5840665.12640447 5858998.8427551  5851871.17301307
 5827375.42267385 5834397.06147014 5845021.94555533 5854600.81068384
 5855213.2252767  5838571.95625413 5848822.51308845 5827885.92196109
 5848372.19335221 5846831.14750765 5840052.48873931 5831444.13503937
 5858958.19154646 5838499.76159482 5852148.01390881 5836648.83774982
 5842843.08772966 5836384.35765228 5833067.73400146 5851153.59813354
 5835445.78349952 5849990.01230082 5838109.59387059 5831522.2725595
 5837698.0526362  5845102.14221855 5846957.86853458 5840588.75912124
 5828481.9332461  5831174.46314473 5827069.91570184 5854023.15214107
 5852565.53263827 5829262.91269318 5844878.84961373 5842625.66016837
 5831610.7644208  5855042.80245723 5842420.70492014 5840911.67918584
 5857123.65966313 5842523.44506021 5831204.75340794 5834371.61602153
 5833632.31861459 5843506.28778849 5833146.04709597 5843659.61203954
 5834109.25878747 5848799.30209234 5845224.5365893  5849553.13387445
 5844792.01775811 5846626.93415186 5847975.06340833 5852628.39328344
 5853086.99393108 5839439.81133584 5836966.39472712 5850409.86575618
 5854901.80044673]",6846.542068552211,7247.868928045981,7197.139982142831,7150.796605656931,6731.02787635405,6748.261055666622,6846.180832491043,6840.3937632097295,6830.703887669773,338.108031532229,7265.066994972669,-73.47932724814625,355026.28237533994,-81.06437921226669,6903.596763118267,5936.872631527662,7,wdm-JENS,Wake deficit model
"[568386.76522976 574503.17419281 584293.24345526 570343.98353446
 572350.05127557 585129.98381113 586131.77175046 579486.68793182
 588764.03724216 581153.32891947 577087.47307927 576109.15401739
 596268.57168543 570547.00526558 582355.43714972 575377.93775195
 571388.58435635 592905.14134797 579242.32173506 569715.21442606
 596104.36636637 591499.46397763 587438.72766514 581072.31416538
 587029.08113085 577304.55097636 592677.93007469 581655.3199428
 577778.048372   593718.40479235 589641.77644635 588301.10019663
 574743.68546208 583555.1076087  589152.82060002 584590.68072024
 577443.55012737 583293.61451946 584653.42930812 593743.0618258
 580349.68209391 594790.97811329 583927.38276245 591112.62037821
 579534.42545304 586380.97808031 574921.65766992 580094.47151436
 592900.72520103 591003.17739665 584182.39914932 589593.13596831
 571322.947636   586940.83392006 585801.73959473 587218.7021785
 588794.24786389 590502.53851929 591437.54799691 573915.86424815
 581606.98452666 591707.83411763 582116.05300669 587606.86088882
 574375.05290314 585395.76822609 580728.65958941 594065.84018426
 586972.48787032]","[5827606.83000085 5843119.24267965 5855344.83394819 5834312.2603537
 5838959.38885095 5857791.37624801 5828253.39040925 5850059.79305785
 5859150.37228043 5852364.41104227 5845657.92686043 5828114.40307308
 5848253.45118627 5827016.84388928 5827953.88808163 5840720.11530399
 5836632.60089396 5855411.98624429 5827981.94028076 5829961.73550957
 5842691.63585746 5857907.09490133 5856928.32950213 5848484.16321271
 5837156.22669677 5831739.29259952 5839456.98023289 5830563.17502025
 5838907.71727559 5852004.84460977 5856032.51300103 5846077.8018956
 5835607.78424    5852610.07393544 5851291.7587179  5849690.53651529
 5835114.20675126 5843614.02734186 5831944.35339328 5846457.77706198
 5843845.46426754 5840776.6871714  5836061.77655625 5850165.20276452
 5841868.72394121 5839778.69012738 5837790.07703857 5833613.33054293
 5842538.63860378 5845679.38240807 5839792.30055882 5841193.87254187
 5832336.83318303 5843314.09166293 5834155.01815169 5830090.65586508
 5848082.69637398 5839399.90633447 5853181.62067511 5829333.68809402
 5839844.80890035 5844093.34525752 5846744.57022528 5831590.38666452
 5832574.34757007 5846039.29550275 5837250.40513971 5849598.71931727
 5853034.81980188]",6847.788368953637,7249.080258247538,7199.1794951814245,7151.830036393207,6735.497490386318,6750.757203089465,6847.431429465213,6839.222122865722,6844.382139294148,338.39495770054765,7269.265130440929,-73.45611732211609,355124.59811697865,-80.99214550014888,6904.576691312413,5939.338495579229,8,wdm-JENS,Wake deficit model
"[572150.75089804 577215.73427862 567756.32988263 572381.08622627
 580117.1789462  575186.17247736 586658.6328364  586213.33678747
 581717.77644159 579619.23879892 573102.48962016 587012.87623639
 570072.51841057 576483.78986058 587457.02353041 583787.1122103
 585395.69454727 592737.34623172 571866.32364712 568875.74007832
 595230.51098771 574931.10440706 595299.31241755 595128.66510856
 581128.28303501 577431.26142712 577802.37460726 592887.32615061
 590346.36546    592548.75848372 569740.87407131 581250.27405902
 590616.82670962 574108.91850971 588802.23654318 589961.33381612
 588876.89795357 586346.00011438 589430.93208514 592457.66971172
 584747.56854651 581345.94588932 585639.27973006 574286.34763087
 584447.6812296  570572.92094999 575603.92781961 587738.92943852
 591446.59634457 583935.07534945 579042.81978265 581620.39392299
 590334.96328947 582625.72969429 593373.94989155 594982.87246043
 580424.59526003 577185.9701747  584716.60967845 584362.48214639
 573815.4699584  584479.33263322 590011.23011405 581821.45464055
 582255.82611699 586372.71339688 579903.41451114 587107.55526201
 577082.55704347]","[5836685.52335053 5846972.12392091 5827056.68334951 5839173.5317016
 5850859.6074271  5844143.45906934 5858562.51162201 5828271.35728237
 5853129.67101785 5845115.92892215 5827226.40816475 5837209.10426788
 5827161.47905246 5827508.10473464 5831754.46478553 5850715.42835119
 5839533.24843714 5840284.00222327 5830148.18013695 5830703.39800257
 5848052.12715344 5838935.25168611 5841161.4271286  5843858.13470218
 5848486.65019069 5838213.74563283 5841206.51670336 5855457.94714454
 5859575.59257057 5844643.24441754 5832714.32922624 5827867.12225063
 5855827.05031286 5842012.55260434 5852087.76087276 5840610.77061749
 5857425.52835814 5849831.84418724 5846066.58619748 5853467.30290086
 5829620.706725   5842749.33106367 5857229.78139526 5834739.738667
 5843115.02883301 5834661.60511851 5831685.43973422 5854254.57311215
 5857935.50553137 5831709.74738449 5827741.02943678 5838271.04180039
 5850039.57284499 5840630.6421664  5849946.77572955 5851713.44183273
 5835661.56828372 5834898.10458129 5833802.52058691 5836390.22885736
 5829053.56087963 5847030.63359399 5847935.7300282  5834125.40741297
 5845578.49166217 5846391.85775347 5830840.04140709 5842110.01555824
 5830011.11094845]",6854.111122217661,7251.206966416987,7201.752962492609,7156.707616989045,6741.550840833696,6758.3849841902465,6853.760704648641,6843.570564692533,6848.431359406489,339.12110325809863,7274.222599204641,-73.51080848329555,355524.9362694649,-81.03593224418925,6913.832375138425,5936.810479162047,9,wdm-JENS,Wake deficit model
"[577364.60781954 580172.9752503  586928.8720308  588076.2122694
 575430.53819611 596210.05117895 572574.99839213 572187.88993446
 580616.865315   581396.89728464 584844.50743431 569039.26120718
 568119.93182655 572898.92420476 570003.00387113 593064.35503483
 595861.9383063  571196.61640059 594984.98537319 578239.93723767
 596328.19646527 586980.18554043 575448.40509219 571945.16705216
 575186.06935803 593441.83210896 574972.60636384 579751.57391222
 578983.43451584 588693.09282166 586501.96094046 575185.79149909
 577163.90974513 583683.99395172 591455.9029675  577489.14010675
 586101.07811107 581031.68371804 586979.27351482 594483.10253616
 583842.83694218 580821.7582909  585248.32692717 584571.91208177
 581700.45681748 582401.83889175 580692.8828509  590396.74371009
 588262.70978473 583901.51416287 588928.08111737 583822.80834414
 584253.29460872 591008.95240048 578267.58696521 583051.81213853
 579949.95071622 591398.46131295 574577.94068869 586912.52248974
 592147.5522422  579376.40503441 585335.35470428 573893.89969367
 585247.03299854 593964.75203481 588833.2463483  581220.57429778
 590668.51903689]","[5847182.20831249 5850902.68877233 5858557.59510572 5830759.38136778
 5844540.22255611 5846124.28898607 5827204.3177613  5837472.55167291
 5827822.12070236 5852670.8443635  5856245.1871665  5831131.87742322
 5827527.69675292 5840424.4750217  5826990.16467836 5854650.31097747
 5843752.02759672 5833578.7167907  5840966.49159047 5827643.96141371
 5849281.58516259 5837164.92297576 5827424.19758151 5830325.61262848
 5839902.9660074  5852589.76579434 5837750.51890906 5829990.58897413
 5845623.00855746 5854117.00187709 5847776.45384387 5842611.01930665
 5832119.91410122 5842689.85602801 5839277.6628135  5836001.22774323
 5828346.32539826 5841919.46577946 5832416.02254865 5850836.96447922
 5844774.49176245 5832522.9792329  5851776.33240084 5848845.5736958
 5836057.2642074  5849773.00278789 5839412.39778549 5856621.64615535
 5846463.46352147 5839088.27434876 5844992.95960649 5832012.00808369
 5853982.08506893 5850290.09417979 5840159.89381298 5829648.6911065
 5844051.34036748 5847643.50090119 5831868.52636765 5840000.99787559
 5844952.49209837 5833996.13270396 5841307.78785265 5835042.11023155
 5834467.12516007 5848295.81635056 5852249.74890174 5847955.10567954
 5842245.64993748]",6838.7592985089395,7246.730502524475,7195.711513540883,7150.539518515517,6721.474794329979,6740.354962264951,6838.3985454631165,6833.70604293394,6827.9507251580135,337.59345091082804,7261.596854071496,-73.45340058644096,354621.80183963187,-80.99704089788852,6897.971979526711,5933.589726697552,10,wdm-JENS,Wake deficit model
"[590508.91648329 575390.28813603 567960.04468677 573800.11394417
 587060.51874065 569040.82551677 577617.38087354 588114.58322817
 592682.34900507 582415.76260189 591911.86025672 593065.90205373
 574075.1972677  579056.27458896 577488.89236183 570723.76931384
 571408.67590136 579983.07623138 578954.02356038 574985.18107347
 573099.98942295 587128.72172694 595663.13315102 592489.84965902
 594546.65787631 570441.1230316  581298.17359429 595865.87102338
 585317.88839311 590512.90610264 581519.81324868 573940.90564043
 579306.5928452  577438.9757909  574568.24530823 585987.7089708
 596298.96907693 593851.54053947 577922.98591565 590140.8078835
 584514.47540825 582630.9078787  584366.75110844 578057.89983259
 579169.73494453 596081.74622701 584126.82536631 581144.80468763
 581434.83288219 582212.8522397  581243.94413461 585806.38314938
 578373.44661564 590899.07232553 587071.83509209 585346.98963188
 587440.78275721 586545.32705003 588709.87528684 576812.75377732
 590739.76009124 579914.46691992 588761.59251782 585880.39337323
 586305.5555339  582134.22581079 584869.91675099 583436.43585251
 581946.72917576]","[5859600.37023105 5844453.84709899 5828547.82320437 5841867.2162355
 5858594.04859417 5830524.82747565 5847509.53550619 5830797.54636097
 5839450.70290332 5854054.88161897 5856096.13483506 5854592.51155006
 5829976.20447618 5849207.48916704 5837866.39564797 5827455.24328157
 5835025.68527794 5850757.35547698 5827697.61515811 5838016.63955264
 5839863.72103993 5837183.08678884 5844410.88882166 5850611.15266061
 5852593.02186352 5832957.94741668 5852521.76139941 5850186.05581058
 5830506.44896518 5852597.22061954 5829619.12421378 5827306.24179923
 5830195.89460781 5835448.81096783 5834018.15190091 5833527.95233006
 5847820.51038639 5847369.29914218 5842806.53879949 5848153.54878079
 5838762.38153155 5828012.54795553 5835911.76618568 5833333.53593455
 5839761.2382089  5842035.09876769 5856315.67981266 5837005.98711081
 5833035.15111665 5849042.09824003 5844473.37615904 5850573.6767672
 5845580.86289432 5843438.31992656 5855531.33755327 5845829.14072785
 5844483.49683756 5848399.67750604 5840910.25574368 5831215.48810516
 5846308.02999039 5841600.72530936 5857300.80990328 5841239.30802844
 5852214.28321368 5846905.58473412 5853633.62987137 5843105.12351417
 5840133.70489726]",6847.563911370242,7249.003279213444,7199.118918311722,7155.655815506966,6731.986568928644,6749.648438504952,6847.198913099453,6847.534558063394,6840.8013738542895,338.5942385455981,7266.480867269601,-73.39342068623726,355136.4032537479,-80.91767431880425,6904.804334792462,5940.348396364174,1,wdm-BAST,Wake deficit model
"[571830.72276292 567866.24057557 585440.9455816  591565.34587626
 568420.49509195 590217.79854833 571332.78557426 583562.60433826
 570145.41827342 573016.68749352 591972.12897475 593765.9916197
 574647.02558858 578533.79340205 596099.41435619 577587.55092022
 580638.63318836 579928.87716217 577240.95227806 594681.48857165
 574293.20574419 571235.11469315 588700.96747881 586251.39546886
 588057.12364789 585182.01122925 588437.71300287 582185.17667206
 593331.82936446 577472.17408613 593981.77092765 579010.16849727
 580565.88909412 591142.1915611  581272.80924692 581038.21135906
 591837.11453662 583700.57311564 586612.6023795  580031.16082955
 587677.94452839 595447.58104332 587490.91966104 584150.30893983
 584664.36477894 596301.46226859 580793.64414276 587179.56249875
 592268.08710421 590862.31064043 572639.79860926 574570.64373907
 584480.33729629 583840.67378299 583468.69970556 576932.77784351
 575062.66840805 588502.07415647 585092.89221715 583282.29214187
 575328.60252185 575133.4218052  582774.97248275 580314.13563154
 590551.29609098 592191.16748036 584481.12112623 583542.70209157
 575445.67490059]","[5837693.25545206 5826859.73432595 5858161.46567572 5857790.34271242
 5829602.72532636 5859501.37684311 5829072.12532371 5828077.2543119
 5832569.97001012 5827244.87199588 5839080.56031326 5841299.59283432
 5842459.06392973 5848732.19941401 5841806.72025529 5845863.27879769
 5851596.35820981 5828059.16043535 5827598.78319195 5844949.76043859
 5840077.90367893 5834797.30825896 5856734.9760946  5828617.04184706
 5849292.89310627 5852899.8035833  5854827.73614335 5853668.25596361
 5851653.81343389 5841540.54153776 5847564.45663284 5832046.15232429
 5846080.90647103 5843841.65010792 5829966.87998119 5849133.98922747
 5853292.32291993 5839917.59900042 5839306.06763583 5834078.95929153
 5841755.53347948 5850902.07507675 5831702.02601421 5837277.72955378
 5846752.40401463 5849279.29613123 5838789.64550246 5844494.4188009
 5856463.54923769 5846424.33877619 5830970.50126327 5837845.64116794
 5835456.11564183 5849487.30803843 5844478.05911788 5837818.04101219
 5835791.36900727 5852512.135744   5833480.16106995 5832006.65092151
 5828720.58884036 5833644.1368297  5842348.22431435 5842591.73940862
 5850332.35755926 5855209.48376536 5830425.15901525 5851599.05584314
 5830771.67058629]",6851.3949954414975,7247.205804579771,7197.958514125754,7152.842663923746,6734.419386832316,6754.808187127013,6851.036419619311,6856.986189955499,6853.330718518275,338.9403597309813,7273.242163087947,-73.48672583803788,355345.444422329,-81.01818534426819,6905.934387461133,5936.530004681594,2,wdm-BAST,Wake deficit model
"[568427.46487418 568637.59131894 576375.41892728 571680.83816501
 572435.99809643 569280.43858876 585398.95947151 575260.22359235
 578810.8769483  590361.40070649 591760.30261494 585407.70658484
 587856.65617313 587991.65862294 594268.32016513 592386.76433947
 578589.19971402 580710.29058074 593138.78327318 571462.78533526
 571674.19876426 582242.16217551 589993.93064519 581681.44782525
 587968.059195   589984.89655041 595954.53273024 583064.92947581
 573669.50887457 596324.04122462 581117.57457127 583422.07272671
 596189.9590171  596165.1299799  587310.6092101  592797.29521956
 586509.89910172 575130.31070312 593964.69272757 581454.97756021
 578406.06508697 583689.798071   585909.18179052 590508.78793354
 579347.53212585 583116.95410646 573828.97681544 577915.20025965
 576017.71131331 586686.70969654 579245.40940699 573004.89911705
 581641.77147805 581804.74407532 578985.00637961 571510.70747499
 585870.90289688 576271.59006463 587435.66322328 588355.71433285
 587943.29923165 587051.49019589 593282.77715641 590031.05417137
 576034.79041226 580413.20686548 584625.930018   592934.60584801
 584957.42538966]","[5829591.46811347 5827108.4931256  5845772.85498581 5837381.19791444
 5839171.19002099 5831749.4873998  5858132.83959471 5827419.82980086
 5849073.12535014 5859582.19190986 5857458.21489834 5828213.86595039
 5854224.55790935 5858905.7811112  5853072.32797359 5854613.11345468
 5843586.94475332 5851691.91816234 5839788.59519594 5835201.33361187
 5827115.55144974 5846730.30162859 5848466.8509709  5828629.32776578
 5856770.71660706 5851575.13422368 5841496.64176827 5854530.95716854
 5842142.40322798 5849131.51459992 5848547.9976643  5851014.35554226
 5846268.09082502 5843338.44456342 5846004.34147885 5841688.93259262
 5833236.72453868 5836595.58360427 5851096.64942223 5844856.25428087
 5840577.37443092 5842128.51925076 5847681.54076034 5846258.19628076
 5827867.5875344  5834485.45054113 5833630.18320486 5837388.29971494
 5830052.52729939 5840893.03394996 5831416.6350696  5828942.68632388
 5832079.62427212 5839348.02868033 5834770.69275631 5830247.47118003
 5836753.96009286 5832364.63726108 5831780.08314175 5843256.24566182
 5830597.59275317 5850926.42782601 5848521.66185189 5841122.8074365
 5839422.04447419 5842094.15469714 5829799.71459665 5845218.37507176
 5838534.35470605]",6861.939221631073,7253.585257608791,7205.854117159078,7160.937028659432,6751.268482921632,6768.253720704797,6861.59530051444,6858.7307119554525,6849.639357608388,340.29236928669263,7283.997541852362,-73.37068368069393,355968.6598420268,-80.87290230001375,6918.428187910278,5945.4248034779275,3,wdm-BAST,Wake deficit model
"[590541.95837553 567468.35105375 573648.77273005 570619.3908683
 568363.91897662 592542.73938919 572492.19400295 573418.44778717
 581578.48324239 574690.8061994  588284.1088832  584404.1248156
 571781.43900237 582792.3409811  572363.41251521 594442.28639451
 595585.3719132  591090.2373812  581674.0605193  591420.9172289
 586727.34091072 586603.76867918 571490.04804854 575697.57908973
 569486.99764015 576392.50378016 577955.55938748 585243.88479732
 574587.42528822 591201.95485378 579997.08527479 575419.40467609
 585210.91426359 585793.13198798 588597.1538627  594978.90547534
 593768.06519058 575223.07396544 592554.21131776 579036.1639776
 583920.55347681 593614.44855107 580209.40681784 586824.57990092
 579105.42744458 584636.81372011 577684.40604553 591513.26767429
 583236.82489936 589948.51028133 582308.11263305 575039.86204089
 585294.12089912 580417.27930143 596232.92208519 580368.65084151
 577355.25028149 571634.52882289 596161.79371752 590188.39436793
 578913.79794332 582962.35174369 586136.87878788 577974.87798711
 585096.44028152 586607.01402496 582926.18004359 590348.06126221
 587488.64317744]","[5859618.44120861 5826848.84164484 5827259.78736256 5827041.84169533
 5829568.29947684 5839913.09946057 5839471.21551859 5841615.00698918
 5827964.59947532 5843541.58489223 5858934.662184   5833124.53792825
 5837574.46203609 5849746.66404961 5831416.92341552 5852331.56417944
 5841221.32095434 5851578.36988337 5852699.27975198 5858014.01487419
 5857231.75420881 5829506.06826556 5835421.16855011 5840133.30097305
 5832167.67282304 5845848.2886864  5827613.72773958 5845085.89913801
 5833991.79008815 5854137.83108206 5849750.92305825 5829286.38609701
 5839662.19098532 5849259.4901257  5846979.93516759 5847372.68008339
 5843049.45413561 5837771.56336075 5848028.77222313 5840799.83756217
 5854921.08310028 5845212.49496563 5839715.93113894 5853765.41684028
 5834349.05770563 5857117.55441701 5847635.12185744 5849759.66202895
 5847085.85840396 5841436.90660223 5835415.96886233 5831539.25955829
 5837054.42456832 5829657.6425105  5845818.22651661 5844926.69035225
 5836295.25854526 5829309.93313607 5849429.92690495 5855655.48635934
 5832110.49415856 5838351.81257621 5851888.80600847 5842259.12969996
 5835293.0683886  5842777.08379031 5842534.58532582 5845773.06030029
 5840938.37419635]",6851.850039728945,7249.250515648879,7199.67037423085,7155.53915932217,6735.687444003326,6754.708299281781,6851.4901260142115,6839.883843077978,6831.88928646827,338.9566864098465,7271.515855536211,-73.52763047289876,355424.4852098542,-81.05063781465365,6909.225289349585,5934.942370440956,4,wdm-BAST,Wake deficit model
"[585853.75620132 567617.19573215 582978.12053563 583807.34723366
 591674.37989463 577415.70475901 568214.91315621 571248.16896717
 574666.81096676 572376.96896464 575073.46411822 586193.64309103
 581618.58049538 591012.3748856  573240.97007913 595452.54548435
 588932.04387995 574880.50092107 584481.83319689 595735.2966597
 569068.01790521 580771.18480745 581252.30380587 571593.05707875
 588696.13721606 594637.67450288 580771.35834863 586647.29778347
 596109.85663916 589654.34935241 577978.98501944 588078.7806791
 591990.55137326 569980.36954127 574962.83520224 573552.47078619
 591632.91188206 587470.37745116 582397.17123669 577389.70071237
 588911.81926526 584778.74666548 578377.03714396 583916.46491733
 584258.80990166 587019.43232895 581652.03132048 596224.69235017
 585397.81259081 577441.76364293 593619.76955938 586633.4274928
 581950.44737809 582030.57196217 595961.32423632 585688.72860598
 580460.08012537 591870.8030904  580823.902574   591391.7740373
 582656.03779507 593467.09679753 575450.99519774 579265.14062948
 586361.03392686 590390.24966562 591656.35899843 588719.74048908
 577205.48034673]","[5858323.96322659 5826935.0620181  5828000.42785998 5855754.32041056
 5839065.06333257 5847229.79371742 5829205.36364573 5835080.48504925
 5827831.74710933 5836906.92951528 5844045.63561741 5828262.32842668
 5852982.72324781 5858760.48130203 5838905.37027922 5841157.43642664
 5859168.36237759 5840693.55353774 5830327.44084137 5850392.21790001
 5831224.57679471 5849892.26683017 5832555.1381179  5828026.50674937
 5854343.83051426 5852364.64384159 5829191.16875446 5837134.76638163
 5843181.70084128 5840407.09347938 5830098.61793724 5830787.14895157
 5857022.49772258 5833171.91863308 5831341.49565831 5841951.90469479
 5851491.59795119 5856601.7384897  5851557.09225705 5836883.49800705
 5850036.99508072 5853824.32420648 5842778.08037121 5839990.16723629
 5845422.11821689 5851932.19290111 5842436.19547758 5845354.22658475
 5832595.46686593 5838661.67234211 5845198.81171378 5848384.66353485
 5835306.42719245 5848291.82442115 5847877.60892134 5834404.6818109
 5846452.81167823 5846936.92478395 5839435.26617644 5843013.292741
 5837544.11758562 5854486.88912762 5835225.60597685 5844600.2851828
 5842935.60517914 5848647.27059345 5855305.82010549 5844701.08368929
 5833465.63950216]",6867.361323369638,7256.66919480664,7209.027300393157,7166.6007970931505,6755.521719515228,6773.626073821006,6867.009931577058,6860.987218912651,6869.5828174951275,340.89284975500294,7285.810850792659,-73.37359687889241,356297.25035065715,-80.86537347471946,6922.346826205754,5949.098921850528,5,wdm-BAST,Wake deficit model
"[577710.13779062 581314.83981271 567993.16693934 571111.67197816
 569104.94243872 585507.13139943 588640.20930542 575973.04930889
 584113.80281531 582924.20826017 573611.30891832 568266.07958305
 582984.75042428 587634.63724909 570231.11036448 574697.9265715
 594057.02013435 572608.20666492 593059.53865894 592804.29188949
 578292.54837217 572165.82478688 581689.87634756 573003.69241841
 587371.99122744 577393.84002737 589721.61913157 580449.69052767
 590780.60767436 592007.81776264 589189.54529772 578115.75550441
 573733.76801914 590089.3932475  596192.6058101  586030.34013621
 589961.74919063 594480.15652349 584202.77104541 578881.45936993
 586953.93015974 583301.33780831 572718.53334343 573811.3951973
 582187.22418318 576562.26115378 577716.14292261 588734.18670761
 574266.57712554 592140.20608587 594881.11146682 584287.53134074
 575732.78230949 586528.48077004 584202.37041742 586832.08786074
 582126.30650556 581103.44425629 592278.06717555 585534.82795484
 587298.7394583  585304.63016079 577482.47756442 579393.77419855
 584420.94332469 584679.99737727 579980.77908    581674.87917073
 585372.24836916]","[5827592.85411474 5852548.10465599 5827023.00386411 5836053.15721672
 5831254.15405014 5858203.15945557 5859074.37065576 5845168.38898071
 5856426.86914965 5854751.82903624 5841729.394912   5829329.88418694
 5827991.01458769 5831564.66205613 5834056.63836444 5843479.39166161
 5840487.94406234 5831830.13600666 5853239.11519569 5849769.55608687
 5848410.903131   5827151.75477789 5838206.07669509 5840151.49773993
 5855862.57100848 5847029.33858553 5840858.72456797 5850802.70951432
 5859127.20488548 5845827.96241794 5849778.57436059 5831619.11744215
 5836630.21706947 5856691.08082968 5843987.68265723 5849673.85071272
 5853060.6605246  5843257.24513287 5851974.80381077 5843891.30362047
 5853032.67371413 5834555.80605435 5838856.70945596 5830327.73541802
 5848840.01885399 5839215.1552304  5836276.8570395  5846799.32935675
 5834091.11733248 5842781.8010541  5846451.85150409 5831377.10642314
 5828388.91175893 5839597.3068129  5843465.88174488 5842568.12730797
 5845539.38026695 5831289.377663   5856047.83371081 5847644.08188817
 5844468.52520952 5833762.94944664 5841581.73847152 5833833.89391136
 5839434.45039785 5829547.28568617 5829625.66296436 5840760.6462755
 5837574.74884364]",6855.126770995009,7249.922347821764,7200.267670098797,7157.780960280199,6741.649628112245,6760.014382338132,6854.771277695428,6844.73121186744,6851.900148688597,339.15886915393634,7270.983178108536,-73.4648247337764,355559.4815431686,-80.98937232345041,6913.655512955478,5939.119439879399,6,wdm-BAST,Wake deficit model
"[586378.33436685 573201.38677889 571333.30743576 568284.74231581
 579645.3719167  576898.13075141 569157.51547688 574311.72721678
 586183.79877229 591045.566664   575382.5191254  569586.10629299
 572783.15958245 581753.54108183 570402.56734282 592240.79417904
 572650.49376644 581951.25615395 575397.59085044 594611.00731043
 579222.53807703 575730.07267797 588887.83744903 571225.05398009
 593150.83917881 575617.77909553 596075.04344402 578677.07520312
 591387.98014259 582859.06679054 588048.20210327 593275.925381
 582059.97062056 576323.61131629 584026.896587   578588.24289618
 579131.43003806 584355.09285703 594839.35099392 587845.81779227
 589664.04942144 586615.60517914 594538.60888902 590024.01900324
 574236.50392842 591979.66138602 595701.49351804 582106.39669485
 581536.26805327 587136.13311726 588642.94927778 580270.81322486
 582789.62793966 586628.86964092 584500.74813896 578437.72181229
 578473.15098232 583923.53759063 581482.68924395 591174.46273799
 585375.34652271 594941.61493602 579612.8932401  589862.9808075
 590489.92564541 583551.26541422 592276.98732527 586595.85471028
 577589.70516122]","[5858339.69477396 5840696.05328121 5836447.90267369 5827200.0628154
 5850121.22817016 5846502.39636722 5831444.12368959 5843002.08145833
 5828283.77751127 5858669.13829934 5827594.7933623  5829452.46748966
 5838630.82495638 5827999.60671746 5834392.22819456 5839423.29298215
 5831251.91385209 5849078.59098553 5830741.23471832 5842990.82030279
 5827715.82171212 5838065.46338417 5859145.5675964  5827071.9670641
 5844143.81309014 5835714.52207448 5841760.54217098 5831634.92076466
 5850396.30637827 5830752.42364292 5854977.06755267 5854598.27094156
 5853374.11501561 5842691.52453836 5855793.52846107 5829347.54843955
 5843019.45732424 5833879.86177122 5846565.96034037 5852556.84634214
 5847629.61096871 5832987.37131216 5851880.80978424 5840763.8497269
 5833634.74598409 5852698.1633202  5850501.88489482 5846421.4228313
 5841477.09338443 5845150.15755115 5849867.70445749 5835661.58445883
 5837593.79348664 5837027.89606149 5851836.80263792 5833569.6690312
 5838896.41588367 5843665.06968322 5833921.99793344 5846415.92238293
 5848290.43654803 5848519.03732997 5846831.22531832 5856446.67708661
 5844486.73370453 5839859.71603266 5856568.3416249  5839832.18685441
 5840474.24361918]",6850.24607955757,7249.9380819426715,7200.572285271573,7156.24026860185,6733.479844722855,6752.797372459032,6849.887492754357,6843.661999602706,6828.038974772273,338.83096261824994,7270.297707824821,-73.5482121905343,355305.28956391703,-81.08153833195267,6907.398797297416,5933.8043266047625,7,wdm-BAST,Wake deficit model
"[585388.08391535 590557.7789286  573775.64138213 575325.67961534
 586231.95107886 579845.05159341 573912.07597759 583042.459043
 567816.09093472 569675.8851234  572033.35399358 570027.31976022
 578043.65599574 582083.83598477 584255.02557328 576540.17394868
 596174.81804809 593665.76303098 583894.4025724  590789.95659474
 580982.06556971 568619.13458016 588053.25807778 580311.51736729
 593131.78516228 570746.4217852  588770.15478435 593883.86633316
 576613.17452885 576167.59374821 571873.18199833 590962.31495236
 577144.66817642 589091.57149595 586590.22507134 583657.86028699
 576430.40755764 582644.67835976 591247.01050395 570625.84714726
 593993.25079986 588011.88778911 580311.66123606 582141.5018667
 576393.75343474 581449.28883264 594896.11237588 587468.01516885
 583894.30354666 588605.71899723 581689.7522885  591501.35937705
 584343.78118438 585624.30603693 592746.70634178 596246.38220943
 577273.58163679 581857.49228779 589923.59878932 574856.45328993
 592955.07552875 588116.40111293 586523.59612273 584951.0467974
 573174.1817393  579183.14164403 583221.72794134 585493.72123225
 579561.35672357]","[5858152.72528885 5859567.45163991 5841018.8100542  5843900.68072691
 5828252.58735895 5850563.35450933 5827283.40846118 5854902.05182785
 5827161.22804093 5832689.85752287 5837414.76862142 5826998.98811032
 5847768.97252394 5853563.07649736 5856554.89869593 5827529.94659096
 5847128.43597491 5840135.18726559 5828635.09840266 5839345.3300994
 5852133.97886679 5830065.94766062 5830796.22704058 5828276.77880424
 5854961.75721067 5835226.27238697 5845647.28263025 5842493.05819542
 5838485.67643858 5829921.36154666 5831182.44901934 5857637.40572749
 5841325.26082868 5854787.03257048 5846674.41743183 5832527.7687525
 5845825.74286914 5848578.72476711 5841817.58762464 5828940.72910789
 5850983.49463678 5858288.98822407 5839833.74915558 5838017.97784773
 5832751.2692391  5844253.04961893 5844370.04450929 5855970.58397501
 5840858.65782885 5842867.019755   5846317.089891   5848948.88436632
 5850513.73085393 5852609.9302378  5846308.33121774 5849494.94599104
 5835262.52836567 5830648.52432464 5851624.30142868 5836506.7973491
 5852805.72821994 5849023.05198555 5833223.54774662 5843927.14265716
 5834198.17778499 5844435.80643949 5836173.92440168 5838173.76373599
 5834229.73683597]",6868.232272946239,7255.937903422765,7208.342081444091,7166.36174846563,6759.022158865037,6775.239688627771,6867.8935567575645,6865.333968069129,6872.451651767017,340.74299403669517,7284.689437171673,-73.36951984427336,356348.0454808965,-80.85960758800361,6925.535054615362,5947.820753590619,8,wdm-BAST,Wake deficit model
"[567783.80222156 572537.36088164 580249.15279133 575411.26877217
 577285.9698417  586059.94997788 569777.12782496 579287.43304348
 590144.00532763 575040.64468037 594890.3055857  581645.71035025
 571789.72110038 585618.23385351 587050.45277563 592796.65570164
 577556.19348677 584343.58277313 586259.96391169 591957.72199098
 569145.87530789 587595.24899906 573217.50079061 581741.25388229
 588532.10339666 595083.55793914 587128.96108022 594860.28318983
 594958.80455688 570719.46874091 581819.45650143 586615.68835955
 590980.11194046 573223.00219549 579422.86153952 577431.07943642
 579943.01244854 585409.48227263 586448.49867269 574936.23542835
 570406.25395763 576959.29160931 593081.38894201 581345.37920824
 574399.60273095 584591.27640435 589232.973512   580527.33534797
 584333.28841783 577001.81612706 571610.01579278 588943.90546013
 583183.54795816 586958.75560315 591450.80630979 590275.56842194
 584802.50144726 574173.87769368 581660.63831857 584234.33509701
 588054.36007376 591189.34504912 590341.18646972 592426.57411056
 577226.37464746 592908.89370171 595023.48820023 582190.57437745
 581719.66468938]","[5827064.0725444  5839433.18147324 5850986.0100742  5844269.20030598
 5847063.82594689 5828252.79538723 5832866.22119099 5827751.49450646
 5840630.21405341 5842198.77040514 5851775.45221938 5848613.57170431
 5837253.34392295 5857202.00087398 5854243.26933046 5854070.11473169
 5841598.44927695 5850862.26157354 5845592.88355228 5857119.77541413
 5830391.3061486  5831517.74588674 5833871.55359765 5827899.00671176
 5856538.1194555  5847339.02254935 5848818.70056148 5843888.36626587
 5841715.46760563 5835205.70609564 5853270.54869191 5858549.68724214
 5855183.427095   5827241.46515084 5845085.44549682 5838397.23699308
 5836441.9309361  5829833.6777849  5839477.56127496 5838721.63864968
 5826999.69197617 5827836.89834594 5840261.90858244 5842997.33185658
 5831833.0077861  5834261.00239574 5847122.283916   5830830.80572839
 5842758.74462102 5834903.65331121 5829815.6734015  5851859.92418701
 5840662.77103808 5837197.96403644 5847314.50221773 5849750.83833756
 5831991.7996345  5828856.88199789 5834581.13218926 5847292.74330417
 5843080.0462703  5858452.97875262 5859588.64957247 5844306.84692943
 5830934.03944049 5849441.99343345 5849366.96717395 5838743.88354164
 5846114.67083381]",6861.219164210836,7251.363989894379,7202.748485387249,7159.366976073689,6748.356414817876,6766.86351913574,6860.8645662578065,6858.135731474206,6848.405156422143,339.86404436234517,7280.665328768751,-73.37015239600164,355917.53652363137,-80.87544547274842,6916.080265928543,5949.237358769521,9,wdm-BAST,Wake deficit model
"[581320.28093773 584855.62561966 579787.45119108 572979.97046912
 568733.10547747 586210.29452218 575173.15714409 579956.11323993
 571730.61775637 576998.29934273 575302.88472294 593870.78859996
 589518.624429   569680.44812175 587042.88340032 587157.16768211
 583291.88854506 577543.56420673 576138.35329235 573039.40209341
 588091.51608277 595033.75919052 576561.68258845 591754.5244096
 570166.59089053 581917.9980798  594131.40163882 596175.78293407
 591092.44259275 583636.77692366 588549.66121166 578818.14617266
 572756.89864052 573237.57692261 584395.77468439 578742.3846092
 585845.93932714 580462.14728522 596230.64199747 577966.81516535
 596062.40204662 581815.67043995 588116.12167579 593629.88828394
 576886.05754736 578984.43165196 584283.37677141 579360.05635403
 575901.72865903 591725.59409947 586032.91267888 586003.75670751
 583890.88212216 590137.12676895 580290.13567848 581027.89972803
 593936.66054117 591102.01021775 586708.31002923 583113.95479725
 587335.52699809 584638.76551696 591608.55503823 587434.49896954
 585405.10994364 581948.05509202 574401.55708723 589013.87872043
 588935.38418064]","[5852597.09447244 5857391.40644304 5827791.36804502 5840601.50722273
 5829925.95375423 5828264.5076707  5838720.82948944 5848406.04205802
 5827128.81862719 5846652.96814358 5844308.6925347  5853744.45224945
 5859358.32863693 5832724.40812315 5837235.10650052 5858697.06189838
 5855294.76788251 5838190.25740048 5827539.4958001  5829014.61052614
 5830733.66762535 5851598.43437168 5841699.03771494 5856824.33638617
 5829045.5019955  5830433.08675147 5840917.15463716 5847872.44283399
 5852869.98472957 5828051.61880173 5855904.60989507 5830040.48453754
 5833782.94081154 5836103.79254962 5852969.23481689 5832806.46416582
 5834121.63368252 5850751.24939795 5845636.8234868  5844006.33765517
 5842641.27093708 5833235.99292329 5853851.54729593 5848288.87178357
 5835398.39486659 5845998.98862903 5849865.42655538 5841124.6923248
 5833287.64294779 5840359.61297302 5831871.71794049 5839508.13650829
 5835646.71664422 5846911.01831918 5836938.91817217 5843363.21454898
 5844591.43665232 5842656.32851639 5846182.04612591 5841106.54575438
 5841520.60884576 5846677.67273347 5850307.38705289 5850854.10396039
 5843752.42150319 5847821.90409383 5831262.17821022 5844323.53864747
 5848991.94715563]",6849.846850488285,7249.13748524463,7199.704131834867,7154.321670918091,6734.765963059254,6753.347160118441,6849.487079411864,6841.859859224755,6840.582692424738,338.79438271445275,7270.93393280159,-73.37536734099874,355254.0258265593,-80.89794726527279,6908.856141327326,5942.973754227587,10,wdm-BAST,Wake deficit model
"[590533.41237161 584016.1080218  569965.33744324 567801.61982258
 575321.34912219 587498.1872487  573858.59271686 573788.89344156
 568921.80536213 594479.96239807 582181.45811055 593609.14933677
 592783.17652079 577429.01754823 596308.24544403 576910.58041564
 596141.10599123 584185.95305835 567785.13747558 579273.09728391
 596129.14243165 579128.79516584 578116.4414056  573646.23469261
 585335.04012576 579703.22007337 579450.87648426 577480.58674495
 595661.49956995 580796.96812477 582035.43970372 574884.50903467
 586163.05231741 571257.34977134 577234.45309624 590654.21620614
 583202.44021743 590975.75045493 581047.20506148 589014.98052807
 587991.88221705 582666.91340488 592207.86804343 579126.02587783
 589862.57835788 584633.74485595 577829.54974896 585000.06009763
 589132.69970054 580332.73111974 577721.69555913 584104.06836364
 584538.27762057 580915.142448   586571.433069   582005.28549805
 585815.52205227 586904.22695256 583477.6677704  574130.51724024
 585852.7783698  592488.2884927  584436.0100544  593121.7244895
 579280.35561365 570969.34173365 583423.49789094 572169.55975369
 588125.86853059]","[5859631.51256668 5856215.092462   5833347.13825174 5826818.53421804
 5844402.95597858 5854281.08222579 5830216.087377   5827266.76527953
 5830717.07175689 5852709.35361841 5853783.60549674 5846585.5502755
 5850313.14390189 5847285.05644285 5847702.20541179 5830265.95511143
 5844638.84484705 5853093.93095015 5828185.97585903 5848908.76550804
 5842001.3836073  5845672.05402795 5839845.02407891 5842111.57307541
 5830784.48985324 5850395.43580794 5830434.42650139 5835523.8074994
 5849589.23694594 5844128.63313493 5846355.28803222 5838114.31847907
 5852403.57844283 5827067.88453715 5833666.00093536 5847139.88684388
 5848236.54709941 5842380.32483571 5833751.20646735 5856371.44521304
 5840908.41338301 5842362.20130641 5852665.97789555 5841468.43974612
 5852608.26958158 5833752.61085502 5843273.39720461 5845469.2649791
 5844453.60804221 5836887.57985186 5837499.57036468 5835897.72570442
 5850221.61245853 5852052.52482221 5847675.59336974 5830623.81176646
 5858343.01346706 5837576.79599284 5838489.18286562 5833575.13970029
 5844110.23503956 5856203.6571973  5840621.86161379 5839694.99045452
 5827699.68817425 5835699.31022535 5828025.77049866 5838705.37400443
 5830831.85121037]",6858.980212151832,7251.035160912088,7202.4805155279355,7173.559870398167,6735.550229260481,6765.775154453943,6858.626938281214,6860.596961467529,6854.1291432255,340.7537425533022,7277.926316437747,-73.44533205550904,355861.7151944446,-80.94459255399173,6930.365003566003,5940.696373623962,1,wdm-ZONG,Wake deficit model
"[590507.44391461 575783.53813397 588632.76414643 578618.7855966
 583507.9789978  569969.00884556 581144.86944697 575526.68587762
 583921.66960893 567203.96446527 568558.14085594 585527.80573618
 572774.60820376 595954.0250353  584574.98797459 596202.69544431
 572559.22245127 593458.53996762 591482.4911195  576033.96881712
 572499.02975461 579952.85464144 596360.02799084 571578.9032055
 590981.12624375 579954.35059433 593902.30361602 595376.37570902
 575309.46839246 573623.19856466 588144.0763837  583487.71571545
 579424.92456079 574722.49836024 574951.15047642 571606.24800607
 575122.27720087 583855.57166403 575256.46607447 591450.43749245
 582613.35515552 589649.33574734 591563.75404797 583677.26213246
 586321.72079195 594116.16227333 584289.57489233 585250.23867472
 579294.78895077 591311.71372325 586986.44352583 592704.72603331
 590150.92059877 583762.50405902 580053.66731265 588793.34800343
 584924.64073533 577442.41457927 587596.73585482 591711.83099567
 583008.83255244 581104.11951241 586006.41019993 596283.02764698
 591459.99248025 580908.28809335 585565.28685324 579086.93043002
 577287.71804138]","[5859633.79485343 5845033.08470551 5857192.83301846 5848908.92868402
 5855597.1161296  5826965.67439113 5852365.37919274 5843586.63696023
 5829623.86913962 5826792.77006277 5830024.68536547 5858263.64463604
 5840157.67250397 5841443.93280645 5828120.65016133 5844375.02430003
 5827169.82321156 5840638.10015254 5857958.26316684 5827460.73698644
 5833926.00096175 5850731.15825116 5849383.45179356 5831517.18946062
 5840026.89817865 5828562.59082488 5853721.75199448 5851131.40739617
 5841961.72693644 5829742.96145463 5853743.83662483 5853903.31162017
 5834082.99825988 5836418.47595035 5838357.46082982 5837343.86848837
 5840146.98059944 5848841.21449565 5833425.13584097 5848736.61249878
 5832726.89843919 5846210.73087787 5853791.1844897  5850882.63229973
 5841951.61888262 5844110.89360521 5845338.54348283 5836666.13841375
 5842720.08760622 5843806.77074548 5845763.97981955 5846566.09201439
 5850705.83381777 5843206.7606499  5840195.62504595 5843520.16949939
 5838936.50596253 5837766.07169271 5848903.20357042 5851939.17996878
 5840262.44904809 5836823.89954066 5832315.94837377 5847080.15192581
 5856102.46911537 5844770.6720166  5834639.5795786  5831752.00223932
 5847086.04938884]",6861.714389604846,7252.189993335224,7203.292900060958,7173.933582785302,6738.039082208437,6768.911295162256,6861.363749570739,6857.466240315668,6873.247435187322,340.7817731060128,7279.588230836087,-73.26658894684324,355975.3808620274,-80.75399311367838,6930.656703051194,5951.822921958804,2,wdm-ZONG,Wake deficit model
"[575344.60277599 580908.62161744 580582.81482391 577942.94603575
 588832.97610832 585877.31328395 568874.34537558 571903.58823026
 570940.19061847 592541.63075861 591761.56283321 583845.22057948
 591139.63783642 585607.50481268 569880.54831917 572223.13108313
 574004.13535985 582054.07330286 574668.26294424 592128.84742689
 595254.507441   586103.64793248 593730.83304359 574301.32339038
 596239.28740599 590374.68020786 585319.87594739 584176.72351929
 587815.62190461 573029.67102775 594699.6243979  587868.26311022
 595380.31374037 592764.54891415 595899.06897168 591892.49060838
 572823.72009114 594063.73348359 581066.83156318 575892.86390073
 590513.83101789 586747.64623317 587825.6023042  577167.62540207
 587890.35189302 586372.4943592  581529.47354272 577500.56846823
 588380.38421123 582559.79737048 579005.14022122 581027.5174543
 585805.31174356 582705.71794503 582143.2149142  593420.47524756
 576069.51978533 577994.80985675 590604.5661534  584064.88769286
 579136.77712375 585969.19068318 588837.24366937 573578.71003216
 577914.00391115 584889.58657562 583958.85679338 567202.87576352
 580702.54467394]","[5827502.21261912 5831946.18724363 5849216.64115057 5827863.60127998
 5858539.61214362 5858342.67243508 5828740.99965433 5837575.44569664
 5830332.81947996 5839336.32104352 5855991.34335761 5828059.05171122
 5858569.93585986 5834118.36084958 5833208.87007384 5827145.95119436
 5836248.10903258 5853523.94442387 5843353.07044857 5842638.43245588
 5841013.17398513 5829374.08978289 5854021.20303514 5839697.04530995
 5845509.64230189 5839431.71065214 5850411.07757349 5836571.98339207
 5830496.08980243 5833847.63914382 5842715.81082131 5853701.9508966
 5847630.94502526 5852139.89988829 5850217.96366394 5844965.3349676
 5831901.2588318  5849552.09513199 5845966.97156822 5834383.69540364
 5847927.77552899 5832187.42266623 5848231.82284075 5842304.36529924
 5851056.60075298 5839427.35650129 5843225.73760914 5837734.36395353
 5842343.14421739 5847403.68235344 5835127.95377211 5841042.03563823
 5846040.86602807 5834471.64054115 5839510.10756764 5846753.1542226
 5845426.24245027 5839741.31459287 5851658.11058453 5842246.69383505
 5844165.32120773 5843084.13067653 5844537.11750098 5841709.89532606
 5831873.68704677 5855809.46878698 5848857.00812308 5826747.23086164
 5828006.58125593]",6844.5265733341885,7243.131732835388,7193.29344484861,7162.03329724172,6716.943989061249,6748.717833574548,6844.168061070462,6835.64025556914,6819.9667898332455,339.1772857775845,7265.490621981797,-73.43876728082076,355084.13682058954,-81.03625065650607,6914.775844552998,5931.916708629585,3,wdm-ZONG,Wake deficit model
"[567585.92890555 590528.76908034 568254.43812299 570609.87829012
 587483.28952515 574591.32774073 571850.79064287 572251.35458222
 578947.32945384 577764.47458853 582348.81148079 573144.66334459
 571406.76986817 577800.65637237 586538.89824619 592530.05160375
 591221.84687143 591442.52704867 580423.20407928 572538.87863769
 574897.54645067 596047.36545308 571723.6767337  587313.52979195
 575083.03500084 596279.97030597 580062.36889072 583213.76944733
 586856.95693448 590051.75188438 591006.17822458 575874.78228372
 587352.44474676 591345.1879212  584552.32459818 589366.50105071
 574894.17504027 579455.2484177  578514.55707972 579434.32338265
 577510.99139781 583058.24948273 577834.09846969 575021.70409781
 587088.08796715 584060.66105868 584121.07326871 591107.20171935
 594303.31045385 581122.72994958 588587.97236408 595221.54044746
 587244.64241262 593632.97634632 583039.45586946 585812.28248595
 569910.21027239 581642.11396202 583610.63465989 580097.14915058
 576369.36275597 592816.49454029 594541.79351238 596115.11694577
 583062.6165463  587410.58882073 573618.44532435 586047.22255778
 585337.50157679]","[5826815.10872324 5859637.5177345  5829192.33030656 5827016.14917465
 5858801.97124356 5843254.19057524 5835027.8741293  5838814.00590526
 5849355.02537604 5847732.53154158 5852868.18294156 5827218.33122287
 5836865.20428064 5827586.35240325 5849090.86986198 5839588.93948893
 5855789.33389067 5858020.18924363 5829676.89050122 5831518.29732476
 5837287.99584674 5849951.13720112 5829596.42391264 5843198.35565013
 5829668.82809047 5846819.36715333 5850882.2411814  5846685.75521195
 5851663.34777882 5846309.30422577 5852100.92062661 5839791.43943676
 5840731.83314392 5848195.87054328 5844994.15369571 5841886.93455249
 5833671.9038186  5831772.07670529 5833922.78513154 5839891.43481506
 5836010.23712142 5849904.87548346 5841946.07641977 5831557.70115765
 5854235.85816621 5838662.15645352 5834164.43255215 5853798.46101485
 5845502.45041464 5834107.4558281  5847430.2576428  5847916.45364201
 5856646.81704237 5843652.03245238 5827997.84125329 5839749.16254863
 5833285.82832712 5837205.75535357 5842576.24497292 5844154.24338919
 5845808.28909599 5850210.32257722 5852599.75418177 5841545.3151158
 5854982.58061608 5830180.52609773 5841513.11482967 5831834.54826344
 5858098.20913173]",6866.471822442963,7251.667717289701,7203.702500614443,7174.7247163087095,6744.466786436386,6773.0727061816515,6866.108956777811,6858.708237178121,6876.121783630817,341.39735375862483,7283.6585324647185,-73.4076292922323,356326.5218727414,-80.86638415798346,6934.164782906641,5954.589266029454,4,wdm-ZONG,Wake deficit model
"[567651.78706646 594451.9318244  587224.41527107 575420.60327415
 582517.70640119 595087.27038949 571043.36531275 573478.21751951
 583428.83469527 572437.8392432  581154.64947649 577652.97569353
 593019.1799313  575002.58650725 568198.54107125 569147.9866278
 581331.94862756 574910.8571188  580695.93389088 580854.12354803
 589175.07328789 595867.97942487 586818.47327796 584812.61149908
 586597.78228028 595730.03006572 594821.79789838 591108.60728001
 577597.23619316 577486.77731922 591732.42430113 576820.27938662
 584791.25521464 571481.25295526 591130.04148313 579470.55341301
 581493.59478313 574907.62641141 588709.12443906 584548.1604795
 582567.31497039 590409.05770948 586509.20490922 577630.73834435
 573643.0982102  589342.1411732  582333.42133618 577920.16919342
 591055.09157461 588757.66865233 576057.28080769 583747.78299698
 589830.38681835 592020.11618783 571947.76751933 586235.72624176
 584143.85552179 582641.4731465  585527.20951248 592171.04688401
 587036.78584663 587219.38271684 596265.31837203 587209.84470123
 571051.15774111 588116.93656629 586647.37511123 580911.72282086
 578843.97287533]","[5826919.91619239 5852752.85894808 5858730.9298697  5844537.37269379
 5827954.5285417  5840908.6676836  5834585.94358438 5841847.57645968
 5855481.4716509  5836657.33781872 5845404.12488457 5847118.66238597
 5855271.48085758 5840604.53082895 5829177.43480371 5831455.99485728
 5852587.9135686  5827357.03094011 5849669.60235441 5829203.72510331
 5840883.42042835 5850273.70369768 5855270.69444775 5853372.59163851
 5857266.97290398 5843692.70913854 5847701.54214163 5858623.46865909
 5829397.60668363 5836857.7629765  5844728.48900506 5834293.76116559
 5832387.75739494 5829248.44105003 5851323.33652634 5843963.98947145
 5839416.72849339 5835258.71167267 5843592.40086322 5830138.95162475
 5837160.82551538 5848815.10231589 5842529.17169973 5842478.84252148
 5838591.44656201 5858721.89440596 5847827.90572333 5838507.6337412
 5855218.89290576 5854430.95863302 5831728.55692054 5834522.48961326
 5846813.60108331 5842163.88523024 5831522.50841048 5828247.87607377
 5845804.85807849 5851381.72244192 5834098.46356912 5839107.72038744
 5847124.05943353 5851732.14586781 5846354.14872807 5849864.53146421
 5827052.91957485 5830843.89826427 5837306.30194215 5832053.37167953
 5841277.47661241]",6867.27849179827,7250.509326704973,7202.779184980627,7169.522802702449,6747.60630768484,6774.167344337843,6866.914394499791,6865.37494403576,6859.742436697711,341.43558902691245,7285.2287277550695,-73.39652835211785,356330.75199867896,-80.88206552290272,6932.8406228573585,5947.792045334614,5,wdm-ZONG,Wake deficit model
"[590528.63122905 577416.43869016 580891.32066875 587898.23661917
 582669.31574078 578997.70643629 583586.59505973 580520.13677461
 589598.29581654 581633.70250325 569186.04276359 568270.23167388
 584432.79850669 594999.30521058 585383.63377581 575568.0975028
 576859.15042482 572863.76692616 573909.10561447 567262.28927706
 594647.1212275  571088.03447366 594947.85547803 573008.07817183
 587294.22157824 585169.89560107 586238.93871676 576729.99239779
 584269.7583264  575033.87461971 584861.67242027 576998.27341091
 590926.51219973 581529.46947814 593892.59827913 584625.96919422
 571836.41079457 585636.42464223 581084.25406231 587974.82138022
 573639.33166276 589028.17339278 577953.55345015 580468.05747396
 574305.00666511 590357.26459282 593020.2409909  595989.72599483
 581216.33103798 588217.70139988 589580.16584893 576953.8842269
 579148.60227737 583976.71841953 591297.79776832 585783.7449653
 588986.79209939 578880.32373005 581648.11120144 587048.38597092
 577723.80037268 571411.72544879 581925.3576741  583652.10357909
 577397.17468459 596160.96920878 569269.59274023 592295.48689484
 593384.90700011]","[5859639.1148573  5827553.03115773 5827827.07283042 5830559.45874598
 5854448.78371734 5849427.89011735 5855705.94967251 5851502.76825129
 5858269.54304677 5853031.59831592 5831547.11422147 5829351.06337532
 5856861.93609998 5846026.84340997 5858154.55026602 5844683.06351726
 5846506.1335413  5839837.1531674  5841869.55507691 5826889.64773721
 5840647.40371254 5836085.62166341 5850848.26675606 5827205.19932443
 5854974.06569218 5834300.1713235  5837436.11240351 5835551.36409231
 5828094.20611545 5838884.66601955 5843808.98731892 5840419.59591854
 5856403.76948802 5847270.74142195 5843135.62955487 5831631.09453717
 5832790.74709653 5840406.53617967 5831466.79103097 5848558.92699738
 5835064.84588279 5851741.13181679 5829274.75020923 5842809.60791822
 5831396.41802651 5843232.80577548 5847953.25517343 5849328.72525873
 5840563.41610505 5841929.26345288 5853507.04848955 5843134.12450194
 5833391.89001841 5847694.31239382 5849610.8825929  5848078.84079837
 5846021.92276323 5846836.78615034 5836055.39514251 5831755.80175578
 5837804.34583554 5829065.09165132 5838351.61969758 5850371.30196112
 5831472.83456766 5843038.98880128 5826910.82855532 5839191.47844546
 5853056.31720079]",6874.138434879627,7253.323659363519,7205.937852431829,7179.1680767234,6755.295512803448,6783.646354647846,6873.785178582315,6868.872224010179,6886.125151536815,342.38156727243455,7290.079685374061,-73.3060616023546,356740.0490114108,-80.77029212335144,6942.130436476632,5953.759203044345,6,wdm-ZONG,Wake deficit model
"[586259.64644953 573189.53646946 571480.67456326 568306.9846839
 576918.67180802 570495.18118566 569138.50570145 574231.81200231
 581901.00228936 592141.35175076 596112.53228983 572443.57914111
 585198.20267138 590931.79687434 588704.47442266 586235.46419819
 587724.61119872 585529.84209855 582302.03726735 572251.07726367
 570102.79305651 592002.48995178 593548.88093682 576424.74374217
 579444.89100917 590122.02982284 579558.30440075 575924.05000711
 583811.16186381 579449.99534355 595146.021851   587067.85829289
 575961.22268944 581072.15672878 588238.86487284 578621.8765366
 589204.68910711 590370.47561083 582776.32507907 592283.49070033
 583562.19652843 586524.95099466 588137.8861727  588763.36007104
 574180.10398867 589636.37471828 595108.24708031 591135.05646923
 575680.16464212 575792.43620027 584353.47195918 578040.54708163
 579992.68988715 583788.96836471 583328.78480099 591197.49245918
 579585.26421445 586628.66024717 581659.37746683 594782.69589203
 585641.41925681 579535.15268604 581775.84839499 577881.95932143
 593960.12380334 582042.51779833 586911.61117602 572234.62929793
 595275.21240367]","[5858429.15350052 5840481.37102562 5836482.22199691 5827188.38820833
 5846587.03408537 5834318.38753169 5830834.48613759 5842912.86007423
 5853399.56840144 5856811.83332029 5841541.96931957 5838641.5793537
 5854632.67715811 5858932.23475932 5858703.39252095 5828247.58515335
 5855438.53956949 5849449.11676293 5848418.07889186 5830934.03592896
 5828812.68442459 5840490.35748832 5854340.04344074 5842985.73821637
 5828867.45725413 5856193.03835016 5850196.72509139 5835257.93530817
 5851370.87376425 5847463.34333187 5842639.93150087 5845040.95120817
 5838307.29472848 5842843.47325045 5852714.29387015 5842934.18033981
 5848327.75639545 5844516.77277451 5845638.79412042 5852531.99743389
 5831031.96219406 5837393.83002994 5846739.09933016 5850327.647435
 5833138.62088232 5841243.46882385 5851606.75988359 5850913.62495944
 5827415.89060554 5830978.30663556 5835454.04539469 5838097.51567259
 5835473.89749602 5840118.23631856 5842758.28726021 5847591.89564737
 5831073.48129689 5839289.71950979 5827887.01302178 5848693.41486171
 5842744.51234844 5840255.27264111 5833143.31364354 5833212.92267957
 5844021.7349368  5837822.27990415 5832637.4040942  5827143.78788
 5846471.63065282]",6851.86006442974,7246.455331832346,7197.384279726297,7170.21387583688,6726.659470300836,6757.645349045205,6851.505111477276,6850.903218011553,6847.338006233835,339.8142339658552,7268.209063515588,-73.44622252825535,355450.5428820391,-80.95508380684586,6925.145375663114,5937.2208113473125,7,wdm-ZONG,Wake deficit model
"[576114.51252667 568056.65965258 571195.74759295 570891.98766308
 568702.2600991  594362.94489129 582407.87868219 585443.3600463
 577627.47829421 593190.7712124  596229.74865787 586236.72935086
 579304.21917011 592347.65889178 577263.85044737 593858.87905022
 571539.03244153 589893.49999834 581630.03962202 588817.38887231
 580282.87481458 577191.93154146 579418.61009075 584114.58267307
 573676.30245209 588102.71974379 584037.57659358 571390.14568456
 574731.67987096 575438.12106443 590432.99055217 589863.62719982
 580052.43685044 582638.44391411 579777.30807652 586121.22323267
 589095.11862723 584088.18071915 584908.74531317 586504.8248738
 577779.3270824  589449.92705552 579616.33884503 583418.0538706
 587785.64254387 586235.18859192 583057.78231154 582226.06958614
 577569.25058169 583304.19132955 581949.40349039 583820.73831581
 586195.06975149 584358.05510836 581466.01076507 587332.29822431
 580567.83234276 591426.57727061 576634.91389532 573208.05700675
 595472.13443139 586112.18393102 586247.82397824 578905.15719319
 593278.48973255 574565.05055836 596347.76889866 591305.71600448
 595094.81501372]","[5845487.73381984 5827789.35295791 5829723.73463051 5827039.68903329
 5830386.93581239 5852907.65914028 5854084.53928731 5858239.81527418
 5847551.52500531 5854966.12991585 5845340.44359767 5828253.42808576
 5827709.67636815 5844292.49541588 5830027.20594534 5842432.38938454
 5836262.70980812 5858201.24285794 5827897.83572888 5843162.4933998
 5851186.55681542 5835437.40403972 5831810.43455954 5856427.93555021
 5834234.34647464 5858295.94857744 5828076.05801051 5832535.17108222
 5836777.72593318 5838642.94266964 5853911.83849498 5850921.7859472
 5842297.31080356 5840134.89020983 5837870.78057327 5842979.88175513
 5845596.50282019 5850543.20839218 5855163.09769121 5846916.35504386
 5840368.70604968 5848285.89802423 5833793.06334053 5845359.83679786
 5854548.35293931 5833650.854958   5842667.48972187 5837438.9149485
 5844223.85127931 5832617.02278486 5834716.78537713 5848660.64477652
 5836838.43182811 5852234.38701967 5852805.43466233 5851510.61429929
 5846321.02129238 5858065.02753653 5841858.1939427  5841193.86061158
 5850861.82226583 5839059.6176298  5831428.69592978 5849290.58622884
 5848115.63421737 5827327.45047401 5848954.40692689 5839200.79888358
 5840913.36599389]",6862.303857457858,7250.359293235468,7201.755513188635,7174.001353978208,6740.390078086972,6769.741106572624,6861.95329280347,6846.369315759738,6849.78288740656,341.1023814259592,7278.26291068153,-73.3544495652993,355997.65284358396,-80.85897639962566,6934.498183761103,5946.002727929264,8,wdm-ZONG,Wake deficit model
"[572802.57020289 585432.35000872 580261.1129659  588978.06888983
 568286.92104907 590529.0348008  574192.11364783 576573.6421008
 578133.94287417 570355.92892939 574372.53560068 567986.93111159
 570145.24283461 584046.83695161 582499.71529794 595997.92378498
 577530.08009076 573328.10321263 577400.3928477  596108.1978202
 586720.51300795 575297.86020141 596239.36950457 593845.86886505
 593009.17660087 589564.53258621 581476.96157586 590784.02480182
 585255.73585777 580592.21248362 574336.08716908 573184.9607506
 591605.76207733 590105.64378053 592808.74786745 572479.08470354
 584897.80910644 579349.41800107 582230.95419393 588745.25952208
 580212.45382295 577684.88211239 593597.64557487 594850.18016247
 586440.77965902 578725.99846675 580632.03197486 590136.78788483
 585552.32531052 584765.55251301 586282.03164307 580934.54352758
 575625.58220865 583345.29723357 577954.81458004 582535.31555777
 585116.29927369 571708.57917809 588490.63432865 586022.90500533
 592492.63178026 579550.93130977 583452.59872911 578201.49152724
 583917.17282619 592920.68111911 588160.61962705 585765.13279139
 582205.63866334]","[5840224.31388368 5858222.7577238  5851156.37198724 5857618.63547292
 5826910.98791629 5859635.59304313 5827298.58915405 5846112.62236272
 5848247.51105982 5834355.29663107 5843101.77850556 5828633.83733107
 5830698.63753967 5856332.51610499 5854206.5377089  5850043.65165069
 5838314.50013831 5837956.26651009 5843358.36098565 5841539.15524733
 5839473.21715395 5840193.88820558 5845594.96178263 5843828.71103232
 5853111.66987096 5854967.54036543 5846399.20271028 5843896.96710953
 5849454.4105269  5830370.64266598 5834546.77901548 5830474.07794602
 5846242.65030575 5848103.70259118 5849043.51018693 5832751.48288843
 5846708.89934248 5836736.42458539 5843821.6589037  5849954.47230989
 5839584.54114543 5828829.14199731 5851012.10630359 5847025.24646579
 5833000.9823502  5834337.99785695 5841905.78429186 5851950.59902231
 5843943.51293032 5837189.14799273 5854547.95960874 5848569.24957268
 5830317.36134433 5840724.40489424 5841084.45274657 5829474.84821938
 5840059.8034021  5836124.74305374 5843935.72501871 5830262.92330409
 5839314.23565387 5827721.43486289 5851348.48222098 5831959.85547507
 5832502.54358383 5855440.6379487  5830778.61556697 5828210.78642104
 5834110.96478581]",6854.591461811472,7248.492906812232,7200.17546098744,7167.456298242873,6733.378730181734,6759.471602026496,6854.229122406302,6852.353879571296,6840.998111444358,340.0504107991792,7274.678650240965,-73.38446293583844,355567.9458589023,-80.89253639196443,6921.028543851523,5944.68534049002,9,wdm-ZONG,Wake deficit model
"[584221.84175648 581801.11047164 582916.57279363 578793.7358335
 572535.01440491 596353.45363676 568574.29892585 580780.67677718
 585443.76160155 585307.91160896 571190.11961193 584031.61948014
 586508.79241125 576414.87663831 579788.72962964 587127.30219538
 573673.15949934 575849.42708862 588150.79123258 571570.40610329
 596164.22961646 569458.83074057 589100.86894882 591973.37897227
 570314.17772631 585812.27818873 575916.77359762 575233.43020948
 574974.74795249 590944.24042954 573579.89016598 575563.25266614
 584220.69972372 580036.32585998 583941.58154443 579420.65349517
 593685.08703026 595395.15297842 588049.28574051 591941.41154449
 580968.11732952 594235.55241498 584977.66583022 593134.51675269
 576661.95610336 592400.22713308 586780.96445169 587748.92780261
 579292.51305934 587689.87075793 588349.0041099  576256.15620783
 579933.48701857 577796.18741886 588359.96807022 584093.07532969
 582944.45607457 582189.06381748 583329.82790342 590340.56398977
 594889.85631775 592798.1675544  591578.03639314 591041.30791424
 590529.3697974  581612.17157779 590168.85616349 578530.38856411
 567498.95687898]","[5856208.80118012 5853204.96616578 5827986.07440602 5849151.7849452
 5838648.7467769  5849165.73528671 5829675.93338696 5846565.19833962
 5858239.83609998 5853480.90481603 5834663.60753727 5846991.75156428
 5829429.051068   5845895.76118744 5827739.36571492 5837183.98522411
 5835423.26555812 5843283.13656558 5858118.21455369 5827093.89695983
 5843116.82017165 5831339.46962023 5855996.27373089 5838985.35775044
 5832949.83575056 5834041.54749995 5836148.77429299 5830343.30776242
 5827360.22020669 5848056.57256837 5841491.05221228 5833023.38685683
 5850145.47798476 5844365.65609158 5830437.06739848 5842597.4243002
 5848616.47878933 5841098.73940449 5844539.01320631 5854109.39154547
 5838350.49978297 5846342.87291508 5841974.97277307 5842069.67069349
 5840327.93719384 5844056.57643752 5849210.8238328  5831384.2839972
 5831903.08137028 5841584.56064402 5853809.20857642 5838519.27817904
 5834423.47515543 5836856.92886578 5847632.00287818 5839935.8513763
 5833102.9872378  5835337.43439455 5838269.32579044 5841235.43718071
 5851986.15639272 5855659.24536104 5857799.87264487 5852498.06633265
 5859638.51252074 5848920.68691224 5850856.33298364 5829363.04288506
 5827376.71248482]",6865.133551371867,7251.630572497562,7203.616069096665,7172.649115532977,6744.27057955084,6772.895225101439,6864.780864746505,6852.313977097644,6852.042616940155,341.30764949002304,7284.449606526409,-73.27562625619768,356267.7065872806,-80.73789658559639,6932.5263452982,5953.854595984989,10,wdm-ZONG,Wake deficit model
"[567687.94547381 578154.24477342 590794.8569781  585483.93528443
 571266.64081532 579533.79446232 590835.87684221 576426.65984635
 589322.30887995 571220.06802023 572908.47055017 583538.54695492
 572723.67339107 583895.3343192  569772.80770089 574201.71826618
 579932.91576729 580361.15287128 567841.41204728 573680.31732096
 582243.99942293 581107.63144774 585735.07875311 574620.40636359
 577097.98637633 587762.64021527 576216.59121132 584526.70757266
 591031.12866297 575002.41646758 569821.18545559 593777.18938895
 596250.35667875 580532.93132305 584638.06979176 584064.78195208
 593899.71630653 571621.34120888 577046.21283334 586853.94612
 570291.55939919 589529.93142904 585228.31489091 578045.83349235
 579857.80140214 586319.05242117 585485.93445775 590912.09614051
 586776.34785771 595305.59129721 584458.76497222 577076.04111055
 596103.05339101 592487.75448987 594432.74969496 586303.56608037
 580174.14408896 590461.36158194 586926.00923432 588959.58661663
 596358.23844156 594131.27628188 595040.83110222 581086.11163275
 582036.07440798 590138.75999173 587460.74815303 590205.69715942
 593280.88224514]","[5827950.0920359  5848188.08759486 5859173.34643024 5858252.25989858
 5836521.79182117 5850163.77471732 5857666.02266158 5827474.50695615
 5859308.29518747 5827063.99697688 5828563.66302323 5828034.9228035
 5840036.65778661 5855134.88212105 5829063.09455282 5827410.23115527
 5829068.60401744 5851294.19275988 5826892.30730814 5838616.83058508
 5846737.35373067 5852316.14151421 5828208.78682021 5841764.93926198
 5830445.41315198 5830902.3920643  5832854.67885238 5856981.23666756
 5840978.13234015 5843496.85195198 5832225.82278159 5840263.57985473
 5846035.43598275 5827797.87996262 5849563.39972225 5832994.73421681
 5846294.98348719 5833636.79840939 5835427.38851153 5851840.67604689
 5834201.31746259 5842089.88407878 5834822.74926214 5837648.60825426
 5833741.96115403 5842956.43428265 5837682.47920886 5850032.64994678
 5848426.33217952 5850582.37438039 5839134.11961213 5840495.42727118
 5842091.55606881 5856204.63352012 5842679.00656492 5829729.66929266
 5842919.08020533 5854406.14227036 5832375.26934229 5845646.52511239
 5849289.53387799 5841354.82589707 5847922.30228095 5848438.33787323
 5840380.34981834 5852684.11713979 5858795.99857785 5856132.95340752
 5852840.60387795]",6887.708782058102,7242.494469867084,7193.210094414051,7150.643824165976,6790.872657387065,6804.499229419963,6887.358941038542,6849.744007026218,6871.7034620350905,342.594217822264,7297.349967276148,-73.13924532499973,357403.4075232789,-80.59570930020814,6940.506475740953,5967.548506718835,1,wsm-LSUM,Wake superposition model
"[567222.08506307 567939.71449049 568626.97221092 573828.27874952
 580380.59843027 581604.52206897 583549.67408385 592171.97932186
 570453.87364376 585262.61013396 571927.68075143 570181.95415244
 572441.30288445 582891.62919061 569025.18907074 577253.64130237
 582573.57600513 583987.23459983 570309.58848284 576193.49803468
 589292.59742271 584635.25439497 590529.24734667 572576.54822313
 587579.72644301 573191.62918428 596145.90455882 580165.955182
 590501.06024332 584260.24355964 580655.88558551 585841.04850612
 585183.68406773 585714.50197211 578099.42064221 594714.92523856
 591383.27516851 573101.92694    589022.7282982  594436.72125017
 586501.10586919 579773.45685991 593430.11620275 586528.26105787
 580721.05056447 591212.63250283 583036.07151757 593593.53335727
 576408.70559699 596139.9752842  586774.75681317 577779.34161063
 595965.44800547 575625.4344124  582921.36363678 591923.02340732
 573300.30720925 590585.76349177 574380.42370555 595993.44252252
 583518.04594641 593915.03052444 590642.84200765 584761.76003655
 575137.39549015 578260.30890324 586979.62294491 589541.693541
 590943.03568128]","[5826781.84327973 5828529.47827683 5826859.87178752 5842257.64892997
 5847375.01211768 5852994.45184401 5855655.22326958 5839106.76120481
 5827004.54959481 5828170.64628586 5838120.92682858 5833930.26516522
 5839359.99173796 5827983.88897183 5831076.82297713 5827575.99377458
 5844559.68698668 5853938.31349211 5830579.56620769 5838786.14539365
 5859300.15954491 5833582.59032283 5859640.01327026 5827365.83973041
 5830299.74452186 5835860.65060947 5849787.18073145 5849576.76307725
 5839943.80096184 5850414.00515239 5829232.11980087 5844068.57743889
 5857242.64138063 5858315.50900953 5846341.21342663 5845188.7544172
 5842628.42644696 5840943.50116031 5857359.93805129 5852732.2787212
 5832637.02763734 5833131.54499621 5841237.22771956 5841502.35929889
 5851139.66578961 5858441.88177207 5830849.24724493 5848120.12766129
 5844544.57379088 5844814.06314303 5847323.65664354 5841910.02250918
 5848148.15660384 5829674.01053508 5837595.24134099 5857195.64744112
 5833327.13946504 5855754.6160721  5830863.9237427  5842791.98730501
 5839994.7626629  5853698.24184103 5848359.61108356 5830676.95769008
 5827373.42227694 5836593.4438249  5853046.91696062 5849591.73755207
 5853392.6232684 ]",6898.55358051334,7244.956556047464,7196.7902143380525,7157.545536657716,6798.151527579629,6817.924716645508,6898.2139070973535,6867.905566431923,6898.503437128269,344.0276855092186,7308.323702239248,-73.13486599897942,358070.96226722363,-80.56729220947354,6954.150507796948,5972.180119659057,2,wsm-LSUM,Wake superposition model
"[585481.1278369  570102.84685607 567328.77592738 572019.84725165
 571326.75678563 592725.74012705 578272.58544456 584874.76721187
 580185.77184033 568873.30635729 585773.80230302 587924.66144667
 572698.10478033 595551.41253632 577771.24144813 585983.93182203
 573678.49380201 571033.90730345 569011.97109832 583887.85150452
 573248.75833549 582577.65151577 579814.87633081 591159.26401654
 574556.63301402 580363.34576431 590529.1142315  591963.67541595
 583016.16062515 568100.33800261 594892.92531815 581355.50702255
 575547.67896579 584311.72175348 586157.09515616 596163.29409444
 595395.68784572 579457.99150576 588801.97562185 570874.50522154
 591434.82605953 578119.03793462 573203.19869957 588274.40820299
 582057.44625857 572621.03550706 577977.56470064 596302.6840193
 590180.62623728 585973.74486963 592502.82437224 585383.47851147
 583764.15652543 592394.00054235 576252.2343618  583043.70348383
 586731.32447223 585480.34197363 589759.35393849 591822.03822963
 595938.91881665 593311.62367109 580141.54989962 587162.09139865
 592384.64875308 578724.1903389  593968.92828837 574978.34529425
 596135.56920203]","[5858251.06404593 5833748.07037949 5827079.54250884 5838150.53017283
 5832006.7096546  5839855.95380844 5848438.22989747 5857141.03629601
 5849638.41641109 5830795.84104804 5838511.53700049 5831131.99478919
 5833575.81346809 5841221.3133781  5827701.52265898 5828227.61874391
 5842153.09447183 5829766.29354619 5826889.88483602 5853006.69177658
 5840780.75270076 5843272.50646423 5827741.77574138 5858533.74758412
 5836739.94057022 5851297.87207663 5859639.48796354 5848151.50956924
 5854925.1361973  5828665.01184418 5843948.05639778 5828889.80337348
 5829574.70662464 5828856.2094225  5841091.87417171 5845836.59593176
 5851101.99818318 5836237.90096376 5851009.57821297 5827122.59518299
 5840521.02824585 5845253.05276411 5839554.84835695 5859019.64774421
 5831886.05296903 5827174.41543991 5842238.7014215  5847552.93223288
 5855383.614603   5832859.37882467 5856178.5062263  5846182.89366959
 5850633.53023924 5844530.78513875 5845676.06765836 5834463.62657564
 5848361.58474988 5855708.62023022 5853277.41492576 5857185.94245389
 5849444.43243987 5854759.3695004  5846880.96667333 5832269.68081472
 5850184.47403009 5833422.19159068 5853286.57336549 5827360.57619953
 5842567.78493468]",6903.375660845161,7245.971030172301,7197.8706411740895,7159.151294663703,6806.070658834331,6824.8345128079845,6903.03929367631,6870.975906790789,6897.155940780143,344.67209806113004,7312.198230324471,-72.9197166418101,358334.50302188145,-80.32730771161619,6956.312580898253,5986.227263225173,3,wsm-LSUM,Wake superposition model
"[579605.46206744 568994.76577624 570019.85381046 570178.42633676
 575253.50709928 567380.31272155 568623.35873738 583670.6886853
 570738.09019748 575873.41790131 592657.73488387 577828.81140472
 582032.81993775 590519.40358013 581930.57371901 568180.50218424
 574276.70893614 580563.46439552 578993.47988443 575565.49852972
 575208.0308282  571872.71806874 570827.77760447 573518.70459976
 573351.37641284 577378.6622884  571295.04958675 586094.29824374
 590115.84292365 572426.97574969 588066.73099255 581196.85292116
 584741.45385246 586773.5914089  587187.47402786 592829.27009549
 575761.06070985 571331.22603306 592452.79085829 577682.20959711
 595460.95367683 584395.62005084 580640.96253865 591115.47971647
 589087.5522141  587021.51788071 589375.89294065 586201.85022192
 590972.63969996 588508.35704715 595511.03831763 593674.85131218
 596133.9437148  595773.98670186 586823.42946802 593705.55584143
 585464.29738665 584519.89125608 576450.84926942 588309.75116009
 586486.40259169 596086.34746494 586554.36992012 581409.04874662
 584245.232552   583514.32132487 581480.52423627 582157.80389357
 595813.37386993]","[5848801.62287046 5831086.24013431 5830353.42158548 5833930.09143929
 5831812.58282926 5827076.30846154 5826859.59749242 5855632.69315007
 5827147.99075965 5830106.61727522 5840113.13890136 5827684.67776676
 5846003.55698479 5859637.51694652 5853440.86228631 5829132.24174453
 5842556.49666381 5829084.3580769  5841722.37820562 5827407.02620303
 5844137.30896129 5837710.11004506 5835488.17472119 5827244.98700861
 5840950.18781874 5847209.17208987 5836609.63982699 5828241.78810694
 5840738.58186005 5839186.38662799 5830696.40204647 5827850.49504246
 5857039.92079318 5858607.12530389 5851917.76071249 5850769.7241325
 5838523.59461546 5832728.16112427 5856265.70297302 5835964.37530873
 5842977.02255813 5833573.87805945 5850558.69617131 5856879.16458053
 5848303.79711306 5832383.10755784 5854905.31582841 5829628.41178691
 5858647.199563   5858936.56695025 5848135.6238295  5854116.24112825
 5849771.58109186 5841360.22993605 5844100.61520246 5852047.67652655
 5858246.22426529 5841956.96253945 5845892.60515676 5846670.19660281
 5836946.00934839 5846206.554014   5840199.16921619 5852216.54799689
 5828090.35431704 5848104.72435605 5831797.07166746 5835649.89465327
 5844389.79875863]",6910.088523574372,7249.307544445708,7200.983648151154,7169.008268407997,6814.338283926113,6833.193370717869,6909.757954569468,6876.40348386348,6902.871228367537,345.6209702306656,7316.383956615661,-72.84575671889637,358807.460913495,-80.21798791868619,6962.007068628779,5992.38395664012,4,wsm-LSUM,Wake superposition model
"[586045.27574601 581523.10542012 567649.72124952 574687.33678969
 568501.7883422  570956.64245456 590529.66068757 571203.00082532
 583365.69492263 585594.61722724 577903.86414494 582159.79166982
 588985.8483901  577140.96349564 570027.11630976 572353.53973661
 571858.40283384 569151.74666677 575178.71120632 573613.43213583
 573611.89176725 575835.1126071  569524.23560467 580925.81822471
 581160.7318935  575454.7353138  582612.07574407 586733.32578799
 587009.16116627 572145.82931285 591148.03366017 587672.19656482
 576266.65374533 594738.42935186 579224.2482636  589099.81581719
 595826.89597645 588704.67323026 590951.35020588 591951.39604456
 593593.42953522 581571.84322622 581094.9686804  594129.11819386
 579272.69665345 587240.23367249 582466.35234235 595186.61483321
 589476.69835698 592854.60764542 593776.50640784 588302.97418957
 585339.86404195 585511.32133978 577688.89407208 584990.45596821
 591635.18460528 577972.29629696 585615.79807412 593920.31475296
 584410.88074212 581587.45500258 590862.64436495 587463.59429898
 596065.36301838 595130.23229016 596046.19559414 588737.45903285
 577866.46810381]","[5858394.48635058 5852882.19753358 5826905.31297034 5828122.78296602
 5829189.96559463 5827077.32038715 5859639.99190807 5828964.11147379
 5855400.07316409 5828196.94088797 5847778.37191437 5827926.31287045
 5859215.49955999 5838593.58067433 5833560.44375324 5839149.19384907
 5834571.8619636  5826901.00085202 5831914.28920677 5838524.28093995
 5841757.39175722 5827427.62206825 5831268.67386035 5829415.80520756
 5845440.78969849 5843964.80298532 5851407.16937083 5829612.53551976
 5851905.57704885 5836458.47836206 5858352.9502313  5856991.63079854
 5836413.47094584 5847614.3672443  5843504.74634852 5848320.56855688
 5843600.52624529 5854737.65069954 5839391.96697273 5857145.36982518
 5841732.67037452 5831203.70746217 5850156.24056271 5853264.46608543
 5840406.14691909 5832153.58089358 5847779.52740832 5841015.50081901
 5840975.79402906 5855560.41320475 5845652.50422625 5843652.2683039
 5856341.86746389 5837650.40802422 5830639.15252234 5835410.7068709
 5854187.97679129 5834499.96179011 5833856.03945359 5850363.04253102
 5830179.64575287 5839770.25609167 5851276.96706132 5830859.71241783
 5845601.6595348  5851568.81876493 5849959.64591829 5846512.37078181
 5842020.5559155 ]",6893.992094718289,7244.406827832436,7196.199672978964,7154.950805173044,6793.180019378523,6812.372004412929,6893.651744459008,6860.848387039716,6866.897468067734,343.4683441410549,7302.526620496763,-73.13854177231431,357805.189239301,-80.57787362752491,6948.150499147354,5970.677580198032,5,wsm-LSUM,Wake superposition model
"[567718.46072419 567651.5617221  581399.26011843 571021.75756319
 576029.02277209 582735.37053861 577226.42407804 568305.79374148
 589275.22764005 569634.70290424 584900.98480323 572888.14148756
 571957.46392015 574717.88724824 593247.77820283 586235.87259148
 580034.18885659 587982.53171855 591505.56398904 569187.25340399
 584088.83397649 575414.1446078  580002.8307208  585887.78959839
 574222.91028074 572885.19410645 577621.05028937 577416.83217236
 589524.21932537 586404.85956362 576115.45935867 590533.90375124
 581658.0824727  572364.22692647 580646.81620343 578381.3209704
 575138.43745065 592002.52782083 586111.73537517 581457.8526975
 571134.84866493 588951.3620366  573379.38233923 582222.11257144
 589883.63151747 584973.29424172 584536.01809454 582249.67519633
 596182.57631106 587641.10945595 593897.62039574 594562.4293075
 595305.39861886 590810.78821326 592797.07626081 587646.79095716
 585030.98143058 587266.33457173 585241.82164429 594937.50935539
 590844.65364229 583072.48698331 591441.67341983 594767.56049942
 581192.47823891 591733.46934326 585839.1801906  596220.51874498
 580850.9622842 ]","[5827951.8821177  5826835.94962738 5852450.45311574 5835522.33918331
 5845371.01323657 5854541.83032666 5827651.23434909 5829435.53850659
 5859295.38073372 5832621.95421728 5857502.09064859 5840410.55908275
 5836943.8195103  5843439.4429284  5839825.47110554 5828247.53948925
 5827758.84071984 5855316.47899442 5857927.99389369 5830915.46148002
 5856211.28117772 5842047.19214719 5850541.53694274 5858363.41221248
 5827301.47259242 5833800.58975625 5832614.45330705 5847268.80153416
 5850061.76999566 5838194.30853249 5839076.24956281 5859630.50663375
 5831098.81780374 5838096.03133557 5838306.8451243  5848587.25755163
 5829628.28542156 5856635.01781465 5852846.50558472 5841455.15149396
 5827391.83022295 5844143.20728454 5831516.77409778 5844577.85079454
 5848715.3024664  5850694.11368716 5828113.27138699 5835988.87981217
 5843694.077512   5858845.79869649 5842455.42949236 5852562.56275993
 5845795.25134085 5852941.35835148 5855400.56694899 5830364.18104619
 5840414.08205322 5831763.28533974 5833430.16098863 5851210.33741515
 5846602.33473382 5828125.79414948 5840151.10786532 5849473.46892723
 5849009.33510705 5843418.19126521 5836811.23947444 5847678.44967634
 5829581.07494227]",6905.381474802221,7251.310427140265,7202.997770860804,7165.381047852694,6808.322013683256,6826.605025841765,6905.054488348522,6880.647554880709,6902.9796498879,344.80959723704404,7313.079670318703,-72.89128923338114,358489.4775315,-80.28460109791719,6953.976530608826,5988.880729021966,6,wsm-LSUM,Wake superposition model
"[573055.43362902 586236.11815141 580117.4342625  569713.56373977
 567234.50288183 569198.77066583 588647.56780554 575924.76566975
 568670.60899888 572356.29002848 582440.50034822 567768.70995511
 590528.39869585 575476.13513318 576631.44453737 585067.48693157
 578829.86244775 570469.04783997 594557.4376027  572131.80268397
 577695.36247515 585292.53354808 587825.2196381  575133.12618735
 582225.67716517 570854.37730394 572040.98373586 590800.10165905
 586779.97945216 577670.15045366 582971.09132021 583814.14582178
 586853.4497112  590874.53395562 577229.17958756 591517.66214362
 578360.86364233 573977.68920248 580856.89544459 574350.49610729
 577867.04570113 579815.79965645 584020.2913244  591554.09530191
 590291.53649291 589919.78189263 586480.47736514 574954.86228728
 596206.12239816 583319.93204243 590941.85941474 572642.26352714
 592749.53648765 586341.31542605 585226.47895728 580702.90425677
 589959.76700278 590884.56104049 591783.03416991 595519.16609049
 595711.69828045 596357.07271649 577381.75536788 595624.74497653
 595415.04700109 584926.88805283 588855.06062834 594953.17738345
 584177.55629334]","[5827544.11412075 5828247.26523992 5850596.53414622 5832524.0836936
 5826803.3559562  5826904.60976677 5859122.51238355 5845226.57494305
 5829650.12777745 5839041.8527238  5854137.98936086 5828147.2986756
 5859640.1557945  5841846.9298166  5846195.27114987 5857728.48185649
 5827663.56413203 5828364.94522184 5852421.11562738 5831933.80303532
 5834349.42226696 5839740.06447247 5830499.18649571 5844146.42632535
 5827931.19134192 5834126.17608994 5837255.76473712 5848441.9375325
 5848484.72902104 5847391.98596378 5851444.24062348 5843817.9863221
 5837176.27361336 5842280.95835391 5827602.91078574 5857906.7701766
 5848560.12998152 5842565.39294334 5827823.31642432 5838420.10396917
 5843526.38062923 5830203.14426828 5833795.30022225 5839165.67057503
 5854622.52650119 5853002.52075683 5845710.03441799 5835604.21933965
 5844420.34461686 5836591.39747486 5846067.55845432 5835964.91346841
 5855738.86368174 5831166.62305818 5832246.88740073 5834230.54974521
 5857469.32814388 5856466.60132331 5840379.59494284 5841201.92100329
 5842621.26519688 5849285.96792796 5832263.58010069 5847089.49739969
 5845792.97818394 5856271.23397059 5851284.87473716 5850796.3345424
 5853473.11948778]",6899.564889618052,7243.266829710627,7194.77947708604,7159.456939123633,6798.017141135662,6819.191808706536,6899.219045990532,6863.526951812287,6891.819519591613,344.3658802905567,7304.189959447775,-73.08115109005738,358143.6858818785,-80.48523426156616,6951.246012766075,5975.769345699151,7,wsm-LSUM,Wake superposition model
"[568623.8585311  569043.44362919 584983.11410354 582327.93805274
 567404.03305772 573744.0818296  590528.22679212 570906.21291082
 577452.06567365 582542.20239927 576290.24894258 588628.03174831
 583311.87111015 580194.2860133  581132.22019673 584694.88760257
 591378.32810016 570605.08180758 574409.94046633 575580.94598242
 577319.20056405 573612.90539783 584501.66581441 586844.60685518
 572514.34324764 574729.46440777 570171.97328475 574695.30908125
 576091.30851929 592394.68278361 583744.9408598  572252.47671626
 581505.14238875 596349.8668401  577124.01631306 596264.97650663
 586529.2511213  586048.06124831 580565.69618793 585102.96624723
 589062.37220823 580739.68880927 586121.80918377 595397.60872452
 571249.80447885 592424.87261521 589823.4781408  595612.29735469
 589229.66385583 584274.77196244 592484.04428551 591878.2130116
 587267.60558578 579012.31599395 583686.48019057 593078.42100062
 582692.34738434 590676.88532638 579201.80762154 578518.40563125
 592053.18360542 588934.23173005 592739.25316629 590325.68728345
 595105.05742625 586712.19367255 594021.97100852 580978.5494985
 596107.54107516]","[5826859.4601649  5831145.39726125 5857615.41619897 5853984.09033936
 5827132.4927204  5840485.187868   5859639.99236175 5835676.36323261
 5847313.88332552 5827956.73004018 5845726.95480598 5859117.16073806
 5855330.26378996 5850948.88476891 5834364.83039738 5828639.65348068
 5858151.04401141 5827015.40086217 5837003.19441529 5838699.47105575
 5843201.30077813 5831785.1630647  5834661.16746433 5856309.65336433
 5836044.09459727 5830078.81213749 5830275.25249467 5827573.69146101
 5841036.64087541 5856273.21394632 5837912.13994761 5834478.15901045
 5852473.2901291  5849055.65877891 5827530.52608493 5846304.24710702
 5833195.90174858 5838128.69240617 5848794.95919704 5844920.52677558
 5841814.70914202 5845517.11219281 5830244.03184609 5841099.48403503
 5828488.18967852 5850710.91592511 5850146.90622207 5850717.58939263
 5854046.87079716 5849797.59198819 5853389.36162613 5839691.53352364
 5831116.22216646 5839677.14111937 5832584.71631106 5842628.01810635
 5840819.21711772 5843892.91411661 5827693.33535753 5830975.43928892
 5847621.41590154 5857831.01494604 5841359.56180161 5856964.33849988
 5851613.42501745 5852470.95223258 5853512.8392756  5829691.89084993
 5844831.08130487]",6885.453910096147,7240.553528193293,7191.004950565599,7148.820280560093,6784.552617035455,6801.719818502529,6885.102695525442,6858.616561647821,6865.480885016022,342.3462177528995,7293.401683182045,-73.21712825422668,357341.9552119202,-80.66898940610197,6939.80936797551,5963.20931462873,8,wsm-LSUM,Wake superposition model
"[572263.25947188 568575.72972203 577180.63026962 585356.27292731
 567642.42159832 570141.0391008  581802.06999961 578323.67258119
 575501.92431616 582196.106717   579453.78266273 578116.88228136
 582180.13900939 577208.86052451 570476.61145962 591023.78794659
 588919.61178844 580232.27829158 567710.82465708 575363.50483196
 593206.11835595 586841.18910882 570320.4914102  575225.81887031
 592594.19793016 575501.83638632 579883.6923443  589329.76676274
 594881.06669682 584007.94485155 587634.48000102 571968.41335204
 593344.49436224 585714.53996439 578149.27601559 581933.26583428
 573975.19004743 584685.24874241 585963.717294   587127.3575124
 591981.66663413 592143.25140741 572036.465876   571751.05529674
 586325.18495684 574736.86556748 583253.83600997 585831.73944877
 587511.57952258 593837.76525993 594623.81218093 591586.69234299
 571848.63175579 596288.75712028 594978.94587076 585004.0099462
 588943.66742543 573631.78107747 586254.34016894 591851.7599793
 596241.17665966 584431.33331673 581882.33688109 587413.1582184
 583841.37251968 582518.3465998  586114.96867573 596050.44399668
 578553.45413037]","[5838931.04591095 5830072.02835251 5846738.56825237 5828178.21537611
 5826781.87836266 5833228.54229813 5846679.78804193 5848507.19612389
 5843606.64293457 5853337.81126658 5849925.35645472 5827608.98224779
 5828045.36235397 5837700.22745444 5834645.25212893 5858772.0762955
 5857692.66784616 5851119.15771993 5828001.37852278 5831173.39669595
 5848214.70506565 5858625.47683376 5827108.61234937 5840739.84818152
 5844232.2488813  5842195.94132079 5830506.15494796 5859310.35818766
 5851755.18236205 5856281.36611442 5830483.65559832 5836433.67584202
 5840784.20870179 5856964.4124171  5832703.23961106 5848691.19109672
 5837006.92255991 5831973.30878234 5830963.2932165  5837184.50292085
 5839126.2572142  5853837.93258857 5830789.02428952 5828952.46035329
 5829077.17175637 5838824.67264709 5841157.993722   5852527.56599686
 5855005.21241194 5853835.96849869 5843212.78429983 5855883.93734721
 5827113.86598409 5847845.4064402  5844548.67121498 5850478.07276676
 5850391.48115615 5828125.15967493 5846316.68019067 5857320.66442821
 5845584.7444746  5835418.30530541 5837754.61590553 5848094.45136163
 5846316.37245729 5836536.34543361 5838200.59950571 5849083.35880866
 5839484.56868085]",6884.867801444499,7238.770090660747,7188.975347084581,7144.849658428708,6784.297021793632,6800.797645512105,6884.51694757373,6861.677794502792,6881.833711668617,342.0198749995253,7291.48269916468,-73.16674788241842,357279.6925863008,-80.62066663144348,6936.014204608355,5964.465403597959,9,wsm-LSUM,Wake superposition model
"[567339.49752227 586177.75210553 567653.40192866 569079.23927215
 582754.71833602 590919.43269954 581484.77344111 582219.65613707
 574254.2164411  574681.13817784 584490.59193091 576958.98351324
 586771.93946181 569950.01559155 577820.9920182  583670.33137216
 570477.77843982 585439.64371835 577536.3942989  571295.18708253
 576019.55578086 588407.48328852 572039.00947002 595725.0128549
 580420.46364993 589159.0659516  570831.75469847 588988.82830708
 572353.72615458 568306.76052368 592592.48283688 580815.52391913
 595502.4913744  594666.34186797 579325.07906653 595729.97658569
 582704.95976704 590169.47682037 584808.03775653 595956.52121074
 592025.36925404 582055.80884766 594026.04522934 581223.76513079
 578940.01387856 586641.99561307 583928.73694632 592034.58213733
 595864.08119753 574818.37889231 576207.57771878 574480.07588284
 585281.6445894  579148.34943742 596224.5314016  582132.76277842
 592193.86227962 584803.68825425 593349.69239835 577632.87734523
 588516.93652702 592905.60655285 584882.35493826 575252.0567308
 577264.17761234 572545.30212601 587180.12926298 578710.45734136
 585360.95828949]","[5826791.39259974 5828242.65791991 5827870.95304374 5831292.25720898
 5854547.04222454 5858955.65106928 5852831.50215563 5842807.9352718
 5840985.94387664 5842671.77656675 5856941.82739147 5846612.92712718
 5830162.61662074 5833002.34689996 5847821.15245974 5855820.26541763
 5827005.3288849  5858239.82084283 5835274.10338074 5831031.35793181
 5845203.41421248 5857166.23564168 5837199.27967168 5841301.59059213
 5850641.48755289 5858611.85360643 5835447.22305392 5852668.37571899
 5839109.04703656 5829223.7228334  5856018.97996866 5828032.8631383
 5846914.48712877 5852286.17750723 5840654.08107965 5842888.63020468
 5851307.07195906 5855935.54299058 5831158.35198227 5850119.6109665
 5850090.4404876  5838071.45348791 5843333.43098079 5846220.49885988
 5839130.89035274 5853190.49502209 5835787.87139191 5853254.15476758
 5848392.77890721 5832332.72145674 5827459.63334986 5827322.03809064
 5847130.69980831 5829542.02818188 5845044.9041208  5849434.11409136
 5848372.02610448 5832646.50145237 5854692.8509325  5833574.62673857
 5848022.91655584 5844278.52838128 5834273.09902052 5843856.48624555
 5830960.67028487 5827325.52890188 5843034.00438912 5827656.52436326
 5837684.65359035]",6898.976151177026,7246.495259673153,7197.926081127456,7165.398086172595,6794.930790293141,6819.101350945639,6898.636006774746,6875.715044020267,6898.966760888722,344.31555988422093,7305.163921127869,-73.06357512176197,358093.84072467935,-80.64406746360801,6951.852865308794,5980.845499809944,10,wsm-LSUM,Wake superposition model
"[568478.91975012 573681.33556016 579036.12779545 573338.72514552
 567898.66201367 577351.30060941 567484.04910213 571784.34400984
 596058.52452365 586756.04656406 581987.87693076 570102.89516585
 586229.68642464 570231.49350266 582394.93168199 588025.75634697
 580166.66574107 585265.77413092 575639.19334309 577719.16123808
 581554.53629986 585933.56297038 586493.36196543 571188.11276945
 580327.40516707 595140.52129775 589596.68759857 582779.49410111
 572265.27111981 584742.47569377 578456.2297734  578719.41779303
 583446.00950242 596245.52418481 573874.67627097 582196.72644969
 585877.62351381 591976.65667873 575735.96686002 594050.69749422
 589716.10540748 576692.13115751 582352.8565294  572153.87193096
 579337.36245344 594698.91166075 586939.61466013 595998.45511505
 591037.09828125 592786.10985585 589321.87876158 585724.68131061
 579538.08172687 580592.91588545 582433.04712122 582849.91154061
 593560.03022879 584495.61001128 588310.16638063 593493.24979577
 588506.54261024 591887.78732188 587295.49979864 595501.01982585
 587258.05122246 592709.55929537 588933.72695623 591545.06230065
 590530.71729795]","[5829806.20145716 5838548.30321264 5847470.39422864 5841179.00207221
 5828458.32301315 5845570.17085336 5827291.2943462  5836974.19754194
 5841508.76098039 5858602.05410708 5853518.12794038 5833567.47275562
 5828247.03912999 5826987.34499199 5852293.34964316 5830699.85568074
 5828602.97163325 5828853.47210643 5838720.4919461  5828230.97002153
 5827902.35537026 5845454.22701941 5840495.80698832 5835244.80718387
 5851198.83491799 5851331.88450384 5858648.19833597 5854602.00475596
 5827146.43401888 5857047.62528237 5832131.06570146 5846134.7998515
 5830474.80944909 5845682.27505335 5830606.32808371 5831271.33694733
 5839116.21402922 5844074.17111963 5836801.41543377 5844780.80375131
 5840482.41709772 5829828.82079067 5850861.7838071  5833835.12998993
 5833775.40004069 5847561.27842312 5848537.83197467 5850045.31372652
 5850302.17537305 5841271.41363578 5857185.95135369 5834390.92755824
 5841082.71795845 5836723.96024837 5842932.14014332 5844550.6778283
 5854319.32999127 5836014.83032818 5854517.58788963 5848672.74221996
 5855812.00581838 5857092.61663807 5831543.63617234 5848826.9612084
 5853124.86249171 5852652.79001458 5848636.09028173 5855035.00405375
 5859637.309701  ]",6878.99108309047,7234.044196298699,7183.062338326852,7142.289609409168,6769.098057164904,6794.984783485478,6878.640794191535,6844.962088521114,6855.574542461542,341.8500751989383,7287.12751656402,-73.13798805272205,356965.40627867903,-80.62796381434079,6932.81566552681,5966.962888448078,1,ram-RCEN,Rotor average model
"[567678.67953885 571728.53523778 586241.67815996 575622.90884318
 572734.99972017 570165.54251284 573467.05015059 579077.43007917
 568465.64665231 585112.77887795 588610.53061825 578519.975258
 577582.98101365 583534.73754707 584184.37961277 584375.81294235
 590523.36318075 568451.81067366 593050.82264044 595419.39852321
 571961.15015266 593936.83154265 584592.72465703 591362.78450229
 578222.04470012 587312.24568911 577955.82603805 574962.24827228
 590636.91257846 585045.06474763 583976.13263157 570898.46696519
 572758.81039718 575689.40703897 585368.89488978 591196.77208824
 579387.43843155 596183.09436306 581820.37132285 587563.12214097
 592564.26599369 585009.48780625 573309.67214816 576585.85294876
 574413.4473657  588931.07437913 589264.14874158 586742.86307098
 577397.81808155 580586.38428375 591828.45986533 588731.92155358
 574353.42043753 582217.9039344  581788.27230049 586026.99690572
 573671.38800019 582073.86238205 586091.82552805 596000.64713367
 595109.36136233 584469.259471   593711.37723783 582601.26751519
 591624.25374911 587597.27537217 592849.11972191 592272.36372179
 595422.70705913]","[5827813.15426264 5837189.77141603 5828300.73993064 5844683.01549005
 5838621.06106457 5833861.05023582 5827578.12746196 5849200.518675
 5826847.56195867 5857792.05390001 5855156.28719631 5839301.83421493
 5846835.70931579 5855273.03587078 5852841.84909713 5846073.71138706
 5859638.4759964  5829779.06541629 5855215.90273192 5850705.47739126
 5832626.29602921 5853662.29975368 5849748.58348171 5858177.91766788
 5844918.08568511 5831224.10431891 5827621.49575941 5843493.4796513
 5856647.22917439 5831135.83245916 5828525.05936274 5827361.80953788
 5835373.85906939 5830734.24361794 5834760.3129608  5853302.75885277
 5831000.68115223 5845885.22683648 5840379.49521643 5858500.97623114
 5843273.41841542 5848627.79916288 5841443.3031884  5827546.12556253
 5840894.49130677 5841183.80346442 5857571.37687284 5840215.66185376
 5831006.05999768 5850549.59058797 5848525.51772904 5848166.73537925
 5842527.01784358 5843558.76199136 5837761.5167245  5833278.37307095
 5834216.24595306 5830614.58349056 5851889.59407405 5843399.29312208
 5844447.26013586 5836411.09421851 5840561.74738297 5836246.92603276
 5839637.3769416  5852435.18737659 5839525.39214495 5846151.2183371
 5848134.95327607]",6879.882850597923,7235.806152689743,7185.58038502404,7147.774402052891,6765.902046992591,6797.9022874822185,6879.538144982966,6855.530017122315,6871.281058887068,342.07230432155694,7289.256168375894,-73.2383173740902,357008.3656763109,-80.70238462393172,6931.427285973009,5960.755076913101,2,ram-RCEN,Rotor average model
"[567224.29748289 584594.07336787 586110.85115201 587862.82654919
 572887.39858599 568034.79406766 581298.70640157 573503.09901828
 583441.27637452 585694.94621405 574240.45501538 572284.55469608
 569195.60013371 578310.6767453  569910.32019384 575286.57888794
 579540.77033876 570433.6627019  580358.62145229 590213.33119042
 578313.96867228 577356.39380153 591590.89960267 570042.53936536
 587238.53835919 568783.51984769 571765.24049096 582202.58530412
 594788.78039394 585940.00352956 584982.39348352 577205.74343319
 571051.65233357 581114.85908847 596194.40783114 590612.91274721
 592753.54360922 582119.30507008 585220.91512713 593599.55194073
 584636.16003014 588617.48259212 596250.10939273 596280.10970757
 580101.62043665 593798.6333125  593040.60811975 585214.5144421
 588082.75326906 585078.02623805 587001.4228532  584085.61117116
 574363.80110427 590170.00613607 582314.99040643 596026.50024837
 577316.35704422 591449.01288755 594629.15328604 585913.54490726
 593443.09145714 595339.71093266 570917.16477949 589395.01245899
 588948.22743933 575783.66134111 578641.05351445 587028.21723243
 585681.23711687]","[5826765.11793561 5856926.04963988 5828239.39789409 5858906.07520485
 5840325.05853411 5828778.24037832 5851398.78095809 5841775.5631596
 5855151.72598895 5858310.15838311 5842925.14974273 5838606.40637406
 5831539.65450046 5827732.9098505  5833286.36756804 5844355.05008818
 5850030.19677708 5834541.14932771 5830526.10033191 5845571.94683377
 5848494.38512151 5847119.58819112 5857774.41778392 5826971.5582654
 5830458.25037782 5830309.24402061 5837539.57666819 5828086.60126013
 5841291.38348891 5840627.20614887 5848210.50418292 5829572.33034509
 5836021.54720579 5833625.7879008  5844052.14987574 5859493.84788791
 5848316.68672372 5852660.95989734 5832272.82166418 5854252.1944214
 5835116.92139754 5855097.17383284 5848648.6734495  5846796.26276927
 5837117.58655218 5840112.44605894 5855233.33895435 5836828.43129414
 5853434.73176346 5846239.35377582 5831806.88896201 5828084.12637418
 5827317.18746452 5849582.0951234  5842864.1749767  5849996.50633652
 5845812.45500286 5839373.39283247 5852445.40822574 5842364.36912164
 5842723.09247575 5845398.98953252 5828396.29677627 5859327.92652733
 5856461.84148666 5827424.51598122 5839812.08617184 5850776.91777883
 5838750.32270495]",6911.822701816196,7248.957685070319,7201.3397250681,7176.241879158459,6807.682835315752,6837.420823295295,6911.5067719037315,6889.548531714968,6913.324146044087,346.4554975219098,7318.378040441579,-72.800181809306,358970.37390835956,-80.15152789994397,6966.632697279349,5996.233852878618,3,ram-RCEN,Rotor average model
"[590528.41999656 595836.20976091 567349.63001352 582096.44883623
 575905.82621795 573454.04782386 574359.76031391 568574.48507628
 572555.57206184 571743.34220424 592442.88207521 581034.98813767
 585697.50754134 578364.94755339 578875.16472881 588518.36781198
 571275.62554625 578377.9167238  596306.05957871 571972.22288114
 580335.68551536 583055.42722925 571665.42816527 584573.84782485
 579171.36699742 581254.66886504 583230.14735438 574747.98461289
 596106.90890616 594294.85803171 584639.28512488 573516.00295444
 587729.32343601 567908.27944803 585994.58181725 576479.25175809
 587236.48262033 590020.33414644 580972.92319646 591526.08229952
 588972.69434316 579303.23814494 591409.23744764 589101.31811854
 585257.82484034 583874.72828403 593417.61371865 571499.89611997
 595152.71657629 585026.21039329 594513.14120378 587578.30586956
 580000.01999836 595146.665801   596054.58007961 576287.62400931
 570065.78273311 587036.59839857 583414.53600999 585622.48487364
 585624.33271295 588768.17340085 574502.86571983 586228.76850108
 592195.98294458 590159.96967432 585875.20908138 577005.96719103
 579586.15896601]","[5859640.06013452 5841410.85677876 5826807.15640029 5853537.93310614
 5845165.28536655 5841146.83530757 5827311.56550232 5829506.1064611
 5839525.18472319 5837684.58354274 5855950.80652495 5827993.98462047
 5858310.75281755 5844711.69933688 5847299.86266704 5847066.02837533
 5836560.03932973 5848581.74015283 5847624.25830891 5833931.92755059
 5850784.50859045 5854979.01370835 5828887.90322566 5835019.95730762
 5849668.19516986 5852192.10887359 5828788.88825222 5842897.54697047
 5846395.62146148 5852436.6255109  5856914.87879911 5832925.90239983
 5831420.87724173 5828095.55160906 5828542.50836184 5836450.78213454
 5857372.63853667 5852971.38999094 5844486.64505242 5857890.09274415
 5842140.47417993 5828257.06985583 5851737.55845617 5859088.73796324
 5841898.72821776 5849120.67182714 5846009.98254958 5827086.56715788
 5850518.28094255 5843823.2073252  5843686.212385   5830299.51617581
 5831744.20380644 5848865.30071943 5843203.74469623 5828815.58384155
 5830028.69118148 5837343.69692807 5830719.32813511 5837911.77471853
 5840282.64904965 5854329.77764503 5838134.85268374 5833202.59940237
 5843145.37858939 5856325.81394491 5852036.45998134 5832705.33774437
 5834076.0187045 ]",6894.115781431522,7243.6244885790275,7194.640713281528,7158.784770880055,6787.386273026695,6814.690472850592,6893.784090253659,6877.669973242708,6901.37318206224,343.6202682055621,7301.3309072025595,-72.92965695267901,357828.7112611137,-80.4031423599188,6947.926988266595,5979.886113706425,4,ram-RCEN,Rotor average model
"[581904.54750158 567617.05784967 569316.85770342 575251.28736294
 584610.25836797 571480.16472934 582639.15859628 581112.53526049
 568350.79258397 596110.89477095 581162.93775869 572415.95314903
 580993.8798095  575883.79591542 584862.8690572  573483.21200287
 586096.40566012 574678.58544846 584352.23947099 592805.5659644
 590736.30865921 583413.40664833 581808.35085053 595222.63691277
 590771.82210017 571155.13008079 577542.53103653 588766.99939662
 571264.07881875 594508.08486332 587545.45310746 594211.23797669
 590841.87710165 576739.91382798 577551.86072201 573789.4619525
 582222.50992776 585937.76257666 575143.68575416 577855.40664086
 587657.84361016 590910.0397878  595878.42156813 589017.58189328
 588993.94381095 589959.71335193 582650.993301   579268.2856295
 586084.75874837 575147.63894634 583332.17602882 585239.67969213
 577444.11072282 585662.60304123 595839.48425159 586710.49250703
 588522.75636189 576885.17987452 582805.16539012 583598.36185211
 595959.12058462 579282.07131362 587813.80576961 590814.20630731
 583619.00900515 586302.46035426 586873.8927913  591750.04662074
 593670.29487367]","[5852466.63853947 5826935.48043705 5831112.97845684 5840702.8798271
 5832801.2551688  5834474.44869718 5827964.31854197 5845643.38654091
 5829142.08025738 5843757.90411621 5849581.36318169 5836503.62339911
 5829273.17139902 5843906.67094375 5853620.4703542  5841860.12919461
 5828238.48570694 5828083.94035992 5830309.18740314 5855647.01059429
 5851401.27846094 5855468.74956845 5831324.00456686 5847848.58705612
 5855212.97964039 5828739.6188151  5847282.35383418 5858572.065297
 5831533.26061008 5841530.69211601 5830681.89006324 5853131.01490842
 5858656.64845343 5833892.65277237 5829800.62618536 5838814.59897982
 5847727.01438521 5858369.79680144 5831716.30759359 5841722.37007089
 5857098.4681369  5839742.44043865 5850245.82476683 5854617.70369688
 5846706.52238211 5848899.91453216 5851387.33347261 5843448.02506906
 5848301.46144355 5834955.68394715 5835501.2240811  5834834.02800289
 5838196.68494312 5836642.4941785  5845446.13654552 5851953.98862253
 5841065.36609072 5836786.61247795 5837012.08462584 5845660.67421976
 5841948.11804319 5840365.60138759 5849960.36069584 5845244.11386795
 5839050.66990327 5842059.12457334 5843344.98050921 5842854.74157844
 5845865.15907762]",6868.002096737468,7239.612843501752,7188.972829744306,7146.398137443228,6750.035087071819,6783.7424328747575,6867.67757129954,6837.288847171657,6837.586738676768,340.5258354015208,7277.629732858087,-73.28074709592724,356313.338859615,-80.7669321249544,6922.615988494916,5951.859653023859,5,ram-RCEN,Rotor average model
"[590526.43713647 568325.9435591  579546.60845023 586179.03781344
 567336.04589705 581633.97387078 571485.73938078 577384.40800051
 573421.2841915  583364.69410353 574698.74530282 569264.16028476
 567644.12945714 572541.15653882 591129.28824964 574766.51578033
 585256.95040669 570470.56564723 575123.58353364 577889.9778369
 580570.66039546 572339.45157309 581784.40646575 596094.94078454
 593798.31589605 569833.06986909 594921.67565066 581489.87346392
 575841.99274337 582664.96393203 586660.72106003 584504.36404403
 588469.74395068 573502.63668503 584482.5975844  596162.94224557
 570521.24632854 596136.13417439 590187.98740508 594285.21143602
 591654.51928685 596200.3117035  591437.20510935 581908.84139364
 585120.50800645 575709.12131627 589605.37332787 586840.13437643
 591827.50319087 578124.58966721 587859.45499526 578830.60747748
 590097.61280503 586042.31537174 592875.8278385  585231.08777095
 585704.02210664 593720.68919965 581927.25428518 581192.74658648
 576050.06652145 594481.14966441 589882.6237788  578678.64223981
 579261.97600329 585540.93272907 582172.36621564 580559.63892696
 589523.0193908 ]","[5859639.31854481 5829401.77740055 5850171.80366406 5828243.36128112
 5826767.48084204 5853035.87771004 5836940.34961518 5847091.68465926
 5839922.5999051  5855184.61845302 5842845.74753645 5831545.44739829
 5827846.0561775  5838444.08465718 5858312.52649854 5836659.9164921
 5857989.45315078 5834619.87931676 5844040.61696472 5845979.29656306
 5851550.85120088 5827152.6201465  5827969.89967118 5841562.09492641
 5853564.95918068 5827037.05619643 5844325.24238762 5845567.25651838
 5828081.98868485 5848530.83574434 5858574.77454741 5856773.36442962
 5846108.67311569 5829837.89264591 5853315.70480805 5843410.62836414
 5829339.55569325 5847450.33240627 5843224.66200845 5840412.31369273
 5856260.87452072 5849686.46461441 5839126.15819483 5835595.17917055
 5828954.29670676 5833227.86457755 5841064.0298043  5842235.11076038
 5857362.25048921 5834244.38555465 5830549.16133123 5828707.90192705
 5849962.49003646 5830877.19629756 5850456.20973889 5836893.95380013
 5846910.91971712 5847470.68526616 5840315.28226267 5832136.12747174
 5839361.18369649 5852290.61210381 5853352.50753141 5843011.60160131
 5848774.15375265 5838357.0215379  5831232.40161513 5828408.08214576
 5858316.92412006]",6903.816945188154,7246.594889134107,7198.793145850199,7164.059890883517,6795.652599035233,6826.353374459283,6903.489395448231,6889.940081900814,6942.043227806631,344.9588019439858,7312.492920978315,-73.00675465923186,358423.809641062,-80.40828860776814,6954.903611051568,5979.402834013941,6,ram-RCEN,Rotor average model
"[567253.3635261  573813.7987008  571807.0872616  579031.73596785
 568933.12790196 568328.11992628 572334.43186502 567735.40377973
 590484.37888629 591581.77726887 572940.04868358 570820.60388244
 579783.71667834 589446.71110265 576561.36233546 568995.35151142
 585582.09614385 576263.06450573 585572.63418627 583299.7767408
 579752.58095007 591945.0974344  591506.93721238 580798.04606197
 592495.67939375 569589.77444008 581874.09668197 573125.31182058
 571297.49890071 596116.76932022 587700.54152014 577502.3787907
 585344.81210471 585662.48412571 585097.85257669 596116.06092952
 577297.99328185 596006.60413347 574399.13396687 582679.66698017
 585758.23124515 576482.23604539 588390.46635602 594443.91987477
 579905.08993314 581014.27423034 596156.69661976 580901.99969931
 595980.06118736 596170.55142229 575586.87825745 585651.31565909
 590852.46163037 578685.64546437 586787.07049328 582857.14182097
 588993.96423933 592050.92915105 585845.34700687 582370.03040192
 585891.44302524 594536.84272334 579937.60885975 584799.97840136
 580492.05579207 590164.18336135 592087.31921482 593951.44899405
 571003.68645103]","[5826822.60396244 5842335.19758828 5837427.9544712  5849211.85693401
 5826884.28815808 5829488.58539746 5838884.69250687 5828065.59671698
 5859627.95340707 5839279.95425314 5840296.77268028 5835460.39069795
 5828161.44113979 5858849.85587349 5844987.09163993 5831074.33680065
 5858089.28226005 5827596.86313966 5828397.39628011 5855311.53811681
 5850388.87365071 5855151.18167645 5857925.30763352 5851892.21097095
 5856190.53284105 5832491.49946846 5853286.95063368 5827215.77764201
 5827072.83111122 5841588.93160738 5845445.37855095 5829603.48879058
 5832308.60244779 5830948.95553786 5856198.00911555 5848355.59720283
 5846478.64290475 5843455.77880968 5831377.171184   5845656.12590735
 5829711.20764475 5833392.19640348 5856859.83097404 5852240.33977492
 5841417.91354832 5848180.57924117 5845874.72509057 5842894.98541028
 5850077.05850467 5844625.30223584 5839792.87665733 5853226.81969092
 5852798.60980067 5836318.189639   5837671.06838609 5830326.85288975
 5850533.84062677 5848060.87008968 5840003.42999725 5833233.57248427
 5841805.76778076 5840644.39607984 5831244.86828722 5837230.31369763
 5838497.35848461 5846223.76157494 5842625.57152894 5850852.21900307
 5833059.04372672]",6903.575376354069,7247.593160446091,7199.487190718609,7168.233768306484,6796.5634439784935,6827.460000150281,6903.258555027077,6869.46675542574,6897.370504780192,345.04546201031656,7311.151063969967,-72.96525768719911,358452.49979422125,-80.35334076362207,6956.612868672607,5980.371772073507,7,ram-RCEN,Rotor average model
"[567907.72464995 567695.66020551 572498.09897518 570550.82979184
 584726.28540554 574491.59043955 586235.17324628 569254.87634199
 572085.42550112 569205.54605432 576991.73145012 578226.89890532
 583788.45153528 585439.69983352 580007.86068836 580932.88463017
 573548.53768436 590267.43363367 584718.36656891 577335.5850003
 582973.67178013 584123.71137384 588181.67289812 595989.08976731
 580121.36433194 583319.7554784  575802.2789776  593220.45838898
 577734.29232142 575397.4952745  569870.4051361  595603.37035903
 582532.77348786 569933.96192949 590258.84714172 593125.0438346
 593991.66944638 579785.90887231 573311.69531686 578789.28962499
 592804.13330209 584823.41524248 585765.78386201 591168.4890061
 586102.76928073 578366.63793774 591489.56224358 585031.31040339
 596242.38006768 595946.26661216 583503.75834141 581803.32345948
 593345.56661724 575003.77317474 585439.93779388 588384.87694663
 588294.20985464 586599.16842487 592912.9949332  578309.50986352
 587886.97688332 586731.31986577 594192.69381059 589970.72919596
 574514.78512747 576770.94916348 578153.48914017 589478.81270237
 591883.30957864]","[5828478.50755048 5826802.22020086 5839452.69883396 5832954.29841796
 5857167.45335134 5842861.76048638 5828247.76232388 5826909.23087677
 5835785.48244623 5830427.51018533 5827548.17888908 5848372.91780115
 5855112.47343811 5858239.27010041 5850740.18687041 5852007.71506684
 5827348.47493636 5859568.27553246 5828128.21651553 5847156.34841425
 5828135.95961173 5856052.58372486 5858967.13206615 5850062.57259784
 5847063.76578063 5841107.29876585 5834919.90842666 5848648.92203992
 5843281.5909016  5844504.9648896  5831546.3700521  5841716.27927874
 5850834.5433078  5828420.09869533 5839950.37540753 5854902.29285281
 5853563.8008039  5828174.24060702 5830363.13270903 5842056.06897938
 5843647.37100597 5837178.32678767 5848089.79461483 5850747.80044328
 5843119.12143823 5838914.61443323 5852915.85231007 5834208.65412764
 5845596.84776059 5846871.90167736 5832753.23589823 5853056.52405056
 5841352.94173543 5839254.33598653 5830136.50768453 5851832.30739853
 5846488.24135038 5837848.35629426 5845871.62457863 5832269.01043856
 5830736.0042404  5832906.64861662 5842800.18613069 5858270.03625864
 5832781.1538477  5836279.27664296 5828927.95732199 5855984.98274149
 5857264.72492694]",6902.552595819303,7243.035093622237,7194.860545110239,7161.9216308408695,6794.271039961996,6825.368462606808,6902.22137661293,6857.94507612367,6890.461148871668,344.877120412573,7306.018200762299,-72.9754728771672,358367.36747629324,-80.37177231309755,6959.01581204291,5979.92893688012,8,ram-RCEN,Rotor average model
"[569745.8320463  572988.32127814 570200.35704785 575357.62179485
 580216.79730342 576655.93606125 591969.61639963 570791.59869735
 572097.79986033 590950.31675441 585819.86858524 584911.51146296
 577455.40862144 584351.31686374 581939.70699161 569911.21091884
 578351.86021602 567788.92495754 573205.54402995 575168.92252459
 589319.3220343  579948.37923118 572530.87019866 585369.59671848
 587129.52314117 577089.28108129 580821.85068063 586097.94570992
 592153.96239963 594225.26272142 571503.80229961 594338.48272625
 592306.64763381 577114.53151205 577316.73281171 587624.77462556
 585969.30229034 585713.22401624 581786.50202226 574559.49672869
 596331.2380338  588395.56935806 584166.65008418 589149.45271367
 583139.43098367 581906.10713932 584033.19746842 586825.65996414
 594144.26028443 578826.19827344 579455.87832583 573159.00544459
 571996.63669466 591906.98466244 581569.53217473 590318.66984456
 595067.77216797 589987.36465531 586435.47387401 591865.93279026
 593172.3124578  587401.52805455 583993.04141605 577642.63198652
 585342.3017331  580525.65976012 588612.58926642 594728.71851018
 582689.34261117]","[5827694.26993642 5827320.6850271  5831971.15621619 5844047.58916101
 5850960.05693997 5828941.1147584  5844299.8792351  5833943.03660277
 5836583.09592471 5858900.9412724  5858344.51161213 5829576.66579326
 5846855.57176445 5832218.68940214 5853065.25693523 5830326.48760301
 5848409.32762119 5827075.57930108 5834761.08140751 5841772.71737217
 5859307.11272417 5849316.07614119 5839473.31146338 5828465.70179916
 5858642.52024043 5838012.71943244 5828277.05583571 5856744.958845
 5840599.18015088 5841871.40989273 5829723.67445139 5847684.37562377
 5839190.05128167 5834658.82269803 5841013.95436725 5854514.74906746
 5846368.70890796 5836829.61787796 5848232.30753068 5839345.35942309
 5848428.4249905  5857020.22286553 5843364.73365141 5851845.67920269
 5852425.04631735 5842380.73267751 5834127.25529648 5831604.16218504
 5843568.97693579 5828266.75674101 5836673.61057788 5830897.5899338
 5828095.04410284 5857218.85265921 5835332.06984723 5850209.25419827
 5851677.64882937 5855839.14440721 5849692.96432705 5854205.38598866
 5849208.25338441 5840806.98240922 5850293.63140593 5831091.5246497
 5838821.79178109 5838854.33904475 5846370.01426273 5850687.48958227
 5840045.17496593]",6868.049181502992,7233.257450087876,7182.202622893666,7140.911052471783,6751.932628549587,6782.201123659719,6867.697656396358,6861.253892040223,6870.491110742593,340.2346122136645,7276.881393212386,-73.27436344898233,356259.2729981946,-80.77270602236332,6923.9166066901,5956.682419457277,9,ram-RCEN,Rotor average model
"[567326.2842549  573438.62281071 583412.20202941 591914.87941936
 570592.77143101 578891.39269526 585633.9233764  571486.83746395
 589385.76624779 569710.60539396 586325.27583284 579467.30737348
 582417.29258135 580889.5790644  576526.41482985 571764.27157583
 571989.16756124 568120.68170227 586237.25392397 587841.04719786
 569454.93883655 572125.91150483 578857.61542837 577479.95324545
 571967.75603485 585725.62125788 585400.52959056 576208.8615957
 579921.8045726  594910.11597944 573649.83233877 580799.31216291
 575799.26840877 577025.90604814 585173.95944052 582962.06056287
 587577.47092316 583918.92014698 587326.90109976 592920.80412448
 593261.38261646 595239.26021154 580108.31987903 594637.05839945
 572173.18988619 590824.58468025 585495.99194022 594335.22121544
 590063.87805823 583547.21690971 572562.68566973 586821.03269625
 595923.46086079 594195.97901728 576801.17886829 588710.78807086
 574691.66971059 593613.87348677 585220.12693727 592124.28094517
 589055.50570743 582263.26177923 580235.74649578 595872.24645372
 592433.77506449 591611.67881545 584721.92870075 581800.92034728
 587850.11353936]","[5826905.39315089 5840455.83728454 5855467.09465622 5839069.91286446
 5830812.71456248 5848873.33581417 5834142.30829159 5834400.92496665
 5859325.42540106 5826944.91866847 5832660.78526726 5850027.18028211
 5853984.81664592 5827976.13642879 5843269.94501706 5837141.86388919
 5838263.03977569 5828951.42039669 5828258.84826206 5855139.36009296
 5828598.87048778 5827188.8968182  5844544.07354744 5827557.19219031
 5835401.29187505 5858317.25627647 5842817.60195299 5828391.21330866
 5847400.67485392 5851915.96230149 5827447.94968597 5839590.15256844
 5838309.95358337 5844842.81263841 5852458.53509623 5829372.97641469
 5830646.96434902 5846728.32898784 5841151.56633565 5846244.62538153
 5854829.49701609 5844415.19213133 5841705.89726179 5848785.03138102
 5828886.49395646 5859122.17751593 5848939.31687127 5841305.71269942
 5845516.8260179  5836826.78915407 5832962.072079   5837463.87558291
 5843023.77649771 5852949.29534307 5833118.85500181 5858087.11516334
 5834707.08800547 5839997.88298448 5855236.28115683 5852489.26773705
 5856700.13813928 5843151.96840782 5833580.20473434 5846652.23248351
 5841468.12954845 5857567.83136831 5828213.10068744 5835185.03202602
 5851264.66250717]",6888.647702211567,7236.9039395298105,7187.7302488353225,7148.445935104394,6778.668978416879,6808.270436157064,6888.306912359564,6860.8558516035755,6895.035395019508,343.0624241876939,7297.561895110297,-73.13728142481258,357519.4037847296,-80.57837956996192,6941.431266078112,5968.631164405821,10,ram-RCEN,Rotor average model
"[586235.95302713 578914.82489929 585451.18827797 570670.29662197
 569952.69059285 572751.90929728 568267.16303101 590623.92975853
 572111.26409551 572940.46715758 589445.26707475 568795.00634242
 582899.89142272 587682.34211911 570349.11449636 586542.04342504
 580681.79078903 577658.67992108 573442.19819946 578462.46390472
 582784.2797396  571130.06517213 574539.33598086 569158.1658013
 575838.29118036 576350.62175527 585849.24949286 595575.54289067
 586936.48017972 574856.02874674 586377.90698179 576093.4980165
 592932.10721662 584510.53481539 574161.74402733 583654.51930242
 596003.8817527  582253.20237059 592285.06601407 588118.06581231
 589389.88485675 584636.42383401 575591.74632233 594769.74936114
 588583.09468698 591692.98621963 583328.92621235 571974.10678981
 578172.78683346 586386.77552987 594430.93945083 579806.00680002
 580775.20980268 594741.91430237 589565.6457384  574328.84949231
 585113.41353117 582056.44874079 584661.68147572 586680.47291374
 578407.9369282  580039.90286438 593467.53553903 594758.09624817
 584267.59789636 576873.5661726  592198.00172343 596275.59565709
 590959.14216624]","[5828248.09683174 5849317.5387328  5858236.55847201 5827020.83414694
 5831989.33693203 5827184.62026559 5827141.1945577  5859474.44130278
 5838566.87061839 5840528.26636202 5859180.8180518  5830609.11526669
 5854737.30195914 5858856.6809641  5834336.00816984 5838211.97776366
 5844462.3262642  5847436.42175375 5831585.13077141 5827713.48486821
 5827975.68223905 5836213.14561963 5841905.78649347 5829258.1391051
 5827595.21679004 5844509.14932016 5832728.32489377 5850787.16803956
 5851841.97859492 5843285.30252149 5836905.92566959 5840025.13647877
 5846645.69741229 5840766.24170949 5837983.38225515 5845962.36334576
 5842157.02248661 5852514.17730083 5841767.7805769  5854750.28914385
 5848819.15038209 5828121.46707884 5835201.56781214 5843683.4312538
 5844822.58025358 5854673.05224187 5832864.6429068  5833919.41199922
 5833100.52998748 5842668.77493622 5849288.90174414 5831488.19632281
 5827817.2912462  5852250.48473367 5852574.24019474 5827325.79825215
 5829745.36951113 5830023.87649195 5847484.23022828 5849784.15442148
 5840519.16605201 5848228.32358634 5854485.0060202  5846589.72002732
 5849380.52357347 5837692.10256792 5853047.45670168 5846676.24150278
 5857297.42386181]",6883.03966943718,7237.716900404812,7188.06073684015,7155.166750401066,6769.79061093789,6799.191775414506,6882.6852622241795,6859.342837915189,6868.809602269363,342.600532004845,7294.233732598367,-66.58224954674415,357180.1633768965,-73.36632482778982,6941.865494770867,6131.358989051945,1,ram-CGI,Rotor average model
"[567930.30846099 569252.67584347 585231.16291673 571955.73391192
 567766.76610158 596091.58242667 570567.69115247 576772.53561646
 568663.26877674 571083.58671291 579841.25730574 579180.11380696
 580590.41471918 572442.54678263 592170.52472876 590530.00684701
 574672.647657   583315.60189773 573096.15377255 576603.45915543
 593936.79610321 583473.9012934  588226.86267892 575138.76331691
 586269.63162031 574288.51706679 577468.31746919 571490.1813084
 585446.47390518 583302.36290899 583109.767358   595610.56411039
 584121.49346134 589990.69174419 588080.78322726 586884.6319485
 580088.99295766 576823.88371255 585525.01255801 570885.57847186
 596038.08476849 572943.2970341  593987.93761193 578250.86947004
 578902.82112197 591265.20725946 574731.18147243 588750.76136578
 591043.31929223 579969.10300467 583958.84947081 588772.41583838
 584968.24609979 595028.9662068  577345.50309923 592435.0862884
 581687.18766564 590352.05237243 589866.41504008 579138.0608127
 574105.37277737 589572.71132282 591171.87136602 586477.78208419
 582310.9488278  582869.12915848 580883.99012984 596231.28065827
 594350.03221667]","[5828518.14677183 5831583.95167648 5828169.16650813 5827121.87656383
 5826890.77603735 5841597.11367729 5834863.55684646 5846154.33269298
 5830290.01351461 5836088.16562273 5827807.15365799 5849680.31044153
 5851608.4645909  5838423.37610225 5839303.53671262 5859639.40770052
 5827409.88208648 5853600.85657187 5840263.7456093  5844784.41325259
 5853661.92206874 5855296.70654843 5859006.95235714 5839023.20503554
 5857916.49253545 5842111.82075526 5847338.98703748 5833627.43802001
 5829466.58458079 5828894.00190055 5851087.6074296  5850726.6177958
 5856436.72451823 5853151.82874761 5830708.34995743 5831786.57415435
 5831683.60692696 5843388.60529023 5842697.73622933 5829188.48160588
 5843814.34226829 5831027.38146413 5844045.87925937 5832240.76161262
 5829319.62804477 5857652.61240915 5833243.27463539 5841611.19392177
 5854771.03969068 5839619.70794043 5844365.66967376 5857097.71239088
 5832635.53948789 5847717.23932375 5836019.38900994 5852172.14188959
 5847036.57348838 5856271.7307482  5848780.79550926 5842287.3860006
 5829346.87480658 5847246.64697569 5850657.96184069 5850163.61588036
 5836057.97801101 5848821.23419166 5837956.35513954 5846448.7715181
 5845873.77684178]",6892.707965090122,7245.311875700072,7196.122246482899,7155.771829772584,6785.57848343231,6810.085177557904,6892.3683433921615,6871.5203517545115,6893.269060222243,343.21006728214275,7298.7176172118425,-66.65191802670827,357708.70874641277,-73.44480332479237,6942.925827973884,6132.13103448254,2,ram-CGI,Rotor average model
"[567267.98735042 580760.28464834 581885.47232333 568454.89589399
 579179.6952917  573946.15986524 576061.84387236 591210.79584195
 590522.69418578 571055.74975778 591619.799081   574905.51188374
 583819.12496823 579172.00592297 569206.578438   575357.40860214
 582098.90494564 577631.79908762 570034.61782279 571860.92822708
 584975.09815328 587233.53807446 576854.92500075 581186.31511267
 588855.71836202 587849.60945867 591807.79232167 592073.63197177
 578303.72789631 574660.3920714  570989.70098643 572379.36300494
 588289.24347765 587266.38583039 570899.56460047 584718.52752623
 573044.0295208  583513.91271105 593881.29277901 585405.42410795
 593442.46962181 586315.01646425 594632.26109333 589850.19640353
 572514.96171315 574623.86420797 577850.76188058 596124.31860262
 596242.54667152 581242.03673702 592888.33158575 584123.80869741
 588482.96523863 579718.32811668 594944.43471753 582745.37988616
 586235.68438179 580338.82057329 586904.24057641 593737.85352469
 587421.14115978 593454.88799692 579382.32870515 591148.82154393
 573581.18416729 594500.75168625 583071.18111019 574753.64162937
 585872.92564921]","[5826925.1636634  5851723.43444085 5853379.73630593 5829737.05218947
 5849223.39715496 5841968.86261222 5845416.07497213 5858443.45751043
 5859636.82901448 5833493.47391986 5842288.40213281 5843822.51423811
 5836929.95681093 5844735.1773095  5826905.14447025 5840221.36124321
 5828040.36021386 5847377.68995934 5829453.97134497 5837853.04998891
 5828148.45738764 5858344.74111556 5828410.2119729  5831634.86346667
 5848242.8519674  5830917.85742166 5857298.58774595 5839838.21756878
 5827861.67217209 5838358.9256356  5835871.56619141 5839211.24696493
 5859024.1146939  5855201.64912389 5827113.85257642 5857251.31513223
 5831846.31575305 5855387.06058058 5853758.91370139 5834627.84177046
 5848879.10901899 5838581.64428573 5840650.11008533 5854548.5389002
 5827450.80814273 5835897.88934242 5836310.93094405 5841903.64357232
 5845616.55489526 5844255.44128371 5846079.00104204 5852907.98861001
 5844831.56122926 5838729.35271986 5847855.18699324 5847660.61669993
 5828247.43289163 5828123.77237999 5832115.06291047 5851015.03144134
 5851330.39809286 5843947.02089766 5833518.01590047 5851251.4471407
 5829104.14934588 5852379.91670745 5830022.21627292 5833033.69829275
 5844308.72834931]",6898.301217953223,7246.3580448493,7198.723191254835,7163.195637885956,6790.210522068523,6818.323833815043,6897.965542691782,6875.778016996438,6912.34256506012,344.27271325671717,7308.902619166065,-66.52806061952082,358098.609798393,-73.15766565056566,6952.45147958807,6143.278929610205,3,ram-CGI,Rotor average model
"[567270.15739619 587700.87558747 571218.83737986 579922.85328056
 571406.48955613 590497.44932127 592894.30421485 572114.67631356
 581775.8890538  584761.83733801 584994.02839074 576297.52659601
 577412.93888139 580772.26879676 568611.91343655 572388.28526203
 585591.24372117 569447.60211258 573482.20822346 579808.5690405
 578986.38017403 595956.37771967 576512.65763092 592595.90323698
 585257.35686977 592260.37878912 586236.06486089 568927.88004154
 583183.12762849 570359.09447633 574128.51391047 593544.62065144
 596264.67646758 574745.98789863 584421.85553132 589806.54800469
 568277.71989478 586678.92748425 585224.04164589 575456.0063514
 580033.28958191 589367.62204633 589029.05097141 591501.76259209
 595286.1468235  571688.74620151 577752.60095018 583346.27713129
 576664.19040043 595901.04049281 584805.85150081 587120.94093243
 593715.88263055 575520.85099192 577964.46913871 585067.15085412
 586168.09720361 595810.40512629 592479.19733529 586849.13664576
 596177.05960645 588600.91414704 587272.32365741 567813.07610788
 581668.82609162 578025.32718958 588975.58320178 584052.79641768
 591400.11658876]","[5826860.52223085 5858862.10358345 5827064.16106676 5850567.89408212
 5836790.8877859  5859631.31411225 5855476.1774725  5838453.80819256
 5853117.84517186 5828131.16638113 5855723.29074582 5845737.20336696
 5847263.77160922 5834387.64669523 5826858.39880653 5828456.64202981
 5858280.50463135 5831713.9684798  5840989.144999   5827766.16306073
 5849226.31719768 5846309.65233375 5829819.55461924 5850665.99144003
 5857033.68148486 5839362.38296015 5828247.98825923 5830356.78652149
 5828075.41783268 5833421.19050633 5842233.5398562  5853837.71901552
 5849577.90147998 5843616.35514289 5853325.01869073 5857525.01868565
 5829224.56066985 5848751.20201053 5840391.6111606  5844587.33102042
 5831566.05871753 5855642.45555072 5853410.10433169 5857934.44801156
 5851295.74101784 5834940.37790225 5827742.21966358 5846529.74044019
 5836946.59565767 5841727.35002268 5833708.98532342 5830159.1432933
 5841070.44648163 5827508.49369358 5839497.62049889 5850442.52320476
 5838215.65428785 5844114.61365132 5843354.86812486 5844027.85716494
 5847794.82844189 5842457.59973538 5831943.40464571 5827902.41749312
 5839144.80411566 5843213.4694056  5850342.14655221 5836086.26102909
 5845839.7701133 ]",6912.971529592377,7250.6762696015285,7204.136692596461,7176.798476301791,6808.652069457561,6836.398154121093,6912.638536763327,6884.751913044479,6927.814744997272,346.37923693511726,7319.262217013975,-66.30886267483814,359020.9004373343,-73.0065750857565,6968.091080097515,6153.860101830286,4,ram-CGI,Rotor average model
"[581745.93115959 567613.6145106  582467.16541983 585734.95719015
 583536.12453708 573520.69365927 575172.8805699  573530.72146587
 572457.73752112 575378.93844366 568381.49986089 587665.32235916
 595397.37399811 569437.81339624 585930.34798308 577571.4036399
 571474.88973032 591024.94605486 571317.02498762 569970.50268493
 581384.01892465 581081.00645914 590836.04483952 579312.28820038
 577752.40801804 570875.8500075  577552.46918036 594243.83910994
 582407.86895931 575113.90760263 573793.92758612 582610.55173323
 587452.19169598 576481.64298658 587186.56181003 584842.54284074
 589806.25207686 580902.1582689  584199.21963997 583990.00191931
 577564.68018267 577048.73645254 585179.37727767 595320.93859353
 595626.07051974 583086.25412192 582861.22378735 590940.67694369
 586831.40580958 585658.98780223 592924.34654656 574510.37674676
 595866.21948068 584486.94280191 594860.94246344 582589.36277482
 581578.69303486 589016.39424741 588860.16719977 575512.64580343
 595626.49347257 591894.44084362 593116.3848615  579324.62524206
 585368.33666517 588324.73661278 591246.69194341 588874.00529336
 591133.1409942 ]","[5852489.89323658 5826928.43639704 5827950.85675274 5828208.053743
 5855636.50486924 5841741.25577409 5840809.25388973 5838739.34222613
 5836612.06546134 5843917.71054998 5829119.45922073 5830740.88845169
 5843745.05353428 5831258.1642104  5858375.04103819 5847114.46936597
 5834520.84385836 5858236.05752767 5831423.87945356 5827232.2546028
 5849819.15484557 5829406.91821843 5839650.11267249 5843571.05024223
 5842251.6718719  5828750.83448091 5830282.1966077  5853119.66823238
 5848113.90557996 5834993.64677407 5827266.82162688 5854370.73496057
 5856862.43068086 5834144.91088852 5852098.74568415 5832433.46982627
 5848818.61213632 5845688.26881765 5846199.46258375 5829898.95634846
 5838439.96290193 5836932.50921951 5853241.78903728 5845546.07581786
 5841269.18551971 5851230.7337491  5839216.43468841 5851736.0991204
 5842378.1464718  5834459.87388911 5855438.16056986 5828461.45403755
 5850275.50112211 5830998.63913804 5847571.53309537 5836714.58001513
 5831667.55066672 5846580.41671198 5854904.11229185 5831756.35308843
 5849214.97091622 5846612.13404115 5840484.18303114 5840245.65943262
 5837313.07211327 5849983.16750167 5843001.33345968 5859184.48806342
 5856051.58727261]",6884.2778719658045,7243.788726773127,7194.8776563764395,7152.659325371036,6772.561520573914,6800.586471475305,6883.93270504123,6853.656910947738,6873.500125253999,342.4033853830738,7291.417816557979,-66.5234915512521,357262.51366625866,-73.29786712433652,6936.287476994217,6133.810935435262,5,ram-CGI,Rotor average model
"[567585.65197767 573840.78866119 573677.914328   567706.00068261
 575695.99694019 587395.77419132 568274.26758608 575483.9257382
 578920.28410754 574949.05187901 584171.17428665 570059.72962734
 585437.82753978 570698.213917   587905.97980202 590528.88731106
 577960.68171868 568827.3181615  579417.00721413 581041.05568361
 580941.59527774 571782.55973241 574297.01082289 569433.53639063
 585568.16593841 582259.42774345 580681.00646604 582164.93075262
 595464.69162764 584596.09544097 586241.59991151 571621.84825969
 578211.66310616 587338.00879043 580132.18961206 596295.67725381
 588696.68924999 581851.04962468 588837.26726714 581412.83563146
 580333.08951491 576781.58593878 588519.64177501 585366.07285982
 594893.64975571 585286.93868777 577361.197855   590929.92999559
 593222.21015957 592278.81038453 593695.05430257 583337.24679324
 593337.69886471 589167.61522658 582397.19262948 594966.31662227
 588905.07003353 593630.34725152 585231.99898901 588190.55018396
 582994.31684756 574599.96005106 592360.40170033 589077.95882919
 587696.38418601 585020.11336616 594119.23065686 595786.66935752
 573538.47511824]","[5826825.16113346 5839307.35134159 5841034.47336951 5827989.10647559
 5844916.03966765 5858777.93905213 5829360.33792465 5838124.2280005
 5827670.69034431 5827387.4945893  5828139.50568955 5826972.48964933
 5858119.26267811 5834899.96942498 5830988.08823531 5859639.6746721
 5828553.6715861  5830687.24789822 5845423.46276766 5834342.00259385
 5852088.81291114 5828956.40186961 5842553.11544177 5832133.92826411
 5850452.24102239 5853891.14139142 5849917.02192677 5851406.06020225
 5841141.62218174 5854565.54595969 5828302.06933525 5833482.22723961
 5843908.83321648 5842745.38175081 5837578.18988984 5848639.2660641
 5847483.65164947 5830159.95226422 5859174.07687934 5847860.90549596
 5827783.95111791 5842045.6900342  5855850.41553269 5840442.56587377
 5851980.36903881 5834099.30097421 5840159.89729791 5858257.28766317
 5846318.1592648  5849186.35492889 5854081.63792558 5832825.6650164
 5842160.91914733 5857359.88171792 5828083.1936056  5845042.52584101
 5849919.02463545 5852467.38180757 5839205.59965739 5845258.43277967
 5837352.03944243 5831716.46019675 5854457.55083103 5853609.07355737
 5844127.81556959 5832580.73689431 5843615.42696843 5850241.46864415
 5834858.31921369]",6886.389581432049,7234.544596458928,7184.540841240431,7150.303581763193,6774.259537047014,6803.522217193639,6886.031116353078,6855.727664455444,6882.900046478942,342.906765674184,7293.131705589555,-66.60270218756273,357361.99345772713,-73.45286358143176,6944.573953957506,6127.686466060244,6,ram-CGI,Rotor average model
"[567224.60346754 585776.94639311 585225.94273595 590528.77716137
 574491.93305998 568847.90305443 575317.17288709 580390.75100004
 570977.3041232  592283.57840987 568287.37004362 572035.53270897
 581074.84770778 573184.29864884 572702.07062006 582820.73818116
 578143.93231527 593759.26362982 571605.57912251 568968.40180401
 570600.05449547 581650.07133063 584090.55090983 580885.34306069
 576412.02339839 567693.40326529 593216.78726897 572553.21120166
 586996.81789111 594348.95560798 586794.07733591 579652.27453473
 582885.64876273 591542.39377855 573784.68535036 577078.28665372
 595940.04512633 595592.58347558 578582.98009856 586967.59023193
 593489.85139322 589514.3530447  580757.64822936 577339.18467517
 586152.72884224 596116.88756925 586873.13715323 586807.41282776
 588425.5230691  589224.87229852 595790.08826342 580058.25551354
 592502.37776461 588793.3729613  577698.17837834 596141.96179097
 583011.92657701 593687.7772755  582706.63028795 582938.92580849
 576843.8161117  588409.21165965 580523.15689447 591327.84667203
 584701.85173113 583572.87416504 595923.25624987 570136.36402164
 586657.77448002]","[5826768.2444558  5828211.37360859 5857947.42168838 5859639.86620036
 5843189.23510351 5826877.0153407  5844397.75081944 5851030.90084027
 5834518.53723958 5856561.95756424 5829391.444475   5837996.80230224
 5852067.72276425 5840693.10557623 5839439.38924105 5854658.11055435
 5848263.0566539  5853703.2086289  5836185.68315521 5830699.26211742
 5827278.08075134 5853056.96338487 5856375.85536768 5827826.52010908
 5827533.82306778 5827964.47110589 5854925.64878931 5827508.81127915
 5858668.41930694 5852423.78198108 5830302.72457814 5830088.14711805
 5827983.3747018  5839122.1853083  5841668.04988104 5846654.64654206
 5841521.82836095 5850755.1645747  5827749.18584212 5852600.95300858
 5844711.45130989 5847690.36994042 5835737.3852157  5837864.6676046
 5837333.23710312 5846677.53987331 5831606.67910199 5839640.60223891
 5849750.8887408  5858019.57298399 5849218.12806957 5832139.71566525
 5842696.83960376 5854615.80090929 5845588.30421217 5844352.99640219
 5844974.20213673 5847546.98565104 5841000.27222208 5846643.09162718
 5833031.09654144 5842493.94011854 5840770.69272851 5858218.26156236
 5833739.7338694  5831727.09259074 5842695.90746091 5832957.07905838
 5832834.61090205]",6918.599727669631,7251.480300553702,7204.621291092693,7181.597405607572,6814.312089759887,6844.132986608608,6918.266439600555,6903.756653391374,6931.893742854126,347.28602137702546,7325.789550975179,-66.13119512623621,359336.50552531827,-72.80623888408522,6969.450420155963,6165.654510671346,7,ram-CGI,Rotor average model
"[585759.67203919 571625.22373735 572148.8732632  569844.19640376
 570398.82828911 575401.29884395 571399.62246068 570950.32075221
 574559.40510523 583799.10123301 568041.85340175 576435.4422519
 568996.47705998 590577.65111611 573397.10755643 567549.60255835
 586001.25249598 584008.82708798 580349.34771031 593727.88450195
 572711.29736911 586346.89648558 570253.70261835 582825.11279727
 578325.46397583 596047.80748573 584875.49667978 574193.38452132
 578099.62851667 593653.33618777 577255.66605498 583093.60132339
 592491.73649132 575414.13395809 596337.57890668 587471.48387624
 576372.14430583 596156.55538951 571792.62290067 594768.416002
 579899.24981751 580387.5644661  594863.32935083 584357.40091451
 576919.05340183 586698.94480078 579196.92373804 583277.66344304
 592437.35207569 582250.93230531 587793.80797499 590909.53974431
 588660.27734774 585187.56883451 592082.48346765 588158.48473934
 588931.6044646  595467.40260996 583366.22482014 581853.59233353
 591669.64849058 586548.39253057 579755.49996186 592786.49985549
 586944.12693285 589419.77118801 595556.55784606 576623.14325242
 587002.84680093]","[5858328.02294488 5837133.79178498 5838657.27910507 5833002.23513121
 5834458.4718161  5844513.12941649 5827078.01485945 5835782.4372948
 5843243.89599986 5855995.65165173 5827810.62566272 5845925.2915712
 5831093.66458507 5859555.82565654 5840949.42028551 5826776.29411776
 5828229.00847714 5851496.61065331 5828027.49088653 5854029.39088506
 5839858.71181745 5837864.98755434 5828691.99536937 5828053.71617188
 5848235.02865814 5849816.52315857 5834249.30637606 5827300.04497236
 5840117.3530719  5846209.57095954 5847048.85011439 5854835.14099662
 5839304.27059928 5833275.34538096 5848655.66626139 5858797.46842217
 5836794.42637442 5842833.71942719 5830834.98096232 5840775.71377403
 5850663.76473518 5837912.22106451 5852029.16925288 5840967.7369018
 5827701.56183964 5830153.24155539 5849535.15671385 5837739.32137063
 5856286.32530635 5853513.29408554 5842668.20937674 5857781.80422369
 5850165.06600817 5844128.22994856 5842936.68173265 5830771.43097121
 5854063.61504178 5850977.7633122  5829415.55725526 5845895.52812499
 5854346.76836398 5833185.40166228 5831326.05451367 5841243.457711
 5847884.07471442 5856039.49255185 5844229.43888812 5830566.65603753
 5857453.14463857]",6909.287137032075,7249.679899852963,7203.116580788412,7177.187055699,6805.371616251738,6831.792824690993,6908.948792770235,6883.131115505128,6904.318686937764,346.0255287427507,7316.60546868168,-66.37975957685808,358820.55954193237,-73.08646506837283,6960.854573927432,6148.923952139002,8,ram-CGI,Rotor average model
"[567855.54419775 579988.91676407 572085.16564275 581049.31676721
 576815.80685724 570243.1223801  584153.11880964 586867.13494843
 575359.61910623 580822.2338535  569682.33658609 588750.20717346
 576401.60323697 592354.58881921 585759.31584158 577820.26341917
 571705.57404162 594840.61714823 572534.12408068 575116.96607746
 589898.51597482 569391.26539127 586419.33642173 582580.0468712
 590917.01780201 573673.68291514 579310.48440279 581707.86276269
 576887.51278873 581845.42044014 584565.17342817 595294.98511776
 590722.03210188 586388.61891727 583283.15314574 584449.36976033
 572751.36267257 578765.26849806 596120.19872454 584105.80803588
 577376.60372377 587483.40606616 571003.69052251 590476.73218725
 570767.76858176 577118.29373922 585854.03697054 581407.24608247
 575192.04022406 585687.36209763 595394.21553406 594124.16572096
 592101.67821976 590168.55071181 584377.30885158 588891.02069165
 592983.10751377 579789.25519647 583964.46567169 590887.27440357
 591282.68762368 592216.50716574 590133.56033198 593295.18720587
 584308.70665216 593185.28582426 585120.66677281 593758.08531753
 587054.63976475]","[5827175.19403703 5850785.6417486  5836430.81837574 5852234.78262821
 5837876.3804719  5832263.18484623 5856478.27351389 5858632.14778602
 5844079.79400462 5828301.67023483 5827710.47045959 5857508.77257529
 5827984.40722587 5839219.69950675 5828209.68058188 5846732.6736317
 5828741.988094   5847961.2671835  5839563.89637848 5841958.15566647
 5859465.6893841  5830504.8721525  5856920.82323136 5845588.59606002
 5858957.30957156 5834121.29902065 5845052.42634429 5848411.799825
 5834427.31342596 5853324.48703785 5829447.55079961 5843623.43931166
 5856362.17537269 5829697.53731594 5841386.91152296 5850624.24310777
 5827500.74322837 5828248.09950821 5841672.04266704 5848230.86788976
 5830148.01782327 5854504.44688936 5830103.78595161 5849802.06705653
 5833872.2360137  5841242.77898164 5846201.78031538 5834612.37535759
 5831041.35773562 5831388.0807886  5851105.0107676  5841672.93255479
 5856881.48707555 5847215.46107279 5832167.50484067 5851845.54992764
 5855335.94850804 5836753.26270811 5837839.21958084 5854039.57283
 5844525.48169577 5841065.85543906 5840587.61002204 5851052.22774389
 5835058.16471004 5849290.73005067 5839393.6591689  5853973.70673176
 5842134.48162568]",6881.033009243377,7237.352610670017,7187.415835330171,7148.274064261051,6768.052826206019,6797.378388675799,6880.678855164268,6863.849609192021,6863.1586947514925,342.1103656433005,7292.228448471872,-66.65209138333587,357022.07351103047,-73.40075932316559,6938.890644381645,6124.878694201223,9,ram-CGI,Rotor average model
"[586235.17079041 575697.61537171 590268.14740393 567234.41819464
 580957.05379633 584599.061789   587747.62726877 576994.52095501
 571475.25829696 573626.60725875 571098.26990074 569024.76977749
 572749.70062125 567835.26807899 585324.47252621 570074.86446387
 579100.73599624 583904.82441541 568487.14490035 569047.40508474
 577832.57096002 584505.15737999 575402.0646998  592121.94923364
 578702.02771168 576284.02820408 579391.13676106 590351.16551556
 580031.59190705 592301.27816027 588092.62107874 591114.81415408
 579195.03235484 596302.92348253 585227.24924547 579908.30568186
 586640.86578343 590719.43689032 590505.51870984 574772.35726068
 580609.23932628 574508.43022122 582339.85102455 595876.93794939
 596181.28452074 585132.12524611 587059.88253981 584087.13653382
 584850.05992759 592304.26049116 571394.55948629 575567.70159053
 582151.44908949 593135.93216071 594303.04497758 586484.42857896
 580322.35257257 590575.80912698 586327.54069476 595510.01464096
 587288.22699781 586267.07750918 573253.95385062 590143.87657464
 578222.75248268 586067.76572556 583607.00072555 593989.06016546
 592304.16130388]","[5828248.2849576  5844103.93193839 5859568.47758203 5826778.26079173
 5852108.9837706  5856935.74758279 5858875.04395702 5846613.31158336
 5837040.87988814 5841720.88252404 5834837.98782231 5831140.02707383
 5839119.24246298 5828300.64172602 5858081.36875279 5832964.62580268
 5827688.09921725 5828071.56709192 5829868.47812977 5826892.81020905
 5847835.68942017 5830215.14627485 5827393.65625943 5839075.95368605
 5849023.25899105 5842018.04780683 5844964.15402428 5853437.91079283
 5850693.42084847 5856527.00629066 5830792.73540053 5858365.54348061
 5833532.41193074 5847523.70621145 5833715.29311751 5831356.89082528
 5854972.75101861 5840104.65455586 5849746.89352714 5828887.06790633
 5839295.22931428 5833178.69817805 5845888.02490049 5841695.2777104
 5843643.76006602 5853160.22349876 5832154.00028628 5854961.39634885
 5835530.19036208 5851814.89427571 5827765.29719751 5837685.23373882
 5848706.02063727 5855059.53709997 5844046.35406345 5837767.72105959
 5829343.61349189 5847524.08554741 5846610.14044443 5850442.59590321
 5857488.53374669 5840593.56308996 5837442.0773778  5843147.23430614
 5838333.13787756 5849783.16633761 5843747.55085051 5848641.75587226
 5842094.90745822]",6903.8027233458315,7252.838929281147,7205.652119087773,7168.350264769657,6797.863945824756,6825.268483633297,6903.483011363474,6873.003201410534,6907.137381729552,344.7913290580124,7309.285185008769,-66.44387270057855,358411.37043581397,-73.1824410046054,6956.597574596343,6144.311656277007,10,ram-CGI,Rotor average model
"[567335.06645656 573024.61857033 577190.87962749 571840.40477469
 567770.67210105 569353.64055979 584813.97911538 583577.07702342
 583745.22300542 584426.95875496 583115.41883455 574692.67047061
 588249.86615176 571034.88442935 591267.36642523 580684.70011867
 578902.33604918 575043.05943808 571418.68942508 570735.67095058
 583384.94036604 580002.65670698 582544.06094591 585838.19918943
 578444.46607015 580463.58017928 575534.49142137 581313.68769358
 588463.24557615 594057.24134836 593063.25261133 575973.58382779
 570141.49816116 585988.17442825 587295.75791865 582208.2906607
 579100.86669113 586718.71659345 570912.35672323 569579.27483178
 592379.08239656 592239.95269685 588748.63961989 595851.80779277
 580967.31012126 587448.74014597 594732.55734123 596086.14894541
 582687.55118109 586196.74674142 568461.4682069  576227.58794223
 589047.06067572 596130.05086774 583893.31749696 584876.46268849
 595186.21659485 584682.42530883 574952.38140141 590097.8827899
 594440.17634473 593524.73105817 594418.1162534  579379.40627553
 594324.51887974 587722.9340642  575279.49120705 592885.18666578
 592672.32680224]","[5826998.02766084 5840476.08978184 5846937.37823065 5837915.22150781
 5828043.92566608 5831158.72125605 5857321.52865187 5853951.36588593
 5855804.75979288 5835414.47018908 5851666.88482684 5827780.7350691
 5858272.33969802 5835981.91769483 5858152.79612587 5828564.58776448
 5834138.29089972 5841535.31472321 5827240.05279892 5828681.48442135
 5842633.56838733 5849488.94570659 5837536.18548438 5829276.60000086
 5827633.91129189 5830931.73065597 5828888.44412113 5840151.5257517
 5851453.14673729 5840399.01472342 5855193.17677044 5844298.03672281
 5833840.82479911 5842147.11081505 5831964.15911358 5844596.22962176
 5842422.57166153 5858015.78706722 5834969.15152369 5832379.62994269
 5856391.69787963 5839590.33178347 5841035.80552829 5849968.72041825
 5850564.61008436 5844756.54197218 5852266.44795804 5847458.71398798
 5827968.19620908 5837060.00117906 5829808.03188871 5830842.64495288
 5856064.51049922 5841985.31757602 5848523.94908286 5828140.67176085
 5845044.75890675 5832913.96076159 5839330.65310368 5849873.65128591
 5850082.1398063  5853661.69635449 5843267.18161691 5848291.22898751
 5846223.29507464 5853458.71821994 5833578.85527577 5843052.03125858
 5851302.20374897]",6861.240789440961,7241.0317381608365,7190.795944583331,7149.1105854630305,6752.776889167606,6765.841394071521,6860.861387430542,6968.144934264433,6966.868560636072,340.4034685677694,7282.882600113074,-73.33773016043573,356013.2776776877,-80.81822142962469,6915.199709278981,5951.763308772624,1,wdd-5DEG,Wind direction discretization
"[580972.61328021 584901.7187057  572498.4639594  591030.79515509
 593193.5867324  567832.45290844 585509.69194535 573713.01675916
 568486.4677661  567580.36670773 585100.90134463 574766.72801389
 581132.81536034 586261.14166291 589633.97030108 583823.9320223
 570577.54429614 581458.28468232 575045.36565161 579121.05559049
 579507.56050703 569132.85016827 584662.65595729 596047.65533233
 588096.76522874 586112.9692844  584859.08463763 570805.28615095
 571054.71019418 595966.857937   570003.75397944 587229.22789802
 594382.04691001 594636.96677475 593818.07653241 577027.64522149
 587667.05032631 589510.89620945 592692.22106507 594145.45108967
 591930.89094147 579341.0418005  576443.12368402 585576.93458432
 581047.74972583 581574.91630709 576602.95612193 586858.5762626
 586015.52706744 575290.26205134 587440.21913465 575269.32422209
 584138.17606886 588951.38905242 581928.78182455 590834.61084191
 589919.58527703 589772.05553748 581404.7576074  593885.55741096
 585307.12442638 573871.6174668  583893.97010395 573955.23147277
 584637.32047176 582874.0243111  572151.24192921 580236.29621735
 573513.72632794]","[5852128.20215313 5857315.25429791 5839328.02345754 5858760.56911126
 5840443.82016312 5828300.35053312 5858258.64995412 5827520.17834275
 5829632.7293169  5827207.34856508 5845644.83600304 5842500.27779716
 5848499.1201342  5828485.05058986 5859274.82627439 5854067.00594204
 5834750.03689672 5829927.36329577 5836619.90866429 5846503.04667659
 5850079.8677605  5831299.56775153 5836345.34168503 5849068.09076038
 5830721.6559781  5832447.46705387 5855662.12949614 5827275.59426177
 5836031.37837728 5846876.19868541 5833406.50934718 5852564.79988105
 5841736.05109411 5851468.90577503 5853593.6836082  5827970.56149316
 5854259.35696112 5842039.01390844 5855394.1106529  5849015.76002185
 5843702.29780209 5839537.96679506 5834895.63672778 5843540.60807486
 5827838.53223231 5831518.16619691 5841418.97204241 5837083.36336207
 5830952.39925375 5827507.26373991 5849364.60013292 5832252.31996654
 5848607.38637967 5857362.70131059 5843048.36048601 5857528.64894203
 5849940.21658434 5854919.12079683 5846121.39539752 5845428.36674285
 5838777.57881898 5838470.93746178 5834382.78467421 5841162.51031818
 5828921.0612137  5838921.01594046 5837179.98693133 5835473.12656214
 5832707.79931252]",6862.751748403861,7239.801975262146,7189.993896581131,7151.602568782306,6749.629111856393,6768.568698719084,6862.372545578364,6954.369429940533,6954.015333637095,340.56987934719365,7280.1661758887685,-73.36674925377855,356042.42068084254,-80.86138579709399,6919.139994997818,5947.670563757828,2,wdd-5DEG,Wind direction discretization
"[585385.57337764 567261.60761558 572454.18855217 587826.17901562
 568343.24284737 569543.34870587 570737.3326625  577299.40819456
 575439.94564123 573653.93355803 569047.19905709 581979.15674036
 580000.01422513 586507.90649694 581598.46128828 581712.90766308
 590184.65852289 571051.46465049 573085.85029363 579859.68258195
 580206.09015459 596023.23721296 583357.65305348 575964.05085394
 583887.18349615 590527.18610293 586764.2517022  593173.89232437
 593349.30256552 593322.73670014 576303.39400814 589578.66352949
 584467.1032384  573293.22406689 589939.18875258 584070.19668713
 572144.07494617 582739.87364474 592742.27371826 571278.7527112
 588263.04958455 586628.74814309 586090.95281214 586394.50014405
 584758.02586376 579302.9167754  589776.45804787 582524.92739676
 591425.56323698 594584.39665594 584292.86987415 594956.03681735
 582083.98400912 594368.54458806 578703.51254382 596203.70771142
 576866.45984942 594667.56373053 585580.24032867 573031.44312555
 579585.23152351 577000.47651682 586155.68335389 582355.33018386
 593583.77710825 576629.57457694 590241.6941221  587968.01589155
 586277.14027408]","[5858164.6662045  5826866.77990552 5839174.74364635 5858871.22605857
 5829420.09842376 5831103.55538597 5835167.37636401 5845711.78339991
 5843870.10286761 5836215.69171888 5827384.78766556 5853507.81994606
 5850020.57465351 5833246.96749939 5849080.54113418 5851109.86589523
 5857939.25159786 5827662.87115259 5827789.43964191 5835341.18147873
 5827772.95160392 5846104.24593426 5855392.88760222 5839960.46768421
 5839514.09504851 5859266.74036079 5831806.05374947 5855001.25590531
 5853779.56043528 5841791.44828436 5827643.30765778 5842922.63191041
 5828171.4923611  5840596.20210945 5849414.46817281 5835861.97364686
 5832135.35984684 5831623.71442647 5852442.72303289 5836564.98443984
 5854372.07121629 5856467.6990107  5842200.30047348 5852124.55873566
 5848224.14829249 5846467.33627613 5847022.21431654 5829652.99599385
 5839785.15212758 5849582.75984569 5838182.41715101 5841178.37333341
 5845334.32772254 5843496.85840308 5830715.83195533 5844353.1870922
 5832086.33986548 5852362.33914309 5829019.98751436 5833766.23871044
 5838689.47934133 5828509.21595375 5845520.38824409 5842569.85019874
 5847257.65073503 5834884.38126006 5856304.11764149 5830929.65078975
 5855244.33381772]",6863.550776068659,7240.934197661343,7191.213968798749,7147.989264965484,6754.091643586467,6770.372862927428,6863.175916539208,6959.1700679336855,6957.600461097947,340.4196219698506,7281.731304910455,-73.3585475711074,356070.3698700833,-80.85541278293749,6919.987795633541,5947.338359138711,3,wdd-5DEG,Wind direction discretization
"[567520.10169865 585511.46719895 568282.24814403 587426.83914095
 572232.05535327 575896.19373561 569840.23309698 573688.57519383
 592778.85896026 574249.25262701 579951.70467804 574860.66246018
 576098.59639579 583363.4148996  570940.09287966 579244.82821054
 578690.12670543 570292.06598533 578437.50065429 572123.75317321
 583999.59889405 594287.05304377 581270.9725504  585980.29483496
 575305.94823879 586993.72449141 580652.00160561 595391.8296465
 590474.15455844 585733.50169748 588831.17463828 581192.35367029
 580865.82581087 580223.17166656 572604.94935073 586245.10121949
 570749.28234707 575501.02023549 587351.47205681 578567.24687499
 572348.52015118 592103.34894435 586533.69423169 571567.87164993
 591843.2527677  584574.51442303 591169.81524041 590622.10672579
 587310.83178162 578729.65025955 591389.72804903 570634.20604709
 596262.36642168 580987.16855771 575182.30506236 590798.39852182
 590987.93682607 590437.5019719  594454.86251992 582152.41911746
 579597.89591752 582869.49205093 595914.13439084 592521.06624517
 584882.55719359 584634.46379454 590624.27129729 596339.24754275
 593611.41147843]","[5826787.38056504 5858258.60139468 5829053.17795989 5858786.24393535
 5838528.06643145 5844841.53991617 5826955.61269091 5827354.31041973
 5839773.83579545 5842104.77098964 5848031.37274054 5827606.2396081
 5839000.45216925 5828022.8425261  5834417.17123398 5828029.48103742
 5836534.54963096 5830022.20461925 5845253.85721541 5832565.2665108
 5837257.04987227 5850069.47894784 5827856.08578099 5830903.67762913
 5840291.73146533 5844095.23565793 5834267.5411012  5842893.64470215
 5846746.40497185 5856964.1456781  5858943.18623432 5851835.06593978
 5850536.49596843 5849450.73886942 5828911.1342938  5854907.91751604
 5833144.01742402 5832110.56733663 5853826.64040114 5840669.60299382
 5836982.18936579 5853137.42840121 5839070.13563281 5835555.64281651
 5857334.73576099 5834169.3207734  5844205.06464517 5859477.83745788
 5852063.49043333 5830528.69631454 5850754.73159837 5828904.01717451
 5846929.22092817 5846364.7784489  5834497.84342222 5839982.97855848
 5858543.07462214 5849224.50711623 5852338.78298703 5844725.91075157
 5839437.13863258 5831880.56816761 5845690.36534144 5855546.244271
 5846165.96193835 5848506.58690462 5856374.26302725 5848720.76983034
 5846558.13772461]",6850.444733346496,7230.302178168661,7177.965523604879,7136.6948855891005,6735.29336793886,6752.9367816238,6850.044199393269,6932.901854896761,6929.506412783366,338.86864869360824,7266.999032408966,-73.52368374153355,355268.12251252943,-81.06532790672586,6909.423025467316,5939.697559804306,4,wdd-5DEG,Wind direction discretization
"[571287.26590509 595832.03386263 586169.653648   581337.65567653
 577254.32823117 582539.95911595 585543.69605465 583560.39769528
 573573.69072237 575479.4410379  594948.05431547 589551.74036839
 587577.66412128 575809.42551771 574791.84591334 583111.14201231
 574973.02521907 588855.33396432 586584.69795825 573675.4557269
 572417.77127299 584817.78076662 575280.24885165 577446.73060144
 571993.44308133 582905.6646344  568593.0608296  590717.69289182
 588999.72340674 585584.57806608 576740.45590348 592454.34281011
 586927.79861672 577706.50937883 593517.60421224 581210.40781363
 590845.83629022 595309.93637747 579107.23723813 585004.27703442
 594604.73500405 567357.77943511 587741.58811191 583423.80926198
 584546.05288024 571314.33055469 577502.34280925 581033.6267495
 569352.26715131 587396.76452483 593772.05610704 582861.23770214
 577468.84026761 589057.72005098 596160.23082377 590574.68805195
 567809.30835817 587895.02055427 591061.06211554 590362.42127719
 587260.16503641 584352.91604842 585427.67265155 581728.57857226
 590177.11130992 574295.49719029 581379.31341968 581232.1633096
 591180.96983695]","[5831608.87092495 5850326.47448989 5858089.83060873 5845546.70167551
 5830200.30784372 5827956.74919661 5828193.93691192 5855250.42113827
 5841701.37353491 5841184.98132663 5847931.80262334 5840907.92772165
 5856899.62897969 5831339.07242467 5834895.14016012 5850938.88237337
 5828245.83707503 5854541.26897547 5848228.14565789 5838505.52932488
 5836631.76331856 5837286.11713103 5843717.20859826 5847300.50263724
 5834150.41231859 5838841.52264792 5829042.03340441 5839784.19459555
 5858834.95031035 5834620.72698533 5834310.68609612 5855672.68078692
 5852142.11757798 5841532.63461024 5845025.47808091 5849870.4552605
 5858295.4734431  5844025.15842575 5843510.25690706 5832537.16576735
 5841472.61968573 5826819.71482723 5855540.71108871 5835190.12978352
 5830064.73581892 5828423.98271046 5836462.11690605 5829587.68958889
 5830533.97883302 5830920.19841956 5853657.45180961 5836638.42152849
 5838233.8156785  5846601.45380894 5846179.49492916 5851264.74354405
 5827833.33849346 5849468.73463283 5845901.37828413 5855465.87149691
 5842419.91776101 5845650.84764481 5831350.00086481 5831165.20632775
 5848086.88857314 5833004.44920564 5848521.92695303 5847457.79934583
 5842192.12150508]",6838.629318541168,7227.917487101256,7175.692972399568,7133.304615554649,6716.413851561038,6737.757064800291,6838.22924920827,6934.222368088241,6935.271654180336,337.88629497978053,7256.128557063933,-73.54769192615116,354622.20709450886,-81.09938175238818,6899.568508567587,5933.400313295089,5,wdd-5DEG,Wind direction discretization
"[586197.68200935 588805.71164878 578950.77901486 567465.08797404
 573153.63512336 580567.8769713  583045.61545744 585216.95276872
 568180.0313965  583226.98840462 570140.00295979 593015.82329401
 572012.96890052 591929.45243698 571091.60147598 568767.24236683
 584072.30594362 575922.17708872 576836.84353655 574957.65648625
 581144.34806632 586773.03744603 589092.53021066 596323.50835751
 569558.972445   586566.44568042 575885.64126709 582246.77081173
 573893.32798997 584642.67097446 595264.29025877 581590.90292758
 573857.30482612 592674.00392169 595853.124325   592088.3850238
 587724.50849308 573002.98689971 576753.28543399 573638.17162159
 584831.91121476 582804.23620038 594317.23899444 588633.12413877
 568878.97731343 592826.72221354 584314.47839447 577181.49405211
 595225.09494382 578610.07339431 580880.53021243 591741.38909619
 588661.85584104 585943.10983315 589661.21928529 590866.07102069
 573430.87678655 586459.24363211 577842.64459477 577016.1897559
 578005.41917609 593433.83619533 585573.23974961 581978.02308599
 587809.02800567 596045.10296037 580170.90647217 588538.34575139
 595401.64321042]","[5828263.89150036 5851245.42815641 5849221.94190114 5827295.35871985
 5840698.68458647 5851512.92777629 5854965.83140339 5857906.05204835
 5829129.29286793 5849795.4671771  5827099.38750861 5848381.58645219
 5835453.27142705 5841434.07902676 5834183.31346098 5830501.06762092
 5855986.27427558 5844406.78050199 5827849.63994122 5836688.54015858
 5831839.86502758 5847505.1268374  5858084.38842397 5848207.44057599
 5831551.46731182 5858550.1349347  5841509.23434369 5841163.07673969
 5829457.23926386 5843133.2861903  5851228.60635175 5827881.81864663
 5832106.54314978 5855448.83380153 5841435.51566165 5856339.25726616
 5831136.92802308 5837019.97138085 5846350.31632926 5827932.44163445
 5837816.47349299 5851676.72006434 5852450.77925741 5841347.97393971
 5826879.47058539 5839511.3707559  5828571.52556798 5843357.59109584
 5845438.46089748 5847903.92272923 5845574.64103891 5854361.35949208
 5843878.41336692 5832535.78837952 5859401.47683572 5859041.24595329
 5838618.67640787 5837305.90158532 5841667.83261754 5840010.74680881
 5827714.46570027 5851059.56225341 5834522.65630044 5828914.98717145
 5856071.1540299  5843609.77506464 5830189.92464377 5845130.13714373
 5850242.0335783 ]",6864.735933659665,7235.604404947785,7184.835329193636,7144.772818202985,6755.564013091021,6769.982036013816,6864.346706586661,6964.826032164802,6966.461906273054,340.60577328384807,7281.99030823633,-73.41145040011837,356145.84522378066,-80.91054330211489,6919.321083295425,5947.428917956624,6,wdd-5DEG,Wind direction discretization
"[567271.46387045 575802.18164189 568779.38370316 588494.21003265
 580660.30785635 596343.98403004 577328.43472165 586093.79594484
 585736.37456247 581135.97768905 568734.60838969 573447.02984042
 590581.40447809 582982.01898491 573117.71787692 587010.96519128
 567975.25890348 577505.1874223  570347.09109792 573430.44240137
 584271.85298131 582178.54437339 571223.67647381 591351.26922077
 583258.33583602 594216.99776227 575463.08848765 580488.08256802
 594142.77287085 587033.99613086 590105.48062271 590406.06778211
 580924.77690373 583532.52721185 570104.21316281 584190.56824754
 584542.83667693 591309.34706087 591668.32810219 592510.36894516
 586671.10769499 575803.34671073 596144.4980042  574095.69332205
 591315.78298109 577838.45542187 580230.32939741 585631.51640958
 577698.43209873 579711.23313767 580001.85698957 589529.21570691
 573763.37909414 583384.99725708 574305.56678564 595661.31298731
 591624.34639763 583773.88726401 585497.09778216 594556.53695443
 587493.27888738 589969.64618141 574020.37277596 577164.49933044
 592875.72409232 574308.27310628 591396.66067441 570982.61707428
 583416.0318727 ]","[5826801.73881281 5844794.02678881 5827114.32266698 5859015.51830847
 5836439.76261199 5848892.64694036 5846642.20809064 5828236.22250244
 5858082.99477789 5827845.31114683 5830251.14574508 5839512.10147835
 5859548.18546123 5854852.41601963 5827431.04772501 5830769.10796919
 5828558.43467004 5829049.09345424 5834325.22616874 5841461.41577164
 5856289.27993607 5853778.88968046 5836052.672822   5854147.98290612
 5835031.0609176  5840423.33289658 5843089.92736284 5844215.54837687
 5848724.0105325  5849489.35921828 5848314.31399599 5841269.07128809
 5851951.34067943 5840993.53581572 5831283.4566881  5828198.99440788
 5833471.4991503  5858271.75470616 5851425.93972236 5855991.16847833
 5832133.99289167 5832551.62331266 5842497.79668246 5835858.43385306
 5839348.41783137 5830929.54465946 5850893.38743264 5856969.61459549
 5838674.58575433 5829650.85388129 5847942.06685347 5852186.56900622
 5828837.29896381 5847992.31248184 5837702.77922313 5843975.66300019
 5845298.9176293  5838981.57953985 5837564.88527418 5852428.07820864
 5854640.76633643 5843726.08751348 5830425.15154402 5835808.69704357
 5847021.44075742 5843016.46631997 5856703.32876991 5832517.23943491
 5845738.2327229 ]",6867.519310155241,7242.485822560544,7192.636462501329,7154.103064589488,6757.98175593159,6773.522456249133,6867.146326479424,6968.209552954344,6963.613405068387,341.0667160029753,7283.264282685565,-73.3003814267105,356325.5125329168,-80.78013317744204,6923.485415178087,5956.457648286304,7,wdd-5DEG,Wind direction discretization
"[567793.79161318 582163.31646785 569893.9433352  585776.00417003
 576319.30939234 590141.95536044 579530.71556542 577187.70704876
 568859.4659179  587589.84306528 572352.83546041 580124.06042861
 575232.40799148 582111.08292733 584786.92472031 576793.89926731
 581676.41588144 577962.56803352 570147.71740115 573647.32594433
 582303.61775858 584378.46810639 581986.75278463 577031.48812644
 583200.24716689 570641.23813215 573039.74430682 591134.28974322
 593685.28644215 582072.83545594 583472.60957764 582924.71490883
 574455.21014963 589753.86314788 580205.65100659 592564.24071078
 591781.8965846  591538.93535919 578354.92406848 586904.59466563
 576546.96512013 587306.0731422  584172.60562109 592338.44388381
 584598.26297504 586647.32881828 596171.75459846 581880.22880688
 586914.77373319 583748.77016364 589353.06721192 582350.34913038
 586297.11781966 596188.74362387 576215.4085204  596265.72863744
 591973.76288099 592783.2191264  586095.04361356 586659.40144533
 589286.54472869 592175.59626543 593914.00693242 585680.41834215
 585303.38331624 588402.31762755 590850.94451051 588570.12817041
 588118.20973484]","[5827179.88216295 5847151.75873862 5831996.03464947 5828211.20017011
 5827811.50217756 5859533.27791594 5844723.59669108 5841291.79649301
 5830095.16725107 5842873.98633308 5836793.63216063 5828449.11991224
 5843735.69478525 5853498.74763554 5856006.72877141 5829815.77632263
 5830807.36926044 5847363.28008328 5827095.77688168 5834432.21244319
 5851392.79488919 5830258.04042748 5842823.35856045 5838218.43117414
 5832395.73795892 5829616.50959171 5832763.25526773 5857363.67750762
 5840390.85089279 5836639.53555981 5835033.09184296 5849952.17662481
 5839061.29112197 5858522.35917722 5850823.94954125 5852940.80493752
 5839026.73034738 5855759.07106343 5833892.00869411 5855954.23644458
 5832826.89609261 5830078.30225859 5853306.79911782 5849143.3631206
 5836624.57972284 5858325.51126738 5849741.46539674 5845734.24263083
 5831222.71983782 5840905.31167517 5854975.97239406 5844006.96798814
 5853704.65727517 5843866.43734827 5834729.16146452 5847066.36918456
 5844287.56530686 5846910.26895203 5833544.77336659 5850012.85940925
 5846076.98291989 5851293.66638708 5844156.02614431 5841577.69194172
 5839340.03635196 5852760.36404982 5842230.74029815 5848659.89460809
 5851628.89363701]",6836.744055149763,7231.942928836908,7179.281336526276,7134.465508012656,6717.384198442967,6735.546655118215,6836.350285505443,6933.706504651373,6935.439575238273,337.4189189449832,7252.939569313482,-73.51216581683089,354438.9855336457,-81.07975265685808,6895.577419252986,5932.098202077235,8,wdd-5DEG,Wind direction discretization
"[583642.50084843 586822.34202728 579972.64049789 568295.58543334
 591865.43707927 574931.36234491 589787.06337544 581667.42567926
 576787.13331505 572128.78163473 594259.03324736 577137.03742233
 590657.39712355 593355.39872291 573124.63636878 570082.71198431
 568291.56555085 574412.56001142 584534.29665564 594344.65177729
 586717.3744542  585525.07848738 594475.53378667 577007.9650702
 579040.728054   591167.15030689 573412.46230331 571407.23198739
 577876.39970154 585428.09791334 587706.4505303  580987.53260011
 595486.24495726 582978.20122698 571250.16257459 589501.58980902
 584203.9366416  585020.92895319 583061.82817481 584841.7221636
 594635.70290203 581420.5738256  586259.61871618 580671.46297819
 571047.69701452 569199.99279097 595972.21701826 580791.72889051
 584172.39327993 577362.33931413 592987.69646453 594382.18166144
 585776.06198455 594550.40380106 582096.15582889 584157.25515137
 577188.95778831 587397.56448391 588162.53721713 571730.47680939
 596204.90766126 574618.08802973 572509.36932595 589497.63466716
 586484.67729483 578471.11496407 575243.59525809 590823.74025466
 584365.45448958]","[5855780.73384259 5858617.86432815 5850597.84434138 5828394.29359603
 5841673.6918521  5843731.5778681  5859436.08627924 5853032.22845575
 5843422.88109508 5837258.55800391 5849013.29192408 5845189.8821765
 5858687.47145774 5854682.84036294 5827344.18091652 5832409.69477159
 5826869.34913313 5833027.63923484 5856745.29773188 5845845.63092569
 5837811.92803835 5858058.93122465 5852570.19081782 5836480.4354289
 5827859.24710286 5857656.03039232 5840989.05557749 5834678.38627613
 5829778.47890246 5847027.75208346 5831235.43692519 5842052.95834064
 5850942.691458   5831846.25835383 5835922.41039543 5853515.37812486
 5828988.71366829 5845230.3517882  5839631.5245645  5855001.73750723
 5843029.78475081 5827891.50004218 5828468.48960012 5851719.71184928
 5828172.44459413 5830857.06881874 5841678.85028482 5849922.38294936
 5837814.66802825 5841942.8796318  5840173.0188889  5847276.7175926
 5850680.25947087 5844149.25537863 5832926.14743939 5835495.97850016
 5846954.83487108 5842976.2766569  5853936.33249786 5829473.20779609
 5849530.61123887 5838365.17714526 5839392.1992454  5844674.64684817
 5831154.63808615 5846787.1694068  5827627.56675992 5851192.56526803
 5833299.62687254]",6860.711007476144,7235.742793513065,7184.9500275976125,7147.592589089816,6751.28198958255,6765.438338109508,6860.318133157747,6959.40253738686,6946.248001310762,340.25335505756664,7278.582599406096,-73.44505345187177,355871.22810172103,-80.96254650052954,6915.144490487381,5944.821141255374,9,wdd-5DEG,Wind direction discretization
"[575614.36918853 578545.15300125 575763.89070483 571650.87622393
 584934.66848117 578735.35231619 574627.1402519  570089.49565727
 568628.14383422 567645.61246968 576650.20640823 582977.71526164
 568487.72288823 576527.53981985 585439.2272989  575086.54666223
 590447.38652896 590706.02459344 592788.42035256 585801.13026119
 594517.96799229 591301.70323125 583137.22005877 584536.32193112
 581117.13594388 596178.99210613 581461.43532336 591058.92958709
 580671.37955941 595143.11137023 570575.83243986 587151.70137693
 586236.0431853  584848.22734165 578111.77790242 584114.81810028
 573528.15230669 586503.31055014 577205.31536914 581501.03076866
 571244.9155405  582000.79014359 586231.06526554 592363.88871946
 591657.21755497 569010.85082416 584317.01749721 586007.52197249
 589914.34011231 575962.80176967 586861.36323948 596316.93859328
 593387.32443252 570895.15384524 594246.90156994 587557.28276753
 586114.67953808 592162.99260082 582913.50943075 589122.72618006
 577199.56077484 595542.83141337 589305.91274906 579671.58058612
 595734.95063965 577747.53789359 574984.78994684 593181.83894145
 585808.56817992]","[5844725.35643405 5848810.99090653 5835447.929715   5832620.04686967
 5857388.2532298  5847391.41869895 5827798.45736925 5833680.20546148
 5830208.47068473 5826813.83081042 5827496.24474187 5854761.90596358
 5828617.42467867 5829632.25395592 5834284.89418077 5840510.26094552
 5859617.72666882 5846869.98855653 5853354.32431712 5850408.26839251
 5852317.32155643 5857423.76533205 5833288.40715109 5845037.22679433
 5838368.17056789 5845148.4169586  5852617.98498782 5839373.9364785
 5827938.57962239 5841945.65193926 5831450.07739631 5858710.0965041
 5828247.46047875 5829353.04127487 5845843.72457944 5846606.46000362
 5831306.87592782 5840003.11712388 5842769.05221916 5830114.13827493
 5836487.33195596 5850905.43626049 5851971.16148681 5850750.26381278
 5855896.76408905 5827108.65709036 5831918.49109752 5838310.40249679
 5841226.59833793 5837268.73440901 5830489.95074892 5847999.86320795
 5840758.89989194 5827245.39547687 5847047.1982286  5854511.3653195
 5855721.30602575 5844250.05532785 5838227.84151984 5857305.45976209
 5839572.86749511 5850633.73716812 5858731.25424705 5845271.00259674
 5843631.11916445 5829155.29533733 5841677.33007857 5854268.34777006
 5831110.44004489]",6860.998068489685,7233.302002636936,7182.7314867612085,7140.712305962014,6752.2181315298585,6766.091458818231,6860.608495490556,6952.873829133061,6960.15753111347,340.22732735220995,7280.327770358751,-73.33848170048614,355921.83235782175,-80.83695430367686,6917.614777924415,5951.888770657205,10,wdd-5DEG,Wind direction discretization
"[567868.47425283 577444.4055618  580091.75176869 575575.67948044
 577269.8383604  572025.20861161 573816.9885389  591977.09867973
 580782.21540853 589901.35134673 582797.17964707 567709.15582167
 589043.42552907 588441.19113952 592779.89554643 582347.71113205
 586172.05747742 578016.65408721 575118.77508936 585810.3114738
 584472.09490771 595803.87154341 571616.42141567 570521.41245617
 581660.76785934 577014.48542714 584934.57156318 583251.95613698
 583544.48544223 570149.98320176 592145.07911657 575131.87811782
 590544.5829017  586687.51164861 590176.94190143 569872.75219917
 572957.90999443 593566.69676488 575940.73634998 596340.68083655
 588197.38159193 577477.1972585  582205.08025583 581446.13042461
 592558.43806413 572532.98596372 585440.94290522 582073.87184909
 580350.55557473 569690.3686808  586500.35016013 594122.75966874
 590964.24903872 584062.60136445 581939.0448318  589869.93092971
 595026.11068309 573831.49871069 572954.36395958 584803.97160885
 595876.37470702 593099.73272257 583438.85766406 594731.91694251
 585500.98389505 588994.24433976 593844.23443962 579435.75422936
 587121.23974505]","[5828080.88295328 5847145.80140602 5846427.70743194 5827436.66107627
 5843723.48002335 5838350.56566382 5842059.40099681 5857099.77471332
 5851741.34467069 5847363.92493888 5854589.79684441 5826885.17862451
 5859230.0608965  5851943.25678459 5854118.80268605 5853323.97106094
 5828798.33494337 5837822.68507241 5844034.03911088 5858341.66726394
 5828575.23636751 5841623.41366818 5834994.23390178 5830770.19812521
 5832337.36695379 5842221.31828973 5857477.4928313  5843302.58103234
 5848080.43661145 5832785.25662727 5839141.61500051 5837583.25783563
 5859612.64779602 5855579.17325312 5855328.44064081 5829057.89550099
 5830059.86251945 5852176.72487498 5840695.13835396 5848768.94253559
 5849571.92132608 5829400.39487169 5827932.08671916 5839503.48129526
 5849957.5458247  5831702.50589176 5841185.79104247 5834061.51676892
 5847875.08543244 5827636.33421366 5832125.6551027  5847699.67092272
 5842993.26868992 5836846.82627909 5829212.44316077 5853899.97304389
 5851137.39641126 5831762.56208925 5828297.71121396 5831385.6793198
 5842616.35012241 5842873.24656604 5832373.06868473 5845000.77496372
 5834331.80883349 5857911.7273163  5845746.74617364 5839797.9813302
 5841360.44443812]",6856.254030860783,7229.683447186986,7177.943464257062,7133.568439490725,6744.403355162388,6761.478466676159,6855.865862085874,6895.387585617337,7043.749996277166,339.48036411879747,7270.3858285526585,-73.40275087714649,355606.173860847,-80.92362020028695,6915.693387672297,5947.060794733538,1,wdd-10DEG,Wind direction discretization
"[578956.13931155 567213.39006545 579597.52426224 580452.3042818
 574598.76079079 572212.75293032 586380.04250274 575460.7066146
 590924.79971873 595725.2587867  591803.01871173 584889.30926291
 579077.9179153  570795.77216919 586951.65003317 579743.79458625
 572864.56612638 571073.80445437 576357.91544387 583229.78530229
 584532.94227121 592039.04883036 587748.18347669 571883.24698499
 569112.00408508 591224.16241233 576740.1872922  595943.14066105
 572691.66782664 568815.1201211  586533.35884194 589126.2083804
 586269.2407441  572529.24684379 594285.54080141 573362.21624404
 587160.16337731 582741.24587676 594476.29299626 582907.53474459
 591013.12959576 585657.31915728 588176.37045515 575009.92308921
 587186.40570363 573451.8035288  585991.52018325 592804.11375151
 581008.08712429 579221.11730072 575560.71840696 592560.78405185
 587972.16189935 590594.7623446  591773.82081069 583309.108436
 582342.90718244 575858.02612764 582480.97250446 581918.55204075
 583592.73370475 593500.77996327 584004.95804301 586453.44032565
 574248.22689296 584994.20985675 585165.64630341 570227.96232435
 585144.30212013]","[5829145.25690675 5826802.20005406 5844762.26516829 5851293.62482394
 5843310.77727723 5837870.07828917 5838427.88492739 5844467.57397602
 5839532.49947608 5841464.70741523 5857406.17092977 5857080.69327551
 5836236.74190015 5835369.51458564 5856090.33230019 5850323.04117436
 5827264.46927708 5827052.41795403 5845741.33449463 5855217.94275893
 5850038.06104033 5844059.90353435 5852912.85318672 5831000.99406998
 5831242.46305427 5856354.78843628 5827530.23452881 5844309.27419799
 5839173.49875768 5826874.29328848 5852016.90314791 5859254.38224108
 5843770.73358994 5833617.94314327 5850859.20713688 5840331.58788128
 5831969.27663101 5854351.84912697 5846507.90912026 5852439.177276
 5858791.17476724 5845582.97384845 5858513.06086069 5828755.41723378
 5847230.80419942 5841782.71262345 5828227.98081474 5855424.11372044
 5827974.4307034  5848446.96277751 5832832.36873993 5842191.1079012
 5849189.90220921 5846917.546228   5845297.07477346 5832368.85005996
 5841197.79363181 5840596.24736342 5835853.98684978 5839867.07332673
 5830464.69453605 5853023.37433998 5834870.54223562 5840141.11885121
 5827704.8462654  5828360.7180206  5829914.5355404  5833386.27883807
 5854703.97926862]",6863.204432647356,7231.268334268891,7179.3477438316995,7141.4317933451575,6750.038656756663,6771.131986735688,6862.815060299343,6904.910169463209,7044.483286415511,340.6022383556601,7275.6110542182805,-73.35087275747237,356044.93041241186,-80.81376438924485,6921.729169825981,5952.2427948104805,2,wdd-10DEG,Wind direction discretization
"[585431.45399117 570027.16143797 577719.58316019 567811.59826009
 574712.59699862 572195.88021831 579567.60754787 576837.25194705
 587261.48137528 575494.03412233 570674.76811166 588777.81568158
 595986.52942239 586545.67995849 575927.94288216 583227.27350525
 581686.34716804 593827.41847369 585170.19178207 577555.90558378
 595831.08934651 570344.00287644 582248.73014501 586329.19053764
 593622.70882429 584271.50127899 584404.24510766 592274.09801252
 568423.75619325 588236.93582517 593629.46212735 579382.36776313
 576845.88139978 589101.83852764 586816.13298076 574524.99355787
 594442.23274638 586001.96696892 589223.43067959 578765.3208566
 587771.14958408 592055.75004042 593431.31254352 573849.51585501
 580757.68393551 577255.97668676 583651.16771072 573197.90328095
 591034.25481    592269.7263179  575067.24588423 582896.68217874
 572522.41734983 589764.62479454 582722.36028106 574355.33811958
 578592.13826095 585843.34957772 572443.47487595 592809.88129779
 581302.46828236 595853.89028224 584666.90036242 576267.66515818
 580375.14389952 569865.39891272 571632.85581416 587335.26691418
 579172.70571649]","[5828265.55658004 5832672.7066206  5847403.39242812 5827345.67651474
 5843385.29978593 5830395.65866462 5831142.03850739 5844952.80849724
 5850027.75463209 5827420.1286664  5827110.21380509 5855679.1787093
 5845763.73145728 5830607.95660186 5838740.80168969 5854382.27698105
 5830183.44081551 5850963.7449472  5833464.29272739 5843610.59223655
 5849439.49703885 5834136.07409792 5848711.38004738 5839024.54043767
 5840004.14684915 5829943.45091656 5856792.4185017  5844301.07511734
 5829395.27202532 5854031.60784557 5853605.32785841 5827783.24611387
 5846453.60875242 5842102.50039498 5856194.04325818 5835895.54738603
 5842802.68228502 5858393.38485814 5858056.57089352 5849026.34433834
 5846252.85651094 5848437.68680447 5846965.24281925 5841729.42672277
 5851826.76974488 5839570.01009486 5844469.01393386 5829691.33052339
 5839365.42126195 5856587.31338198 5837672.58171148 5835653.91310047
 5836443.31643093 5859335.57921312 5843707.3825816  5832372.61030937
 5836831.89052535 5843506.79254231 5838405.6025606  5855308.06100507
 5849737.74603446 5848053.33776433 5848190.80171115 5828650.34781775
 5832988.24397752 5828832.5018951  5835127.47623441 5832008.41654716
 5841277.18838368]",6854.995214813278,7236.271525900998,7184.292033682036,7141.635933635949,6740.250976369972,6759.625805505033,6854.608998312,6899.4920802975785,7049.560436561082,339.4128934063268,7266.388932784271,-73.46121993777784,355617.02765623666,-80.97073919134377,6910.919193932807,5939.866935465207,3,wdd-10DEG,Wind direction discretization
"[590450.24222003 586310.41293795 585736.20875771 570610.59015159
 582495.06693216 570100.16613908 567543.95035733 591593.00041943
 577039.81861365 575049.31955141 586005.90025573 572241.27175575
 590139.42791688 575958.34619006 587389.46413347 587078.27968287
 567746.17096181 578086.65875557 571182.35408264 596135.68952773
 581256.11066231 583946.01022213 579693.40650512 577726.13442914
 595925.19578973 586322.56873496 592913.83451525 584999.52423167
 572915.28836575 580071.84137627 582915.93306797 578532.04119931
 584571.00799858 584324.59951993 574058.9193626  587258.62875696
 572360.5325952  586584.20787988 583781.13836198 591752.95152593
 583495.53285945 591133.7566996  578809.85780515 571871.15194547
 592462.28662821 576323.33008141 595185.44154004 577367.63666516
 591916.39079061 572021.91406532 576905.91343226 580865.93474594
 572613.95014156 589095.01659076 580188.7917319  593435.19808712
 576274.08329298 592391.56862768 593278.30503712 593118.73074587
 583249.8188054  574347.92351095 586722.84028251 594273.61791914
 580710.33287122 568327.57129147 595109.17062817 574708.04231092
 587622.29249239]","[5859575.32941174 5830565.55709212 5828209.23917589 5827017.64940454
 5853824.86122035 5832934.10489585 5826818.0647116  5857769.78816483
 5836615.57133299 5843297.74219558 5849176.73256834 5836299.88589648
 5846340.191998   5827498.77279613 5858776.09616883 5832285.36190982
 5827799.39246775 5831739.99699895 5832118.19488334 5846840.2647688
 5852513.89227977 5833786.64002066 5832570.82692432 5827612.07933902
 5841740.84240752 5851811.40047837 5839742.96174574 5857188.92430776
 5838623.25647573 5848844.03377286 5852050.13925231 5845793.32105306
 5828172.57196865 5846071.94139113 5841051.8673758  5855058.57756258
 5834510.10365062 5843921.76168645 5841953.47083538 5841304.24738538
 5837956.54718114 5853144.86198185 5834230.97958968 5827291.09557823
 5856249.18675341 5845238.14031123 5842967.12604829 5840804.22392931
 5849978.28384112 5829000.87899621 5846570.38114945 5827826.8096746
 5831080.83620042 5841546.25542212 5839493.20544108 5841128.21924925
 5833487.71130831 5854910.20553299 5850899.09301977 5847125.70239841
 5828437.68193923 5829776.7652738  5842629.62197205 5852282.02083563
 5838231.933581   5829193.37472772 5849072.66415312 5838857.68925973
 5851380.44667264]",6856.8964938065565,7233.863322836168,7182.268606043126,7141.641390226409,6741.34352792189,6761.838073514527,6856.5102660850935,6900.542509751895,7044.750301684289,340.0207388417459,7275.1626146631015,-73.52250178590108,355714.59310987487,-81.02960930070509,6915.89824430422,5939.543895181876,4,wdd-10DEG,Wind direction discretization
"[567614.91825084 583672.3764062  575605.90091261 589613.41364244
 568631.84527554 577726.82705867 569435.85077001 577399.71276223
 588617.46032325 586474.53445937 582137.95959209 571323.38642454
 580970.92670574 571590.98163656 572462.07354122 570297.75258586
 592787.31422851 573651.65701293 590687.70468144 583342.9082311
 575285.09918454 581784.48894643 591205.92926139 584426.98542605
 575022.63491204 576620.10420249 573445.85974186 595008.98194409
 585280.35678382 579454.05352872 587792.26444366 577156.95617876
 574714.58560978 571732.75668559 577154.95997772 587560.45935177
 581462.03636177 586891.70614018 590508.89581003 591431.67366175
 590758.49197061 594083.7561397  577554.9742786  578480.36655669
 581150.7598829  584125.53440059 589824.83610129 589006.12133573
 593789.89956163 582788.32997898 591740.62476415 575583.99045994
 588226.84696694 587229.30998283 583485.75433745 584906.16339939
 579718.01421217 594719.58506436 581673.57134673 595974.28706951
 573175.57477369 591045.09385951 595322.70405078 587370.65331059
 583147.55670421 584645.52856976 585719.07780153 585145.26403439
 587257.60828156]","[5826935.41320699 5855228.68567283 5843741.10831504 5854847.23411642
 5829097.09137425 5847004.10318511 5831244.35752105 5830178.75006322
 5858672.28992801 5858184.57984535 5848243.49234343 5831744.63300423
 5829800.27184857 5834610.93273097 5836304.70995627 5828240.14516242
 5855604.837001   5841636.57820396 5858458.30310811 5850864.67894259
 5840537.47076773 5852406.11136151 5845559.92692512 5830679.71791838
 5835545.48472654 5834243.44315496 5838665.03083076 5841662.27227806
 5828172.03010175 5840061.12182166 5830479.54437912 5836906.83621258
 5828476.59256697 5827816.15066893 5838371.0359279  5856964.14088136
 5849523.94222665 5842323.02568856 5850520.20696326 5855764.02924261
 5839785.78530277 5852970.28319941 5841948.29744663 5848708.87106535
 5831020.40246702 5846177.29853071 5848443.27694818 5846491.77553138
 5845798.82346415 5827999.53048042 5841258.10890002 5832012.63000031
 5843528.91701416 5851969.05750259 5838922.31290085 5832573.12347135
 5844081.88365936 5847849.82889639 5839010.97091542 5845215.08585759
 5833801.07860814 5851638.15194716 5849894.95734898 5849760.75494557
 5835100.19362952 5834846.17110053 5834422.65072118 5836458.59104724
 5848184.60187006]",6834.9154582060355,7228.975109678024,7175.76797473719,7130.8760727861845,6713.71493641161,6735.0371327433,6834.521448755159,6873.03216982198,6990.759852587603,337.0588950461328,7252.717781936341,-73.64864290752956,354396.1732105741,-81.21836304528527,6895.248753129782,5923.529424153584,5,wdd-10DEG,Wind direction discretization
"[585411.42107615 570132.69301722 570753.821927   570370.68342089
 584621.23073828 591553.49230164 567550.35724613 580268.6312113
 590505.72587855 583623.99247222 573394.46068268 581393.85973778
 589714.59684361 596024.07851841 584793.46313547 573205.7856642
 587387.8531381  588150.26293267 584371.00426256 577811.50825926
 582516.86935641 586615.91653135 577503.0877389  585921.65247511
 576858.49419327 584109.58554837 590299.67913957 575583.58324279
 568367.99630702 582208.83218824 575161.75788791 574394.59163172
 580829.72452156 581656.94650017 576332.99966818 586293.68250814
 586083.43712243 572767.26347592 579089.92039272 581734.55347047
 578288.47414782 572079.29069062 592339.97494001 591958.51088729
 567751.71543469 594298.16297694 580262.16649732 594014.46185827
 587384.49007882 569696.30541966 577340.60209761 578586.41280167
 580028.51845366 590715.17526796 595011.39503501 594848.53114325
 581874.70851717 595836.60724147 585677.45419287 585236.12916264
 573852.84355707 589107.5412317  591005.41105991 592881.99699917
 576118.67560311 590134.28621372 574583.70669323 596249.0709628
 581738.34972378]","[5858127.38130459 5827006.30583908 5835241.49427249 5834038.23359118
 5856951.05979304 5857328.08365285 5826820.12134034 5834360.27855553
 5859440.19709007 5855756.9242292  5827303.02403633 5842243.01638437
 5858499.27732377 5842883.62190507 5828266.3959136  5841113.17808244
 5856127.01200681 5844138.01391384 5853754.05226158 5843248.66813626
 5831332.38853518 5849444.69882011 5827660.3783262  5845311.75454651
 5846413.62602764 5838216.13725007 5853352.18640747 5834661.91996374
 5829585.95731985 5834259.81343366 5843973.67155867 5833624.95849399
 5851936.02032209 5827985.44623543 5827546.2630097  5833050.68753601
 5846851.1467803  5839958.93775926 5844883.94806891 5849894.45752441
 5848346.5426425  5829984.65854299 5854803.22443161 5838975.4417209
 5828045.95325335 5841233.05491724 5851109.45853247 5852401.8806038
 5830765.70830666 5831622.65834933 5829215.75466985 5837590.02131571
 5839126.04253141 5841665.42882405 5850388.68358788 5848865.25335213
 5847348.15448168 5846701.29148902 5832009.02195047 5854636.87692373
 5828779.07673287 5847643.37240923 5840263.98778253 5847503.61554188
 5840847.10368316 5851933.55658915 5831201.74376418 5845799.51863241
 5853092.87612972]",6864.54187010334,7236.751643820424,7186.305654916002,7150.408064023787,6751.227926877846,6772.045642974226,6864.160189437876,6909.004972988726,7056.076864762186,340.93357062257854,7275.604388846519,-73.46362232295833,356173.720574025,-80.93870758774773,6926.548860388872,5945.622793320625,6,wdd-10DEG,Wind direction discretization
"[567484.60581827 581853.1295676  572202.2944307  583183.26903774
 568500.68433433 568960.37517804 581270.44653638 570267.13229373
 571829.03081383 569838.10098136 580465.77598917 586826.96662787
 595055.5465316  579143.73087304 583688.0519326  592496.75379309
 583207.34454291 590122.92406032 576242.9592118  572359.61763145
 585019.07279308 584245.69198764 574586.26035874 580728.82886698
 582465.39502502 586088.50487479 593924.10427705 585725.8932049
 570486.41119355 588420.93379015 580770.14782267 573865.07757715
 578845.05902193 582007.5391195  582640.44883381 589750.99262655
 590878.64501564 577305.91913637 572911.3244156  593717.09362761
 593442.867422   585292.86461828 584779.09850673 577629.31608457
 589097.75482627 588123.07885895 586538.21071759 591805.36604553
 581699.34879735 585440.18162919 574508.38235347 574942.01414645
 595918.5621521  584566.00789279 573294.19875807 574211.83994203
 591266.9511319  593260.94205665 579578.797435   586335.36329478
 582357.96229219 590507.57770273 588774.95682586 580878.345332
 571500.8366675  595483.26115665 590335.73314168 592106.17589323
 593069.05009986]","[5826771.08664309 5841862.99829058 5838750.9766148  5828383.67235262
 5828780.49184731 5826966.19065617 5852532.0932582  5832216.6591626
 5828950.50089883 5833111.64729584 5851308.07111056 5858565.02727091
 5843533.48341863 5828005.27055545 5830252.72875156 5856188.13843341
 5855185.93589055 5858580.70958937 5829160.85870289 5827187.8921557
 5843825.78346486 5850281.05119123 5832613.68206862 5846738.92476123
 5853798.28160841 5852853.93455869 5850915.0660763  5849222.85894809
 5834653.23888079 5842160.44033836 5845536.57568844 5827464.49810089
 5831276.86906756 5833474.23525852 5838404.85960907 5844120.82856989
 5839518.79611827 5847076.99697456 5839910.45388768 5853212.69217816
 5845942.80316093 5828209.81281356 5857011.20082742 5845816.29204431
 5848871.33962614 5830758.51322566 5833191.03824441 5857402.05301673
 5829840.52436599 5858239.70358304 5834298.67010387 5838955.7638895
 5842079.65507492 5839280.33481101 5835392.69783769 5837280.97374658
 5840820.64823287 5847589.77477583 5836916.86927548 5854894.61146177
 5835008.75791872 5851744.87633085 5856581.36895276 5847982.37331428
 5836590.44747498 5846941.88008954 5850637.93711708 5839476.01447908
 5854389.05302626]",6857.987340944177,7231.04343831952,7179.124799843566,7140.137584196779,6742.421807549835,6764.182350691087,6857.593678863334,6897.799058906325,7047.205195638611,339.9951500774818,7273.962264425125,-73.46740811025626,355701.8606018474,-80.99358454620149,6916.773993535005,5941.7192396323335,7,wdd-10DEG,Wind direction discretization
"[582375.81412772 572376.61935517 583469.40961678 569277.05770337
 577934.97023463 571381.11196745 575629.73729972 578811.46860948
 580359.50930303 579864.0214274  576775.59670448 575876.00526566
 590120.03767028 586526.96528076 572876.42385662 568893.78857049
 581364.74611284 583849.46949557 580639.88137034 587321.6724754
 591181.76677444 593205.89512988 584215.71164561 582782.57423842
 596118.52731081 585204.01011503 584787.01985208 579424.46347999
 591785.51156677 578033.69630511 595927.08840284 589278.11187384
 581037.19286942 573094.081834   579142.47849878 587838.2119678
 585465.79662162 585338.6801479  581735.96136969 586905.08008638
 574977.18383694 567913.1510392  595724.4440233  571179.08997937
 586746.09221569 592117.39502293 571435.58522661 581946.69919801
 567284.83834038 593750.01488201 583197.45329599 592957.76996373
 591421.74648599 588627.83110208 591973.51452084 573651.62949074
 588012.18380911 574535.30647568 570547.83585215 582546.31144895
 590651.29840887 586237.2898547  586428.90225094 586079.56984971
 586522.48311938 589469.45457241 593579.80441708 587775.51669698
 595220.74381962]","[5853986.38250918 5827225.11065522 5855539.64057555 5831606.31799318
 5827593.46876341 5835827.59954304 5827457.20358301 5847171.63178167
 5850647.78466457 5843315.28138231 5845736.427588   5832504.37762566
 5856017.67174747 5847945.09206993 5838969.08756249 5826981.84288316
 5842352.43239098 5843601.8293749  5827806.34403547 5855287.85454116
 5847563.33070348 5840659.63822962 5836145.11402616 5841048.36767881
 5843835.44587392 5853138.46159143 5833876.12891541 5839413.0658219
 5849545.21382693 5837507.38426217 5841427.18184546 5859296.07501528
 5852039.72865212 5837874.18348321 5827794.48355497 5852462.48531875
 5858246.69508185 5851201.76218951 5828051.54146827 5856299.32551949
 5829021.03390964 5828493.56521203 5845477.88978911 5832038.94019908
 5829623.66604237 5856536.74927818 5829354.97115581 5839210.30137856
 5826965.52089956 5848594.99730686 5828014.88534866 5854747.84458646
 5851507.67952473 5858056.33312309 5841903.07374302 5830342.71771506
 5849138.0120897  5842738.14315324 5827205.59593814 5851986.50007945
 5857927.15013227 5828285.89302839 5832987.303691   5838782.01882278
 5831490.50816611 5845882.95651784 5846923.98190285 5846629.11233556
 5847140.42860922]",6854.612824100853,7223.453090221768,7170.501621493389,7135.88056593659,6739.064437268705,6759.6748650184245,6854.2097593376875,6881.829698470209,7027.832083590905,339.78787822882924,7274.638021426303,-73.47997715920371,355473.7175587025,-81.01954602347675,6917.732635922426,5939.825959613972,8,wdd-10DEG,Wind direction discretization
"[573749.38327236 583322.2307316  582410.45679189 577486.91817563
 576918.02829754 586636.77942417 572603.51756332 567446.22012537
 571758.50075333 578030.58535831 584639.65425943 574488.59610898
 571852.12081852 575091.52490827 568196.90659945 589505.57450565
 570347.38965488 578695.5966598  580038.58669939 587098.52027913
 573771.98039862 576651.67584446 582973.59195228 572038.92370272
 580961.9121436  592230.71162807 579862.55656576 587420.2833689
 585454.92477936 569237.65049889 584043.83172265 568494.69878421
 590243.21468831 581501.31145962 591180.46327207 573562.18778183
 588378.68497457 590467.05872435 592711.87775204 594483.66660841
 588932.56834725 586400.3503873  576304.98220086 584530.67116991
 574684.37226006 583777.8488699  580263.97803947 578496.44601014
 590792.90246618 594035.40676849 595513.43889614 585444.96414245
 590031.45022373 589124.90173631 591759.15348028 585952.44939723
 586124.3248707  593810.21086204 587660.30411983 581339.74934162
 593019.62506814 595371.65566934 587245.21324534 595983.79680188
 586425.1549864  586849.71346048 592952.99646183 595700.28172095
 594704.26863015]","[5842253.6942368  5855343.8629361  5833695.44264612 5846278.55172042
 5835481.40967984 5838045.0837379  5834447.02109084 5826942.49477199
 5833083.44924616 5840279.36523165 5852594.29951967 5827493.60718366
 5828288.26238387 5843359.31615511 5828175.50259934 5844787.17427697
 5829697.68070105 5827712.40305788 5827759.36496964 5852807.09824519
 5837101.32198708 5845017.49380087 5827991.17767251 5836584.99245576
 5830823.00909113 5854473.75303887 5843961.57124363 5855063.20351468
 5829157.33295478 5826975.49531837 5848119.41628928 5829889.70351178
 5859555.38277135 5840540.32482042 5855933.95403037 5840055.27077175
 5858622.32963302 5858050.75389625 5855710.18573471 5852068.94860745
 5845983.86755646 5833405.95245986 5828807.13602941 5842779.56925401
 5830241.22098972 5851223.36837073 5849794.57959962 5842452.1583344
 5853000.39061458 5850557.02352433 5841467.01412212 5856502.77213883
 5850075.08640682 5841315.45251166 5839454.17339539 5858380.93296621
 5831082.89415061 5853273.04915312 5831354.26639652 5850053.89115926
 5841599.22751672 5843267.53759853 5830027.84948296 5845659.02107423
 5842004.70550545 5857048.9148418  5847060.08143636 5847373.15240986
 5849565.96810176]",6857.204222901283,7229.640567342055,7177.494647297998,7134.992241590564,6745.296398457631,6761.624729314647,6856.806304072365,6891.642884280232,7017.522170466101,339.7909201790505,7274.666432950493,-73.4078788967098,355700.26399961335,-80.9190790184906,6913.587695996645,5943.4595120529175,9,wdd-10DEG,Wind direction discretization
"[570798.0062755  575644.27870857 569716.28167225 579726.08663675
 581457.91912984 591118.55297614 586937.35388139 573839.17664314
 583606.67947831 567861.20437042 570228.85230052 573359.22496914
 581942.57140445 584212.27839361 586481.68766239 585491.57795762
 594097.6879971  592298.96073601 588495.74430085 584846.52769806
 567184.5873363  593818.82634563 584575.32858936 574728.98429754
 592769.50574239 574979.49386524 587872.3573002  576421.46592551
 583295.23862227 579049.66655898 589757.28580347 596033.11338109
 586229.78360953 592040.42735992 568668.68834707 577478.94752286
 574516.44869776 596205.51420345 584079.8079416  593907.2997116
 585009.70315031 579906.71071837 581652.11898451 593727.99314979
 595283.19046412 580987.97266371 585959.95713801 586508.66091275
 587083.87130123 594725.70148075 580070.42196618 576726.23301127
 582711.80460935 590141.23152129 595870.77504342 579648.69786297
 574154.16453175 591278.529772   591886.58396951 585281.46683868
 594431.74649572 583811.67638626 587489.76200399 588732.19446426
 582207.98619584 573092.8086545  586883.33091525 582349.79677362
 575255.70049224]","[5827461.25598291 5843923.47990839 5831943.75226106 5850426.97628052
 5850108.10935472 5858605.9968443  5837425.88280133 5842060.94877217
 5854783.34055169 5828268.1702213  5833836.88216098 5838910.02452277
 5836913.22921512 5846050.16132755 5855552.71148271 5851142.63545098
 5846792.92559478 5854304.86972756 5849187.01065831 5834206.55857908
 5826745.78953426 5841931.34033873 5839680.21095705 5835831.13965599
 5846266.26260866 5827890.94485913 5831210.26497364 5841927.50633909
 5835573.61581413 5848437.69459518 5859170.30970363 5849703.66624055
 5852338.66166849 5856989.68641967 5829543.76287693 5830324.95767178
 5833276.74449366 5847001.46377019 5848191.89832374 5848710.41748658
 5856593.28614011 5829208.74874806 5842543.03287869 5853169.80981657
 5850894.66692435 5852148.38053786 5857320.31703498 5842932.59654131
 5832134.4640745  5851845.12357367 5830608.93030972 5845161.48809791
 5829933.25702821 5851398.44478874 5844196.04506211 5834495.55578134
 5828929.37923437 5843144.96600754 5855809.900205   5847677.50130399
 5843421.65486237 5842261.0048898  5857660.15749884 5852582.57735858
 5828539.41495912 5833540.78510002 5829733.66089437 5830899.98634428
 5830397.45827335]",6846.332484986664,7224.118827483727,7170.107329503646,7129.395596290281,6729.684329486781,6749.470097749331,6845.931703545952,6883.483322674707,7029.801424321992,338.5429929060697,7261.552081761198,-73.44919409616041,355056.8552443984,-80.98274223349203,6905.751629109987,5940.36568554505,10,wdd-10DEG,Wind direction discretization
"[567221.10875535 569508.68405611 571235.55569339 583860.75227874
 574004.21371486 570939.72535988 572554.45818124 568315.16830552
 582372.46645446 585818.4161769  570542.02494709 589024.4414401
 595942.69151917 575466.47032393 586145.85417878 581259.59858414
 577899.09601823 571937.45831553 579539.12529588 577158.21942139
 579044.25612953 567680.74218352 585269.55120468 596338.64558145
 586735.12485929 586602.45105527 573165.45042612 590567.25496557
 573132.78829719 586946.7822882  582007.95979614 579841.45227066
 595569.31374603 596202.53790667 575926.07094451 577297.76974974
 592651.80260283 591449.6762913  590861.30422154 583774.42083462
 595085.19097788 578203.77913907 596091.81858948 586508.47516859
 573903.94435779 587031.30753508 579498.58261734 576244.90092913
 585959.21377779 594310.89082135 581298.04752804 590513.41746908
 580781.60283281 590062.25954897 578539.36972832 587772.0158041
 588007.55658555 588790.74590947 593309.59766938 589884.21515478
 589659.60952583 585684.54714053 592015.55431753 593830.39474187
 582626.62255428 573886.00564567 592667.22747794 582587.37314404
 583995.58456379]","[5826759.28976348 5831358.60415591 5835919.06682209 5856078.42329455
 5842602.27710067 5827514.59201907 5839630.87325921 5829210.99483579
 5854042.6615933  5828214.40032793 5833495.78940352 5859226.12010997
 5841467.76557263 5827399.39345942 5829456.75581034 5852513.25977002
 5847797.83037178 5837866.93549414 5844728.97492827 5846554.86991489
 5849486.68877598 5827936.80295819 5858004.8663167  5848707.61250521
 5831594.33967501 5841862.14882044 5830147.45127524 5859573.1346294
 5827413.76270715 5837258.92169944 5842633.71934132 5850583.85748462
 5850792.65351753 5844305.60611152 5837442.42117852 5834773.07480062
 5855916.27262139 5858024.27716657 5839820.38955907 5828742.02268536
 5846595.68768012 5839395.02220155 5842901.31565879 5833245.9038622
 5832777.10971487 5855118.80529597 5829758.91870852 5842654.11927502
 5847001.65219254 5852935.57973519 5833236.12321799 5856677.47020856
 5827818.02751495 5851531.48572967 5827641.35309278 5844533.13446654
 5850802.01802947 5847947.44884953 5844481.80872719 5855553.41537944
 5840672.89471844 5849724.50851785 5839123.94617007 5849775.74301881
 5836908.90630189 5840839.59499201 5853902.79687012 5832034.35968128
 5835653.8608853 ]",6906.2653470044415,7251.889699318585,7205.300657829675,7174.515725441881,6798.162548623555,6827.3189781043575,6905.926034056304,6880.104833726701,6888.153199984003,345.74595426614735,7316.3701490314,-72.90378447285335,358617.1623656013,-80.28004801310148,6961.315791755853,5983.832274530033,1,wsd-1VAL,Wind speed discretization
"[586201.2204001  573779.62124581 583516.52672764 567797.01258644
 578326.31771308 584961.74401094 578489.00668337 569418.30529901
 574148.24179846 595887.5684385  571000.02889199 569335.59758775
 570589.83173349 587815.15635481 576279.344531   580457.1037574
 581207.56522373 574290.66813602 589082.18175176 594371.88137964
 595933.51006159 574691.80209605 584150.29927507 595581.28203379
 582381.16052803 582735.18735423 579274.69603118 571971.79028597
 573197.90486975 574693.80626687 588299.57699361 570778.50235577
 579364.80727564 587090.49411261 582682.71031138 592415.32218204
 577695.7425283  589286.49948831 585317.63964284 583538.01736742
 596120.29350991 590419.26221697 586570.03846508 591511.52859127
 572456.79911351 577727.34202471 570055.17678231 586448.25004437
 593075.78954237 577313.22419569 596041.78405574 590622.28743359
 596344.53251848 594963.71973183 589619.88227039 585194.07352667
 593238.77783655 586937.83964822 580762.17524558 578801.77969912
 580268.79729952 584615.9045723  574095.70379053 596057.8408953
 580855.76408838 575550.94643303 580562.82449936 587952.55522604
 591715.4332311 ]","[5828257.55673691 5842204.35040316 5855477.58715099 5826842.38412084
 5827623.87931893 5857586.17458061 5848634.50911543 5826922.3220247
 5827294.76884311 5841401.83121144 5827047.49347837 5829873.73524662
 5834692.83627713 5830789.12608287 5827463.01689827 5827793.35731141
 5852451.62233415 5838771.93933262 5846891.80728376 5852898.94699282
 5843940.95090953 5843542.39271798 5856475.70891159 5850719.9802846
 5854052.3887959  5827971.45830239 5846503.26227593 5837412.99930471
 5841007.49707079 5835882.01994181 5859026.92996641 5832407.20668642
 5849930.16522561 5832162.2384955  5839759.98710983 5840651.71309691
 5842961.95703616 5850791.3665539  5834841.39657998 5831746.77636855
 5847284.46856018 5859609.79970164 5840319.63340053 5857866.52520529
 5827162.85478446 5845045.27698577 5831404.7109548  5858517.38779896
 5845281.45777321 5839192.01179035 5845550.2114156  5856487.01515639
 5848850.81136056 5851859.47996854 5854816.80736214 5848045.89290772
 5854886.93199962 5837318.60198156 5834001.14186011 5831152.85689522
 5843723.67310393 5835922.08606406 5832937.05312544 5849809.5203584
 5837474.33680512 5831996.42725942 5851455.36348669 5841992.92931516
 5841813.86556834]",6901.7745131832735,7245.81570562458,7196.894107170109,7176.613607109286,6791.008416752977,6821.922257466863,6901.425991398935,6879.542888477625,6889.95509972284,345.9012770962008,7308.958389808477,-72.97403423390072,358403.85894581507,-80.35294616387105,6962.266614869742,5980.744353320574,2,wsd-1VAL,Wind speed discretization
"[567287.72358875 569049.92190088 577086.28685708 583244.0849642
 571584.95403493 579896.53667826 585429.02396082 571065.00514126
 576137.05245955 573551.49191249 570499.86855983 567827.90564395
 582365.22989533 576752.74350021 581368.64180572 579118.10938259
 596330.45708142 590590.96373785 569986.84404908 579494.29216329
 572843.70521393 585408.28241854 569594.30261299 581767.19809739
 592359.90449672 573357.91723999 585436.01942962 588038.80917451
 572244.21242701 584072.07333912 592836.3211616  594194.18452122
 595346.84717025 571269.46250781 581255.59852455 590640.59773501
 585068.67933128 589310.51414373 583623.09579335 586633.40105987
 585040.51408549 588047.90657012 569825.91572836 596196.14998284
 582931.76090967 576828.75605369 591481.14024029 584445.53904156
 585920.79425899 574966.73077304 591987.58048826 591365.83331353
 588879.34941865 593308.70486428 586922.31285483 593750.43249106
 574261.88148631 580299.79279164 596161.49496824 590436.19699198
 590761.594811   581369.10762135 578990.85611528 572825.51068279
 585757.85666329 575070.86931654 591895.12974584 575940.72549462
 595965.25295531]","[5826964.94016538 5831217.1797409  5846816.35242344 5855236.9795134
 5837301.04896781 5850657.95582156 5828184.14726881 5836050.14193839
 5845518.94923395 5841921.34238007 5834700.37945189 5828280.14851563
 5854030.72850435 5839617.21017631 5852621.85248995 5849584.76795798
 5848710.63635215 5859528.00523717 5833438.15626988 5827716.12520667
 5840324.32095978 5858196.74648558 5826936.00744556 5827895.62044631
 5848905.70265502 5827234.55259286 5847650.7960911  5858954.8466893
 5838713.66237713 5856368.62154101 5855592.62763321 5853198.85193721
 5841314.78367697 5827068.3520845  5840330.99672164 5853631.60040888
 5835393.58844907 5845263.74777597 5828043.361904   5832745.57114025
 5844095.80547096 5830682.96588442 5829667.56036041 5845682.39310682
 5834181.85210106 5830682.48439113 5851665.40169434 5832070.9902874
 5833956.55333253 5840942.53722671 5839300.91943589 5858163.71450982
 5857098.54728004 5842504.31812295 5854358.27775192 5845391.47979953
 5833829.31428646 5832866.64423921 5842991.83387145 5839413.20844864
 5842037.94684312 5844823.05623258 5845268.74042499 5831974.20022145
 5829921.60268245 5844045.58225281 5850382.24757723 5827437.62827309
 5849840.69762294]",6909.476918955776,7245.743842164931,7199.288111777902,7180.589602716722,6801.519136506724,6831.465276004219,6909.136625479395,6875.737191558091,6884.5617150653325,346.85861709490166,7317.124290090762,-72.8477384952606,358873.5130040679,-80.19830657450356,6979.965551664645,5992.4771673466275,3,wsd-1VAL,Wind speed discretization
"[567255.03234555 583055.8880859  570304.77432233 581086.42886489
 572321.72674564 586236.02773813 569057.28031353 568241.96643451
 571629.72273547 582295.82807518 567608.58190663 590484.09759493
 579479.13190496 585872.0088636  569768.33679529 577933.36731109
 584223.97269809 569495.60443824 575221.39946849 582411.14494513
 587055.03668122 577462.8231884  576086.70426217 573541.53571316
 575845.78830113 576524.12814835 593684.6905349  591388.2587671
 579167.62598635 585678.44308703 582144.16178983 571051.50681045
 596206.66008612 590963.73154037 596160.07363738 577773.74769907
 589522.88412427 583259.47920303 595944.49350646 586983.86405771
 582524.50051427 584314.34888105 575736.47929772 584922.47617263
 588730.54491209 595226.87688367 589721.88320317 587435.97828865
 592248.2060466  579125.83114123 590491.31409749 589534.9234138
 581343.89863872 587409.78522071 584253.06512508 586054.34102759
 576164.89283663 592617.97847476 579344.62716769 594248.46905057
 582897.82246518 591036.88471705 585251.65645121 594613.41260078
 590762.58929729 573561.17209752 594574.30953219 594463.03073595
 596359.87246703]","[5826772.70820262 5854979.62463367 5834190.49155452 5852146.19489237
 5839056.02178878 5828247.55661074 5831222.32133594 5829257.49113877
 5827096.54543716 5827939.85538542 5827762.50194196 5859627.88210483
 5850087.94719988 5858358.58998471 5832851.0963005  5847975.17654931
 5828088.67880884 5826928.78474132 5842013.23157633 5853977.45432501
 5830249.59124462 5827556.16291514 5839043.4385111  5827258.8013355
 5831714.40051439 5846047.9247588  5854095.40477222 5858133.27232922
 5827690.46055285 5856838.61994501 5847734.47862007 5835799.31354454
 5844437.55584846 5839470.56386236 5842955.41623506 5837267.89776373
 5857451.24127849 5829615.02069992 5845792.43065353 5837436.72041607
 5845628.88552556 5831468.36213596 5844739.79866761 5833131.85674275
 5841422.90876146 5851399.61573181 5843807.34148994 5831487.20341684
 5856613.50784062 5841795.83837447 5846361.88876595 5853775.91836077
 5834795.62452951 5851144.44140539 5839673.72019656 5852104.28711538
 5840637.25981042 5840344.660478   5833568.09368283 5847629.81952868
 5843268.28357115 5848785.4067822  5836542.63733265 5841015.17316921
 5855172.55525972 5836325.64703593 5852540.33688525 5849972.37087267
 5849377.00075306]",6907.385620522139,7248.259654797725,7200.878978765126,7175.229138444116,6797.207935832261,6828.624726479125,6907.042718934619,6878.090419595488,6898.99424970787,346.43350734092485,7318.561416363579,-72.81203250051155,358722.7464482326,-80.16841544419837,6970.661090191306,5992.2619183523375,4,wsd-1VAL,Wind speed discretization
"[583483.12763392 574474.31503916 571455.94957361 568307.00439099
 569199.24802905 567639.08907473 575077.77513535 582638.14437039
 595911.62958554 572241.35270746 575301.57543918 594967.84703592
 594241.57904501 582790.24335331 591071.83523779 577446.51229249
 585750.75709424 573587.59822618 581272.63503729 577480.74453893
 586091.43480457 586619.32622435 575617.65401799 589070.48380507
 571418.00872047 573648.30412566 587511.79386902 571220.92985979
 590939.78356634 588826.97063316 592668.72975949 587068.79126968
 590710.56900085 580864.18050005 577771.79256249 582152.45649924
 584733.13033756 580514.71110278 577635.56863022 581683.04946195
 585319.59054529 574563.69457362 587267.02114244 591060.41655357
 589871.16542807 585320.46639647 584248.32808576 578968.69049032
 576651.84599006 587597.68131458 577412.2661015  583057.17107438
 583455.22426733 582452.04804711 588669.46408491 591332.85728682
 596219.19775838 579487.06139822 586419.05353192 583101.62346311
 588823.65564519 586576.83290203 585577.97340472 592306.9347464
 589314.66504567 592274.06351242 596259.83849201 596080.13453833
 594928.11548333]","[5855115.29292724 5828400.4258175  5834646.76104571 5829179.81183832
 5831107.49210577 5826941.87011309 5840623.56289922 5827964.2207834
 5850197.08075968 5836719.89421691 5843827.05915774 5841812.84906274
 5853125.5443511  5851730.18537003 5858614.63701159 5828830.3128058
 5828209.06819238 5841846.25552181 5849535.90499246 5847341.02470125
 5858419.44894188 5829523.21045832 5831629.58559084 5859238.06269528
 5831365.36139082 5838627.24893538 5830875.55075003 5828727.33661387
 5855523.98410333 5854795.29080007 5855886.66996748 5851999.93400354
 5839577.33593238 5829531.15078331 5842633.33954633 5848086.73473588
 5832374.17284319 5845595.8683621  5838324.79067864 5831217.2461813
 5853705.84561489 5835402.26598982 5856832.95826956 5851869.34061238
 5848307.76404964 5834949.9673507  5830211.38652738 5843981.39057526
 5834144.40530574 5849702.60401058 5836009.54332094 5834847.58051022
 5846446.11998339 5836924.69001765 5843779.12458363 5842010.85753359
 5844846.4148778  5840482.55540516 5842410.20299769 5839656.28399891
 5840899.87962818 5848389.6973451  5837388.35637676 5845011.01700483
 5846072.09400199 5847084.04019107 5846255.15751301 5843711.93468504
 5847818.69642245]",6870.11316552957,7240.926787962095,7191.412253622486,7153.162611385387,6751.655000352433,6782.896957785828,6869.759057187502,6854.202778310618,6854.180153372309,341.5013202696782,7280.60966038014,-73.17465170836704,356490.9629502427,-80.6345914554834,6931.9837138554285,5960.237166203245,5,wsd-1VAL,Wind speed discretization
"[567509.54658763 571933.32728825 580705.51894603 572904.33526272
 576181.6753122  573494.00344158 571312.07035322 572841.29139826
 578325.05840891 585240.47024625 577092.16456812 579450.33355308
 590547.42006032 569610.42828636 596119.36219286 569121.07763587
 596153.81700486 574263.05051208 571172.54904353 570100.59645922
 586935.74600561 582923.02513072 590796.0270282  576210.54255966
 589736.50639354 586235.79221265 567677.70874647 583757.21120864
 581541.90950074 584447.45011385 568182.05027537 580245.84255636
 578392.34440526 591738.80273478 586267.86055885 593171.51087947
 595409.66068508 580945.26924758 570672.97152687 583279.43944638
 591617.53105156 595983.96491441 587099.34906153 584818.58299885
 593979.7419349  587607.17520497 580321.89311198 596231.66724632
 588609.10399162 587431.98931101 574425.50881725 579249.0809951
 584294.22075643 594928.97716139 587849.08939805 589054.71027386
 582216.08216186 586458.28219717 580366.21315787 576410.20488776
 591273.89865511 577249.30505037 586793.61144832 574912.86549144
 578570.72414172 593954.71181214 581944.12240174 590596.1329034
 595440.88807189]","[5826851.60113799 5838064.32996466 5827811.40833184 5840470.98819652
 5845553.79496302 5841884.67459269 5836649.76086296 5827194.88617519
 5827624.09189055 5857967.27942035 5846787.35248183 5849332.72645167
 5859608.62289551 5832564.92220653 5841643.99963968 5831332.45156799
 5847289.90852873 5842956.61916861 5827060.0843806  5833659.05559454
 5858651.03480617 5854797.00310995 5857288.26471947 5828652.34641791
 5855051.50314617 5828247.23730518 5827928.87682235 5855939.08010496
 5852762.48798147 5828107.94137743 5829138.99420233 5850515.53022309
 5844453.15741461 5840193.06368651 5836866.95461559 5854933.4051661
 5851041.69672265 5851757.20936988 5834847.83388278 5833819.828008
 5850762.81944704 5845511.9875187  5842176.55693598 5831745.46354362
 5840223.40447734 5830324.84244169 5830236.26751761 5849635.94328164
 5848026.9964332  5831586.29940323 5829603.72425693 5836186.87674506
 5829738.85999265 5844048.46525129 5850515.21554906 5859233.96874995
 5853767.28851494 5838356.40244046 5847026.14254832 5832874.97437058
 5845985.32201898 5837471.42860114 5840278.33665097 5839062.64887953
 5841484.31482796 5853208.69649324 5839530.3176666  5852886.45394834
 5842434.12620024]",6914.6292929499905,7248.571863793403,7201.602742068093,7181.447022535199,6809.314630561275,6837.168099003224,6914.273797913635,6897.403536963334,6921.208114681043,347.23054902261543,7319.029691735063,-72.75569373054878,359156.28641079663,-80.09359269371089,6972.059264870097,5998.191779709526,6,wsd-1VAL,Wind speed discretization
"[580871.72269424 586234.61310542 567289.44915324 577956.38178805
 571159.90098148 590480.6627935  594496.43579443 572284.27516599
 596140.42251925 584766.25553885 573025.09502638 577201.16109277
 569086.73982451 584353.9915766  584398.67514469 581952.89190374
 582206.20395363 570276.01957744 583552.5606131  594198.01590482
 581994.6180944  579449.38255905 578594.00239388 573677.35308125
 568453.10973353 578417.58912549 571504.54623372 596344.38670443
 594978.73434991 573336.44956325 567917.4541206  583763.96935137
 585104.15953667 585447.23592133 575084.25334898 591399.57549076
 578215.30443391 587007.26437832 595652.42618918 589702.40463532
 572998.01689093 585118.38704881 579999.65110742 592536.20471284
 569672.18533659 583163.1575253  591471.53538937 589196.51903164
 586009.75063178 586319.95184628 591553.65993407 589233.68571203
 583236.09445223 586749.8098798  589917.82926218 584031.48721648
 574634.00229592 589276.95467601 579740.60012165 585289.54702861
 570708.6689323  583562.1058932  584661.86070576 589826.89007806
 588599.37787448 590311.37178491 587168.53888667 579603.27151541
 595501.77376103]","[5851907.91363145 5828247.13918641 5826754.28623712 5846088.72291709
 5836248.26064782 5859626.93336494 5852603.40259686 5827186.60497737
 5845978.47273509 5828134.84123775 5839734.11726646 5843029.96241124
 5831309.26805891 5849535.67232435 5856816.41199793 5846780.14190441
 5853791.94471716 5834158.37792847 5855657.05301303 5848769.52827137
 5827913.11629774 5829415.28972519 5827735.28209951 5833265.2120831
 5829788.32070263 5832390.727241   5833777.22874991 5848892.18334464
 5840843.87622096 5841507.05757178 5828493.4641867  5829444.59030798
 5852280.00762412 5858242.21558806 5827444.66699883 5840537.94206464
 5838784.159709   5832091.61064923 5842706.74981711 5858654.01390241
 5836405.79747838 5830623.21081611 5835687.91157332 5856119.25090437
 5828123.25432319 5833938.64832846 5843922.7430691  5857401.5816683
 5853706.06213272 5840335.36368715 5857843.61947744 5848060.19358048
 5836311.9750318  5843593.73205727 5852409.33603634 5845405.84498217
 5842596.92323183 5855919.02836529 5831621.44707267 5835001.52824116
 5829527.576178   5839460.40261499 5837900.68097487 5853825.94588188
 5849209.3138127  5846078.06207979 5845024.06471547 5840281.31677162
 5850768.79717196]",6887.206290281739,7237.756206837498,7188.15218495848,7154.258943281786,6773.2205255886065,6803.517179271738,6886.8448229302785,6851.377939702233,6855.261347285029,343.6655773616614,7294.930918905265,-73.14816638053523,357471.5464895126,-80.584295940302,6949.227782182297,5965.835580005631,7,wsd-1VAL,Wind speed discretization
"[586236.12371391 576762.64796372 567969.15203293 569402.31327388
 584623.56823047 568943.34744017 596355.80672043 574419.98705969
 569214.6369776  584061.54531563 573267.27327703 567255.47336208
 571681.3266313  580323.5532609  585005.55110954 586904.34755893
 570618.8258576  587820.16261553 582221.5923122  571710.60881063
 582088.11811013 569983.52224044 589252.05776683 579159.53742182
 588718.79644502 592710.31100262 591774.16486643 594581.55505226
 585397.99022598 587446.11914356 576793.11659214 571621.0931878
 576702.70798528 573565.03313562 592600.71575897 585285.33593287
 594292.9378553  590529.42020928 594255.63863221 593622.93251475
 576122.14506906 579014.16881121 590218.55215017 581217.53143001
 586420.46328759 581393.43068034 577091.43309783 581778.29327601
 584936.30044793 593423.90435887 573952.7343237  592237.3729508
 578039.76259467 593323.0865647  582914.65289102 584815.47461394
 585566.19843894 584421.628219   585559.748537   585118.3130457
 596107.04687579 573669.23392704 589091.33802936 579258.86213818
 585644.94439443 591267.56939146 581585.90912737 594006.5185327
 595431.69398496]","[5828248.73341876 5846159.00788157 5828563.94823432 5832064.38136725
 5857121.87322819 5830966.08114018 5849223.93905638 5827317.26228601
 5826909.11612329 5828076.48258024 5841339.20926111 5826823.41035514
 5836719.66265649 5851137.95090007 5836465.19725469 5855014.89493325
 5834857.19999502 5858513.92823161 5830327.53550283 5827103.09568078
 5853656.30963454 5833456.92833587 5859263.25606307 5849007.32528234
 5857260.67403951 5855811.23250729 5857456.15545147 5852439.60692101
 5844996.92156992 5831786.24977434 5843162.52361301 5831176.62977161
 5844679.13700419 5828408.39406282 5849110.73004065 5853083.15555306
 5840665.89393288 5859640.43683543 5844593.83964046 5846734.25129079
 5835268.96290686 5846531.60185199 5854064.78115796 5838102.94637787
 5837984.72478614 5848952.42701644 5837408.53277384 5827926.57768858
 5833685.99557622 5854562.36408104 5836948.12546272 5839147.34272349
 5828967.58547497 5842359.67570417 5841724.68795719 5831128.92881582
 5851327.87039081 5829589.28896734 5847023.0295484  5841578.7819578
 5841540.24667292 5833102.09383341 5841001.09181739 5830487.68070036
 5848840.76226668 5851766.36242301 5833597.81339077 5845555.32952708
 5851038.88358126]",6897.43262257806,7243.010264692747,7195.160555521016,7165.866740500998,6785.991869203426,6816.408555851348,6897.08340529618,6862.951004241466,6889.669034601843,344.90166484573047,7308.690476456828,-72.98415260630426,358056.1923965737,-80.3915138247369,6959.51126248146,5982.220627405621,8,wsd-1VAL,Wind speed discretization
"[582982.18246264 568291.23994116 567468.69557595 586454.48882754
 573122.2668958  580608.64267737 571667.23009626 576724.07358653
 572504.56734143 574454.11246776 579769.81756432 582579.1109782
 590527.93584505 588157.79889433 574354.37903248 588920.51157159
 573006.9768777  575785.00976765 569398.20138637 573009.58535692
 575367.10387221 581320.04377993 579640.11964648 592870.99420732
 596069.55863514 570987.62902379 577708.22976639 568671.42005462
 585620.52878085 594041.27026203 585269.94432026 576613.28875855
 567914.21262708 576137.00601984 581417.55488786 594724.32079351
 578214.86738395 581503.49851138 596334.53468583 592653.63996161
 575838.1075323  586126.87947658 595504.38418057 592828.93255244
 583639.9668467  583412.21303615 577478.01888319 586281.97932415
 590121.69736679 587108.1787926  590649.42476201 589660.02373441
 576909.8816938  583988.45118649 591213.08286102 591140.02303922
 588656.77759595 586265.34604342 590809.51044177 585723.2918646
 584392.06329342 584518.7113558  594345.14911706 586891.33528579
 586359.91436383 589752.37182633 595276.69567971 592275.58672695
 582023.24533576]","[5827991.01148383 5826833.13672304 5827406.0852377  5858519.33312948
 5840957.24253989 5851196.12344466 5833552.97534055 5845563.88607477
 5839450.55364264 5842684.66940181 5845243.45666462 5854327.24863796
 5859639.62805249 5830769.59483255 5827413.64950807 5859196.12639874
 5827293.20908376 5836997.38812008 5830711.4092364  5830957.21668152
 5834448.94087905 5848279.299449   5827727.77441033 5839539.34875346
 5843978.26081116 5827109.66674734 5846988.89848018 5829656.7700724
 5828198.80177327 5852964.49003369 5849519.47050643 5840922.96076676
 5828497.06955792 5839258.13864295 5842144.35674576 5840684.27996119
 5827615.44667121 5852760.10252518 5848573.72281828 5855757.05636028
 5827475.58481498 5851439.58459074 5849991.3536274  5847122.09316289
 5835969.25095646 5829878.56487811 5830918.07480864 5838602.61136292
 5857873.22379108 5837178.93576011 5850874.29838604 5856737.34219656
 5835887.57805295 5845969.98606529 5844451.17898857 5858568.95022361
 5854685.08574641 5856182.77931552 5853148.72541942 5830362.35225465
 5853580.46670927 5833569.20158035 5844849.78115592 5832665.83514478
 5842573.7734744  5841844.55688441 5846699.03991556 5841253.03801888
 5834396.66324476]",6889.834811939163,7237.237542768747,7188.37456536941,7157.506976447845,6779.381520413673,6806.4366503818055,6889.468038700717,6861.171689711206,6875.868242515507,344.08414361644327,7300.193988314964,-73.0689409642555,357694.4368129404,-80.58585458487002,6953.957596226569,5967.587199113194,9,wsd-1VAL,Wind speed discretization
"[567258.80221915 578393.77352593 576492.29384145 572001.46031807
 590489.65981323 567692.66088295 586236.27306204 570104.15328458
 579076.16740042 570663.75319289 571128.16496566 581981.780979
 573554.64562963 569440.12737828 579640.88560348 568750.17407585
 569946.98549577 572735.52114492 585730.51677521 578185.7524018
 572818.45605275 596200.6670151  593453.44827553 583080.63220981
 577801.02968802 579481.20962193 579288.9086834  591086.04164545
 585480.75454229 576334.34378274 574964.97772908 592249.00002351
 579332.02941579 580907.9041894  577882.95305764 582021.81517705
 585864.14498413 587957.80553086 578738.96099427 576163.88600365
 592046.69855311 582816.13721624 584604.09508936 588624.23538277
 596088.83170582 588813.34549522 594014.72026632 573828.41699773
 585357.86142684 585464.05174959 594523.19389899 594551.89437938
 593122.23298043 585571.88054524 588586.79974205 588394.52793831
 595320.46920139 586292.19942164 592983.01338898 583163.29927526
 596214.49259715 596357.52882367 590449.98378514 593627.16650896
 586560.25193067 586237.0659783  585016.74490112 584088.61587818
 586558.75687679]","[5826786.77145355 5848604.77788877 5845986.84544101 5838301.51932429
 5859629.17119717 5827964.05214494 5828248.70866585 5826976.6324299
 5827687.10202539 5835074.61542462 5836188.03601892 5852860.59282308
 5841870.19402188 5832150.2284263  5850307.05897505 5830436.36453326
 5833373.91550167 5840062.42634996 5858318.14917181 5844375.15514926
 5827190.17444722 5844581.32467276 5854510.33128696 5828009.27898765
 5827585.44898039 5846031.97413153 5834990.52709114 5858331.12735889
 5834780.18729403 5827469.09742646 5827362.15410928 5840153.95541393
 5831153.14524244 5827827.6592785  5836677.25544787 5849984.65792071
 5842970.71724242 5831079.28070798 5841759.22426643 5841646.07892071
 5856103.58231444 5839527.41371589 5828119.72002612 5853196.28247153
 5842170.97612464 5859167.8090653  5846753.25096658 5829835.41137273
 5832346.69834255 5836895.24509672 5850113.00451918 5840576.99929433
 5853400.2570097  5838580.5551904  5848253.98412542 5842004.11207145
 5845427.59276387 5845822.01915724 5843919.6487907  5854449.18578811
 5847803.54354948 5849287.67334709 5850132.65779948 5852124.9056584
 5829594.83377448 5833650.67327218 5849851.63338299 5855957.53100467
 5856785.33146159]",6905.236642096267,7244.58567787073,7196.899427974735,7177.312339780365,6797.8173381800525,6826.560008017822,6904.8879291820385,6884.955123947167,6907.01233553504,346.52320789589857,7318.277157024494,-72.91669686239426,358584.7587918306,-80.28956153523836,6970.650321114654,5983.5702048624635,10,wsd-1VAL,Wind speed discretization
"[585441.20846647 581125.97470085 575319.26891741 568971.94512124
 586235.86527588 577736.58733997 571536.91046613 568239.73499169
 578590.20709077 591687.21726213 574021.37884851 582272.43343
 579241.21382329 575589.42102846 578887.2909262  573189.13765118
 576014.71231597 586532.99137473 581857.28152651 592757.46997123
 590196.51509062 595153.1662003  571006.2257488  589052.40510392
 577536.50487626 587571.19639981 587385.92027    586599.02132163
 582554.67855427 569964.94355094 570663.53638845 571899.70710005
 574195.74057913 579580.63968683 575245.41726858 592552.3039813
 588789.88970023 574829.03448676 592243.97972863 584612.00762893
 573234.76819597 578697.38972071 581248.55045414 595580.84910912
 580632.64874351 584886.80096373 596340.5762281  580475.2862032
 596189.22190079 583111.808835   586649.74944005 578816.24384714
 592563.06787492 589114.05953    575623.89714056 590967.13407865
 592867.14152564 592500.91330452 579582.75184671 586505.04295618
 587169.11768023 593462.11488255 595974.67696302 585735.33594001
 584231.41950408 584610.01606438 590445.17538665 596092.96515733
 567935.71811401]","[5858240.34328879 5827844.67759414 5844400.14384249 5831025.61125948
 5828247.24145603 5847706.47610271 5827883.23932277 5826879.8960717
 5827646.76909926 5857368.04873793 5827284.99402425 5853907.12243251
 5849763.9468553  5830626.07441338 5830443.4412014  5839172.65574969
 5842785.46908584 5837615.24179218 5829423.31309316 5855619.77743816
 5859548.84727789 5840948.1973676  5834565.06772556 5857552.7434966
 5845933.36525286 5830399.65178546 5831935.2297829  5850735.59363961
 5837599.92886374 5830008.76296734 5832041.85168009 5836335.67897248
 5838332.03842269 5845132.69306482 5841368.58358134 5840114.82824096
 5841206.34859133 5834016.55412856 5845849.04997452 5834305.45885907
 5831170.09219891 5835715.85623964 5852430.85706984 5850617.91457278
 5851274.13405604 5840004.40520799 5848882.89607889 5843343.9670184
 5843917.19970784 5831513.10359964 5844436.79471186 5838395.59463868
 5844093.72508369 5854145.39439954 5837396.31064122 5841496.42511205
 5850638.4005705  5848494.54746818 5847594.04896207 5840680.70685073
 5857842.04597994 5854156.46938676 5846169.82484404 5831769.92271839
 5856329.76594535 5828120.91810366 5849361.10469901 5842597.7730399
 5828546.9589611 ]",6890.6263498441385,7244.890121811565,7196.8207859744625,7160.829136107112,6780.233025654624,6808.12075071019,6890.286792237218,6861.173551649256,6872.898240975605,343.74085226767045,7306.121731204759,-73.07025161691298,357666.77368919004,-80.49447378786033,6944.00037910717,5971.006571498657,1,wrd-HOM,Wind resource data
"[585402.16300242 586230.83572933 567819.56439015 567631.30975852
 572233.25759273 568488.53061276 583877.48084043 590528.93106391
 570595.55548161 579663.52375529 574711.38137751 579315.15000504
 587652.22081483 582732.55891992 583874.75599739 584122.5302317
 586521.0793668  595347.9868017  586616.64913121 583510.89523246
 580153.12904708 596115.79951513 575473.4145567  581002.96887455
 572172.26117811 576562.89260029 574614.95306877 580774.44924329
 573761.12206065 577934.3033061  591759.39986309 587014.51608671
 577109.22734445 594663.15879095 591027.11956499 577034.84625133
 580543.84924463 579869.74958965 591453.50920192 580574.30962123
 594094.08557262 572271.30464613 586866.10559697 574746.72696452
 573767.05014127 589187.48512176 594746.29448107 574507.91711613
 588503.38631455 589222.15112442 591637.02552589 596355.0322419
 586498.39334339 583184.3106335  582004.31517544 584146.41064175
 581056.13029937 591643.26505819 570276.175696   573048.99349571
 591157.58102594 593371.72224281 594246.37783551 588585.46827205
 585856.49566309 583591.38243105 590778.72443787 569544.23420282
 593182.16890121]","[5858187.58473204 5828247.54152173 5826824.72098957 5827817.32078036
 5838860.25027055 5829874.30304956 5830450.19893217 5859640.12953527
 5834381.03363225 5828018.99019113 5842469.26206748 5835295.52243391
 5858542.3759101  5854537.05467858 5832654.99374693 5849554.96892651
 5829640.89193466 5843509.19446552 5836995.68363862 5828075.48914198
 5832549.27223824 5841546.26636074 5829376.47129347 5852172.59509757
 5837043.1536643  5827667.25228805 5840113.30297771 5846283.22794935
 5834566.48422797 5846379.60710405 5855945.51391901 5832490.75626144
 5837810.53751087 5851639.10141586 5839770.24815031 5843316.13388269
 5849084.66425405 5844176.34355436 5858014.1297562  5850975.32545747
 5841501.38249923 5829455.42816556 5845882.51566724 5837345.29277166
 5830961.86696305 5856688.30350015 5845926.65749329 5832718.70076724
 5842665.61961347 5850695.86758311 5850096.2928236  5849297.85498756
 5839181.03110822 5852306.73116184 5842195.48420131 5835902.91621154
 5839402.75675176 5852417.53600785 5826989.87581939 5827421.00511634
 5845993.84327076 5853917.40791384 5847442.52509575 5853125.56662877
 5842181.94004984 5844997.54539153 5843923.2718477  5832333.82056592
 5839736.59271945]",6888.547250761121,7250.250748434915,7202.664482334308,7162.289221840758,6777.370835204767,6805.255997203347,6888.215256807334,6871.317317418569,6885.0633949617695,343.02638062581025,7304.941070895075,-73.10083864038089,357490.38745284535,-80.5435915861075,6939.9720278192735,5967.935372096753,2,wrd-HOM,Wind resource data
"[570654.05371564 567570.91953236 568466.29495664 570628.81354236
 586236.08930099 595955.93201441 572692.99604627 573747.72187818
 569873.87600553 585327.38415883 581185.00054924 570883.04018034
 584338.14066026 571917.04229031 575418.64971909 593240.79315802
 575323.29370109 587150.48175259 576943.05842086 592374.96275736
 586395.49001087 572468.13473186 574022.94722763 589735.63313084
 580857.09637321 589156.49770762 595867.26437762 581300.18082935
 577678.44418389 587514.31105313 582898.28447891 580820.93708505
 578905.401512   581524.3056399  573269.97569054 584976.49801655
 596309.25195342 595964.74684813 572338.76466457 589952.05732865
 579311.65982235 586010.92957517 574648.55303592 582577.63605491
 586529.35712664 596230.1049523  580092.91371729 579529.21040018
 582508.80314717 586909.17974436 580408.26691836 594479.55548965
 578899.43232713 595379.76455105 585767.33761173 586459.46274218
 584644.49646023 588224.37148395 582310.45107791 590647.77191186
 596360.1158815  583869.94751789 592188.81739581 588606.82261662
 586651.60565216 583268.26843875 586671.01130979 592035.36922244
 576528.27435324]","[5827019.71801232 5826797.38509764 5829772.37856746 5835009.65879628
 5828247.43789262 5841445.05334583 5827194.77468522 5830593.35232877
 5833198.72373259 5858085.66959722 5852419.18993422 5828893.91704371
 5828097.7682508  5838101.68400679 5835151.65092397 5854451.5433979
 5844405.95926652 5858710.70640759 5827515.28109096 5839232.62280052
 5831912.26861047 5839424.54506637 5842624.14768758 5845977.57290978
 5850778.80892897 5858145.75090065 5842870.0083569  5827859.04410432
 5847626.87722854 5830409.29744731 5854536.46648977 5849182.58913528
 5834218.0183559  5829520.76949193 5841162.5923988  5856752.34747565
 5847765.4973474  5844767.53607185 5834663.6937204  5854639.15169578
 5846628.42314433 5849351.98536507 5839475.13208511 5831643.26214624
 5837149.09735461 5846347.00345224 5831675.61007114 5842355.61553618
 5838173.30292312 5854517.09087033 5838972.82581718 5849552.86556273
 5839564.78506817 5851131.44100591 5852210.12868935 5838914.69005632
 5829925.81563912 5850429.63482749 5845075.98903809 5840951.73350256
 5849377.27320697 5835700.98016197 5847691.25685783 5843294.70663603
 5840414.7754351  5833502.61237429 5842566.19258428 5856997.91023782
 5846054.17394844]",6888.471737047456,7247.2906502018195,7199.151974840891,7164.1440609712545,6780.024309669458,6806.453610191479,6888.134362154554,6862.864344613367,6869.603760864229,343.55767142132385,7304.70603268577,-73.08829082076072,357512.63719717483,-80.5238718578751,6943.6369226894885,5969.198792025071,3,wrd-HOM,Wind resource data
"[570601.06562117 573416.13750463 580498.48749011 577716.84897209
 572113.9565161  577826.92338201 596337.57220901 586161.92883205
 568016.17526188 572703.65392349 580071.35520928 570642.11906452
 596046.30107564 574477.76514291 568229.39235533 582711.63375008
 578132.0392489  570745.9071166  581815.33695086 575785.74315701
 571410.07687107 584013.62943753 579892.90771778 573097.70669317
 593849.26774817 585067.03785002 579717.31836973 581809.78984611
 589534.7249044  586239.28796503 591797.93105056 596020.71639838
 578413.92434955 594488.67995403 579298.95129624 584712.59095224
 588079.16412074 583501.90201821 586712.73597849 593105.50220911
 581195.77681334 583833.01100121 590319.16380807 586889.71368894
 585576.23862457 593732.25185717 585287.45138945 594095.17872518
 586551.69608531 593870.00508551 591341.06478255 584626.30636279
 587256.5246773  589769.52640803 587571.73929772 582958.45340013
 589299.60022832 583399.81664328 586003.67254877 591349.33261368
 591151.63026964 586410.43060031 589336.73770438 572760.21829614
 588319.99200939 580507.36485205 576819.49468476 586124.30939749
 592001.70345478]","[5827016.35824772 5841685.04210984 5830027.33179587 5828978.32212371
 5838338.08384974 5847829.73675428 5848644.79807188 5828241.54552544
 5828069.00253054 5839988.88445692 5839373.80107095 5831186.81162496
 5841936.88942175 5843249.62315391 5829252.17275593 5854509.01665108
 5832715.59766724 5835288.2259817  5853066.33471533 5837335.82241424
 5836883.91225681 5831622.99660217 5850654.88615856 5827266.37089627
 5840143.79530898 5857730.32277271 5849166.31320475 5848574.80718789
 5840834.28180231 5829867.61454957 5857384.11161097 5843691.35811838
 5840943.54730762 5851467.05508227 5842884.6928145  5854734.31653081
 5830705.74502476 5841380.11857501 5855081.02497544 5843300.59648296
 5836204.0048572  5844931.31024251 5848199.84650136 5858638.80732665
 5834629.43714924 5853986.27558446 5847678.97031908 5848382.61019582
 5845213.71435385 5846393.62318055 5839221.69219165 5829486.00223265
 5832111.96968445 5851481.08053479 5856932.36195415 5828854.76007091
 5842479.6598292  5837478.42445592 5841695.57648914 5855673.1495314
 5858548.13492658 5849893.66489203 5859312.20182977 5835487.73158218
 5852911.27294261 5827796.60870773 5846103.25014205 5839093.8059132
 5845020.81265358]",6878.514884517541,7243.312504377885,7194.124156752209,7153.523541194709,6770.541786847115,6794.022406866452,6878.175148374178,6849.143240924349,6862.936872384718,341.90144170693986,7295.307671771629,-73.16921570245398,356929.379866404,-80.62804761462854,6934.282024549474,5965.246350137422,4,wrd-HOM,Wind resource data
"[567439.8111652  567753.60594413 585485.96076381 575253.82712969
 571257.28683321 574643.47739495 573506.44482663 583587.16600193
 576975.2082813  577902.81095462 591978.99814908 569532.27042346
 588012.73422949 582090.29114427 569428.44551284 585019.73498204
 571887.31904073 581121.85816513 568395.72285635 594430.90446651
 579146.42655454 568957.22666606 574517.29358445 584844.75004935
 585139.73056155 585137.51628796 585055.91424168 579519.01310023
 576759.98351916 578586.01839179 590229.56560763 581271.57212419
 588423.48753095 593845.18412648 590528.17156224 595285.33215705
 585003.752659   589001.49585524 592365.47432955 574438.56056859
 593007.01075558 592570.11210291 570495.13402712 578121.77977007
 593215.11683752 587642.28933876 575522.09203024 596309.19571422
 579429.43599308 577856.71674844 585439.70000735 586965.98455923
 595157.88652085 584592.74693129 571253.00909349 575740.45193128
 591052.70560883 590513.81743296 590319.65639088 590079.44113758
 596115.85944567 595835.53757584 594791.36596909 577091.54265771
 582850.20421009 592709.73913674 589768.49789351 586814.09986998
 571115.72939631]","[5826925.54829156 5828111.41253617 5828188.55732822 5844244.37534793
 5835583.59604725 5842652.47972844 5840070.34884552 5855697.50999237
 5846665.19999081 5827590.86100776 5838988.00990409 5832231.90723123
 5830653.44445413 5853315.67719834 5826922.63001383 5829142.62535073
 5837174.68623218 5830259.83857432 5829651.75402364 5852795.89914294
 5840519.82034811 5830989.2211257  5827324.35027432 5845628.67667386
 5836864.66404361 5830634.77742979 5835242.63787091 5848089.05036935
 5828377.73529837 5842649.06755824 5856957.38947183 5851155.62990642
 5841710.95556783 5840141.13115225 5859639.9576851  5851297.07620276
 5840253.35524281 5846557.59777588 5856419.45854914 5830809.70883269
 5855142.91378749 5844327.21241036 5833990.6876905  5845560.32331931
 5842188.85769275 5857500.76395474 5829614.69029995 5847721.45804093
 5850020.46020083 5838147.22275185 5858238.51705287 5832562.09604969
 5845390.06563637 5852605.13892247 5829990.26650839 5833226.53476816
 5851536.61089462 5858500.01205049 5849813.15924006 5855277.28529241
 5841543.28060998 5850331.2550267  5848168.09083762 5836433.74362635
 5848871.21518252 5848846.95713117 5840377.87144469 5850077.44950436
 5827059.12500112]",6893.576700684693,7245.659552587492,7198.136700155744,7166.607798113566,6785.959101074811,6811.691543373017,6893.236492132606,6875.922470242532,6890.165834120535,343.9768957754658,7312.645736877179,-73.1248410325259,357822.5564136881,-80.55401508837134,6948.40825271739,5970.714786785304,5,wrd-HOM,Wind resource data
"[571409.13818987 582681.88269594 584653.15959405 567217.03160582
 582352.20024096 578269.07638523 595757.93469944 573213.83587167
 583835.37757231 574529.9133098  570593.91310784 587575.96879149
 588163.19666469 568815.50888196 568053.8041243  590217.34692113
 578141.4580589  571418.95106546 579039.72643185 582747.3227418
 588527.10484797 575256.14407818 591104.77821372 569513.9796513
 582654.65700319 568426.88158865 585094.56216317 596327.15408315
 578497.98483984 587205.99311278 572185.84149002 582537.12799149
 590528.36891637 585188.42241899 574880.86729648 593877.07969688
 573644.26253766 586224.15326665 592192.56578317 590223.6066095
 580016.01448865 585954.65004716 586738.99965891 586313.9291396
 580936.33751035 582018.10632849 590759.40601649 592186.47592744
 585352.36158191 595249.18103962 582953.59874588 574367.33345373
 583377.41515279 576060.38155137 594744.40523125 584195.1137254
 596172.83674916 571389.93406584 591561.69192291 576363.7578485
 581579.23959238 594700.8063513  590502.23985933 574335.35102988
 587066.44748954 586507.1659154  576916.2367645  592730.05971351
 594303.16642041]","[5836780.71510326 5854216.60525614 5828122.88380655 5826809.52185313
 5827970.05852666 5848087.72777515 5841321.8750747  5840260.73326335
 5856046.03870776 5843274.1714237  5827015.01110325 5858827.49829415
 5830775.05028649 5830658.49777981 5828830.90115739 5859554.39517723
 5827695.66555765 5834843.26243695 5843545.66718712 5850930.67573522
 5854447.17784147 5827382.69985182 5858532.70151954 5832328.97770726
 5829894.46159077 5826843.90029888 5854420.13592979 5848346.79034467
 5829173.0405485  5849284.32313865 5827141.34013752 5848566.52741566
 5852888.24342651 5857896.29524176 5840929.27792036 5843610.73673837
 5827271.72871358 5846836.94549106 5840912.90504471 5856928.45654291
 5832444.38519829 5833034.24855266 5830356.75106567 5856498.03227647
 5838597.01574112 5844020.21891058 5845639.90385914 5856733.06326563
 5834971.79514307 5846137.08152656 5835410.31666342 5837917.19090686
 5840000.00938861 5836526.89318963 5842264.88486228 5837815.83173254
 5843366.25132558 5831803.02349097 5847903.73200648 5839719.41928046
 5842602.25071686 5848352.42239383 5855316.26807028 5831006.48495813
 5832025.3304393  5842429.94960178 5833408.22323043 5850409.118526
 5852897.49941694]",6882.580260291404,7236.217304136576,7187.542852796372,7153.35322138391,6773.757967055455,6797.36528834032,6882.2221294596375,6847.391676630127,6875.327201845905,342.8595561902423,7303.381389923444,-73.23873301612262,357177.5172114213,-80.69624977176086,6941.176815056362,5965.6475170466465,6,wrd-HOM,Wind resource data
"[583126.73423595 585438.96425751 571621.80203135 568763.73569871
 577877.91910002 586232.23559902 574053.9126349  582037.78430547
 591693.84581166 578140.72082805 579490.90195987 575845.66092221
 573753.82393655 574190.65777377 596115.57877251 584669.16662967
 568979.48135379 590527.70868223 573474.49093597 571788.2189174
 579071.98431797 572294.7985898  579167.87779801 593327.73050156
 586937.92682078 585416.88035722 574377.40181034 585338.98075137
 587326.94879579 586509.62670504 595847.41590084 589384.30715259
 579519.77672413 595127.71292129 591086.70352927 588161.33115893
 579661.76867971 589392.3597673  584452.29832677 583973.85629285
 588305.27915939 586284.41466442 594391.37483327 594977.08997194
 585603.54733051 579682.56094627 582975.79271458 591760.95889873
 594765.39742377 592588.84098517 586244.12510525 596361.30869944
 582680.45038173 596118.7211626  583906.55286944 580171.17012859
 576044.9656378  577527.61773309 593717.53042188 583390.68776012
 581328.41960902 596319.03016248 580848.25825299 595635.74595731
 581127.33566121 576660.77261362 591269.22907617 568278.50449427
 570444.0921947 ]","[5828002.52592337 5858238.57589337 5831039.49056462 5829203.34869819
 5827589.26392903 5828247.36503303 5833105.06084561 5853585.61256463
 5857597.49273594 5846560.67236538 5850104.32463558 5827437.97117628
 5839668.98232713 5827298.90962529 5841544.06886257 5856962.60770862
 5831051.80608677 5859639.73595834 5841837.75139976 5837792.11377927
 5848412.45514995 5827149.36993173 5844232.68014245 5839829.64036081
 5856603.64495439 5848366.25888531 5837166.71584519 5845992.40793863
 5830110.28879572 5833243.81967558 5844658.13966384 5854633.6852269
 5835553.21714812 5851570.27507289 5853502.1397142  5850025.5959097
 5837252.49161861 5858674.38752494 5840220.63668756 5842474.29637799
 5855430.48365807 5831488.11755354 5852862.24642995 5840839.70600013
 5829389.53650575 5829823.21530513 5831669.36641822 5849546.98897316
 5842677.55675711 5856026.50041831 5837840.10096761 5849387.81191876
 5849233.52033202 5846283.15665424 5833982.0695681  5840206.69735478
 5830443.89745693 5840068.67913713 5847083.48626078 5835990.06119152
 5845493.32320568 5848093.97791685 5851687.85585804 5850422.55305117
 5827844.96966191 5843089.94898738 5844497.69347607 5826832.04618009
 5827003.31331224]",6892.286578911489,7241.815524747742,7193.557783054084,7162.709389150085,6782.403283639966,6810.763418721085,6891.944024932235,6866.561520685655,6880.5299357187605,344.27623773659144,7310.487854678506,-73.07282537549362,357736.45800389163,-80.50674734331267,6951.783528011808,5971.192095233314,7,wrd-HOM,Wind resource data
"[581341.31112689 571444.48428672 578949.81769256 568205.76444965
 572794.90770476 573705.737962   585317.5142637  581571.05186413
 569164.30829731 590568.5338259  575276.41907444 587929.58647088
 568383.73070743 573120.48894931 582749.38685175 576606.25044275
 581930.94274024 584452.75865706 578085.33123103 588847.5263553
 594256.99116271 595175.01882591 581737.17969125 591120.25509267
 586492.10357263 583287.39296474 594376.23669203 575263.61458487
 587332.90434836 569991.77594552 576062.66108503 571287.34507298
 579917.26962745 581588.31613052 575126.84070903 574673.99370249
 578305.78292939 573261.25735881 594531.44982399 584562.43884214
 584214.99595416 578581.92277578 577124.95410934 584344.80962913
 590185.90785029 577309.0519071  585662.58859498 582535.92134099
 570109.8716929  594912.57703555 589674.2037055  582197.786952
 594649.23639308 587542.88633116 592130.129245   579978.61575136
 586973.40837323 588956.15068149 588602.94237105 586260.37149357
 596349.9247496  585211.26369405 576083.8790609  589947.43779573
 594860.13641755 589591.91572566 593071.93915568 589715.53436396
 584977.01075664]","[5827984.65349264 5835029.87811781 5849358.01025407 5826939.65299427
 5839072.87654675 5827260.70539615 5858072.64870208 5852844.67907866
 5830877.92495004 5859571.3780927  5844342.03239949 5858925.12092783
 5829041.58532986 5840989.32798611 5854560.38917894 5846160.24010077
 5836601.07561805 5856553.37743606 5827765.55661422 5856729.28462787
 5840395.43633747 5850646.76080771 5848556.12286491 5839355.5055123
 5829415.74446683 5828653.3260326  5852289.19730726 5842065.71123198
 5831910.55549042 5826967.15051265 5827445.6647482  5829333.98714052
 5839678.40205288 5850823.98031962 5836751.5807771  5833043.75102666
 5842972.51339194 5831448.87483793 5842098.97328405 5834737.38043117
 5832431.95550167 5845645.58807098 5840040.3317127  5840474.17732542
 5858366.51832693 5831037.68930719 5842997.15451086 5832885.13595833
 5832729.45436533 5845922.61876805 5851763.67793726 5845150.40409165
 5844126.68405739 5854507.57678589 5841278.31813892 5831823.59123514
 5851482.46976575 5848024.86432105 5843139.22838726 5838898.21160793
 5849023.41507349 5846757.70770302 5835035.55962933 5854797.42302276
 5847466.38642188 5845395.12602329 5855162.6213148  5849567.91744253
 5828148.57481824]",6890.902841313857,7250.49335249694,7203.0302207387385,7163.995380114395,6780.720668887508,6809.132104384217,6890.576862600683,6872.755263994453,6892.505116695293,343.3961158674783,7304.876430885595,-73.07550900734574,357663.87867938995,-80.50414710265846,6944.7059439272425,5970.3750146123,8,wrd-HOM,Wind resource data
"[584019.67099522 574134.35928593 585211.11729513 572057.88326108
 567693.52363197 572583.82217329 580335.28086072 575267.99830458
 571338.63772469 593745.1742089  578223.85394682 570724.43020088
 586322.53751948 577192.9531656  585912.78538113 578178.51812758
 595419.17672252 568302.950894   576498.74682226 581470.37692652
 592446.88877937 575596.69858048 583079.41862247 591318.42580426
 594497.64359967 596360.86164037 570013.6655575  577916.30411707
 586183.41705146 591889.53480175 581281.2210809  596210.44298551
 591899.64401031 579224.98134812 575013.1966864  569756.61058547
 593180.32136347 586712.99849948 587032.63062096 596299.27622729
 587489.71139587 581214.29701576 580160.57418002 588111.44258413
 587996.13811396 596167.98841301 587270.21580024 582736.90449539
 587840.37619183 570115.30508411 593441.55364531 590526.69391592
 581691.71281621 577211.80683954 587521.20448747 575875.60380772
 583716.48172272 596061.84824353 573428.11589893 593874.74281219
 583879.40997155 581049.26333479 591590.93950899 581995.45385758
 587162.58231728 586446.6504645  596116.31453139 583700.03960588
 584741.39184331]","[5828176.71386225 5842054.573881   5857926.85788546 5836462.52649005
 5827092.25728237 5838228.41683083 5851242.35204982 5844327.25790028
 5834750.53448114 5853832.82472435 5848372.30700614 5827024.96617574
 5832536.38321062 5846962.42776089 5828221.88194758 5837632.76578909
 5851060.24307464 5829054.25905138 5834683.056285   5852812.00458221
 5855878.42135003 5830069.83160877 5831732.84649194 5858253.23524145
 5852259.26222043 5849384.20679645 5832205.36731317 5827783.47457353
 5845740.47247423 5857188.37520058 5837024.0348629  5844580.71630762
 5853599.90208866 5843582.19005624 5840511.24910548 5827970.73054268
 5842313.79064416 5829810.52026367 5843218.86186731 5848268.77042337
 5851375.61366624 5828301.04479994 5831912.76774456 5858975.09750679
 5841037.79056318 5843231.438406   5831454.03757009 5846744.50424224
 5857758.15846204 5830028.17217046 5839893.19742829 5859639.18621561
 5840022.66037581 5845463.45453247 5855029.41608046 5831973.89916525
 5854026.06797395 5846651.05658943 5827238.96700362 5848606.55147954
 5835830.64474238 5848009.41503045 5839739.1402022  5842876.07463379
 5847861.13423419 5837088.75030422 5841554.73467989 5855860.73716449
 5850082.29537065]",6900.064084421497,7249.756410445669,7202.8396585261935,7167.183873984247,6795.634682259529,6820.366684728023,6899.728454148792,6898.384716571972,6917.815722538981,344.4944901814217,7315.694674127589,-73.12366112069896,358131.1881627061,-80.5590372718927,6951.72484546402,5974.310023781113,9,wrd-HOM,Wind resource data
"[567621.24980391 590529.41861569 579727.28590219 569600.95881219
 569073.81980705 583978.67607381 569792.28435107 573702.30983075
 580168.749779   583285.48645038 573349.67053168 575127.58577819
 581072.43453955 572041.3967139  570930.49528251 584821.73482645
 581876.83923821 570939.78844181 596133.80369208 568538.45835825
 593079.23237657 575469.55280537 589471.60210152 596126.72289969
 572560.22348714 583346.99079956 590700.77544088 576464.33286343
 577564.60030197 587011.00869175 584092.88739457 581550.9187947
 582801.09913413 592329.17026111 577132.22054253 586488.55426719
 585390.99080758 594180.18426026 579052.62987325 584969.0675321
 580026.18207734 591912.04424185 576485.21715574 591150.63824529
 575037.88848281 586532.54574935 595620.95525947 594361.71031079
 593531.02657492 583154.18455217 574026.21927875 587372.2991037
 589447.15296343 586751.25859702 583684.2515011  579663.96263388
 592381.55011539 582348.70095505 588602.47408548 586508.47833993
 587127.3812812  587853.43495527 596330.28490393 590446.59760939
 577927.09349408 594314.96160209 590306.24648839 586235.89053569
 572010.33194709]","[5827793.11256366 5859640.01958799 5849734.9465702  5828855.8272997
 5831278.64139692 5828069.72516978 5832967.56079499 5827259.68058548
 5827770.66336876 5855293.64828067 5841283.57629412 5844138.53047519
 5851948.67473473 5827129.41904266 5835286.02032073 5857394.73330726
 5853367.48828781 5830975.24816177 5842115.18055422 5826853.29706651
 5855165.58194561 5827399.05223136 5847897.39093541 5844130.60077186
 5839640.9080198  5839141.06557094 5839336.35003979 5839581.51397836
 5841885.5756643  5831010.58590902 5843156.52153126 5843912.62025334
 5833549.51997472 5856482.6754644  5844926.35424803 5829518.27794309
 5833287.91590584 5840494.19952753 5847060.0106099  5852663.14524177
 5830010.33232732 5853112.88127954 5835617.56370134 5858453.69287235
 5831271.4132605  5858540.64657508 5850485.89827329 5851464.03532001
 5846867.10953144 5847225.25686652 5833565.48940824 5848840.03617648
 5855387.37313241 5856662.1024111  5837294.94843163 5835794.38030826
 5839251.16607162 5829553.24952373 5852796.68812715 5839288.63161684
 5832315.23610851 5858903.67678307 5848394.74946076 5841205.82499611
 5827592.8510257  5845188.1133306  5844384.07160489 5828247.81297309
 5838085.96406511]",6898.6425344961945,7248.35560562281,7200.691245542535,7164.426587134711,6795.133761640083,6818.700663019011,6898.3142796113625,6866.147556223868,6888.035551192503,344.5340644666187,7316.182826320548,-73.0470905844151,358116.309610837,-80.36958333255991,6955.949470116476,5975.399772683957,10,wrd-HOM,Wind resource data
"[583795.59503121 596115.94074834 586104.30183185 584918.66595891
 570326.19597187 585712.80918585 576702.98497972 569482.58090474
 583441.07969647 590014.38501455 585242.98980578 579605.88599677
 572295.43490885 589470.36776694 571291.79274664 567879.2534612
 593612.12716311 572512.70206325 567847.63877434 586909.94592298
 574020.70952371 578267.2735233  575632.9111705  582592.13110673
 581510.70090904 573391.94598887 592981.09548221 586088.75341443
 594650.61804444 585190.06393781 577823.52160751 585650.60322629
 575831.47584274 569392.81746503 581758.96332336 594786.37820422
 583186.90361535 579395.41913734 577639.29351794 581373.86659379
 592729.25142641 587597.29106599 585487.15102951 576814.93228981
 591436.36055062 589700.54692539 596237.33233213 583481.57822614
 594389.13357213 568808.54783792 588146.15448793 583356.48238917
 579737.26106583 583469.31505744 587889.29094807 590277.52782978
 592019.25317575 590838.24816357 591898.06681537 592898.50607374
 590433.47340274 576788.72516567 584266.07431146 577837.38814851
 587051.20438141 591662.81177419 587651.63491597 587833.99802587
 580517.36266908]","[5828055.33374774 5841544.56579017 5828237.28318854 5831046.54877041
 5833760.2496586  5836850.15658175 5846268.24862245 5827285.48773731
 5855506.61018977 5859498.44499127 5833916.14719453 5849910.55419425
 5837111.86817169 5857346.2940954  5835629.34363446 5828403.02950572
 5854231.43397086 5838656.43651178 5827011.41650755 5837563.32679944
 5840538.11118187 5848279.89656064 5828256.58095952 5854341.67678291
 5852807.40666022 5828840.5025399  5848393.1258803  5839826.75326583
 5841433.22423169 5857135.22204758 5844852.48967344 5832419.9307946
 5843831.48305435 5830866.80388036 5851686.99437379 5849700.55369848
 5842116.18893989 5827717.92395958 5827570.49387475 5843960.53853945
 5845496.74828051 5857052.77520896 5842197.2802604  5841825.34792696
 5839603.69113884 5840329.85687531 5848470.26326523 5835751.55271198
 5852553.2949009  5829678.62442738 5853725.99398459 5848685.38513835
 5829353.76619636 5838507.94501981 5855076.83098938 5842063.49583864
 5851497.69401364 5848985.9238028  5846994.61422343 5843354.549974
 5844596.92251608 5835106.93396705 5829497.13234955 5839303.10560582
 5847424.06889952 5857601.70565106 5858848.50646792 5850023.19805679
 5831489.94662921]",6885.980455179098,7237.880889586044,7187.6012553283435,7151.523898510582,6770.416201608009,6802.896657813766,6885.628357217688,6860.198030408923,6887.424679856262,343.08419335467397,7293.218248000107,-72.81147074929737,357387.1331051852,-80.21803811524572,6938.693038165241,5984.969550201332,1,obj-LCOE,Objective function choice
"[584441.59805982 571517.14137231 567772.40496427 579051.03968154
 570727.13742737 586809.87854945 584997.64127323 573406.20944339
 583029.2634614  569956.27883907 585226.07227084 578095.09051688
 578591.27359631 595973.8419794  576130.85388802 590100.75781879
 584782.41907302 574956.60524576 568820.32115147 568059.26504263
 577042.34456187 580252.00858085 569683.05707434 594484.79031635
 570411.25984448 594301.52695449 584991.923939   596035.20953846
 587840.46967909 573952.56292418 591698.56750641 592272.36733214
 575143.62395383 592332.96980674 592223.34525791 592020.65084659
 584755.2382933  587393.36097197 578533.75689189 579825.52824736
 586295.16623085 578956.49097642 586258.23442307 588296.31021337
 572491.11843281 586704.66002855 585556.54256954 584311.85324032
 587452.54485469 585044.68854725 593764.9700932  595445.50195925
 587026.05456158 587587.56213864 586098.3778752  580511.51606482
 588132.47554346 583747.98108671 591367.49344372 577509.37376438
 581824.1548332  587312.9704105  584230.8988271  590022.07917567
 578813.52345601 590564.76617393 584094.01881976 595879.58768095
 590280.61721923]","[5829296.73115367 5836921.03413527 5827096.97560273 5827997.5374857
 5835064.81619588 5858567.60068503 5828155.37148471 5838188.85709899
 5854901.70623519 5832817.93925161 5857947.54483582 5830145.99757639
 5848520.2860887  5841648.74388071 5845355.85901611 5839682.23380293
 5853539.75880388 5841644.27139762 5826874.77744335 5828604.81802823
 5846756.82338555 5850932.51781343 5830146.87063192 5840584.87987954
 5827078.94091725 5851548.90853793 5841703.60093147 5845097.70643055
 5830511.58576038 5840139.27890935 5855415.43232181 5844311.71822041
 5827523.89344822 5853820.68627772 5852099.58164253 5839103.49412672
 5851206.47645537 5831724.97923474 5844839.16294693 5842827.23129887
 5828801.32022464 5840755.51761591 5843502.48022871 5853983.00956724
 5832103.75789    5832953.2754045  5834667.0592383  5845290.02716562
 5856696.02284505 5839985.66730569 5850422.81437111 5846975.13641
 5852381.85183687 5845920.38067261 5837149.18466    5828340.04988139
 5850063.92479951 5855926.29647841 5841856.04843185 5836210.51361819
 5832947.82338732 5840807.05400664 5836188.94839353 5847545.81795901
 5831812.01929188 5857614.86303828 5849549.85554913 5849351.06634258
 5859516.12646448]",6882.932516472726,7238.9317562929455,7189.2143467091155,7148.324378342721,6772.9063245254365,6799.527852241615,6882.585521609125,6853.885274980974,6877.507438610882,342.4747268864841,7293.551699471901,-72.82179659808418,357170.5874396975,-80.24252242678548,6931.361802469274,5984.83127595707,2,obj-LCOE,Objective function choice
"[578420.56868007 567397.31315302 570438.68126945 569042.05759416
 574262.34650704 588296.35553221 595425.38608812 586327.1525877
 571356.16578568 579414.60142607 579068.62219556 571918.8640149
 594964.29500952 584618.84109923 592841.9916887  569365.68488462
 572429.49797959 590529.1339083  596332.41265223 591680.86900992
 567969.77706793 575125.68382732 588612.64642828 582159.04497582
 595186.68791996 595073.23147426 585211.23020673 584333.80416843
 577617.34730561 572818.58384977 581731.90476332 586234.73991143
 594264.95217929 596081.02782729 586768.63114885 590931.5283139
 591017.09733046 580446.40609185 585363.74158867 595325.68522391
 589639.54654827 577409.78850628 580631.09876363 584247.1545408
 593146.22149908 579615.64401571 588772.06136017 572719.81944775
 591020.97109586 580218.83196988 585500.09268641 570940.59774335
 586422.88875131 584698.28696252 594248.52478673 574797.81803447
 584317.25337438 580849.72444107 581007.40640271 592359.33872578
 586340.89369396 585799.74872158 588157.32557247 574230.91235331
 585316.8408656  572972.72179735 591279.34593401 584426.38435291
 589322.11524991]","[5848399.75229366 5827242.89065916 5832945.45323618 5826892.57380544
 5840713.21940059 5858208.11472924 5841269.13569528 5838584.21196897
 5836747.79362526 5849993.05030404 5828327.83642529 5837898.82685051
 5849834.96003633 5828124.70177608 5840426.95063755 5830448.84969322
 5839326.86035593 5859639.27132161 5848466.2009017  5857262.31905763
 5828586.07571712 5842916.21079423 5840835.08587354 5853690.8909992
 5851468.39483062 5844617.20729269 5829578.79162078 5855194.80579567
 5846741.68086402 5827438.17586716 5828420.03506344 5828249.93233466
 5847564.42606871 5847157.51854703 5839946.56241759 5839270.45979671
 5854113.52205421 5845899.9427309  5856599.5473841  5843191.71237675
 5842657.79849258 5842374.67112321 5841239.45819449 5836102.57695793
 5852837.30164224 5830534.70839842 5844994.2232791  5832162.09656805
 5855463.48735642 5837527.85910621 5841022.28996415 5827307.13423183
 5849752.67491663 5834992.71458858 5840975.31339966 5828635.54764114
 5832320.50163596 5851738.94633885 5832381.80654028 5844835.44622599
 5832099.33777091 5858333.04669847 5847591.20255192 5836305.93514355
 5851341.418498   5835116.37330615 5858324.0494719  5833658.53427228
 5851275.02716289]",6886.077479059695,7236.087933240699,7186.120042873973,7148.612158274043,6771.619407368034,6803.015534701085,6885.7267567805175,6854.948427614408,6868.888810516045,343.13527691359883,7296.007960273105,-72.80430367759703,357388.59134808154,-80.21094480736535,6934.073663985985,5984.521723109135,3,obj-LCOE,Objective function choice
"[576424.71590735 575152.57241064 570932.06881672 584840.25997833
 586991.91497177 570123.30316856 574700.33764065 594762.1313231
 590749.9792576  594422.62165675 593543.46068184 578815.40769754
 586247.29737008 583445.26027293 582672.30254813 589324.72939678
 585740.98997448 591688.22803413 595932.93659059 569168.98997013
 587955.65270336 590820.23409119 583255.24473658 577119.97508304
 580546.35956796 587267.40349807 575461.9308283  567797.16160857
 571971.8785125  584009.69609587 592217.20241847 596183.96625313
 595612.04363159 592881.18855717 575457.74909694 581135.11744982
 578197.38692145 580254.98499619 588912.49872382 572954.68427395
 577268.61685212 586415.00598825 584578.35095063 584955.343586
 575646.0337109  579554.48724256 582636.55506179 570704.88368527
 573693.36205991 574501.92932867 585948.22452933 578268.85996084
 593163.00143902 582872.32107153 586061.11161808 591883.59491677
 585771.5046194  587454.12726323 579527.26425583 582024.10763792
 579334.76669197 588280.24849993 588489.40081281 587141.17229183
 578727.54221631 582953.16749339 594288.83004803 578432.42262628
 590528.19976958]","[5845070.93654185 5840883.01249504 5828394.79221888 5856345.1124994
 5830560.27682441 5826977.76867162 5839501.2901042  5841939.89125842
 5841301.55861188 5852627.63502408 5851542.18931224 5829838.26483025
 5828778.47034212 5828028.64772556 5839167.49142389 5857767.10033042
 5858172.35449643 5857602.77692044 5843463.38755861 5829705.54653981
 5858932.30873563 5839581.74630677 5854045.65679754 5846534.97341335
 5849958.27698581 5832017.47369239 5827398.55681084 5828029.41540217
 5831607.98056595 5851703.439835   5855519.63613659 5849694.35710232
 5847672.21239551 5846310.22043708 5842236.58270379 5851596.16581885
 5827736.78753472 5832687.08813296 5855891.37794296 5832819.44660451
 5838404.00253076 5840189.18247565 5830142.21033081 5843054.60512039
 5831525.00746269 5848019.76709631 5846562.54384962 5832984.7471955
 5834683.85845079 5828239.04990189 5837379.01972691 5845022.90137543
 5849631.8204439  5829834.86907956 5838866.56576318 5844714.14468996
 5849558.53995848 5853982.32253217 5831547.12325302 5844163.99804646
 5836080.85465895 5844345.74552038 5848332.71281329 5846376.53063816
 5834595.28869449 5835106.64566406 5840465.95385997 5839819.6969933
 5859639.59039824]",6873.179802735809,7237.91640899546,7186.496175685497,7143.586526009463,6759.225317409916,6787.771730030219,6872.831281198527,6846.129163320934,6857.459420410608,341.3818220333473,7280.003030561464,-73.03974622050163,356673.33625521115,-80.48068722935278,6926.111401953906,5966.266698377491,4,obj-LCOE,Objective function choice
"[596172.81216422 584233.65127587 572514.75066684 593314.38549164
 571917.1323516  585718.1433206  587361.67575069 582019.92604923
 572188.36056403 568864.98124451 570534.53894436 584734.73873254
 589543.53028226 571221.22084704 577728.82041491 595033.48974932
 574881.29985285 577807.09912535 590801.40480375 574985.54050488
 587016.94995543 596350.14090111 581198.61125368 576085.66963917
 591650.31788436 589595.65083631 577716.52089225 577776.88227511
 592493.86334255 575207.37528106 580338.40197826 593658.83317622
 585559.94250432 595461.33781666 581769.77482605 592445.34357403
 586731.00108821 584216.43496695 583739.85223742 574636.66334164
 588836.37622662 586987.97693006 585697.55286211 577804.76857726
 574458.63187189 582275.94641964 577500.35427712 589147.15906964
 578616.74040258 583697.98974562 579919.98951609 583396.79114777
 578574.97195099 584008.37748974 582509.06903624 574389.10884879
 593512.1194419  574117.92568568 590097.50545328 580631.46449068
 584427.43624365 586268.00580702 582333.1266924  588998.10768282
 592571.92394861 585961.57190844 586111.98698547 589883.81131254
 586767.15563243]","[5846257.37235827 5854676.50573581 5839161.05420796 5850136.66799875
 5832873.45443811 5857231.34092001 5858768.90939307 5829352.34773964
 5835785.74281479 5828660.55830694 5831199.00844893 5828307.21901074
 5851857.9866061  5828521.57773799 5827580.25249009 5850602.8624977
 5827352.69905523 5847801.88594068 5859109.45391387 5838061.97250447
 5855252.84216304 5849043.91123807 5834021.90349944 5828772.66459507
 5843169.97298812 5854351.3686616  5845351.56159197 5836164.49793161
 5856191.02986808 5843442.19598615 5847592.41223689 5840985.91027976
 5842549.72523372 5841913.61815387 5850688.90141504 5839536.17160336
 5845761.22960168 5831562.91006451 5850249.75088087 5836119.9462443
 5845705.60983607 5831495.73547524 5833628.73417179 5843372.50824941
 5833490.30535435 5852244.08581668 5839832.3224037  5843015.20773442
 5838245.54993275 5840438.1324236  5842101.42126242 5845622.50540917
 5833134.97619168 5835724.70267236 5837941.67249946 5830354.51995406
 5845756.78899868 5841273.1570547  5848637.91011672 5845409.15322385
 5848104.40664592 5837483.76584197 5831799.39103955 5857430.04691927
 5854359.19026056 5850302.20578998 5851792.80175542 5840513.38125147
 5844051.92407271]",6851.422140547598,7233.65158896574,7181.67092732246,7138.742122356738,6728.776300322354,6761.747932857178,6851.066005378931,6810.809684729545,6842.537252106205,338.60580843775074,7259.99514513524,-73.28471571371306,355320.7745136938,-80.80140166151742,6908.901792800656,5945.209837092009,5,obj-LCOE,Objective function choice
"[587339.32867668 574752.61194154 583626.80734889 568089.98830952
 576821.41740101 570699.85474916 572317.53002502 587863.56631972
 591243.66564655 569827.19650038 567384.66233178 586361.93824172
 585257.5114318  584156.80261069 585854.85308315 571977.22277989
 571813.93641984 577643.68136839 595291.14164603 573797.10091635
 596244.91996214 592161.07442035 571953.72780364 586498.04397177
 595067.14036944 580413.38019732 582619.54529035 593709.92889918
 574446.40495312 596199.54712478 583053.42379836 592514.34463134
 585481.486402   583892.65794279 578446.74972625 596114.50309327
 585439.44240201 586431.75865825 573703.75204745 582539.17714734
 591056.21763698 582170.49689083 574190.8566449  591787.38366576
 588443.26180318 584775.32709171 589038.94749941 568725.70604953
 591851.5224991  581866.55238425 583095.95971377 592754.65071496
 593400.50045388 579215.21958676 592966.93590996 579785.83388122
 582089.19004371 584415.57955143 581657.59023005 585626.84878637
 580651.4027189  577042.16277365 591064.53710389 587181.54404504
 577008.400771   587934.03631949 577626.63501141 588352.70138002
 589413.99057537]","[5858760.09160526 5842006.29386562 5855760.93714599 5828015.74596717
 5827632.26872904 5832542.1337993  5827315.63503481 5830531.05776744
 5858384.24725017 5830377.9787408  5826776.25168726 5831656.30573935
 5857990.45013503 5828888.24714394 5828356.92809242 5838181.50111759
 5834697.57879212 5847282.85679959 5851286.700606   5827330.27639572
 5849609.60155543 5839217.97011007 5836705.79266488 5832817.3871862
 5844634.2862644  5848830.53747198 5854249.36801604 5842338.29361383
 5840629.16502536 5847914.4544034  5830978.2557768  5855494.47577602
 5834540.08315    5838219.20301502 5828063.9123979  5842252.04822527
 5843592.48585691 5838039.84088233 5839128.13213413 5853199.25919468
 5842570.12227984 5851858.85259687 5832321.8009075  5857138.49116216
 5854876.52097237 5857108.0760256  5844022.43264644 5829282.96345639
 5848520.11617202 5846195.32927579 5832507.07385839 5840698.74022646
 5844290.78348485 5846961.46385831 5853719.94229802 5850499.85013145
 5847635.35026938 5839513.30884392 5835959.64221501 5841414.07285808
 5828522.38387279 5844299.10429669 5851432.24637245 5852550.59958332
 5842999.04409732 5840778.16148948 5839961.75303844 5850054.51863441
 5847696.98666503]",6883.09407417517,7237.996469533706,7187.256303232029,7149.882552459152,6769.343152268684,6799.021119910399,6882.734621241882,6851.65557578775,6870.199726179582,342.7350045786603,7291.327941999344,-72.90171624209923,357231.39583676535,-80.31879744389744,6932.620829131622,5977.304401268147,6,obj-LCOE,Objective function choice
"[568137.14724507 585278.76284254 583740.25778216 573673.29172097
 575931.71916943 589072.93459293 584294.66946142 577864.78455272
 586218.10826532 571876.78033583 580201.77995072 589489.00484465
 588803.6591234  591714.51892152 595487.90676505 575021.56456743
 596119.00454506 592400.56231651 583958.78746668 573439.97124958
 593199.45393228 590874.14529967 594619.6789291  571284.79119466
 570542.29370974 580943.91189206 568907.82514577 586342.70956234
 596228.90090027 573802.24474759 596336.15712601 593289.31828529
 578146.66772613 584006.98711143 575153.37831328 596174.28161758
 585457.93806401 590650.70485386 594639.24248641 588281.91654243
 584631.54862591 575601.15932965 567742.95793398 581018.58695666
 568966.19115231 579725.23233616 587813.67445529 572213.46251685
 585417.78228126 593947.24646511 585669.81700034 582542.71123872
 577136.47201903 582984.14670444 579401.15284443 588885.78700465
 585995.68143245 584751.27043649 575743.12624997 578790.01837477
 577514.71632978 575462.74340311 591479.67485259 582317.74211884
 592045.33829336 590754.11221344 586709.77230169 585200.8950496
 585775.07644966]","[5828967.44964981 5858018.31447178 5828076.39558703 5841988.4198462
 5842925.14132261 5858201.20117576 5856070.21931236 5847658.24930694
 5828293.57432245 5837721.57731555 5851076.21630429 5859353.85417668
 5855916.54225757 5857481.69790153 5843430.2669266  5843992.97441316
 5841631.728076   5856324.6488968  5830259.54381467 5827239.57313709
 5839743.90798367 5859034.92387519 5851543.37374282 5832352.4423852
 5827166.06015682 5850111.78546654 5826882.53711622 5840009.97449098
 5845426.00286631 5829312.35193826 5848594.41860811 5854792.42558792
 5828070.07560381 5853829.90739056 5837972.60046513 5847214.30939918
 5830149.59514829 5840540.44485363 5842348.66905119 5852104.17947052
 5848827.36832294 5827414.4374189  5827569.7900808  5836074.14204376
 5830490.27686137 5848783.72609648 5844712.06517307 5838813.21953074
 5833746.80180875 5849951.33125179 5838013.03079492 5840866.81280761
 5846419.58726845 5846317.91937958 5831372.36760561 5848863.60675402
 5842513.72102247 5835868.34036156 5836023.74135221 5839563.75376613
 5841284.51745463 5832535.48508163 5848476.6517946  5833195.28105021
 5843104.09511847 5845883.71554411 5832666.88121188 5845470.08604626
 5854513.14906203]",6887.078865514536,7243.377290641779,7194.174708137338,7154.012524071048,6778.057752563001,6803.9773473355535,6886.7318655096415,6868.240094953056,6905.727964092273,342.7993670077395,7298.168952719752,-72.93096571496412,357421.51228874264,-80.35477540549371,6937.1986702772965,5976.1646985112475,7,obj-LCOE,Objective function choice
"[569630.15250753 574411.09530242 568054.78060067 569024.8218912
 594573.58969949 587039.01513392 590531.71794849 572991.78757431
 582102.11607818 571939.83746173 580485.53788332 575973.2198044
 593825.29298629 571742.58600052 581894.05912779 577484.48305378
 585488.98489679 591835.52006464 586235.93456482 586908.70778455
 580038.30992293 568901.83344643 593006.16067843 589000.13925188
 567250.05504077 586799.93112291 580766.64633959 574149.90807723
 584456.53217706 585787.51898368 586502.36163358 573914.10447129
 573196.14360134 593760.23290666 574944.32073049 584682.35999555
 580770.66161998 581381.56774941 586395.70242927 594498.86378088
 585675.01818883 578921.5297631  581419.68562271 590007.36998748
 583244.53296355 576733.66748753 586254.72743747 593298.77356794
 593328.30965991 592603.74673123 596345.75552758 585396.04904307
 592270.45248697 591940.18243409 585153.23765505 593127.512808
 586658.64842713 583726.42339347 591808.98617195 593680.2780147
 582009.69838773 574698.74663636 588106.172436   583318.44814856
 577528.22051295 589417.29027409 585741.77102009 591189.34507633
 583576.88414364]","[5832608.85052761 5843158.43961869 5828834.25544988 5830824.2699693
 5844761.82878034 5837150.08437365 5859636.40592587 5840678.30965242
 5853667.97571744 5827121.44740774 5850048.45425712 5845224.19844961
 5852998.62983835 5837605.59955608 5827993.92361813 5847282.87389475
 5858253.07484968 5857343.67278202 5828247.58115209 5858643.98969667
 5828535.20957411 5826881.20026263 5854436.74641998 5855781.88073746
 5826808.07317854 5831661.3204491  5851778.26670107 5840089.98205217
 5856186.56514081 5829897.89664062 5839006.04940922 5828463.13825688
 5837317.06973862 5847869.60779188 5841567.01188243 5828210.61653532
 5830930.11834842 5833301.44513961 5842491.56723154 5840544.31102413
 5837863.43180938 5830074.14592635 5843019.6641103  5857719.50437827
 5839454.14531353 5837274.93459866 5833621.85152021 5841758.97217085
 5843596.54564768 5855732.08864037 5848911.01911198 5846012.61227729
 5840917.05975946 5842309.43749437 5832216.84333063 5851568.03015537
 5840402.79682058 5847983.5492395  5849496.93539709 5849281.66889949
 5837322.47083992 5829745.18314065 5848955.0659232  5852860.89171536
 5835319.60108362 5859282.29747112 5844122.62982884 5848032.9514786
 5834358.30648999]",6877.22380305219,7230.130765500722,7178.5472563473,7142.439308127615,6760.74255014483,6790.850111813729,6876.852556053292,6853.356954835048,6883.211266218194,342.0344711236662,7286.395229352693,-72.93788716578312,356799.9752934264,-80.38719603737069,6932.03851572433,5975.640788463559,8,obj-LCOE,Objective function choice
"[568239.1464878  590889.91436108 584073.16709906 570119.11195747
 586235.457843   580679.60424637 590776.32417334 582433.75998676
 573013.15418298 568044.49366901 595330.97851769 583690.5428316
 574028.72394536 580760.65727487 571028.99042583 572820.16112943
 578461.16999735 596203.16727498 585969.44858941 571190.22235862
 586366.13194715 570588.32974296 588193.84054854 573186.27308849
 595176.96709196 587197.05385423 595481.50757576 586387.25322327
 572959.61723768 591498.79284835 573011.16980314 587224.91329881
 578003.90776569 574447.86197064 584797.89204358 583350.40883423
 585503.49439501 581573.3921082  586475.1621555  592302.68511554
 587979.0886686  596217.90323629 588581.98413376 583533.07793642
 587279.86392909 582241.49790566 594627.2743055  582035.42707948
 577570.35657443 574693.75976086 587816.38930949 592477.31093108
 583004.39418386 586261.18081473 583824.36180417 593936.3758398
 577987.31899447 576136.52162105 582811.79678395 587346.92035021
 593171.47066628 585978.63896621 591146.5693019  585734.06919861
 579869.63230665 580086.52406335 590399.74488165 580175.96842418
 593057.34700432]","[5826999.46302358 5859007.51737443 5854880.23031159 5827279.40928157
 5828247.96953309 5848147.74831083 5839343.55199251 5829742.59229383
 5838020.63417616 5828710.60124291 5846462.75118928 5853555.67251706
 5839383.69634515 5827817.88866263 5831152.18691025 5835176.65210829
 5848686.10845065 5844341.73831909 5832926.03403119 5832786.63623607
 5836995.16669877 5830171.73102392 5858996.57449869 5841140.21817907
 5840987.38444681 5855676.41342109 5848507.75923226 5829330.90032159
 5832898.00043694 5852200.32306973 5827554.13558116 5846046.36410713
 5841944.07628947 5843002.72833292 5856578.26480281 5839210.69388353
 5830390.88994392 5846198.81723785 5839187.96090094 5856223.98727674
 5857724.42105667 5849660.59509978 5844411.36723807 5850402.79877288
 5840917.67017632 5843971.14394083 5842098.0335422  5832920.03892681
 5838205.77476969 5828130.96358988 5853974.2597878  5842743.19008737
 5852248.46564599 5844099.61747244 5836195.27377625 5844568.62649818
 5846048.80048131 5844282.68030944 5831693.94875143 5849530.36867864
 5840603.92360593 5834035.9989097  5857503.40119686 5858275.71624041
 5838712.69596937 5829332.96657067 5849267.52067849 5834746.0528801
 5854236.51490899]",6879.664290832323,7235.239272141982,7185.079431911381,7144.855937058956,6764.358000622544,6795.941289148395,6879.315003324441,6852.60508802534,6862.4719005418865,342.10007076134326,7287.082130727131,-72.89051453194112,356961.6889046236,-80.32708624547942,6928.281277081907,5972.914299971163,9,obj-LCOE,Objective function choice
"[571241.54791905 594210.26749577 569838.17011925 583886.16593347
 582212.58787171 571578.99942463 584651.20733722 573302.40851623
 587685.11273315 575961.30732879 593990.78469511 596114.6161013
 585291.64852131 573011.54394339 574947.70245728 592421.37207764
 569183.15488849 590443.22134326 567835.23036874 576499.41714221
 573773.87690248 586031.91026908 592217.62348691 577557.24519734
 584491.61691599 583767.19290981 586519.79816342 584757.53134945
 589073.0513204  593974.31699727 581668.20164257 574672.36788916
 591819.85631141 592195.73586046 593200.4799909  595486.03782812
 589999.38425209 578116.14450796 571589.83120911 594987.07647355
 574515.16510495 588638.38101653 586258.28635375 583355.67553658
 582508.72927432 587501.80366302 579695.22120889 584906.53867918
 586043.39219312 587678.36190522 580523.25495674 584970.0029529
 591987.02199008 590868.06587436 577252.94759994 581558.88230913
 588429.65999674 590601.85850326 587173.42732679 577926.48835628
 591366.97342485 579392.70369688 593565.75178049 583042.52904555
 582096.3186487  589251.38809346 587843.01326    580074.71393039
 576925.01528573]","[5827065.65272483 5851967.10006143 5827985.70573113 5852932.47528291
 5827930.45774645 5832005.22450981 5856998.44105991 5840864.24923721
 5858409.44149641 5828003.97610632 5853565.74905503 5841542.28274214
 5828174.63228748 5837597.07625067 5842871.34520946 5855812.08067056
 5830189.33726557 5859616.2408303  5828078.45158201 5846012.44423407
 5827919.6763535  5841957.24983397 5839205.4018015  5847460.59630325
 5855688.27629246 5851389.57028797 5836960.57921955 5842973.07347595
 5859211.41053622 5840562.70417837 5853081.93384787 5838302.09579684
 5851980.43714657 5845097.59489563 5846960.42862654 5844219.14097626
 5840029.33310481 5845736.85736218 5833783.05951647 5847797.01243496
 5834615.9716772  5853197.41914002 5830787.74227905 5850335.75038731
 5829088.15489762 5848656.70567983 5836888.22068356 5832145.52012157
 5839356.67141635 5856869.57801541 5846173.58897076 5834385.12862254
 5857009.59663684 5849541.60539695 5842604.05010777 5840152.42827558
 5844433.52003281 5841580.70068823 5845691.29518963 5830613.98109097
 5854369.79549776 5833182.17314685 5849943.4250003  5835999.98227243
 5830855.73354413 5846330.45980424 5831254.06653882 5827774.83550494
 5835539.10318188]",6870.837047611076,7234.41020228689,7183.973237180271,7141.933604081475,6756.126148212896,6783.855280452824,6870.481492080417,6848.739503421151,6882.739142154375,341.08616058251823,7283.031473770104,-73.02284373296631,356462.87357768754,-80.482127067977,6924.100486398956,5964.320601315977,10,obj-LCOE,Objective function choice
"[569124.59560686 567418.58445934 594228.18719696 585431.01498429
 592102.6047191  568578.42955876 572899.07090868 579947.00731208
 571178.79032159 572780.24959449 570823.67869766 586678.27817012
 568241.09847701 575006.43850514 580994.20833507 583893.45536856
 575068.30456095 569558.64038769 595886.93721949 572090.53007404
 573813.56892541 588112.14783307 590527.18947991 581094.66691542
 591124.13001337 582764.72471092 590428.18294038 576957.99624048
 592325.99480265 577125.55529323 587986.62085867 576637.87068116
 582130.03696517 573290.95297851 577414.64727481 573031.69495073
 584646.53626877 589490.0675872  588256.48641327 573799.14337036
 592974.99809586 583080.09680679 594513.05371689 576270.51813423
 595680.44721188 583673.82518298 583475.28959437 594059.47685814
 585767.35386675 571668.14011403 589235.25259724 580927.07305492
 582884.29115345 596079.09496266 585657.08987795 585466.70800547
 579847.37903086 578677.05751649 591735.27776388 590958.79667428
 577825.94887575 593655.04028027 583856.33112212 581849.97617313
 586838.06501301 584137.25362346 585542.55289186 585730.57512969
 587236.88600379]","[5831189.05365463 5827231.96285207 5840984.5215744  5858226.88451418
 5839753.90719292 5826855.91444144 5840455.79395184 5850349.82387782
 5835736.46753791 5827202.61654304 5827032.5895951  5837751.64390887
 5829053.64691211 5843729.0088045  5827894.43053513 5856124.75431585
 5835989.6242242  5832440.8181238  5842407.57616318 5837458.60352946
 5839910.52845944 5830732.99398459 5859639.65768884 5852085.88319308
 5858596.3411182  5841548.62889812 5850973.92388223 5846268.70154908
 5856050.82422547 5827529.55925958 5858940.52155847 5829641.67503453
 5832737.09938602 5832659.84375935 5838852.34929639 5830929.24515929
 5829918.70305911 5856811.00311693 5845870.5381139  5842121.00867177
 5843658.42619978 5854851.29010195 5846121.37799116 5845166.46199992
 5850603.91080868 5828047.50569573 5849811.94812484 5853445.74024524
 5831534.39712369 5828710.84101433 5848585.39432582 5829749.9599093
 5845920.87307087 5847563.91326979 5853333.8859205  5839674.76900723
 5838034.15342087 5832301.79653167 5857511.87125926 5854063.0494373
 5843476.85005397 5849220.14582732 5843334.00255025 5853272.32530206
 5832720.31344358 5836397.30484702 5847524.18478592 5833871.21745633
 5851050.32571305]",6903.7536684051265,7248.776185223296,7201.2019068261625,7166.35628268879,6796.535327117108,6825.329457085096,6903.421684602578,6872.152590917762,6898.957395406765,344.8093095961005,7308.456296059412,-73.06202134893458,358434.2124415513,-80.33606984118792,6956.3678715564465,5984.400074149502,1,obj-REV,Objective function choice
"[585658.44511795 582759.81763362 568611.79475724 596072.28613486
 567715.47814545 577935.59447117 571034.70754049 569159.162811
 586440.29021074 573120.0168615  583401.03667504 590458.65459449
 579143.73225982 572111.19818978 581370.41409538 585162.83507369
 582308.94993982 570109.58242995 568115.93576592 579689.22269125
 567860.01731581 572521.46935692 586517.7152117  574010.71543177
 576611.85945769 587536.66272585 575257.29496073 587477.5803136
 576524.99506369 591295.40858054 593803.58859066 577388.14686119
 585300.7533984  588788.99877335 588147.19925999 574289.75708145
 582494.06859336 593987.70658342 583188.56749137 596237.99549864
 593568.94907152 570098.50293873 594962.97794136 579757.89749413
 592147.17012311 585059.08764084 585314.37247011 580845.42872955
 583174.65593056 593286.17600249 589163.8096814  582112.81909708
 590290.70406665 584267.51344631 593455.52078377 573651.95118043
 579958.86319515 587158.8879215  581621.42608315 591832.26121824
 595874.50605505 589864.08650344 583768.87497446 590572.03655273
 593337.55769557 577451.03106403 573848.84465341 592635.93514246
 576704.32901761]","[5858299.22054095 5853697.73857163 5830168.21565661 5841767.01780784
 5826788.0003048  5847181.5468928  5835325.1651895  5831426.44069504
 5857316.88106712 5838683.39932426 5855150.42586836 5859620.92429669
 5849504.87964681 5837231.28949443 5851864.78201156 5828162.86454101
 5828033.36156347 5833281.30630819 5828896.43211011 5827732.16341795
 5827789.80105303 5827538.49954217 5838138.84995583 5840055.80441831
 5843425.99208961 5858815.58606452 5844316.10909235 5844434.57706212
 5827483.61889687 5857328.90627037 5853880.78026798 5828974.96960099
 5834095.4078588  5842251.46406058 5852129.74396924 5842417.69871976
 5832236.02885589 5840761.93183118 5842918.16430454 5845443.90104892
 5849112.03748948 5826984.84138285 5851860.78137482 5832795.10410496
 5839109.16590413 5848403.67435016 5831577.04804    5850629.9890581
 5838300.52220113 5850624.80585137 5848222.95986274 5841052.00877668
 5858567.89363118 5852055.31998099 5846709.96729746 5833999.4815459
 5845486.18359605 5830408.85252453 5836452.97168386 5854993.43326956
 5843804.38867567 5855984.99331428 5828052.97304579 5839625.25805821
 5844703.60692115 5834590.10965295 5829685.34394616 5852437.70172311
 5838846.56289923]",6902.097891067199,7246.558057464964,7198.781170007134,7165.241613332055,6794.6262594246755,6822.545533822786,6901.760424130815,6875.1131182461395,6891.675469184566,344.80330257807316,7311.260961683662,-72.97487566638338,358332.4080103564,-80.37366073962573,6953.664239784852,5980.120640216033,2,obj-REV,Objective function choice
"[590442.01493941 585669.24631524 577391.35991609 571410.63978018
 568641.35967852 582161.17151646 573314.23667111 575336.93044247
 591270.53003558 579964.25344741 583062.92168859 596125.27196382
 570986.93234402 569429.57444172 570756.14145936 580083.2237162
 567611.38261052 574403.55978525 586293.56971846 568811.63670237
 593856.92255142 577760.27865131 580962.41031306 587125.78834852
 585050.01783011 584790.72623735 592207.16974035 573402.92726771
 591321.65134022 570624.47031023 579449.5634091  585681.36717397
 582565.42478427 575849.09130465 595474.45845289 586205.94976649
 586898.58808244 590698.1207264  590247.544556   595551.77815544
 578245.00821114 578142.96986679 593311.67177579 596116.52491619
 576074.23881933 580679.64890225 586572.29016285 590341.38502914
 574439.73664648 586290.92601531 596333.28429845 583992.96032728
 584615.05190037 582216.60597321 579037.24643    577597.33988904
 572858.62533473 586141.8025791  587214.77958139 587032.09242233
 592006.04767768 595330.50984947 579804.57224282 586471.43658459
 578109.30373561 586635.71698957 590950.28400035 594579.67359277
 594419.16028598]","[5859616.18998086 5828202.75901461 5827551.45072468 5835926.12106021
 5826861.18353737 5827926.15400805 5841240.94746208 5844424.6979466
 5858339.20923736 5827810.30797853 5854103.93291059 5841832.34628442
 5827045.71331989 5828218.00522207 5833773.70560411 5850654.40482393
 5827585.26733239 5838855.05448643 5858474.83168113 5830466.12835791
 5853793.77357769 5844950.16002599 5852116.75312377 5857208.47745242
 5832458.55457213 5856471.88132145 5856695.04427411 5833764.65987783
 5839175.12292686 5829324.70870606 5849518.08940448 5834480.73475777
 5846402.25434596 5840948.17178237 5845341.3391582  5855446.29604467
 5830050.4291364  5845704.03264609 5856776.12097678 5850352.6856936
 5846998.64729687 5829241.9702329  5840629.56425627 5843273.43155914
 5836076.90313167 5834094.96237199 5851119.4775431  5852057.53310364
 5828009.67784796 5831284.97355815 5848494.59240258 5838380.37027056
 5835871.7834379  5843058.14020642 5831342.35058138 5837591.17186631
 5830318.92179873 5840974.20433265 5847803.149621   5853102.1921009
 5849210.80700233 5846650.69013192 5839969.65704751 5842936.43752912
 5842779.3684986  5845076.43279326 5843301.10641119 5841280.89265583
 5851943.8012634 ]",6892.398260776128,7245.497491945861,7196.704204615748,7156.616008068271,6783.5580969394605,6810.743754345471,6892.060567561612,6858.132398059183,6876.889176337284,343.6489799538803,7302.773182352932,-72.96281846241989,357753.58251078945,-80.37728527230776,6942.678228708207,5978.705258178738,3,obj-REV,Objective function choice
"[585446.30563745 590368.22063394 586187.14732057 568191.50830032
 584974.32717382 571287.46599971 582957.14395422 571965.87428975
 572217.63916732 568772.25656857 580373.95577811 567593.27196265
 573816.08940435 577992.97050854 571121.2445128  574949.26466575
 585153.97140119 591825.23549621 571522.27631921 575113.45294438
 567633.39713896 583790.9960872  590833.96593933 581562.49830631
 587434.21980352 569811.46073074 578308.02467139 593301.5330104
 569332.35977873 586310.54358443 587941.83602117 596305.76058475
 588671.82744022 584820.09915799 582714.27080395 590606.13027965
 591072.62148722 590101.59656337 578759.52054776 581960.24403924
 593770.47179275 594957.61053208 572746.26144046 577081.69087945
 575137.8540119  593510.57669648 595993.06053748 581396.772072
 575110.59789011 590010.67316749 587238.70571842 584112.46743194
 571173.25480619 582716.70902756 580207.74201423 573625.31620605
 591386.05405401 593102.24368978 583386.48577732 593815.69974911
 587462.35698387 586770.47529633 579605.57992373 578825.97280277
 592287.13029204 576482.58410485 594957.78424974 585046.65137841
 589550.80275042]","[5858241.55462146 5859595.57674439 5828243.72379734 5829161.73470101
 5857209.4869182  5835115.41533648 5852199.35929892 5837396.53759178
 5838727.76425851 5830534.45948375 5851312.63330818 5826820.17202625
 5841528.8040024  5846139.33020198 5827056.45188825 5827360.2238953
 5839923.2164294  5857144.20875022 5836271.66221398 5844062.14642407
 5827821.5781062  5854009.62836657 5858593.79226657 5827986.00562305
 5831512.07788076 5832487.5220339  5827622.95762595 5851434.77192756
 5827106.76691626 5829338.06766864 5855516.35898423 5847637.40611408
 5857619.36795825 5844586.24290477 5849870.9095301  5841776.65955362
 5839739.85812663 5846412.96819556 5829999.62825189 5845692.35378476
 5849735.48556038 5846286.00662205 5831989.05626723 5838650.35426428
 5834922.19482419 5843741.73236489 5842002.26645713 5834374.65603
 5839507.80955914 5853813.89947067 5850956.34823852 5832177.69050421
 5829596.93702901 5836525.29839554 5843445.2006009  5829812.9006675
 5855472.5570218  5840523.93471772 5847296.41557327 5853510.52462814
 5830204.15580756 5841382.87703506 5836036.67259547 5831669.18585148
 5846938.79193886 5836757.98038584 5840827.61888264 5852739.16535949
 5849614.39372477]",6893.523483726307,7239.815412370493,7190.65860241112,7152.623455517722,6782.011132433733,6812.796172743476,6893.181452855363,6863.228835982772,6887.956359308086,343.57300779625587,7299.461196183546,-73.1024905505458,357816.5215658492,-80.53013039730767,6945.430779724652,5975.638795403794,4,obj-REV,Objective function choice
"[573630.68128504 587571.31346692 571561.11226012 568454.6917458
 592221.26519752 577641.7095366  586053.71061642 574496.27124
 581498.26423556 580802.15553452 573927.27138455 567414.17019481
 582803.04741425 583703.65556306 569347.27178133 587477.98234365
 588796.41314273 575373.92936915 567809.54651999 594786.03315613
 595665.50364858 575618.00661503 574981.32897048 585763.84879645
 592953.30275284 582424.12061863 571201.24968464 572426.63516355
 594251.00270752 580984.77832437 570982.63720221 594772.8258536
 581739.97834928 590813.42310565 582335.53651314 585253.92169773
 588664.49137128 578387.20406097 591018.04567297 577283.90927709
 584384.11395874 571587.28227559 583442.08248499 582901.96464513
 595695.33211801 577616.11104732 589276.2608051  580578.76035184
 584131.33442077 588270.12706174 575144.29934782 586929.09034452
 586681.16067153 586587.16005981 586760.77348991 590804.81407876
 593726.80793251 589895.22903326 576544.44464004 577988.12262335
 579268.75896888 579670.85549619 584913.20856371 585531.37411026
 583137.49676108 583541.01646582 591914.38694762 592557.14784301
 590782.39177641]","[5841869.67611979 5857184.87130555 5834407.19532317 5829363.3141054
 5856671.8484491  5847246.43554112 5858405.01561042 5827748.55639382
 5852736.28465261 5849913.54405008 5838794.73042617 5826829.61654788
 5827976.69441016 5855450.61959409 5831163.02076009 5830737.17629008
 5854385.73572052 5843927.02409681 5828181.73646    5841528.87474667
 5843766.54267685 5831766.73638823 5834946.04019009 5828423.83709563
 5855381.30275739 5847940.93515129 5828717.77350066 5836510.63864654
 5852972.06673394 5829545.33829572 5827104.45588388 5847663.72167192
 5831776.42253452 5851165.2043691  5853995.21521589 5853448.96278425
 5859005.84806674 5845962.51959749 5839691.77888299 5836905.36397683
 5830276.9138923  5831466.5442744  5851233.59512815 5836753.53079726
 5850577.01731627 5830168.31739428 5846632.35416791 5845425.54641866
 5845995.87592337 5843682.86426481 5840661.81240875 5851783.19644376
 5847681.48763278 5837784.56506497 5842109.58876114 5854963.46587373
 5845519.71331232 5848708.84950879 5834249.60035982 5838205.89199587
 5843499.17722261 5840197.06558103 5832670.42415659 5834360.55095358
 5834962.16802556 5839600.96336918 5842809.77595379 5840431.14041619
 5859194.62296898]",6885.814288626306,7246.1666338727455,7197.359993153446,7158.408297103739,6771.222307889636,6802.643411537195,6885.480902804283,6863.809379797954,6888.970905930089,342.6744327332083,7292.482021523073,-73.08935318454824,357411.5933585216,-80.5167336330572,6939.666994760403,5972.010767974737,5,obj-REV,Objective function choice
"[567341.19485738 590298.23256368 567723.31271312 569342.37442812
 578243.95180273 570643.38051858 571517.96376577 569624.31073223
 587555.18743348 576901.13032624 586193.26681329 572772.71360514
 571967.4211183  575129.58656415 579125.20204338 579751.93655793
 595496.24024043 584076.51407023 592785.24782675 585225.94443948
 574882.46250537 571543.09847913 578638.54272577 574612.64747778
 591461.11429985 581873.63578248 572513.62149847 581368.26366007
 584369.15133412 582497.2762848  595999.62771258 590949.45572921
 585344.89151784 583691.1312381  591243.40201221 579290.59459187
 575334.28626918 593309.25149539 577690.55093041 595972.86721674
 594730.87067226 575744.30781178 583533.70186005 588238.863293
 571505.53371279 589313.18557575 586666.75047504 586771.71414912
 586817.1973545  580919.96625415 593447.80265105 596320.4284912
 595456.97394288 585413.16782446 596075.65289763 589792.70807329
 587743.29588417 583025.30886326 588705.52166142 584257.35356905
 584261.97040132 590134.40615813 582597.88018796 579574.6578719
 576572.91916174 578205.08112913 584048.89222716 587047.51174437
 587952.61829363]","[5826876.17589308 5859576.4738281  5828038.49459223 5831700.20479471
 5848192.11984912 5835043.66506045 5836909.09320364 5826942.61739041
 5858820.6989269  5846380.83997405 5828244.50767742 5840154.77262001
 5838221.57907824 5841303.06714443 5849317.6756783  5850458.82946824
 5841552.72946206 5856319.41534092 5855552.21893525 5857947.109275
 5827353.64120494 5829190.86687785 5827649.89295266 5842902.98858371
 5858001.90124644 5829718.09523707 5831887.22903877 5852332.18749675
 5828126.37805512 5853592.99239864 5844659.11719467 5847079.77200415
 5831403.89055676 5837600.34014106 5839182.57480144 5838996.45888746
 5828696.97772413 5842170.84727471 5837574.10564962 5846110.82967959
 5852258.59615611 5832643.53739475 5855031.24549517 5853695.73024349
 5827257.59027269 5849177.61274813 5839860.27856232 5837725.58219822
 5829680.75497108 5845907.35100146 5854203.48505729 5849481.30714205
 5850878.25177087 5834240.89288336 5847914.7276627  5856112.24135598
 5831169.27855487 5843931.79205543 5844164.03434928 5848757.45743827
 5842463.91142189 5841570.8081656  5832095.67309977 5829461.0073718
 5836331.77986897 5834412.8425166  5851378.06775778 5857201.3715768
 5851139.35744817]",6904.262983086615,7252.525164636828,7205.351035115205,7169.16544127168,6798.736609141922,6826.054585286557,6903.936548240157,6868.869263614071,6885.940087932964,344.9394731698792,7311.552582235753,-72.8553494499022,358461.92973413045,-80.23818420841961,6951.375091927917,5989.548028192989,6,obj-REV,Objective function choice
"[567707.27532357 576995.68513478 567295.05163001 574093.5392942
 569356.84309849 596221.16084415 568382.921045   583872.89878153
 571739.61222665 573845.31472825 570097.8140484  590096.30640855
 573197.86661558 579058.99253726 590725.39929002 581957.01404915
 575600.27759236 586233.5456267  594547.07656797 575935.89712538
 580359.2639281  580960.29300235 593782.253444   593727.72483211
 572732.7969935  586029.9729869  596230.7029324  585177.11617935
 582732.90769785 593811.67682739 595739.40278325 580597.9613153
 594703.23321466 570551.1271897  583222.33634283 588266.71197594
 592582.47881904 582246.07594073 578432.4519015  588393.91233638
 575447.15563643 571789.77434587 585357.92640176 590379.26714042
 592259.639599   586634.94539149 587337.91570581 576158.01075044
 579012.88406921 586711.46335861 588531.31410279 572131.40445799
 573437.83640096 584969.98422456 591898.45406094 577620.76092321
 580821.23735985 581334.03801889 587115.92941545 584043.00073984
 591312.58850419 581143.74618098 582302.24874051 594943.70308221
 588069.71893947 584073.05290716 585879.44349314 582450.22186517
 589358.55824433]","[5827977.9777474  5846693.01429572 5826761.55609298 5842715.17577783
 5831905.79296398 5844923.61606584 5829620.51272982 5855941.238353
 5835778.54180887 5841547.63251207 5833725.26116774 5859521.06548997
 5827503.62409518 5827772.34919502 5840106.71309265 5853477.04680341
 5844785.06631968 5828247.13945115 5852272.17052328 5827772.4046214
 5851001.99095315 5852114.40685759 5853299.15337656 5846948.62448585
 5838321.06129724 5833020.93758318 5849106.04366482 5857880.6592572
 5832686.88498395 5840283.47192625 5850227.50197912 5827876.35626202
 5841746.21198642 5827048.68471543 5837202.61047361 5852451.31018458
 5855243.77305042 5827933.69248364 5844872.18280933 5846085.54241032
 5834829.02524339 5829232.90943934 5829439.23929257 5857776.83989669
 5843725.01192203 5855746.69936959 5841875.54337351 5836280.70944249
 5830817.8369998  5858589.83995135 5858034.84084523 5831468.75467075
 5839834.22119003 5850796.8074624  5857238.35548428 5839398.06841147
 5842474.89542049 5846738.71743932 5831657.17307234 5839247.11519242
 5849690.16355498 5844617.69554604 5830272.90859267 5845755.476233
 5830698.07570535 5834932.37797153 5854332.58932102 5848634.73556763
 5854713.02734138]",6903.970907890918,7247.867011376643,7200.154611813167,7164.830843918752,6798.922121914038,6825.00601800807,6903.640138105027,6878.093327976421,6920.812332382798,344.9353778870786,7312.0163358838345,-73.08984683716243,358430.69922802574,-80.50005265307645,6959.169125657211,5978.1870988383835,7,obj-REV,Objective function choice
"[572113.76527035 577730.96415191 590529.29507152 575922.9735317
 579483.12020183 583505.34020294 594903.42131122 596145.56155587
 569058.68105968 567554.74354803 573788.78775296 584633.35943456
 569405.21851851 576929.90318512 568756.96865543 586049.12130099
 575025.91411608 596035.12759331 580144.74869926 574403.92337255
 584053.99306283 587277.74857071 595559.29389816 581963.79788481
 580800.0473255  580513.53754412 568122.64980662 573066.37672071
 576895.79785393 585442.2870625  595102.54238752 573342.13898807
 582017.75155417 589860.46239    587274.71374041 587928.77288157
 577801.89731332 589460.0544696  592632.12191938 586465.09201247
 572167.06944201 575195.74002121 592553.81447862 590685.98736263
 577972.91460572 587463.51681955 581162.17109604 583538.67404813
 572497.85450124 582761.10509826 593700.86686451 571546.51517619
 591717.62689666 586355.84908914 583657.73567725 588946.64457035
 582456.78666556 570411.4793295  593926.62226354 585536.28753939
 587479.51674891 584463.8432836  591984.86640186 584783.91741616
 592536.08312697 586646.29949125 580597.25763022 590232.1028442
 583033.67588351]","[5838568.18861376 5847169.45610771 5859639.47311419 5843859.68849543
 5849940.37217686 5828682.91768819 5840809.83377782 5849786.71062774
 5826901.68747473 5826840.87336838 5837391.44381293 5857135.24136197
 5831906.76919086 5845655.79102629 5830517.92608131 5828233.3510604
 5840443.26537747 5844228.71868881 5850998.67374664 5839151.06539941
 5856020.90374906 5858744.95577098 5847459.1199675  5853130.63680748
 5846067.01527161 5828996.4920347  5828994.53345516 5835965.11622901
 5842504.46729373 5858240.68814269 5846332.93170771 5827231.311839
 5847511.63266995 5858852.45524057 5832102.36173873 5830809.81403674
 5828098.7897541  5853116.43624084 5855564.20675878 5837229.15497039
 5834512.97988809 5827419.2358957  5849122.11299749 5847354.82438948
 5833501.36770953 5855491.69183299 5831560.62021738 5849653.72486761
 5830878.48209614 5835405.0798067  5842146.43243842 5832783.28395179
 5839523.88759367 5843778.06105363 5838017.53247154 5857593.42784672
 5841536.02185303 5829899.1258565  5853675.8585278  5852978.0877622
 5848403.0839752  5831649.83845493 5853299.80432662 5851564.05557026
 5843819.31180763 5829634.23545816 5837065.06626169 5840642.24049269
 5854729.85258159]",6900.460947355361,7241.367806949004,7192.981080383543,7161.879734572536,6791.94756121154,6821.064820705192,6900.117316418189,6874.358501684127,6892.024039687762,344.6992510560482,7301.161138127662,-73.03833370802919,358337.9716968475,-80.42322549188175,6953.278837862149,5977.432301795262,8,obj-REV,Objective function choice
"[567811.00720436 574658.71568157 579301.81589027 569465.76235088
 580076.73889522 568611.31350391 573635.34390564 589448.20133017
 580387.75418724 573309.71509197 571581.29229259 570480.39882908
 568209.47164763 575759.05990907 572606.07844604 584534.52100531
 571775.47323948 578503.23079248 572414.93711913 585381.20738848
 583686.76017295 577998.98475181 581465.24558908 587104.99739573
 571409.22178252 575275.06062255 581621.69296162 585733.99864003
 593355.32224909 593625.91608023 594015.5240232  591796.51878755
 596022.3932541  584374.48942237 575920.93442301 580010.20357591
 592593.72089369 582637.86034523 585233.2312335  585009.85478139
 586626.93050874 577071.94993364 585409.60188306 595420.49638939
 585156.03540425 596296.91990836 591809.23404224 586073.94271261
 579382.89550145 590063.27289706 588501.9102214  586305.36645024
 590529.75925958 594852.99793973 576492.57252903 591648.3474876
 588326.43226277 572780.2336283  591035.707797   573156.56527629
 595405.65761511 587754.46650126 584983.6426822  581721.88976987
 581448.59143078 584628.27038625 588348.8187867  590595.08900176
 577444.04254781]","[5827062.12666583 5843497.38079166 5849792.55581546 5832162.33373084
 5850905.89205135 5829869.66363118 5827255.30872164 5859235.77850572
 5827786.92127545 5841440.13246474 5827092.39452889 5833676.80805029
 5827999.48117242 5844961.85878528 5839442.0743231  5828113.49758246
 5829750.84206071 5848389.90888466 5837024.11653583 5858159.28423472
 5855803.53492    5847024.24979788 5852803.84876751 5858697.63220628
 5835632.51038952 5841437.56536223 5842675.01397417 5829576.58080422
 5839873.2371291  5850000.19747424 5852562.8211511  5844393.52934431
 5845416.09683519 5838498.49438543 5832553.3678995  5844748.31005437
 5854300.25179288 5830029.00504    5850484.78721755 5844763.67671174
 5855601.73871561 5836270.39309601 5833887.9934826  5843901.62775597
 5839923.2690861  5849456.32367574 5839123.00101496 5832056.09038818
 5831045.1293858  5858102.65104835 5853898.30788696 5841681.9013753
 5859639.50746136 5841946.68132379 5839470.76846759 5855688.85666626
 5845028.18685203 5832691.32941663 5856867.71379413 5828684.05410511
 5847469.29550433 5830441.85567172 5836403.13471784 5834804.48259233
 5848168.755156   5853417.64240073 5850458.43770243 5847255.29344612
 5828081.15402516]",6898.505076600219,7248.094150403391,7199.75520081544,7161.582728282455,6793.125817065165,6819.3305047437625,6898.171980432788,6867.976442491074,6883.557409029439,344.10583214832934,7304.000004283149,-73.03306956080526,358111.44515575096,-80.4454898940868,6948.38955423685,5976.013549005952,9,obj-REV,Objective function choice
"[574355.22680055 584784.44249212 575998.52541522 583600.85948125
 590359.68195757 571989.05733279 568222.78879083 570279.47826813
 587670.08640891 568811.48930974 569027.94443294 579910.26527447
 567281.97019033 570770.38631142 586459.91414666 569650.07330964
 585757.50663471 579376.47983271 581547.08589406 572620.11148848
 587687.04181759 584347.34334325 573534.54694873 577910.69406622
 574985.68285822 582128.01294358 585925.66873497 595217.34070273
 579053.27871897 591974.27580043 587196.31354003 594301.67306612
 585294.46005411 593538.00348975 594975.43016195 575923.88152869
 582421.41437995 585452.42815967 592794.07678013 571501.30099263
 592946.85934459 579188.21812145 588013.46583615 596079.18288234
 582643.18414305 580135.36414846 595971.83331658 590738.17885307
 596294.03117353 579297.5827513  570178.18529678 572574.77703873
 579561.59975221 588855.87451949 594179.89343977 591155.47975081
 593370.0606002  582597.25008609 586305.01483368 583056.09212393
 580352.47295674 591488.42673573 595418.78783368 577453.60223374
 590544.46673689 590294.50616413 575371.5332266  585446.2510245
 591887.52475782]","[5842942.19604473 5857343.43949463 5845328.21498548 5855721.35383567
 5859593.70884102 5827180.81317653 5829202.81143778 5826991.376132
 5830373.05319753 5826874.04965024 5830732.87483608 5827755.17706424
 5826905.15539755 5835347.49018349 5837354.46838159 5832556.84232305
 5828209.82381666 5849948.83502724 5852885.39286267 5838093.39728363
 5858857.69740388 5846316.92201453 5840280.28280691 5827655.12783951
 5827836.64083117 5827925.82066265 5830701.10114381 5841016.84492099
 5831362.58491384 5839157.54107552 5851404.08605053 5853022.79718734
 5834482.44149286 5839953.33318609 5851376.18636641 5834988.34885873
 5831519.73405407 5848544.36681473 5855467.92538864 5836662.70164323
 5843777.55661671 5848476.45972556 5854178.04336684 5842615.63987456
 5852411.23506964 5845156.48071208 5844939.17543554 5858428.9514689
 5847234.27834416 5843466.17343619 5833686.36220397 5832333.8285155
 5841181.07294122 5855710.3019483  5849795.70070147 5840855.00255446
 5846751.05087057 5854289.58146091 5841854.29425507 5836026.9801579
 5829065.5572012  5857122.79371141 5848609.29301633 5839169.28878086
 5850481.09326272 5847135.9201651  5833321.35057995 5840467.87194245
 5853417.31026122]",6902.288853597062,7248.168927489576,7200.555859744709,7165.574667488629,6796.65465848982,6823.631229386189,6901.95727844612,6868.568048153895,6886.288581977661,344.9615373058633,7312.7034365841455,-72.90016979756686,358377.8814327802,-80.28341381538638,6953.646338091054,5986.177465302563,10,obj-REV,Objective function choice
"[571256.94865923 572368.10184834 573806.18794708 584030.46549573
 577574.97310627 586220.71267993 574260.00906002 583540.15642386
 568043.59074277 579589.8795625  596318.16840464 569981.43597569
 572971.873517   591580.5940641  582985.62035994 568535.68284076
 582294.18921513 586898.25885022 575313.14826711 595896.9168712
 590635.05794306 572188.90882637 594277.63982683 581854.35203036
 582918.72719413 574713.17802295 594124.42158898 577727.4248372
 593385.78894721 586109.28106505 593447.6817708  587261.40855614
 586905.08885035 579860.72160712 592973.37292807 584511.39084552
 591864.03840098 584948.22233333 584735.50981139 581152.57994564
 586477.4040024  596241.07165539 592249.26788376 582551.4555251
 582062.5390644  589133.07257055 573030.89054029 592678.79619036
 583296.83696214 573264.12031279 589110.46899292 588779.87737949
 587233.36867335 577415.25518275 585292.31653966 589640.76543181
 589502.87441756 584823.11568385 578880.20021204 582135.49884652
 587493.95810836 578560.13508087 585869.25645175 589824.32250569
 580294.17200463 591560.92386415 583160.33942659 593992.51967488
 576884.11986269]","[5830677.10145255 5831900.06959332 5842052.8037239  5856054.74288048
 5845573.01546997 5829385.98854799 5828695.82341058 5828035.42495017
 5827030.84337552 5848719.69756406 5849187.74592017 5827523.64714984
 5834484.22060368 5857734.70392036 5854448.23931476 5828556.7919065
 5853033.79088013 5839898.85336081 5841383.44010138 5842430.31507591
 5859454.80880526 5828194.49788193 5843613.3735702  5830161.42935932
 5852160.50970977 5839907.45474072 5841762.57343606 5829232.75814412
 5852114.03148286 5833544.45293872 5845657.01499791 5831714.58511371
 5830680.00911173 5827745.17338285 5850922.60284914 5835558.31563973
 5855651.55275237 5845532.06304648 5857276.53400164 5831451.7224197
 5858524.99649771 5846544.34802583 5849856.84066377 5833412.12353144
 5850916.49614973 5844345.57009927 5832899.59499954 5839616.31799147
 5842141.56476749 5837063.75258563 5852655.91326307 5859158.87721365
 5856930.26821926 5840205.81784189 5849000.56333169 5841178.71738289
 5846811.91429651 5840003.12485062 5830561.4470984  5839887.1540973
 5842856.84886109 5835068.49745319 5828218.68121099 5848897.93319207
 5842525.03381523 5847402.72452284 5837602.09964925 5853561.01327931
 5838665.1127294 ]",6873.286061012368,7232.446495762414,7180.9784596752515,7144.056255338089,6755.587465742116,6786.38670954093,6872.920296852368,6851.191403852831,6861.652970614653,341.7351372719353,7279.0504823165265,-72.95312319670745,356698.50807110284,-80.38080941178484,6925.6413433396765,5972.249349116773,1,obj-COVE,Objective function choice
"[567189.80892921 590556.40250626 591373.89802523 590820.31143871
 572913.90185755 568339.9799537  585611.16020114 596060.67282879
 594791.40328786 585130.14320227 595185.85085469 593585.85524612
 571324.78835523 577585.22219719 587057.02055235 576554.18971834
 575092.88174964 568259.49062604 586575.28031875 585291.84708592
 578799.93601326 584256.57954417 583941.92470449 573946.4342892
 586195.25249576 573394.1946251  580820.45106948 571957.46150486
 587066.04622484 595574.88939407 570279.40590299 592456.79947391
 585016.09237925 596321.16819635 595049.62412132 587326.83096486
 582817.77313853 576333.05402829 595724.33883881 588193.05385361
 592882.05602657 585665.99470341 581829.97397213 574054.95231042
 583228.52191281 584482.80747532 583244.62900854 570616.38343766
 586794.09394141 579785.05331519 575967.31507711 572452.58334408
 582368.9166475  580978.10533309 590909.84127382 572119.80855073
 592301.47591099 591432.50085    576447.09027092 578394.89402423
 585794.69940982 583487.66834854 590597.74651432 588249.21222642
 592247.93406258 585452.67663535 579993.59426306 588760.60877565
 587529.27015833]","[5826754.70848209 5839565.43597172 5857949.21325385 5859129.5035624
 5838403.89847729 5827417.93060716 5858286.72601051 5841896.3160772
 5840762.66092159 5829483.23060814 5849553.51775688 5839980.24383727
 5835370.90740771 5847428.41034555 5831232.48287287 5845022.34942064
 5827369.39569173 5829221.10989709 5837758.49953736 5828188.08104537
 5849160.38087509 5855510.21314463 5851038.78080782 5841656.55287416
 5840001.71731581 5840349.21317805 5828028.86894694 5828301.78907696
 5841938.84098386 5850789.19394672 5833340.45892773 5853829.96879615
 5832112.47051325 5848266.11641385 5847215.75023402 5856561.46179922
 5849770.92923274 5829472.82540727 5846197.66433103 5853776.17710889
 5852445.57905143 5844027.97278201 5829504.88736144 5828807.75032156
 5842977.33443489 5835615.77200612 5837394.18071491 5829726.87533952
 5850601.9562281  5832814.72667445 5843754.05967953 5831918.3383999
 5840602.85131434 5846906.68842937 5856735.88677299 5836757.41960264
 5840604.27011551 5850547.5968571  5834637.23228929 5830278.84422116
 5847064.33494873 5853591.55753247 5846770.25994559 5844906.74589182
 5843446.89679463 5833658.05111568 5848084.61779098 5854779.00972385
 5858814.84955034]",6881.3171280397055,7236.649202272257,7186.064829620019,7147.513907828524,6765.24416030196,6797.291130306792,6880.962309642077,6862.738371249104,6876.115445791035,342.510228016635,7289.613751662824,-72.86102355239682,357158.42106278095,-80.26963826187448,6933.3786951100465,5979.972215914749,2,obj-COVE,Objective function choice
"[567331.16921161 573806.19914722 585684.55155743 577254.49241381
 588377.40597172 590464.35217362 574075.01065294 596150.5605136
 583039.33657641 589524.55473529 580436.72837582 591695.48781444
 569013.95227366 571334.37372135 580913.82384514 581740.14315977
 576937.96831588 572447.23719166 596295.8155567  576076.5734865
 571498.93710313 572176.40913801 582031.06451063 568798.66537419
 585399.3534224  570654.2918473  568007.6051104  586812.72529035
 593094.1109026  577934.8159117  580200.35948736 596059.40279089
 582810.42274363 585939.91946653 591487.79706618 589117.47941722
 587636.6556804  585437.73595262 596316.0499484  582781.08433265
 591847.55557205 578490.73848802 595707.5873165  587051.3458375
 590207.25239086 587012.27975653 592563.92871642 592778.38451387
 579801.41018876 589058.9819447  584054.56190968 584599.53873046
 587976.82378393 584579.63503032 589635.13138776 595637.16486795
 572763.21354848 580465.7638248  581486.94260509 586958.75940887
 582005.36408642 578430.7567103  570077.92882829 577970.36131126
 595425.06180418 575118.46807837 576479.08625591 584342.08026626
 582435.84381764]","[5826959.14092695 5841970.42412751 5828205.04073859 5846968.99603688
 5858614.9291861  5859622.17664119 5840307.33847634 5845934.25278618
 5854955.15144561 5840574.07577086 5850907.16909875 5857593.86479649
 5831066.52827827 5836546.67073405 5851966.18750327 5834152.87766036
 5828086.37492067 5830381.7967778  5849523.27379313 5844258.51797575
 5834596.33332307 5828554.43499446 5853577.81110437 5826873.20441809
 5839382.36608332 5833163.2562928  5828300.83071455 5841325.55935788
 5839838.03096756 5829344.25847214 5831983.91747308 5844787.2569308
 5842239.13752572 5830205.51483004 5839110.51347572 5853401.8143931
 5844212.89710832 5858236.54319011 5847940.26303547 5828402.852962
 5854446.69629411 5846346.66814884 5842511.69088935 5837298.38835834
 5858216.31985944 5832010.69595121 5856030.65879201 5852394.94426961
 5849812.76686955 5855388.66577104 5836295.55343457 5828437.22614243
 5850834.93535575 5837809.18180285 5848604.88549343 5850523.46483445
 5835978.47272823 5828076.44571736 5829909.40699035 5848092.57061377
 5844639.89119806 5841149.78243782 5828603.90236344 5832809.5190152
 5841117.72812644 5839286.79199656 5833828.65919768 5856737.88197895
 5847154.57981141]",6893.499372455156,7241.032652421832,7192.059497159616,7158.839910573812,6780.992830752816,6811.977603635532,6893.148930316768,6874.701147476417,6893.860542162078,344.0677491113508,7301.597523453074,-72.78652136801716,357848.5137559307,-80.17460808235091,6944.225457192188,5993.5174344348825,3,obj-COVE,Objective function choice
"[567340.08137429 580613.34509685 572869.64016127 591567.26592406
 582242.58218447 582858.68088838 581246.45626481 590669.17411095
 570153.83305681 584111.94600664 584381.08387791 569824.76241917
 595631.32633759 575990.09583729 569917.83415864 586306.43318124
 586933.80412592 571752.99442071 585654.30802065 596130.18800385
 576283.68621577 589251.66456595 591960.2556203  581902.60815069
 594898.00545545 586724.60638579 577274.62505712 590083.65425636
 586954.19791082 576136.05954253 592568.55136661 574670.09574326
 586141.5740618  595407.71317586 596255.60877419 568926.90577031
 577207.38707191 595694.05139785 587625.14994634 592722.28610167
 591280.25676595 594730.57661211 588251.74333175 580630.28511411
 585073.94021311 577823.8483823  588675.1498578  583344.21374769
 581504.00679219 586231.6710656  572296.50495091 589516.63046149
 591480.65653226 583748.58599401 594471.75094623 573816.12191471
 592679.49697839 582851.40202378 585562.07378626 573171.96250037
 577088.37995616 577379.13921152 575052.18360351 585933.57116027
 582459.75045284 581274.26525613 576139.68743674 572534.18263542
 588201.45932917]","[5827004.17142082 5851204.23783491 5839058.27349284 5857817.53063815
 5853618.13682422 5854708.50460033 5852329.1422932  5859395.0652582
 5826979.8404256  5838126.58521181 5828234.48726984 5831530.24707307
 5847539.70519013 5828023.89599806 5833296.1172388  5828906.30809896
 5839905.17788398 5827204.18125941 5858299.064832   5841989.70726209
 5845719.13848286 5859257.08493313 5856529.93411187 5827906.52865415
 5841064.26507405 5857285.04165003 5847074.34805587 5853722.826609
 5830553.8745586  5842446.52185908 5840005.44411129 5843404.49911681
 5831854.17252911 5843666.79639474 5846004.38878032 5829085.18662308
 5841409.88228177 5850576.37305315 5843097.38324814 5854888.24148186
 5839582.28028011 5848769.18916682 5847534.51477714 5827805.85577362
 5834655.49710127 5845757.57388192 5848792.4495331  5839998.71042488
 5849582.43643953 5833609.5218253  5828784.85689139 5841668.59643913
 5844647.08605473 5855915.65812822 5845472.84872061 5835580.08175797
 5850909.48977142 5846090.65545327 5836815.74544874 5840253.90695013
 5830047.74287451 5837530.47074267 5838833.40862204 5838761.13318084
 5830869.06751767 5836003.11351476 5835550.33228831 5833155.1618206
 5856025.33333128]",6880.7039355785955,7234.311128816237,7184.221223469262,7146.866016175669,6769.466886755067,6795.980814093901,6880.34060630194,6863.1153719243575,6900.773357868224,342.3737195172042,7290.943966233116,-72.8620190569782,357104.1746927545,-80.27577461263108,6931.140631314566,5979.248921280815,4,obj-COVE,Objective function choice
"[595939.25044095 580827.89455861 567612.21635196 582580.37590278
 581370.19693029 583486.87288705 575431.00695265 594330.24469034
 574829.25940476 577368.98446361 571347.48855461 569474.79682095
 592540.91014921 571148.61364799 572441.66743339 591045.57788629
 590795.0091489  574991.27076344 587331.97780495 588740.95439295
 582093.56137101 577599.94438132 587048.3833748  595004.14243584
 571347.51927167 575235.36088401 595076.56045721 585297.74776926
 568411.16206632 586131.89846244 595889.4531409  585964.40476663
 589037.35386467 591537.68925194 585284.46488623 590676.27484835
 584631.94175885 579438.20067037 573616.67830505 596192.91396445
 576867.13486934 593610.24200753 583145.34611102 585293.35699316
 575503.87496778 590826.8061619  585058.69398937 577337.49371289
 589565.22314805 591262.36004104 583705.4573108  586895.83919936
 581584.96564535 582594.86257661 582845.16875253 588774.09491408
 581772.19394687 586300.51380915 587987.27003164 584313.70858773
 582565.30209248 577176.14225555 577973.13600361 587723.43330343
 587811.48505615 577558.14580199 581673.7076648  573333.14534192
 590344.45988684]","[5850149.21048572 5829473.81386871 5826921.3116597  5827959.6353442
 5849617.00581786 5855258.84375967 5832280.31804293 5852968.24615208
 5828082.40391272 5847183.71689533 5834559.15643588 5831268.29714936
 5856111.25882944 5828905.36874896 5836681.0882471  5858396.54089441
 5855352.09178619 5834623.91951749 5830874.53555223 5854720.44738571
 5852457.66136078 5842133.05744141 5851956.3104167  5848047.10278992
 5831434.47210053 5843839.25212364 5841251.57656055 5834976.81443767
 5829270.40787433 5858267.26417935 5843577.57043559 5828231.40109321
 5841194.13312169 5844438.87392397 5836751.22256476 5839591.85899348
 5830450.7831714  5843880.41788328 5841596.4425585  5845626.34100068
 5829957.23702651 5844956.08541129 5851188.14287714 5853417.73948723
 5840494.45818471 5851342.35776632 5832734.61785827 5835965.60765128
 5848279.93501643 5842364.81123225 5839897.91083489 5842339.50870403
 5831855.50019054 5848259.66963948 5836887.21044439 5846732.32934129
 5844237.08570569 5848662.98570061 5843831.11710141 5846126.28675004
 5834763.46533534 5834384.5610589  5838694.49411567 5849736.22442805
 5856993.16272282 5837204.06877238 5839351.76395102 5838168.3593871
 5859587.69088784]",6862.790376063546,7238.912393702422,7187.9931693528615,7147.278596255965,6739.90895629635,6774.85448952034,6862.442585669461,6834.802328684796,6839.564145659584,340.1727489575098,7273.288841806852,-73.18619064259428,356026.0988387614,-80.6665347757455,6917.322058439178,5960.687448986437,5,obj-COVE,Objective function choice
"[586235.85164013 594625.08329587 567326.93411919 579766.58956934
 583604.48853449 582420.96367123 592882.29397313 594914.00920002
 593592.95435543 573899.44675678 568763.2840954  593780.81364322
 580628.81334982 571683.15748146 572447.50059191 586214.41269629
 577600.67951689 594484.55327613 577344.40560798 571945.52479206
 578512.88829291 586987.69274551 570371.56918903 572118.1392174
 586007.95379821 568375.52285398 591087.87482713 575995.97357487
 595273.7463513  585537.54452259 573354.43265697 581832.90007856
 588322.42571946 585391.44649236 581164.42347408 578805.81867852
 575526.48421784 586060.56914306 584577.19793257 596207.19563291
 585826.9424178  579030.70149755 592042.55536263 587974.21501791
 567871.82340519 588508.06206391 596337.88329337 586293.90683922
 584092.15023928 585955.40328322 575563.69150813 596081.81628477
 586394.11766691 583274.68758321 587642.53615586 590833.15979982
 582057.04457982 591181.65125668 586148.10144827 590998.25179635
 580146.41964707 583687.91329234 582202.57897764 580938.01582159
 580316.99609675 583291.54146256 582350.32522821 589809.44565801
 589270.68786819]","[5828247.58638497 5852380.30071849 5827004.46398871 5827934.50830928
 5828040.83751093 5853969.44439671 5855153.14751926 5842026.34128153
 5840160.31673725 5827541.47240845 5830405.87354492 5846008.41440782
 5829763.41730329 5829561.42130059 5834561.86125566 5839812.14134502
 5828381.73794251 5850501.21891323 5846421.25523439 5836899.20675766
 5838220.26797409 5855310.53358498 5834178.50105626 5831137.45198849
 5848079.39273007 5829279.3842916  5857642.82074408 5844294.99490162
 5847400.9626243  5829448.39398115 5839315.95453893 5831947.85157219
 5841152.12349668 5834307.46536173 5851641.04740814 5845202.53816339
 5842314.83794807 5838241.80322626 5831014.93451332 5844466.27584137
 5836703.37597731 5834061.23310699 5840168.68786591 5858359.20650944
 5827856.67945087 5853614.59247292 5849298.97483686 5841784.71748315
 5856397.03703022 5844745.20997654 5838848.70640801 5843330.58126486
 5831397.97819247 5855279.02726473 5856858.63998875 5847567.73226742
 5853035.85932447 5844011.38276274 5850228.24121112 5852516.83611307
 5839654.04034925 5835773.17050279 5848634.8023803  5849097.93759165
 5841930.69644899 5843198.7090985  5837315.79524313 5846057.70510238
 5859293.80704734]",6880.116619589074,7237.887876675375,7187.895108928405,7151.902022467431,6762.092526890981,6796.71368499437,6879.766116296136,6853.975705174551,6861.332461586501,342.49590731616564,7287.827967559469,-72.89780838333438,357097.86903519416,-80.30976826725916,6930.81210989912,5974.563662662502,6,obj-COVE,Objective function choice
"[571727.27315543 584411.35790397 567729.14633577 567191.22751106
 581056.42371056 590420.39756982 570414.08708307 593174.90566786
 592501.98215905 596135.74333371 585364.66798937 579407.94105421
 568626.01103581 595131.75296855 576625.13196441 582504.57751974
 572785.13360585 578214.88775049 571033.83859367 586702.69361962
 576397.29701816 583127.99680505 591586.96707924 587335.24456166
 590874.1398844  586685.8833034  574466.86717755 586235.94085467
 586890.51994164 591834.32375976 569018.73840958 586953.59772434
 596275.68739083 572257.34352896 588430.37092194 584935.05240459
 596346.7910413  583355.65573621 587738.50400105 581889.47849969
 595436.49941593 589925.08223402 595868.67523377 594457.22195108
 584482.03144558 584467.86705476 586302.94442663 583740.09051589
 590386.7014881  582068.895862   594481.12839052 569791.70757679
 584613.056231   576636.32971928 591204.11232645 580777.56333479
 587647.34594587 578617.97301923 580558.32095508 576690.23553381
 578088.71532538 588504.74884548 579965.13527965 578512.48157003
 586988.16299062 584434.89797102 570818.02746549 582166.43397611
 573480.69858493]","[5837399.07169224 5856653.44194768 5828018.2124899  5826751.96199631
 5852245.20008809 5859609.45537037 5833511.08309439 5839827.27328365
 5854108.52908492 5842167.53171719 5858135.73749506 5849991.5775723
 5829595.56467812 5849602.17720703 5827679.98399002 5853217.28842763
 5840184.68391127 5848104.3308727  5835148.53830907 5837570.37586463
 5843705.2921682  5829800.91817649 5856769.73380581 5831972.35505836
 5858303.34876949 5839385.78630445 5843201.39789725 5828247.24382753
 5840526.21290349 5839130.25011212 5826933.43033442 5853430.35062789
 5846657.38952626 5838703.44944551 5857847.37110626 5828152.1615178
 5848933.0945059  5847664.08937491 5856424.95463924 5850594.33473119
 5841269.88208646 5851767.39061534 5843360.83628952 5851285.73117429
 5834534.4021535  5837147.31557222 5833552.91240065 5828266.01170177
 5848642.16852095 5831327.87129925 5845920.04257082 5831008.8631359
 5845734.8159084  5832580.33081456 5844548.85964789 5841383.05909925
 5842922.25273705 5834147.88317757 5836205.10843907 5838361.31922952
 5844430.14722773 5846119.42599463 5827850.64138366 5829785.72724038
 5848125.64211704 5839823.90619581 5827033.49054706 5833710.11417163
 5841843.5822067 ]",6890.097720473357,7241.164610966559,7192.375269665371,7158.222500484769,6776.75322244778,6807.960573695712,6889.747761350148,6863.175912029319,6905.35024474935,343.8501867521949,7301.721446479425,-72.78929155641964,357686.4952742276,-80.17439479823176,6939.887420484693,5985.622078525723,7,obj-COVE,Objective function choice
"[567863.8075007  596096.25843655 575554.59418878 576613.82844932
 572137.97101658 591287.80218484 573648.74712085 578616.1637986
 580742.7458282  587092.1191136  595536.96339006 583791.35754224
 579770.30263159 590090.16912554 578755.25119287 584153.74013054
 584584.00587837 582003.5062927  595753.00734291 587103.16175244
 569078.32448387 592951.31538333 588858.16105527 568666.24689641
 590779.87938706 594822.37210793 584336.8755916  569318.12796935
 582178.79782238 584758.38724054 590291.39408767 571128.99983981
 583319.16034579 584445.55414745 572563.81718143 581123.28277478
 584083.05727892 590739.66828007 572902.5462061  581297.20267259
 570486.38979334 575806.87767913 592061.30231618 583937.24087005
 592562.98619872 582565.33719982 584779.00903887 585445.05040897
 586982.01419975 596135.76218101 585293.11003639 580154.27099051
 589604.11595241 569435.61577569 584654.46567618 587275.88720238
 586189.14737884 592670.31085003 571482.56316212 574239.25454601
 570328.60862918 590986.66026334 588641.41771816 583732.073293
 585609.59701141 590297.63826097 589530.1745098  595962.06946773
 587313.71997355]","[5826892.1226966  5846820.61301965 5827545.91710677 5845940.9696448
 5837547.26557847 5840194.85904143 5841810.08558795 5848447.15185526
 5832268.61009192 5852660.99855919 5845242.66076866 5831788.54055539
 5849861.55970441 5859519.30596926 5840153.42575976 5856480.50070415
 5839471.29551778 5853540.03404888 5850475.73540619 5829912.89667863
 5828953.4650335  5855390.53097964 5858179.95400298 5830296.35016361
 5853878.42037922 5842225.9983599  5829398.65499738 5826914.85166877
 5843987.79488347 5828131.31410187 5855560.86547631 5836199.8736833
 5855215.91199058 5841255.37635299 5829065.29326132 5852006.31997165
 5845854.3584458  5850453.46988899 5827197.0140225  5833676.94755059
 5834617.65657828 5842798.09902955 5841871.3425178  5850036.84491045
 5853787.58236158 5839116.77372327 5830823.05361379 5833525.21669039
 5841606.55216482 5842178.68247451 5851760.48703096 5830025.10964846
 5848982.60739158 5832144.2971813  5844353.16995622 5844568.20974463
 5837109.8780515  5839441.67213392 5833327.50096542 5838960.38364973
 5831040.38598935 5844104.47341478 5847502.71095651 5835264.86779093
 5847031.33027829 5857201.72328834 5840875.38933771 5843786.47916509
 5831837.26435535]",6869.941366630891,7229.559060233872,7177.843807377637,7140.410789451608,6751.82850397794,6783.3790173767275,6869.571981874999,6839.021288739767,6865.988673374141,341.2331950416196,7279.05278872991,-73.04641332973279,356424.24430448044,-80.5063337570253,6923.145694273093,5968.81658658367,8,obj-COVE,Objective function choice
"[583370.58828175 580011.54328753 573550.78806578 567771.59391529
 590533.77068252 569782.98830988 570407.59833617 587495.28269883
 579477.01459228 586047.08713633 572083.24013271 577583.281885
 574201.59555204 568124.25715018 575592.68090907 568384.98258323
 577998.48966992 591152.96740962 583865.47805637 591979.41938697
 576306.6704076  592471.80139317 595614.21263487 579095.47471445
 580799.88785837 587696.98803178 587448.14831582 592904.68705129
 574865.43454927 576654.69986412 587173.28333899 571888.67534038
 595541.44991901 585905.68420699 589818.9478264  586116.49421259
 595471.36231441 594420.88461874 594192.59829664 594648.44251894
 580720.91127987 573106.28037856 584880.05944944 586308.76079034
 574806.60305178 583994.86764833 586354.61219264 580468.84982272
 584559.70806967 570386.31070194 593138.62628977 593768.59027701
 592292.72956143 579770.91585109 588671.19099546 571978.13653386
 596286.72210221 579977.94837543 590799.53275472 583010.88204954
 577541.66268972 589193.13329998 589970.10456162 595231.74359452
 582071.49691926 582663.16625669 582967.93179794 594589.57866922
 569115.55663904]","[5855361.1674411  5850816.47736425 5840715.26670166 5827946.4148423
 5859630.83156743 5832658.53324542 5834276.78994328 5858805.32705285
 5827822.18843278 5828232.80399742 5838376.83442556 5846645.65972586
 5827318.85975256 5826822.06449902 5843134.90205733 5829620.25301185
 5843549.1559413  5858487.69805082 5828156.51663685 5839770.84475508
 5844359.30338378 5856232.16763045 5850719.98289588 5849298.11892952
 5851871.4118821  5841883.24260259 5831280.87733835 5855113.03609935
 5841161.91396905 5827492.36680409 5840540.58264489 5836594.02107738
 5848990.65665305 5856972.22771939 5851304.37097363 5858425.9118378
 5841371.98241986 5842760.86361356 5840895.43515427 5844196.87763961
 5844482.58985173 5832135.26372974 5834503.3177392  5832381.62730814
 5837204.5362734  5852591.38229256 5837773.39928114 5842497.6692948
 5840940.9253091  5826999.9308067  5852043.48808277 5847532.38209482
 5845222.03590324 5829502.24077995 5844872.29322732 5828409.86760199
 5847010.07800396 5834725.33138332 5842817.20758348 5831899.99511113
 5836044.35747986 5848394.6254407  5839878.10688047 5845731.06809693
 5837872.58449266 5847370.39134998 5850063.13040138 5851141.78607595
 5831016.71732437]",6891.416415467026,7241.421477980448,7192.494610423304,7158.824884462539,6779.709223733076,6810.835322995173,6891.07430180737,6863.6397150893445,6889.529564518156,343.6751766768004,7300.714084551848,-72.78119435030268,357766.9425031019,-80.16278945549102,6946.38696992887,5986.929133829889,9,obj-COVE,Objective function choice
"[567853.68697821 585918.57835045 581343.80716353 576462.85785833
 570838.71837209 571725.12092825 590071.16189224 568104.80976159
 570581.79192405 578567.87473556 584884.46022869 583372.48515538
 593699.58568513 596246.20134719 573885.04664167 578966.07139206
 571806.84446208 586694.36145502 589090.43977688 589906.12607263
 571336.37249993 587598.93863297 570238.29018563 586308.83992413
 576267.31335646 595011.18772361 574621.77344583 591266.48224688
 594788.13335243 571013.8832297  585592.73772495 592006.37854355
 592251.95856638 572298.8351003  595640.98743214 585239.51426752
 584408.43562348 584120.58090415 592356.17060943 583132.34410905
 595637.19029871 589694.17362106 588461.34628522 589018.4289589
 595351.52205408 586228.44783575 580104.9485807  595879.35255691
 586063.02357597 583061.44326373 581015.20948083 593636.17086826
 594102.40455016 588026.69319301 585182.11571577 574808.62471322
 577854.56781387 577696.66358602 587198.65099387 589145.72456258
 580673.80899949 572810.66980184 576814.82565817 575532.01075994
 578639.70601748 580257.49995037 585446.40429533 586544.42845408
 582601.54339661]","[5827075.77694341 5858371.53464749 5851854.24934596 5845963.19702757
 5827033.95153492 5837313.59168437 5847553.58341148 5828413.52135002
 5833097.83570236 5847127.88088869 5856808.2383413  5828033.6249386
 5854076.54101531 5849609.84970785 5842374.44640971 5827721.92735783
 5829126.41456648 5837939.47567087 5858439.63737765 5859467.75247557
 5835848.24899745 5831617.48321316 5831518.03951005 5841727.86101177
 5827461.72229725 5840861.13256618 5827332.24962739 5857411.56542063
 5852149.39505271 5834336.33471334 5855061.0189944  5840537.88891393
 5854733.18642252 5838753.91992563 5845665.86814583 5839367.12557246
 5830260.97886817 5853389.67793021 5839279.34619791 5839531.14057024
 5846965.22037829 5846098.40555902 5843728.11767938 5856252.58642794
 5843780.59941096 5833438.76871812 5840300.78076618 5848424.8594084
 5832372.15437547 5845482.32557075 5850497.84224887 5842605.4083777
 5850737.88589486 5853684.4382374  5834983.67828177 5834725.42908483
 5842255.9824142  5844727.91382973 5829992.41555247 5842006.17679132
 5829931.93534748 5840243.06458731 5834115.41928601 5844691.44246098
 5843563.78448187 5833476.80170518 5849980.4315856  5851959.9930369
 5837207.28568737]",6884.79567670267,7241.085583159308,7191.254919008074,7152.9322951734675,6776.150564728471,6802.6352791283125,6884.4500241065,6854.8215048480215,6889.645497988569,342.8890388280222,7293.799822972945,-72.85239972285382,357331.88405196875,-80.26172850810724,6936.580134723988,5985.848247634976,10,obj-COVE,Objective function choice
"[573737.62599126 569075.63641808 572147.81662349 585583.19168355
 580660.70579772 585347.16037752 572483.18639134 575994.03580457
 573930.11663433 587119.41003046 576434.30434745 575067.04279815
 584561.31809863 569996.15202875 588156.76167225 572851.42573463
 584507.45457077 568045.07180294 578661.75944217 590201.73520986
 583708.88850759 569189.8882209  575957.12820234 587510.12779497
 578017.496928   571389.32396299 582633.58065189 579361.67105014
 590352.08290769 590328.30724296 580228.72561195 594972.72676593
 591843.47970828 573370.72512005 587384.15386461 576057.4367109
 585333.88775901 581089.24959664 579430.44440019 583411.76205876
 585832.1357837  593650.99362506 596141.10513777 589898.26520343
 585511.96816506 577291.62444887 576014.26368264 590381.18872134
 577869.50544228 581478.94500725 584739.04541612 587078.61699047
 587375.77333588 591772.41904711 586572.0101869  590016.82009723
 593762.94238091 584934.38777361 592844.09016311 577986.86262262
 588173.8451807  581240.8674764  590577.69691922 594207.81404589
 594694.61551222 590332.5186957  588870.30102098 583486.22173864
 592719.20990211]","[5838858.86395593 5828454.70865181 5835086.2046654  5857531.36418245
 5829091.96249335 5855950.52200821 5831101.47611307 5829434.89826488
 5828298.45504135 5829969.87118457 5845208.51835782 5842035.31113566
 5851301.74978529 5833482.18994821 5855314.7300749  5836717.47712753
 5828717.75596996 5827168.6195346  5845707.6795864  5859076.60851374
 5854883.26311363 5830973.05651948 5831381.94225963 5857366.03658864
 5842784.43312093 5832117.50052804 5849009.83192115 5848791.11574378
 5839437.9276468  5854819.21234964 5844706.2030779  5840842.56217415
 5857004.67867859 5833199.15311335 5853588.4704587  5837776.84310605
 5833769.51006931 5837020.87542262 5831568.46396421 5834140.18611543
 5837834.42136622 5854071.7405837  5842396.56642051 5841316.46636387
 5847438.67867651 5839835.20042405 5834691.60561068 5852265.55596923
 5834557.32252288 5847694.49074309 5830195.48626395 5832390.32293084
 5850643.46739414 5850778.35650958 5842596.38474752 5844633.6740459
 5846892.64967813 5841609.78093996 5843538.7282092  5836873.82430383
 5848917.57463472 5839598.92436626 5847191.27168048 5848385.61822912
 5849677.7377794  5850045.0142822  5847283.01829112 5839479.42248091
 5852534.58903622]",6835.776178079199,7223.978119179522,7169.393785813682,7133.686618227553,6705.870539763548,6740.171869576191,6835.395695880215,6821.048844295324,6835.844702345854,337.58633743691956,7247.000801523447,-66.81851292907693,354495.92845930485,-73.67476324480899,6917.912520069836,6094.89288815689,1,cod-YAW,Wind farm co-design
"[587225.45948161 569201.89692615 586785.3948327  585316.44038257
 568510.75827944 575867.13575789 569020.00057732 572592.70993457
 574662.07438296 567648.34335521 588560.63838597 586094.04585975
 571252.88353805 577500.16310549 572351.08648969 584734.23941734
 586230.82437492 579697.61715949 580071.59860312 593806.40527627
 582843.2866982  573846.99682041 571860.98675971 584329.56578512
 593750.60023862 570964.44179517 577676.4133131  593976.90373735
 585792.98982156 583129.4166315  586707.43729004 584033.8258689
 591919.66289537 570406.29147763 591783.81842553 590650.82069338
 571811.47415752 588853.49215754 578861.74600439 572156.26414312
 579713.79215029 582971.73289305 579242.48634113 596051.31726537
 577307.22694845 578520.20275278 587500.70275253 577714.9045407
 592113.29766049 581330.4175225  576402.01666825 581082.90985199
 590769.22699617 570759.17106803 592759.08602447 588917.95609773
 573190.82640529 584730.96559856 590054.65469743 594970.60366434
 588352.78687814 595732.01571828 593917.95087692 592260.77300406
 581037.69132864 584519.59478705 583443.83998715 577905.95969104
 592248.01752256]","[5830018.50706127 5827335.80775373 5858121.73084352 5858039.99083179
 5829899.68419605 5845124.24993428 5831123.2043436  5827483.94594871
 5843501.15916948 5826958.29465491 5858149.68245032 5828261.52021636
 5835494.20194931 5842148.81745043 5837749.49561128 5856352.61544614
 5831402.87080639 5828612.37413878 5850757.01425748 5851675.31159604
 5854459.918065   5842306.81792512 5836667.03886032 5852884.02757176
 5853965.58979859 5827044.15909529 5830937.23171004 5840226.14700287
 5834060.6302306  5851046.82735424 5837465.086067   5847128.55806821
 5857097.08724824 5833807.72467854 5840814.9626221  5852494.8468666
 5829206.57192922 5855202.5084626  5849140.06018411 5834222.53501253
 5832632.95775346 5831396.32835982 5843943.65275338 5841795.23582751
 5832256.23974512 5840341.15732279 5853238.4967803  5835435.75202047
 5850187.40945745 5836850.27491081 5840320.7445107  5845781.93175927
 5845442.55748118 5831251.46811413 5843134.71736175 5843150.4729753
 5832738.59944118 5830776.4086704  5848522.21774441 5850433.33248993
 5851540.36792542 5846163.27844659 5845942.07449994 5844432.50683331
 5843391.57052398 5840505.09423009 5835621.30990769 5847868.1417941
 5847108.1111603 ]",6862.845108104856,7230.52390023267,7178.470884358289,7143.212655691901,6746.025895348347,6773.680205976614,6862.477503227973,6844.755766694106,6850.8113035341175,340.38866975147613,7273.533356166759,-66.79526342052107,356023.6687927087,-73.62348181726506,6938.015302192823,6109.264731196986,2,cod-YAW,Wind farm co-design
"[590198.26277391 581191.04512132 579922.33173414 569635.91556778
 582188.31231105 569414.46486869 571551.45144503 580011.67462362
 571401.93353389 573411.36835977 570048.75526823 584729.23154261
 568380.7145727  572223.96994972 572305.57859414 577609.77958626
 581122.23784376 577083.77952787 576180.08261277 589827.42813653
 575290.73846773 579857.24752194 584264.43592583 581972.80435603
 591676.17096859 583400.39164464 573315.11847158 592807.70881973
 581375.57585333 577357.4773625  577815.43106745 596325.4033836
 585295.33181196 583638.69107508 591053.25702366 579570.65829899
 572647.93784954 575297.66936823 580180.00088276 595509.85254154
 595280.11075773 585943.78454782 588975.95690318 585462.03468157
 575268.57025533 586341.48092319 581478.28381243 588051.92061249
 596060.3200175  577511.90401726 588604.56342904 586171.32334847
 587770.41833225 583357.70679613 595131.89872101 590750.69236583
 583151.22717131 586665.99702356 593214.05958576 582734.15538464
 590360.86409125 579020.27417436 585969.4530567  590822.63122207
 594814.01346411 586316.45078427 592565.52478575 584116.93121361
 592643.01493028]","[5859233.4128407  5851801.71331596 5849537.01263705 5826940.17391786
 5853662.67958617 5830528.21663943 5834351.25333641 5827776.09136105
 5836435.04512978 5833413.73379982 5828915.24141558 5856551.39212515
 5827360.48097613 5827161.51127803 5839024.20504674 5846846.49450345
 5829464.73510892 5827558.79112381 5839878.09212416 5856831.40739284
 5841250.23425624 5841123.12901007 5828131.73867959 5827927.03876401
 5857628.69913405 5851446.35749649 5840729.6799702  5854262.19187518
 5831935.63957322 5844951.89345427 5841929.43434605 5848408.56294762
 5851150.8928848  5835829.00404034 5854820.27342104 5830121.58163155
 5831540.73490699 5834150.26648023 5837604.45752656 5842920.33296624
 5841028.53728992 5832504.68022764 5842870.77567825 5849069.90450146
 5829135.31667951 5838674.37011991 5834102.69389392 5853674.76593551
 5846571.42184433 5836120.91676223 5850629.01510196 5843252.12732563
 5851923.24854362 5846705.61685828 5850345.59709268 5839339.09290871
 5833696.44956282 5847672.92659974 5849765.19161137 5842128.73012029
 5851619.61838052 5832860.68968474 5841032.04832496 5845529.29420911
 5844909.35230529 5846220.97756306 5846996.67548019 5837536.22540423
 5844489.17053706]",6847.148115576688,7229.294880706281,7175.739201494246,7135.169010788998,6723.902460862367,6754.4506271019,6846.785499100444,6824.557921201558,6832.998919126544,338.7993609434005,7258.799990431413,-66.78472247960225,355139.3843067206,-73.62636683221179,6921.418704367113,6099.423352490292,3,cod-YAW,Wind farm co-design
"[584855.63734174 567604.25900522 568196.92512216 591331.48875492
 568838.11344511 577384.13618957 570739.80836607 575628.45210623
 584764.02370186 586459.94727731 584196.04782254 574963.24739486
 590127.8457032  572810.18798841 573934.95876839 571718.61327303
 573097.65457391 571969.56517608 587506.08620591 592372.56473677
 580083.71809228 582621.73571075 590418.69050662 594928.74598587
 570989.28100088 577083.8042421  567735.43192873 584166.94073991
 579357.79322572 572156.77933548 574420.06141219 579407.65755768
 577162.44461462 585731.57899581 575742.45909904 587386.94318415
 572465.30928734 590915.81635971 579401.5389941  596265.62212296
 589864.99117767 586137.21687366 586700.73935148 596065.88704704
 575051.64906108 586577.45190889 582834.40350545 591392.05569381
 581465.97134944 593387.52133766 579975.14616234 590764.16421216
 583970.67705296 579090.75719096 592405.5290899  583147.59051158
 581723.09771478 588522.07503362 575334.01296823 580931.7814484
 576087.35083241 579121.81820215 574373.37940382 583434.41492211
 594442.44730244 585091.57905715 587887.84855955 595355.62617343
 593634.8339654 ]","[5857086.88088502 5826807.70173375 5829093.33458708 5858075.89546335
 5830602.70893429 5827551.65119978 5827050.28822962 5840213.87943477
 5854582.66177468 5830770.95498688 5855796.463504   5843115.07668538
 5859529.3598304  5838509.95143249 5840917.75785914 5829374.95815038
 5827222.67566117 5836734.86932933 5857999.29182456 5839829.38535293
 5849013.12069179 5852450.30671899 5856095.33306612 5841952.72471633
 5832148.41285074 5846812.31927067 5827986.99552503 5833807.30583204
 5829364.97045777 5834488.52841527 5829598.85662642 5827726.9899395
 5836368.86302147 5852531.96342603 5844571.7737727  5853471.44853112
 5831064.63906552 5851971.13431167 5832588.60776316 5846342.88801453
 5846265.4248324  5849367.69748619 5856533.07363843 5848731.87572207
 5837263.6831572  5843227.25692771 5850021.82841929 5847682.87339667
 5827906.41475618 5851048.90428385 5843756.37628016 5853283.0953624
 5836398.46642117 5846709.06038581 5849659.92548163 5846369.55948444
 5834618.08616948 5841401.58726282 5831433.84208743 5837981.950675
 5833461.75789749 5840982.69889298 5833924.55339154 5842956.86752455
 5847439.81029722 5839376.4193095  5847973.81757336 5844830.91492995
 5843954.96601206]",6858.1564437034785,7232.147947910778,7179.490485411762,7143.552599517945,6736.387137991108,6766.757013865416,6857.782756263256,6836.374385809718,6851.253854307532,339.8705706755613,7268.85927281974,-66.81394051173794,355793.88965583214,-73.64128330979804,6934.985208564257,6105.456183953127,4,cod-YAW,Wind farm co-design
"[571472.69223003 586144.95191495 582016.05353397 567623.06305061
 582686.34853333 581095.80404053 583469.49028348 582094.20563855
 573605.97520467 575137.4390917  575319.55720077 574839.2257934
 571347.61969219 575409.61734553 577602.14739746 571491.35615115
 568559.98429785 569504.91255112 587428.21264697 585824.05481449
 574013.49532128 572587.66651975 594678.24043839 587191.69827248
 583139.33517307 590013.1861737  577596.98859438 580939.78324043
 591119.9748305  588635.53634409 587124.54331175 590889.65448934
 596008.9131233  588861.77329393 576423.78177876 595411.7184668
 577529.7623974  577556.86177459 584124.62352688 589689.46429101
 582970.20776463 594156.08250315 588821.78191766 584602.66661743
 590972.89541248 581591.36598097 582315.85903323 579226.6054404
 586413.70265804 577650.81840365 594568.77872944 574704.73859147
 595945.04059233 581094.71225812 593320.71415834 585285.55920259
 590918.55691724 584475.87067539 585136.64125013 591089.61045727
 594137.429581   592861.13333849 587037.16963721 587157.27271857
 579217.0449842  590858.84580243 582113.5449377  589336.611075
 583243.37795307]","[5831442.06600372 5858300.77804149 5852325.17050562 5826938.60904487
 5828013.50526074 5849696.48426232 5855289.93757328 5848248.23940305
 5841702.56564661 5840789.24899945 5831856.35195202 5828056.67389305
 5828919.63444671 5843889.11025865 5847213.93828072 5834571.55130894
 5829082.29466039 5831189.31254291 5830838.57398798 5828215.80125602
 5838862.74535693 5836445.24622124 5847528.61129222 5856825.13309463
 5851036.00940086 5856959.42774922 5830273.71784667 5829607.94202636
 5839647.88839726 5854636.03531597 5852088.1670338  5858551.50783727
 5844986.01898854 5858742.83398724 5834142.78311325 5843741.92918725
 5836452.2826936  5838407.30970809 5830324.14790369 5848373.4142819
 5834436.05018018 5853276.75282368 5846462.17096963 5832119.56001499
 5851163.4758607  5831202.18890104 5836582.99511424 5843458.93202623
 5847490.96698237 5841764.13519595 5841499.47872008 5835165.50387197
 5850043.91842852 5845572.14056194 5845448.06168725 5834904.34164556
 5855525.69950805 5853085.70473168 5836644.62298368 5842086.56654431
 5850809.09711847 5855548.11879791 5842578.06189123 5850411.72078086
 5840205.4910433  5845715.8824429  5846659.35657866 5841420.38484498
 5839307.66607871]",6858.850031596626,7236.398975090123,7185.039231289641,7145.780625799849,6740.289046066634,6768.926498551394,6858.500775074912,6840.8848245720255,6828.2708116960675,339.9468017565299,7270.6399705947215,-66.76791717703122,355779.57624869695,-73.60096059411921,6932.13183448966,6106.963659234444,5,cod-YAW,Wind farm co-design
"[580965.46048922 585235.36822475 574931.84203826 571041.54315765
 568049.94846142 578754.45343366 581349.94750998 580786.42485317
 584421.788718   570585.60402044 582640.29756287 577331.58493011
 586117.35604651 571448.81209773 569418.08492447 575785.86358174
 589738.77629538 591569.41379515 569140.499643   576220.28789873
 594106.10817607 575519.49612903 594310.78768619 584931.71176596
 571904.21978205 584237.0798137  571032.99373472 581998.25147691
 581170.37597205 587196.46972928 578509.25876453 586136.69066122
 575283.40558138 573744.32382227 596142.19246089 575697.68001332
 579990.01176534 573708.95491177 573729.31285051 572501.57523877
 583616.84811948 591714.27724265 596332.1155605  581619.38812742
 584392.03060558 592631.43183325 595412.18651915 595331.79059921
 590735.19650208 593526.8170666  588235.70846647 587242.8044459
 594646.19036322 577123.93157084 585966.52398753 579856.89011101
 583758.38256401 592785.84468908 592206.49691381 574606.61118318
 589019.9468051  583475.30448823 584909.71093156 589976.47800103
 586108.37512054 592327.95928555 595778.98897077 571849.3934703
 591874.51919913]","[5827834.71415981 5857952.35966766 5843637.49733235 5835901.47564897
 5827092.80557515 5848136.39737185 5852537.39589948 5850263.900652
 5856792.61764637 5830844.89503212 5854346.95515339 5846570.56065893
 5828896.44727926 5834097.53741484 5829268.55350888 5845038.27162085
 5859422.50577466 5857803.02634531 5831395.17847215 5840382.85693718
 5840801.10053919 5838387.73472024 5852944.43579255 5833928.48568773
 5832350.87394961 5850935.30470092 5828519.53920098 5840992.58231456
 5844413.43712885 5831607.42938813 5827821.85531367 5838847.0138654
 5827529.55066349 5839644.10310925 5844278.29277941 5835323.90472573
 5846250.63668114 5834781.63218839 5831426.22706353 5830098.87836667
 5828323.57961218 5839093.83333682 5849014.48432082 5833492.61124566
 5831559.96065405 5855905.95574425 5846187.57642977 5850943.70646196
 5858534.09626025 5854327.44080765 5858302.52657965 5845978.41432181
 5843179.1217643  5843495.6206302  5853117.69090281 5831348.62480967
 5855818.70237631 5841797.84661357 5849937.3065006  5841291.10973836
 5855859.22263245 5847419.43543335 5837071.52789549 5843904.70428877
 5841634.07808159 5852769.64293506 5847605.15367763 5827257.20793312
 5846407.95347179]",6881.26797818186,7238.554067747864,7188.5767962929585,7154.372344877818,6770.670194071491,6797.114143329971,6880.9177878215305,6871.245891231013,6876.852570914696,342.4601958175807,7284.891101056054,-66.52521227321355,357123.1182420557,-73.29631386131875,6952.068813134398,6131.592669258979,6,cod-YAW,Wind farm co-design
"[577767.16914803 576893.73828767 586069.24084888 594894.71857653
 575200.41463817 579019.89192847 570197.52974325 582165.9940824
 575664.25842196 590230.12284992 574628.19174824 571136.47714972
 575645.79934028 595839.67967467 574832.25489331 587972.80115363
 572339.24208303 567962.25483229 569589.30286656 586098.49352341
 583716.00944872 590337.30387992 573002.18309392 581329.31197831
 574013.52424779 578787.99852059 571659.61871607 585436.74229949
 582436.92687321 587754.93720932 593295.15909275 585725.91356401
 591326.56226689 574696.75058007 587527.87884841 591144.86268795
 583807.6283831  585481.2225657  571960.36126475 579683.51424709
 583488.04075504 579833.20718441 590281.56517947 596358.92961255
 576654.76726407 579862.16337817 581955.56558667 582238.6547746
 590113.95088099 582060.77660438 587048.30775481 580944.18565064
 580391.08717334 594958.18719679 579016.14196201 589103.1731858
 591816.19089804 584720.29279222 584350.20289009 586600.28963892
 588471.91191699 580338.34385717 582658.05934494 589409.51672591
 594269.0568896  579960.90278398 583632.15185911 595698.85382204
 586427.30659905]","[5844390.97192289 5846447.35510163 5857981.8744511  5850924.90591468
 5840220.19908769 5827836.58793386 5827768.81295388 5827998.78093258
 5841857.01830691 5854333.13067785 5838160.72805987 5830265.06931852
 5836672.07411788 5841541.62815197 5829163.87642193 5858491.61034731
 5836111.88366056 5827166.69535928 5830744.21000393 5828237.32712129
 5855559.51682215 5859036.88499096 5840485.41351645 5850792.32674961
 5827446.42447038 5831879.27882333 5833174.05164374 5852812.22090994
 5852942.4192682  5856633.17090801 5841110.32694106 5855196.40370641
 5840817.08811415 5831646.80234841 5854850.74669941 5852498.8376601
 5849387.81755577 5830996.25928689 5828314.75444488 5829268.66109452
 5837719.36693237 5839593.30158321 5856230.52430577 5849348.02173585
 5833361.58680407 5841610.89581535 5829637.04836357 5834446.20057092
 5849249.08632723 5841394.48857844 5848996.29210894 5848192.10090087
 5833023.63657225 5847138.2579544  5837946.29791913 5844601.87738395
 5843366.76190754 5846991.70934021 5851289.31690871 5832283.51152451
 5851366.48524214 5836499.59522268 5845144.98986226 5847009.61819269
 5846182.28761473 5845255.61818543 5843334.54265483 5848250.78676051
 5842697.37818399]",6845.38571168825,7226.533829171826,7172.915715981732,7136.514880203957,6718.97761386939,6750.442770893006,6845.005319271902,6820.198566283765,6836.7611582362815,338.7877922863978,7253.262780127581,-66.74368754013524,355043.34129914787,-73.58208827668768,6926.324927139586,6102.980725633541,7,cod-YAW,Wind farm co-design
"[586390.5432932  581805.58447093 572189.68135924 572692.23288023
 567892.23774258 579821.21378546 575234.02801694 572900.88046005
 574784.53224789 581688.29823969 569460.41781909 585668.4183459
 577640.19095151 575067.11459894 594460.93711612 588951.2871711
 586699.24583414 590878.1608487  574523.42749553 580283.49598627
 573164.93198783 569716.20025583 571225.42320268 570498.44761609
 583013.44224002 583921.65021306 577509.04088117 584240.63277121
 581356.54510414 576990.41408384 584560.61638241 594432.2364398
 592744.69037716 591159.7826471  585995.41346244 594844.27576269
 582399.15182997 594073.05779327 588583.80638274 586351.28802259
 584601.81891596 579459.99025685 580078.69337772 582314.44510523
 573913.03249995 589321.61898811 587791.690982   586221.34928356
 584142.30932205 581961.10242235 584332.90720942 591624.20540682
 584374.01903764 589354.94131785 576943.29085344 590043.48318931
 572338.29135286 586630.57984091 593791.6935146  586760.04193957
 589739.92316136 579476.63257271 591535.90547658 583193.2822112
 586724.20747821 576522.07755066 580362.0177101  583714.91851331
 575406.4977805 ]","[5858253.21161519 5843747.70703701 5830173.86946101 5827649.8644201
 5828365.33787562 5849818.6637604  5844144.19863104 5835376.02759268
 5828256.86655465 5848850.77322196 5826956.33188056 5855904.54562679
 5846453.83011244 5839198.1351972  5844372.53567947 5859128.95793742
 5829807.45759552 5849973.14473427 5841639.39373151 5846119.62212833
 5837729.28106308 5828712.92579389 5836403.19247811 5831342.20679822
 5852789.94618373 5855396.21175385 5829186.86795154 5829451.4163046
 5828105.65582013 5831379.97602274 5844461.63698073 5852635.26409084
 5855400.95565696 5858525.77352485 5828388.2187875  5846776.87731711
 5850913.28079046 5840761.32932832 5855869.62031962 5853626.8748188
 5851843.39942346 5828686.8116482  5839970.25625126 5846979.23537747
 5830287.66525392 5857157.23576831 5849582.93589519 5832155.99457628
 5842268.88459908 5830717.7452304  5849145.47093429 5856381.3121955
 5832706.30965672 5845913.13536346 5836887.23421687 5854158.5437383
 5833191.66395872 5837419.22427027 5848352.43680337 5841858.02813922
 5841387.4602445  5832061.88590296 5846281.47527909 5836114.99582751
 5843653.10905628 5833569.07231645 5833939.17458321 5839405.70391458
 5835483.26387882]",6850.479962754474,7227.553081476957,7174.980359657873,7137.261158707462,6727.435459369863,6758.360864885638,6850.114342648322,6831.381863660901,6826.052070599112,339.03242737205284,7260.832558155133,-66.8153418361129,355282.53049767204,-73.64931109351498,6929.947324726618,6103.98572586314,8,cod-YAW,Wind farm co-design
"[591120.95661633 578500.04740449 569820.63445665 581767.56434196
 569942.65054681 570335.26154351 567791.76647582 589526.78281642
 572534.14612702 587698.05710185 580151.41918496 575340.07441492
 586871.2742039  586165.57026744 574433.46093798 588602.28598698
 572942.10811625 571193.67071711 591495.24932798 591786.83970963
 581232.95550997 584415.74165529 581312.56021128 573381.24574798
 584613.34288846 576575.07423185 573170.86412519 571935.86319409
 585534.58693613 575294.3810264  581629.8726367  572423.10548153
 590337.84366391 577259.12190655 579694.07992402 583923.86306454
 576875.36458732 595162.18003346 581663.61894252 595341.70372813
 577358.0314165  580998.66152669 589484.37466278 589930.42057186
 593612.97088482 580240.8686756  587067.74014787 577764.15330717
 595041.9534853  579593.35270784 575341.9152027  590560.59293105
 576888.4512388  586898.55083135 584339.98097673 583447.1083162
 585998.86650173 582726.77645586 587218.64585182 587406.66261095
 590045.55529326 592098.96733646 592473.69279852 583736.69985439
 584925.08549357 593763.32888368 585740.44040981 582042.52553284
 584364.78559833]","[5858599.31226965 5827872.03765628 5827903.15808757 5853046.77905883
 5830062.4773741  5832102.72768655 5827065.80741887 5859282.43095743
 5839468.32457982 5854726.62565047 5850918.5159014  5844049.83725876
 5858570.98218965 5857229.95831504 5839578.74457885 5856840.52693135
 5827616.6172779  5833898.80269444 5853648.26440554 5857204.26261796
 5828433.02936824 5831872.3140581  5842743.5992003  5830518.86718464
 5829738.27637472 5828871.85868817 5834589.10088433 5829458.40526907
 5828193.89469579 5841598.5763613  5846047.59808427 5836507.71220072
 5855413.00874372 5841975.50697837 5845409.9966544  5834525.65175089
 5834766.03145573 5848080.76805516 5848199.07271157 5851162.88042467
 5847017.05288282 5834568.87205771 5851804.33119093 5847296.14472555
 5850279.7125337  5829974.76090654 5849593.24222637 5831032.01095683
 5843027.5329287  5836396.53911744 5831979.443402   5849998.785284
 5838007.56280146 5831313.99926995 5847068.04986192 5849185.99116719
 5836902.61935424 5840231.88197288 5841085.56446407 5846867.70236929
 5840349.17692173 5844248.98408217 5840625.6216075  5843207.24166927
 5839580.91249958 5841915.84690814 5846524.85598669 5837888.32121917
 5836741.09478814]",6845.719829252092,7228.748548360206,7175.602965308002,7137.7299128568775,6720.171688665005,6751.66880930924,6845.3474443578625,6829.224667647708,6817.107891644726,338.65142299609374,7258.144676423614,-66.82054698800982,355077.04079927126,-73.66342634701284,6922.9757743767905,6097.276323567824,9,cod-YAW,Wind farm co-design
"[584153.33557035 567291.10714976 585965.80012984 587115.59424632
 586883.11817152 572745.05867846 581286.9852696  569753.82091464
 575015.64541156 569529.69835282 576769.88586101 582366.50785651
 574871.94261092 570677.57265746 573782.20140187 578878.40803101
 590299.77290589 572806.27350938 576247.51090187 583564.43568968
 596012.64557807 593905.37675108 575795.99688218 583231.71529382
 575378.55973391 572192.01353135 585686.18637198 576584.16904772
 578422.84878498 577081.78284762 586184.15477951 596135.34095333
 578796.70672532 578807.05113829 583984.82462797 596180.49371117
 579365.65596738 587835.98342109 574601.06931262 589695.30386292
 571475.88930928 580883.47856918 592593.68949832 582311.49285867
 594075.48507828 594767.70703043 585455.47369059 587127.17738559
 581420.12804203 591813.46732754 577858.97618951 587645.09351762
 585605.13212359 578282.42528185 585254.34653362 591579.9400813
 590066.33531396 586689.90934348 590128.53761166 588983.55350379
 581670.91361805 587340.32137594 593666.05911956 581294.33484876
 577013.71413604 584399.00886952 583588.15148918 581471.10000731
 586030.69649697]","[5856450.56398022 5826883.51810615 5858377.26835033 5829951.69508626
 5857266.51267118 5838612.01946566 5828103.00368586 5831092.18697876
 5839783.02006804 5827866.14357723 5845770.90323612 5853096.83678485
 5832296.4854161  5832570.95805072 5840788.85486738 5849266.53235779
 5858326.56190064 5830968.11584503 5833249.67937071 5854820.96401108
 5848900.46327192 5852440.43435785 5842614.73573594 5828147.92132532
 5844435.93065794 5828252.55676453 5828204.43173651 5838543.04991851
 5847313.97661265 5829526.70046812 5853705.25290835 5843079.64333063
 5841709.66595372 5830624.04698256 5830139.30896977 5845358.85175344
 5843813.39206376 5856014.3019363  5827947.90809268 5855656.66714654
 5833872.943897   5846704.90561281 5854632.21984099 5850177.03668022
 5846069.61542458 5840838.04257345 5839749.87888737 5843416.95745694
 5833338.4005642  5844456.50582174 5834290.9243263  5853473.92111442
 5833994.15053843 5837131.26078546 5844389.76203339 5849956.70733215
 5853104.53000784 5849157.07448539 5848369.40863237 5842461.22285304
 5848542.92965676 5831699.91195687 5848690.0856593  5839073.29718625
 5835786.7393309  5837220.23199913 5833667.79493344 5835767.33011062
 5846937.27283822]",6856.470454304544,7233.0191355169845,7180.452667257238,7143.035605640546,6737.381480761478,6766.1798054510145,6856.1155745575015,6846.445778524047,6857.317865361095,339.77737957688163,7268.074785754427,-66.82106500384036,355652.61984835437,-73.66027736255732,6930.331154441457,6104.434165332827,10,cod-YAW,Wind farm co-design
"[574666.32440695 568439.83800165 569297.3738744  583708.58293719
 579764.24297839 586235.4638631  587468.9237796  575766.28320342
 571803.26305834 573186.46299571 583525.87640738 568040.488612
 576450.60197704 595621.82619127 573348.12929385 579798.40113986
 585004.50863928 572307.30618697 587148.10544968 576613.09204206
 578330.21626759 590490.89223401 588886.62994099 596301.75856022
 571438.86408984 587620.22595907 569872.97137038 579512.59922817
 572406.41458301 588624.58752339 595407.45237793 574337.30238846
 577453.63862365 595984.31855659 577417.18938822 591114.38645702
 575886.3557569  575240.4220834  587270.58379187 581383.32201466
 573382.29058543 584872.53159989 593598.48880706 591147.96350866
 579785.99418086 596107.1293203  585708.85738841 571793.71664351
 581739.19385225 579561.28289709 587692.04359196 589998.30367612
 588710.7632099  586019.94545047 590967.92839458 591958.0661139
 592398.16658012 586499.01836783 580246.28262309 583312.69838955
 585765.3469505  587327.69500279 590737.6269876  593256.29027434
 576835.06322517 578832.95732368 584296.44739127 591486.51137944
 592859.38895492]","[5841597.06272003 5826848.03311013 5831469.95117302 5854908.37580092
 5828311.30069624 5828247.38412228 5830369.65136989 5845009.75909715
 5836850.49996562 5836433.64355303 5829216.53606426 5828172.9950885
 5845947.59551129 5841329.86778856 5839521.17297683 5848418.33556272
 5848919.70205646 5827299.47631495 5858489.94027129 5829063.72052893
 5831567.22315294 5859629.68826231 5858963.28750041 5847481.62969145
 5831656.10597143 5831476.16761074 5832984.87766882 5846076.87147521
 5828560.51124097 5857385.65926787 5850876.48816466 5838266.12857575
 5841714.37654323 5843379.55369536 5847269.35014478 5846964.20986085
 5835932.20725979 5827382.54384857 5850408.36704061 5840524.300753
 5830195.05572658 5833272.40721377 5840053.08479674 5849000.18064941
 5831742.85585331 5844732.76014495 5854394.87022074 5834139.02626134
 5844050.30684352 5836304.62197391 5854400.09663133 5840232.1315733
 5855892.08272998 5841922.45218812 5858142.31353942 5853562.43130522
 5852096.47177547 5844495.35897173 5833438.67328962 5838093.94015405
 5838957.83017102 5852455.84130645 5844714.34610145 5849726.5217334
 5843716.35198963 5838206.06745897 5856473.45579799 5841943.07491851
 5855152.14839861]",6875.460018303944,7235.59438479892,7184.918226776798,7143.345507628286,6761.002292628873,6789.146494052954,6875.098447879217,6855.5450726270865,6877.385481321604,341.31607909696163,7283.405971593758,-73.10637397564636,356724.53407237836,-80.5692618521238,6928.145578613219,5970.122103693977,1,cod-CAB,Wind farm co-design
"[575520.9666198  572510.07605357 595955.05162414 567525.09280892
 584103.6989282  582095.64876119 590675.06968044 569985.54525525
 581750.44716413 580128.55419721 572916.35890823 571539.29947224
 579852.54955494 588529.55249481 573995.04620854 574102.07899846
 576473.94361047 585511.72432917 579915.24540777 581084.30125676
 584317.42210215 569409.6736308  567937.54222685 592685.60760677
 591315.2899138  580849.73343625 586477.46552918 587848.68226065
 571180.42737035 591805.84785288 578347.7214155  585726.21125784
 578633.48107987 589419.88352181 575545.56249493 569083.52811767
 594057.40094269 587602.12130558 593328.95724877 575057.99350494
 593816.35583683 586086.03202406 586403.99615933 596130.7888138
 593285.14367854 582857.47297083 569428.81961159 594580.9053423
 583483.45877141 590323.24817732 594542.37747132 584467.02902716
 590390.62802785 584034.89544207 574415.55515818 596033.1043536
 581824.81654471 590246.14850612 584566.61714866 580495.77346709
 591660.01693169 577293.55653738 577909.85276395 580590.26200672
 578367.37271264 571992.38886321 586519.12470963 574892.38652836
 587216.87834402]","[5844676.47030991 5839217.20536097 5841443.6179962  5827045.07253462
 5855527.64249244 5827921.09091726 5859384.51650436 5833239.32621248
 5853194.39172809 5850910.63768972 5840447.26125871 5835292.04179891
 5827744.16302209 5859089.13657549 5827283.50830971 5842349.29548045
 5845979.3048945  5828198.8848249  5849742.59528271 5846993.82469252
 5856694.50306582 5830770.83104612 5828551.65984271 5855679.37337931
 5858152.93860962 5851961.63144906 5858525.46397917 5845002.90434503
 5827250.81758853 5856951.53970776 5836652.30119442 5830019.41371692
 5840714.36515468 5848903.91633829 5827406.10459008 5828039.77908947
 5840460.83176868 5831612.89208672 5845051.32098483 5838020.6470007
 5847588.07331539 5838672.49336182 5832979.48510937 5848967.44363494
 5854592.22509021 5839714.92746703 5832128.40255857 5850664.12701706
 5832018.58163372 5852580.10209363 5852598.2322244  5849701.07329544
 5841786.71536029 5853167.75745399 5832789.27458834 5846640.51954096
 5844803.65376279 5839468.40185057 5843664.77356163 5829631.63138816
 5839577.61901172 5841918.55974219 5827684.45184308 5835449.71520761
 5832213.43579316 5837526.89330994 5837083.01774017 5843429.85704722
 5842118.30958989]",6900.396350942528,7249.127294504776,7200.90092395187,7167.664153160986,6793.420078693511,6820.663735460519,6900.0539005133605,6869.580876697972,6895.750554219502,344.58891607473316,7309.293526160476,-72.7555516867595,358230.09579100244,-80.13522584767037,6947.157546658888,5994.410044582565,2,cod-CAB,Wind farm co-design
"[568090.49279708 567598.39438467 579777.01558424 571703.21563404
 577366.09913277 568597.7908295  576542.95857886 573517.12305813
 569093.43913017 569945.30279314 581945.36860558 582019.16799928
 575760.76999135 572549.14114129 583689.7755599  569214.05498544
 578907.81802185 584671.35289936 580059.66148683 583216.89723317
 588291.4670037  571249.58800151 584933.14035757 591546.98537609
 585730.10405349 590550.13021679 570209.59088719 590740.41856578
 588768.25567109 579984.03494715 583756.98573913 596125.18985036
 578182.01800126 588770.35487862 595722.46521665 595937.09636256
 585369.31459547 590317.1028268  586808.84052911 582816.42488545
 592298.25076754 571884.53749603 593306.60849156 592640.7792578
 575528.14283634 596061.69597298 575378.81181683 592263.35062335
 580833.98848457 580441.20570416 593783.31524467 589470.79047261
 596057.52346621 577190.8948462  592546.02135404 573657.32968033
 583332.23971776 586030.96566081 588578.72080783 595919.95577682
 591094.29241482 590924.49955827 584115.75733729 583384.44960706
 572401.82589886 575321.81989899 584637.77064669 585517.90034189
 579073.71184369]","[5828919.60121753 5827678.13596093 5850313.20981744 5837587.72842215
 5846910.02793615 5830136.04871216 5845518.38972309 5841013.05125121
 5831306.26931768 5833369.69013388 5827909.69758731 5853561.4243741
 5844301.02915597 5839502.84924256 5851720.37538913 5826906.14363095
 5839743.18961009 5857040.31322141 5830294.28599165 5855199.32571197
 5859003.29843975 5836493.78085821 5828145.22355272 5857854.26323286
 5836839.48051868 5839382.8856889  5828154.62566591 5859269.61089213
 5857443.6248105  5827923.20767565 5849188.11618008 5849823.3022134
 5842214.87151674 5852781.33461471 5841299.84516389 5846438.60157702
 5831075.62195155 5855227.64563295 5840216.63340227 5841807.08827188
 5856512.43237872 5827202.9938792  5853965.36791443 5851561.78888389
 5828719.0593731  5843939.2756991  5838539.15960532 5842344.90519148
 5834382.4615939  5837775.36143441 5840827.21512389 5848384.93284485
 5847749.46210363 5832383.96128274 5849923.601571   5827256.25050626
 5828019.51478012 5833174.08101097 5845363.41454115 5842495.56655576
 5840583.78693095 5845750.8704052  5834688.33882554 5847038.33769219
 5834536.40994942 5833902.84178436 5843878.63935598 5858261.59697361
 5849061.66358846]",6900.440684422834,7246.139543835905,7198.247654001706,7166.882557930785,6792.086702771422,6821.859679822948,6900.106838530536,6873.64184180478,6893.354095551104,344.7214399139761,7308.857961042555,-72.75942706540486,358248.9214772835,-80.13579786475819,6955.556694878367,5994.8488001008855,3,cod-CAB,Wind farm co-design
"[575537.89587319 573623.9810271  585441.39711232 567351.92412202
 568182.24229979 570463.39245034 569170.89822436 571925.52698523
 570463.38626752 580667.80293513 582170.19434344 579901.00099105
 591714.71272955 583395.99497538 568846.31625745 572503.52154341
 573023.64746815 584579.69698096 578065.40457205 593152.47871277
 575934.26038829 580145.24095597 577824.39040232 576343.62379303
 580861.44539856 586091.43319744 596305.28945756 574119.71323252
 578514.47196433 580107.94784312 578439.92420091 589348.70097066
 583148.72717065 589120.88124395 586777.59253821 595476.43625712
 580981.03696416 583532.84555471 591155.31923653 595503.96345914
 587369.0399412  586457.50108396 584572.11650055 595861.60148808
 581272.08766051 585762.32427448 588957.33243721 580268.4939408
 589830.5823217  589009.17807478 591885.87352929 583452.20955564
 590703.69409165 580326.26915033 586142.84967294 582733.53580286
 593954.82679756 585310.3453572  592867.0843263  581827.91615516
 589498.99959599 591477.49513013 586065.87042678 584106.31821664
 583067.45062231 594014.20141912 585922.68745224 587637.20620915
 583323.5830171 ]","[5844617.05938088 5842082.37419547 5858240.29557828 5826880.25618701
 5829131.28936229 5834499.40620556 5827714.50902961 5837964.06506543
 5832128.15564167 5851696.41738815 5853020.62705154 5850253.65506776
 5856934.36698094 5855345.21641677 5830259.11657503 5839315.81626072
 5840755.15210316 5857062.1929457  5827619.40151055 5853636.50714874
 5832473.3878288  5827767.37493956 5841963.60647029 5827977.92844867
 5829622.83724283 5828236.02666032 5847594.65266429 5838009.00250175
 5844155.15118386 5834610.85732008 5829495.49250275 5854983.73612961
 5854376.69544675 5857873.76635812 5839578.88212737 5850961.38635837
 5831705.62926788 5848229.88482821 5858541.89164056 5846169.76046993
 5858769.24597748 5837581.71363182 5849763.29009666 5843401.04223332
 5846518.83743167 5829821.24403476 5850755.00334748 5838839.71015937
 5859447.83159273 5853212.11249934 5847324.49807314 5837629.27639756
 5839456.18779766 5845177.40587617 5853904.40110261 5840825.13347315
 5851484.11172725 5843154.68282656 5839578.85409817 5849334.95489571
 5843382.7055896  5840926.42864447 5832461.8352195  5832313.19673663
 5843802.45357902 5847566.28009881 5834119.1647181  5845258.18957647
 5829982.14710697]",6879.194279241023,7237.645985305387,7186.698136079975,7146.475510730896,6766.67471680123,6793.674178758819,6878.831967007089,6855.256142697693,6861.599733902192,341.87055099280957,7284.936030518638,-73.07209892210412,356963.1898298681,-80.52135657331516,6929.734139915564,5969.130673054542,4,cod-CAB,Wind farm co-design
"[572510.96189362 569426.88132671 567587.16028963 568366.59677421
 572503.57044762 567694.99518465 573189.71057725 580931.57145655
 571279.17246276 573899.99256839 575135.83325132 583605.40708025
 573470.23691683 582401.65388415 578697.3534601  575167.95117371
 577470.29645297 579512.08337689 571277.02169593 595190.60189027
 585838.27508773 589866.56673382 575335.22510405 596238.5550743
 593618.55723023 584779.48223774 584374.43831188 592929.91382849
 582683.61047573 591401.55586597 584826.11743055 592358.81665054
 587366.98128763 587127.56731113 581741.55586738 575283.53425101
 571273.09323097 579865.79113221 595999.00841497 575134.16962415
 579106.18292136 588813.63366461 581348.62147506 581814.90573179
 578261.28175189 586729.63557665 577569.99520817 591381.98111507
 594410.22005024 588579.48140229 586729.99930028 595176.46856739
 589695.6557094  594132.96569135 591952.30476655 581279.44366505
 589595.35004527 590828.22068456 595554.16726937 583736.40691852
 587020.60993146 579341.94656391 584191.92808119 570713.0744607
 584909.44348081 584536.71979463 585177.92886808 586235.53694948
 586155.57168717]","[5836438.13020296 5831408.84229263 5826903.78318521 5829289.19420523
 5827266.08095886 5827934.49642069 5840227.87523696 5851850.03643839
 5828894.30192179 5838548.86444577 5834906.03953748 5855624.11108441
 5841786.63741398 5827945.76543602 5827653.12097962 5843880.39427208
 5847044.2160943  5846268.81749161 5834680.73282496 5851152.65685865
 5858349.75709516 5859457.77688604 5840728.14317403 5845464.47252904
 5854220.65960403 5857336.40290852 5828102.31603357 5855428.46596327
 5836921.83725138 5845302.49193848 5832541.35705682 5839437.36449819
 5830886.28356014 5852921.6274077  5839485.27582074 5830011.13104079
 5831693.00026576 5831169.08559324 5841470.66191129 5827995.88700125
 5840091.19488128 5858286.38945262 5850065.54801374 5853277.5349938
 5848423.31453926 5855690.21678731 5836548.07720654 5858142.17736586
 5841558.09929987 5846828.19786856 5842448.96605783 5847656.05230667
 5841030.56534639 5853001.48032705 5856924.50611648 5829546.50721871
 5848603.626845   5851563.2820263  5849985.98505917 5841183.86256513
 5851117.24558678 5843422.63402086 5846014.01583089 5833639.6514021
 5834834.52935259 5830091.64205982 5836898.30085434 5828247.75359187
 5840882.88424809]",6900.1419226354255,7248.103663922296,7199.855900712228,7165.177511925135,6792.961580602405,6821.282985252667,6899.809083467927,6877.848082093923,6905.268566781411,344.59618935478125,7308.990545380461,-72.86204490628677,358145.8570128119,-80.26843708335551,6953.136519511234,5990.588289759665,5,cod-CAB,Wind farm co-design
"[571787.40976264 568426.58408399 584012.97178115 567842.38012752
 590529.20350795 585521.9594176  567242.64868375 570067.06511141
 582512.88064474 570854.03921118 569103.10584177 584904.27477145
 575880.88666049 574489.67158945 574317.05063617 581863.87546881
 572323.19046257 590447.43965876 577426.03861439 571189.57971726
 573286.03552029 578037.38634664 575765.24457649 580961.33826149
 571697.0733494  578939.5550021  579118.09772036 580156.86589186
 590129.71500506 589172.52393152 592809.9692935  596351.52608663
 586019.09881248 596142.43107096 585479.25209937 595574.50175408
 580758.57833303 590277.43329839 584529.72216235 594265.26838968
 587110.09293891 580210.95970395 590678.40826944 588276.72360604
 591400.89286224 584247.36908068 584362.93765428 587282.45901319
 587960.16221567 581540.38105785 584513.02273818 576678.07331683
 578588.24786559 590875.93217076 574836.11205046 576322.39237449
 587122.10766316 585886.38986462 581280.53538978 595969.93001981
 572573.60165759 586089.67423342 575492.48110096 591284.42607664
 594004.93119906 592184.46838854 584337.07065852 582342.47165756
 593918.55619044]","[5837787.15599995 5829724.45636049 5856169.88772847 5828255.7799325
 5859640.05411203 5858262.77367377 5826775.50318926 5826973.23811277
 5854083.15433298 5834554.65780309 5831340.12533556 5857484.34057338
 5827432.00498045 5843264.62986751 5828491.96837456 5852914.00054917
 5838890.40048196 5858626.95754183 5846603.93587554 5836315.56739189
 5841384.6390714  5847690.15563838 5845010.39780157 5851473.39265062
 5827162.45338362 5849007.05313495 5827732.32165569 5850435.83779379
 5856135.16244084 5848157.26666535 5849539.71593475 5849088.04954045
 5828230.35358972 5845039.82130845 5850448.79227748 5850662.98554597
 5829890.29873492 5854344.52015522 5828271.30110365 5840708.19148389
 5840705.26902929 5839723.79074285 5839349.20946752 5859019.96007618
 5853391.66922812 5832024.95589763 5839333.89415046 5845200.12904006
 5843539.23550436 5843678.39174842 5836156.76750559 5843811.03886335
 5832708.85999525 5842316.99124912 5840930.15054618 5834189.9156171
 5830799.74679734 5829390.60029913 5827857.30179821 5842398.27953746
 5833050.2539517  5831791.45761394 5839252.23201816 5857638.45351916
 5853091.52259213 5839114.95635954 5834240.29475941 5847073.19863754
 5843965.8370725 ]",6904.471862390832,7243.798141561423,7195.509747623514,7166.294596491605,6800.452858074132,6826.143326372302,6904.127789158269,6868.903940243803,6879.898755624628,345.24767304252606,7309.2195296702,-72.80638343696194,358490.6542800762,-80.18025703842096,6956.04704373017,5994.701503369076,6,cod-CAB,Wind farm co-design
"[569139.74692783 568924.90467952 573133.2028697  568330.39001804
 567741.48153319 575306.53357185 580523.82558528 573833.93952673
 572052.97763121 572583.92394156 579901.81772789 589627.60545267
 596082.64687644 581451.86606133 576140.19037122 578630.39461456
 587643.35745561 585298.60182155 581110.74753463 584242.56590262
 578176.42844898 571779.96885173 589002.82580121 590964.71097684
 574199.27532197 589643.08819129 583242.08294308 572908.68173661
 570250.55728394 585825.17647018 582903.79834968 590460.60589958
 596293.58153226 586715.82980636 595722.06188956 592219.19806527
 576579.57764999 592693.13918514 578498.10299788 592071.347259
 593710.85805344 588072.91041253 586982.84901566 580142.06324959
 581477.40226691 585716.42254393 581473.86808609 585989.29194965
 577850.05511649 595502.62582075 593954.58887672 588445.81459904
 585888.77121795 584407.341062   595486.85533629 594114.33400127
 589213.27087847 593504.77575069 585350.59957207 586945.06337567
 581167.46050156 584698.33045763 594745.01670003 587830.9309281
 580014.92554725 590200.64420477 580284.43877725 577480.23228986
 585084.75956137]","[5826927.578009   5830759.22433359 5840924.64438566 5829494.87974825
 5827994.87341059 5844382.28652856 5851516.71929075 5827448.20668592
 5833446.48829395 5836075.83449361 5850469.97586355 5859392.25033606
 5841522.64324389 5852786.34416085 5827476.09515923 5848925.50811479
 5858846.41717089 5858046.68429946 5827846.43615002 5856600.29117645
 5846291.79556168 5827445.64756158 5850435.39709744 5858876.80895809
 5842869.40271633 5846515.49578095 5854989.46880613 5839333.96983941
 5834050.74788556 5828214.87111721 5828055.12249535 5842862.54627413
 5847225.07967861 5840401.702607   5850207.57292378 5839666.41614972
 5832473.08893118 5854373.76733726 5827724.48641623 5856931.25820004
 5850752.97887572 5830700.76196319 5852936.25558197 5848133.28121194
 5840192.70587487 5832148.98323009 5844419.05405287 5846078.47351576
 5842469.5101926  5848602.86462966 5853630.89328186 5848801.44003556
 5829733.10903261 5850783.0601947  5845647.76431649 5843310.95402905
 5856701.82238672 5840279.70885858 5834513.63937439 5842622.67419772
 5837431.8151718  5837931.14147074 5844687.39016968 5854544.32187118
 5845400.76519208 5855358.5563166  5829641.00319773 5834374.13458748
 5836428.56399189]",6894.795053267,7245.976281028239,7197.508262202441,7163.416328910588,6787.3206236398555,6813.949448253622,6894.456680338472,6865.769020505312,6887.036411067704,343.97488225352623,7304.409963577665,-72.85613669173405,357870.5277414252,-80.26143598582794,6946.350621371248,5988.276204978488,7,cod-CAB,Wind farm co-design
"[567377.75984119 571750.16170841 578948.32639298 570207.72709225
 577564.54729762 585173.87447526 567973.61518472 583390.1915461
 586072.51288999 578522.10739134 572668.91358837 571559.13561829
 573755.93246296 580729.25865464 570049.19387663 587611.0187332
 584350.20653829 569485.95598101 572944.08066465 582478.90653123
 575209.10937512 585471.86322422 575588.28241328 589936.96590393
 574160.87151141 587327.46911346 578167.43334335 596002.51026337
 590523.92981165 589220.81758172 582568.25381952 584580.87544174
 593221.9290191  593502.6433295  578445.36636825 592016.05153522
 592897.40017672 594697.25784254 591633.20075634 580468.13964375
 594134.42190221 591464.94694788 579859.33190837 595738.45594668
 590094.50316982 570032.39601699 582097.40031531 585801.33330943
 574260.25283565 583486.59263373 585243.01072624 592078.20223803
 574569.17007864 578699.49235809 595560.590056   575710.74090652
 572710.72631152 581394.04922844 576030.67145229 583559.56142951
 589803.86889982 586377.63051421 582902.84240313 576529.34502769
 585217.01428649 586671.60839405 586399.74224457 594849.50628779
 586144.20698   ]","[5826824.33597269 5837700.66275873 5849362.37834653 5833754.55290738
 5847231.69682416 5828165.37953945 5828574.10716871 5855436.36605086
 5858414.14316441 5827891.83496909 5839605.84621783 5833322.08611948
 5842044.99385617 5851633.58930922 5826971.70557096 5831593.03194494
 5856749.90219383 5829255.33708773 5827200.1842316  5854190.06559598
 5844249.22604927 5833050.68085767 5827408.97814484 5858128.73110685
 5836504.35406702 5830096.44116697 5845146.91123996 5841599.42475675
 5859637.92955319 5848709.07992307 5847855.6487778  5850618.34481537
 5854916.27363814 5849872.78889438 5830191.06759697 5856655.45666377
 5844502.58942737 5843023.42217252 5857703.6154867  5837499.17282518
 5853315.69286258 5851730.5505654  5832009.44997243 5847619.76835421
 5839755.70959781 5831157.76924875 5827989.91799745 5837020.51817411
 5832536.82076043 5830015.68645431 5846019.28181876 5839666.89018478
 5837676.30625117 5834100.49928488 5844874.28775001 5840547.04003154
 5829171.44549163 5852648.97286457 5843151.58248058 5841265.46092891
 5854491.25234623 5853321.30664057 5834776.02283269 5841965.12421162
 5843516.8388832  5840396.96303507 5856074.4232603  5851870.48568588
 5838653.58109747]",6899.32703893497,7247.4845040745795,7200.0430970415655,7164.207225618175,6793.3576173770125,6819.205782604292,6898.995255829723,6875.649283354604,6912.522565414131,344.29493723990805,7304.947049902891,-72.92724140877358,358141.026945339,-80.3318562630049,6952.085764291244,5988.026949649043,8,cod-CAB,Wind farm co-design
"[575338.70673983 567733.17923522 567682.88945478 585530.68691987
 584599.4520244  572541.09407031 577343.68399531 581662.90620132
 571322.90267475 585158.38061317 575755.70966355 586905.40090991
 570015.13162682 576850.53865463 583473.58725831 572720.57626483
 587446.45437803 581110.75591556 588928.92560102 577194.42067688
 580254.67046586 589984.26170444 592620.58745888 584269.95361167
 574652.14211919 568482.28436032 578498.49902579 592158.16799686
 581246.77511486 584230.21921336 569793.22929616 585357.19617216
 576658.0282848  586731.14900254 596099.55856593 585751.52797125
 595884.30118508 588171.88414773 594358.71937886 592173.30927681
 570046.06950611 570388.46558892 586017.78187834 585926.65581549
 586067.61337023 586264.57148393 591378.88702329 586042.58311898
 585557.11837391 595054.45309793 578748.28956791 584880.19212244
 578047.54396557 595984.05606121 586476.00960462 594898.00059956
 594196.75836291 579107.8539111  594824.54641513 572709.85665208
 582193.11652812 590626.15505057 573715.47462686 582225.02229121
 579625.6831485  589928.03736535 573176.31389235 591988.27114242
 589752.47453427]","[5844137.32339987 5828062.66644117 5827002.85502372 5828243.32586867
 5829530.09438546 5839599.61643687 5846962.99966937 5853075.44063449
 5836171.1158988  5857855.25572379 5827483.44243569 5858642.69279147
 5833538.38128586 5841518.58256905 5855542.5578238  5827555.18617005
 5854639.34866184 5828283.60913472 5859199.80705186 5842822.6718534
 5851097.20841317 5855920.5717171  5849992.26501878 5847116.18234693
 5839198.15032268 5829825.47558148 5827853.71522185 5853931.02761593
 5850056.91384135 5849891.82234923 5827716.14497693 5844145.16391592
 5833155.4652159  5830356.91846168 5846617.67535622 5837239.6250437
 5850246.40255377 5852350.43933633 5852849.65963284 5839264.30402759
 5831824.06085882 5830085.49887668 5849622.05594587 5840939.15217331
 5856585.4179484  5833271.96737007 5858126.97539738 5846527.70038631
 5831623.56326458 5851699.73286161 5835163.77697271 5839374.99143356
 5839742.59576839 5842488.61935104 5838947.66083325 5848240.6547504
 5840441.92892475 5838554.59282016 5843135.78167449 5834724.64590945
 5833699.44598878 5859470.60812713 5836597.51566378 5830703.13086615
 5829970.02079659 5857849.99395552 5830204.77181167 5845094.2516843
 5840813.87824589]",6886.662881897614,7237.374809919863,7188.136442590206,7148.06777786211,6777.354475374789,6803.719389916995,6886.313673516178,6862.975961718185,6884.187237100446,342.80382555351474,7297.749141979321,-72.99205969383756,357378.8740986474,-80.4268251807777,6942.194544863492,5979.294425929748,9,cod-CAB,Wind farm co-design
"[585449.23612671 571318.23960165 576890.73682039 568907.82516165
 569099.71657238 567333.87597282 573781.13514959 570870.35970774
 590528.51045888 572141.05868573 582207.19379384 569942.5275393
 569455.25931027 582786.71807448 578774.56885226 591174.83611923
 574790.79515386 584381.5896268  571080.66923167 594477.21407287
 575900.4792387  593361.20060069 579274.09322772 580670.03892811
 592610.28640744 595326.15619106 579787.9394499  587566.51861662
 577250.33312177 584742.89877309 584142.65507982 572294.31557296
 573102.61796425 595965.75400347 573549.55783702 586415.42722668
 580279.7387999  586863.75168105 575078.3705154  592624.41294793
 576746.6365487  586260.46022362 587322.75034023 592147.06351687
 588084.1031607  586082.70708865 591168.43513987 576401.98372106
 587912.5871827  585586.66371021 585979.58957121 577489.6940392
 596149.05650072 594289.26908009 591785.31275653 596189.21245561
 585295.03399712 589201.29002648 592877.65417295 595400.17013809
 577719.96849153 591766.67838318 588805.51139113 582897.51725745
 593727.42946393 581143.62816879 583544.8767116  586089.91924394
 581146.62075256]","[5858241.304733   5836381.42573207 5846542.05719689 5830854.85493376
 5826897.1753821  5826987.89263774 5841945.41152774 5834420.19545099
 5859639.06630551 5838537.66998933 5853331.01543353 5832804.90079699
 5828316.93418038 5854612.17422655 5848859.78130498 5840390.93731102
 5843677.09713037 5849515.19174341 5827070.80051859 5852678.21648549
 5845193.7740528  5854320.04789755 5827701.71797516 5833120.03482766
 5855986.14232397 5851225.55283398 5829036.94026768 5858824.52231415
 5828535.70015366 5855314.12328927 5828085.11150204 5830464.65703527
 5827563.09490687 5841450.56313833 5840206.76137997 5837706.26303446
 5831027.88930608 5829717.65167818 5832927.52594476 5846139.67839994
 5837906.92291866 5845037.32586807 5857351.05216017 5839091.37107121
 5853743.9285563  5828235.32658973 5843434.17648385 5835961.12829577
 5831150.21421687 5834619.97507436 5831464.50556373 5839737.89957764
 5849771.12172828 5840701.10689081 5857425.20097302 5844005.84997977
 5847735.92683082 5859171.14326749 5849137.19027093 5846764.40584794
 5847683.75099786 5850406.31346249 5856356.19303274 5842713.8203126
 5848045.6135448  5846890.47474517 5840302.9658361  5833482.25566307
 5851537.22924285]",6908.044876021149,7248.187551588327,7200.717836135623,7167.544662574545,6802.685064318994,6829.28423265419,6907.70264544677,6877.559211140222,6902.835779807361,345.5422750468,7314.408914919771,-72.92626722312254,358683.4438405499,-80.15216721873044,6959.425290270343,5998.1098943186435,10,cod-CAB,Wind farm co-design
"[585143.16562136 582143.99069245 592912.55855316 595623.67532703
 590466.35144865 572113.71385583 583708.72572977 567184.43040338
 588003.87501338 580343.87888051 579490.79774816 594004.59379044
 581918.24161776 582093.47246567 569205.84476205 572623.06278082
 581132.29289269 577775.82070961 579251.69282308 596189.798487
 574978.43267772 588526.56024455 568175.38101642 571356.48150872
 586626.47435995 567543.4168047  590683.87747017 580881.24711593
 585967.6525735  577001.20361718 578931.24544693 581034.8806304
 589589.63049914 573353.55950329 583998.99145104 586659.31515204
 587024.09023788 589281.09141386 576091.18427443 596342.47207015
 593425.57591844 581458.1633471  584926.58834132 588378.55315284
 581012.60557053 584584.6317788  596055.76222338 574219.60731345
 582652.00558014 585719.52367225 575101.015294   586239.50075246
 592952.55192561 582850.17592882 576503.82246258 591731.69014651
 576520.9709273  573313.88235432 569816.24307242 579852.25239659
 569849.23450343 591407.91906659 593667.04281979 574849.6213176
 596182.00170465 586054.47261608 591755.09819339 577229.71037085
 576773.86485685]","[5852319.01536019 5848471.43431063 5855300.72302689 5850677.16495242
 5859623.08259322 5828523.06301804 5834482.47444731 5826745.76460522
 5841106.97402164 5845815.54808168 5850067.74922104 5848523.46177798
 5844846.53643556 5853463.07881589 5831154.90806404 5839644.85121784
 5839644.38550454 5847717.24542358 5827758.29122548 5846122.77659445
 5829976.26913236 5844842.17823562 5829123.6468571  5836757.03365728
 5831367.65850137 5827587.05261654 5842705.71381697 5852006.50399189
 5858385.40378071 5846425.26268714 5834427.58894955 5837225.11752448
 5854212.81943282 5832625.06582408 5856111.0818036  5849418.41006313
 5855908.92726396 5847399.7426053  5841709.19972637 5848785.00449343
 5851282.07074945 5827883.66539759 5857503.37086064 5858983.55338625
 5841892.61167564 5828275.22847087 5841505.71617089 5827300.26298486
 5831451.59821641 5839534.08647502 5844077.37375553 5828278.80342368
 5844271.88645778 5854698.74322379 5833692.58621005 5852599.61154981
 5827481.59322066 5841341.6676561  5826953.22057676 5831756.7279889
 5832726.22229929 5839156.1800634  5840222.90590202 5837964.78933644
 5843648.22407906 5837001.6685333  5857490.16552138 5829444.71014456
 5840467.76072145]",6706.572316559463,7044.144246312606,6999.218250115786,6968.953284151488,6599.773654858218,6631.633881701881,6706.254429577639,6684.709889132312,6694.26953409912,335.6263012721893,7103.023577566622,-116371013.1928216,348302.65719185286,-116370113.93581992,6760.159350601603,5966.353133565377,1,opt-SGD,Optimization algorithm
"[591174.20535403 579758.75714959 592301.49351531 588782.98672715
 586212.13267078 593403.31396174 581135.14037343 577666.30897499
 592711.72346365 596150.84406425 596240.22953621 574684.05429436
 575374.01991316 579579.29862009 584393.58430911 584756.48489329
 583964.41659952 587238.10782293 595187.64230697 596057.35871493
 574521.35786669 592795.24078966 586916.29557193 586939.99363323
 569782.58564156 572096.53906052 578412.1977356  579078.74975657
 588472.75139528 581472.67156779 582755.45298213 585834.11940232
 592286.96155156 570559.72359305 582113.38774691 573939.76593764
 571550.21120148 593794.57777565 583430.32781279 572748.34971194
 575164.31683598 567184.40096788 577221.72080493 587061.1654119
 596197.54902245 574235.54187351 579263.86425169 567691.86515335
 574976.85839843 589771.67188568 579560.45197578 575293.2809188
 581779.78471954 586037.72076913 569825.58374891 576419.52733575
 585567.16698999 569161.10198071 568507.72139503 579347.49163015
 596071.88060097 580582.64981384 587997.81370265 580177.13943406
 586236.06986074 589954.90261362 590436.2542244  573882.99353142
 589761.92308119]","[5858509.29989058 5843530.49495491 5848977.3343871  5843968.07459008
 5839561.42273393 5843883.09682941 5832359.22469219 5835251.30403175
 5855729.98934661 5842651.76389162 5845580.69147276 5831621.81620182
 5840482.10229677 5847113.11588277 5828127.41721004 5857095.64342804
 5855837.46365191 5851518.64851354 5851319.18961934 5841506.70229607
 5828601.07681873 5842264.22521194 5853770.42736275 5837445.73723596
 5832589.63869066 5827132.94176765 5834187.4520889  5849394.37307578
 5841232.49267174 5829741.01000938 5850223.38948255 5858348.66759434
 5839177.80025362 5834845.14739357 5853691.36326194 5836276.65134487
 5837221.79166641 5853593.03016023 5845822.68424153 5839785.35187595
 5837654.50200009 5826745.77776763 5827594.18034969 5832270.78245707
 5849696.84566564 5827301.49904216 5827818.59436354 5827715.08357303
 5833781.71003557 5851552.66585496 5845879.6809891  5844327.60870996
 5827896.06299299 5833948.81748328 5827130.2077112  5845904.88468185
 5830264.24303926 5831241.14766887 5829921.05388498 5841720.11829687
 5847409.91983473 5851598.2577095  5830857.08406876 5837860.68278002
 5828247.26453885 5856970.36527561 5859614.80205252 5842097.01406276
 5846545.26932129]",6915.707961775179,7254.157315331444,7208.100632870589,7178.144572591214,6808.580822864008,6841.1421495531,6915.387862701214,6893.937280160329,6909.200017412103,346.7396632935938,7324.168749461066,-66.33005423331,359124.8197732034,-73.03767443484176,6966.633202654757,6153.744981593961,2,opt-SGD,Optimization algorithm
"[589278.61990613 571343.58120819 573978.75877232 582817.38139137
 578491.11156278 593167.37202456 596289.64199749 586723.84598918
 584493.01210348 580347.71193431 576988.6531658  586760.88514624
 586096.79558971 592429.75210209 590395.90845755 588612.45056108
 581472.6688364  573079.00090407 579732.79390874 572174.9316215
 576650.62743255 587776.41215417 582488.71233779 582865.09370889
 571467.91943569 587532.14192071 577275.96806974 596179.33021477
 585577.79896476 580335.34407034 594719.47580506 569834.27499309
 567184.42743509 587628.96099453 574491.87232797 582249.63825514
 575514.86017603 596100.21319173 583725.61017681 579321.98865138
 586193.99370581 569471.14692198 578294.24763752 583313.36389109
 584685.06428382 576028.39043191 596248.32822939 574240.90105428
 583488.42457147 575374.96499049 582308.95519285 591482.80026023
 571385.78612967 567726.15454402 580018.29863237 568619.05908612
 585402.63122173 582519.14911266 593267.81440354 571546.36288343
 590529.0575217  589156.76369174 581976.19488731 593290.33376954
 588276.25879705 596072.83244049 593251.7399991  589709.98722206
 589170.67698553]","[5849141.54292922 5832141.98884378 5827585.07173786 5838459.29915623
 5834555.48466328 5842381.18342804 5847093.5757799  5829603.7792415
 5856746.47401477 5850948.83094452 5846683.74553494 5832576.20725511
 5844788.43153647 5856306.64402606 5858360.78665598 5853733.27709878
 5852480.99432805 5840764.21137742 5843448.4625586  5838718.50926806
 5830284.58175093 5831303.88137291 5854022.53750095 5835305.3585164
 5827214.11584509 5858815.82165393 5827578.09764561 5843563.74162846
 5837079.98908554 5839992.75872554 5852180.39539781 5826954.62999592
 5826745.76882515 5847322.83254892 5835795.19603045 5846841.37634834
 5844602.90964791 5845062.06863112 5828778.09219004 5827702.37504245
 5828244.74264736 5832233.02966017 5848468.85028489 5855299.44499412
 5840097.78416348 5838310.05381192 5849601.64146317 5842780.30213493
 5843585.29642828 5840148.0475538  5848845.49647527 5839124.49192441
 5836743.76336534 5828045.50851897 5829228.90199875 5829775.11682313
 5858189.23659596 5833303.33860054 5839801.87697951 5833893.81727201
 5859640.3355647  5841402.34784871 5830786.73046887 5854428.14178145
 5851414.74853916 5841516.2516088  5847094.25040636 5855301.08215578
 5843849.04141636]",6915.345066216046,7257.60703558722,7212.025435463492,7179.2198003437525,6808.103130726222,6840.8140163899425,6915.037917536847,6895.962925332595,6936.827634816018,346.5393009404487,7322.573535510023,-66.23202277936815,359133.53047066694,-72.92413388362203,6967.028425791042,6155.996295140089,3,opt-SGD,Optimization algorithm
"[593082.76054053 594506.37368255 580087.93847834 587009.38801402
 583138.94371314 596256.8691819  596155.41300437 580521.57786251
 576680.14497426 587864.90813694 581617.66735534 587340.02953343
 569456.32896625 582811.49709335 589882.56948972 592648.9758453
 574548.38497    584276.89630358 577897.53029094 575927.25919211
 576876.74389453 583527.1219003  584459.95247266 568568.52328112
 586083.65750272 588708.20486629 573835.0615509  586542.45587583
 584097.82195978 590529.02228742 585364.65180693 596179.48772592
 592275.77682123 574396.05230532 569816.34739508 596056.7607786
 567184.39552004 591478.47728937 585639.50855199 588538.82569142
 578763.50403975 596090.31929646 572282.45510054 592218.86692273
 588549.8954389  567849.14703849 575839.79949625 589490.19688735
 587377.70954559 580840.08318597 593381.77722485 575689.59716484
 595947.14326835 573185.56380887 579536.27573644 583446.83743583
 581636.16645667 581832.55893049 571592.93216009 582643.35676289
 579164.28684354 583910.87405583 586883.061049   577471.01888721
 575569.28992452 570657.82634377 583220.90181163 593956.73135939
 570224.96357104]","[5839751.11203163 5852663.6877432  5827762.75376289 5830241.30346609
 5830331.95024393 5849592.7529604  5842797.15500037 5851514.73197796
 5841131.96954474 5857057.80320519 5838726.02163588 5832004.86137032
 5832193.35662895 5854641.99200411 5844467.53251216 5848436.07869837
 5842503.07230323 5853859.10165073 5847741.61803774 5837436.09013709
 5845933.28216458 5848108.378384   5856601.9511195  5830067.0427106
 5828235.24461068 5842263.07012186 5827269.92429057 5849605.31106769
 5828078.7717436  5859640.30118324 5838652.14079525 5844274.098064
 5856298.28700858 5830908.31564947 5826953.19725032 5846286.03490667
 5826745.7724523  5857975.50349883 5858295.12079805 5840880.94426579
 5833057.42166594 5847935.59368831 5838978.88655999 5842415.1252334
 5859026.47183505 5828340.91244899 5827590.73796209 5850866.34135851
 5854377.39965536 5829117.42140208 5854485.97738501 5833797.35176403
 5841438.8642521  5840970.81931809 5837741.89512428 5850282.32902966
 5845589.51677496 5841499.34326005 5836843.81263075 5834750.30320868
 5849566.34800015 5844315.6248825  5837181.19247178 5827743.78840526
 5843893.36875212 5834650.14107748 5832375.20621554 5850855.14431015
 5828293.61912246]",6915.501949481722,7257.299848262772,7211.52525582509,7178.853884485681,6810.5682547414335,6841.328715793265,6915.192802737891,6874.772574136592,6914.259257709223,346.627210854008,7327.21306342724,-66.14658105996021,359115.21803128364,-72.83542524481896,6966.3669767532765,6161.756295640744,4,opt-SGD,Optimization algorithm
"[593570.23829568 586498.95668885 585226.97865137 590532.12696831
 590928.39984275 596178.83828288 585547.05232422 574866.24184196
 592609.4810162  588923.42681178 589654.38402329 580509.35597952
 585584.48661517 582609.17457138 580174.92182177 571992.92915157
 575095.01650053 592016.27576908 594659.22592317 573112.98406629
 587710.63630155 581280.30290604 575162.65032753 584533.48138504
 579631.9660578  580703.66887965 576042.96717047 576942.48291976
 592699.51708481 586236.06641517 576388.55006136 595988.39178223
 596175.18789787 573505.81665028 586705.10444818 591165.36383724
 585876.59437501 569129.08006651 586633.26372355 568452.77701115
 569548.27458867 588158.23959105 585202.43511366 580259.25875329
 585461.83644139 579629.25057828 571166.77791218 573150.91978669
 586904.57840213 578902.36674044 590017.32880358 581281.02948836
 591372.22819396 567609.06612864 596261.38484131 567184.45430752
 587518.48286655 573191.03493601 580600.49187042 573650.34315421
 577897.96372989 596146.67802272 584119.07978768 593682.54554281
 577899.68678491 570093.09765405 575238.63213525 587903.92706289
 582388.0359635 ]","[5840139.49085903 5832505.03913319 5857949.04976285 5859635.66110653
 5840703.16866008 5843566.94998194 5834114.403757   5832316.73959249
 5855991.33582351 5850246.73477355 5854914.04195091 5844295.98270407
 5842513.61525903 5836768.01349675 5839316.88710101 5838284.10494355
 5839781.69320692 5846919.15237204 5851783.28300031 5829915.63596029
 5841888.00837327 5830281.48984211 5843793.59733377 5828144.38672868
 5834321.21562559 5851529.2459034  5845373.0905792  5846620.48404934
 5849192.35569553 5828247.27721594 5835596.39945224 5841464.10569316
 5848403.19205243 5841708.66130257 5845300.38102084 5858521.01346259
 5853926.67804016 5831019.99545698 5839979.43979812 5829550.6279139
 5827124.4103334  5847316.84818174 5851305.28799219 5842268.53567246
 5830168.80283018 5849909.15301115 5827356.68321612 5834480.17634976
 5837574.35992789 5831178.12282038 5856776.76255943 5852553.24238478
 5844544.88184058 5827764.79149398 5846217.18893    5826745.77897519
 5858812.05280167 5827328.11859895 5827928.79286902 5836923.71951904
 5847846.44677037 5849660.1363306  5856239.58724754 5853711.11649508
 5827614.14244648 5833725.35784046 5827419.05374316 5830774.51016575
 5854066.95906933]",6919.464207022429,7258.391765006733,7212.889957883573,7183.612109771869,6813.321350171656,6845.889386125633,6919.154319601274,6894.656049479347,6925.433296421629,347.1940483845951,7325.796727387913,-66.20545700764616,359379.61238057545,-72.88836002914452,6972.597661755559,6159.550168230159,5,opt-SGD,Optimization algorithm
"[586425.18931312 586244.45028879 573053.61884416 587802.77403215
 583432.54381653 568975.40117731 591010.29275256 590338.04745655
 585308.56714951 571753.31949184 568314.66842309 587041.86693094
 577982.59078813 587466.14284854 596145.0554768  567185.42537598
 581280.64017412 572661.17416922 578378.06794383 581134.26640397
 585711.92536541 573598.49786826 579722.95116575 581976.00152395
 567710.66190322 590529.41532288 581787.60542643 591840.28111006
 571554.70152102 587432.46342613 585701.89959768 593307.29274512
 592496.07801877 570181.70503523 587684.35314336 584122.71814758
 588747.07848118 593047.85666585 576620.84230466 571678.36828793
 574177.29939054 574847.62105082 591724.57414484 579393.87784467
 579991.44633985 594968.65424918 591727.73415509 595634.53038
 571689.40884827 579866.80795627 577649.2092325  583640.62964484
 596294.22191245 578951.16319724 596088.19221909 574798.03074483
 586304.19394241 594085.17225522 587167.63912574 583386.68363077
 585487.85932383 575076.90911604 579173.87438666 585217.7810808
 579977.54733801 578356.12951386 589529.00183612 584497.2618644
 578119.32447763]","[5838331.96244805 5828325.06135465 5840638.59997267 5844589.48239982
 5839077.46847599 5831043.36703771 5844335.4075409  5855524.42412538
 5842408.38061663 5833283.53561397 5829457.91901722 5851265.23100417
 5847962.57302931 5855685.83438437 5845007.58223923 5826745.85895162
 5827856.70519678 5839461.32787199 5831659.45536484 5852097.6131653
 5858315.05417025 5841852.28482302 5835797.82321348 5853503.44220947
 5828008.59623917 5859640.44198092 5829106.048571   5846221.1507684
 5827090.21450579 5831372.19222393 5853293.36016307 5842150.455855
 5849127.58276719 5833938.04106355 5847051.17427843 5828080.69696956
 5858991.55877567 5855213.01398992 5845987.14623191 5836113.42393845
 5832079.93865305 5836738.23453561 5839042.56963378 5837382.52385109
 5850637.04168722 5851852.69580492 5857538.23530937 5850261.63022445
 5829553.02390086 5844785.73473549 5827571.09438359 5855775.26136231
 5847499.13365871 5833623.65119371 5841525.74965633 5827521.4017644
 5836879.5689232  5853340.16312047 5830015.93180718 5846388.763995
 5833521.54943866 5844069.47620435 5849360.12776748 5848820.99886069
 5842238.95881851 5840569.25988967 5842144.68838447 5856951.17868657
 5829679.33449674]",6915.740069951547,7259.214221234552,7213.17303244421,7182.831808533831,6808.301511088685,6841.38201432747,6915.428969979977,6886.064925059452,6906.688679045726,346.63579699467647,7320.561633555368,-66.27020752071874,359158.6992758786,-72.96523114070128,6966.013920121325,6154.899028517776,6,opt-SGD,Optimization algorithm
"[596105.50668811 587100.45424727 582327.67225061 591408.57976284
 594756.82447707 574627.56178644 584944.67140623 585969.54877089
 584511.02895856 573864.83497584 572250.92877923 586579.95565305
 576933.23481356 585351.10417171 585415.82522966 576763.50777782
 571606.82070189 588162.06414475 590379.43880098 582728.4044929
 574579.73982761 586696.65524809 575922.31418718 567184.44887006
 584628.12300789 596294.17196542 591909.34637101 578713.09327835
 573630.15599288 596322.2640756  592296.72537618 567828.34010097
 588515.49185131 594150.24600758 596234.60002389 576794.09488776
 583588.68313598 590707.7870694  589666.51872903 575693.20706541
 580302.08711479 592954.95794412 588085.52296125 596155.8846543
 579950.2023879  578303.37273881 573599.05461086 581983.4448905
 589669.29374736 583790.32101641 579366.19151378 569319.31154489
 573230.1029602  571392.94664145 586820.81486796 578849.6828748
 594764.07920158 569529.52090988 581021.28468106 568672.8006727
 592865.99252202 582970.0489438  585856.98937351 574955.55437664
 570361.45098785 579741.24163274 590529.41683519 584196.9744415
 581410.52316041]","[5849686.2723696  5837226.06545337 5827993.05242112 5858098.11424875
 5851757.47057553 5838815.27400345 5850637.95473126 5829893.68294796
 5841879.42639764 5835015.31090927 5838903.29305538 5844465.39422979
 5839920.44102692 5834297.98201305 5858207.29155175 5846313.58587126
 5827094.36756208 5857233.31670585 5848999.75403464 5847475.93354272
 5843133.99611725 5832699.13570508 5827578.27002993 5826745.77793924
 5838352.34538625 5847240.17674409 5839220.77736551 5843746.90395566
 5827253.79319086 5848514.85950597 5856339.37117491 5828290.96710845
 5859086.27585483 5853104.17247182 5845337.11543178 5835996.32552554
 5855489.39240823 5845767.42192051 5850878.99130507 5844564.73249644
 5839096.63526244 5855019.57625901 5830710.91111771 5842812.80665341
 5830132.53300694 5848199.51013331 5832467.92797368 5853347.68469687
 5842334.88047489 5844327.05693506 5832782.92204215 5831868.6074785
 5840969.2649826  5836813.22427726 5852957.06154624 5827784.97678257
 5840726.08268895 5826930.58471113 5851942.00426653 5830317.35128506
 5844854.3904517  5829098.810789   5828217.39602952 5829986.01559437
 5834095.0474656  5850427.45948547 5859640.40425502 5856540.59923416
 5835159.15899314]",6922.7792698202875,7260.728258407531,7215.745896413637,7187.0765580457955,6819.621616030735,6850.449364225276,6922.471952143068,6883.541183514188,6920.2329737723285,347.4908562909467,7330.849429451104,-66.19713196502819,359562.10896040616,-72.84180813072578,6974.856718440028,6166.094048457707,7,opt-SGD,Optimization algorithm
"[583303.68213627 569191.62608103 582477.05224588 595963.19678508
 579614.34226124 587429.79927953 568694.50704008 594525.7799542
 581255.44856507 574989.36675333 588095.50619751 570039.79203305
 579954.25394715 575898.48220959 595904.73157074 581948.28706349
 581400.23811578 577423.37461987 579184.95658242 585628.97682816
 583700.13964556 572721.18010436 587714.6067716  586224.44825595
 590977.46727221 576579.77521756 589639.2002505  588461.01421267
 586736.40185399 571072.11524033 593295.3923714  588369.12980094
 584690.17938925 590530.01055249 591065.99739337 567184.42125719
 586780.13392069 582303.73641667 571061.52320402 584236.24342745
 595741.03913167 596171.23510836 584784.23513074 572635.45974433
 572998.76468785 582806.17209834 592894.8587614  591477.28315709
 575191.30159614 573860.13200194 584738.25751707 577861.54505385
 580849.8550461  583785.72786128 576851.76012517 592495.51263814
 592488.74257648 595987.95620999 586881.66540949 572087.8328823
 578896.37178247 569394.57866355 587193.35563256 573610.47878136
 579204.33754499 595890.54102739 584593.66007809 586177.39591773
 593373.96121563]","[5828016.15957158 5826929.02220948 5834202.96594154 5844591.35114833
 5830185.77928893 5843705.38533708 5830369.4184657  5852221.58829584
 5827854.76690833 5843949.56029486 5830718.94907694 5833597.54492141
 5850289.2903191  5827432.56809372 5841460.88506756 5852980.40025282
 5840710.74249747 5840428.02129475 5844885.71940861 5858292.22824493
 5850622.57542209 5839934.209385   5854189.79083026 5829751.85306701
 5850749.75086938 5845825.37201833 5855887.33821715 5859071.35768796
 5837445.33853996 5827306.3130481  5842223.49622317 5848084.44428272
 5839246.99960066 5859639.32029242 5840813.31340957 5826745.76857779
 5832184.42553675 5832550.50825596 5836049.21324837 5836360.51865637
 5850497.74701958 5846312.7913649  5843194.38328904 5830886.51687025
 5833711.45148674 5854432.73144229 5839553.33038041 5857864.05002292
 5830410.08445327 5827271.91802126 5857247.22182644 5847738.91310403
 5849158.87452839 5855708.2069421  5836412.77092694 5846041.11239861
 5856203.14359307 5848838.95047811 5840216.85702187 5838269.34234498
 5827768.74975142 5831833.53538384 5852151.50758212 5841821.78740162
 5838912.90451908 5843484.54354181 5846203.04600587 5828242.63908008
 5854345.9774873 ]",6916.634905347729,7257.709471926805,7211.980221612377,7179.817673100249,6811.150767035491,6842.74467580254,6916.3247422593795,6887.517195953157,6916.720311798277,346.77830548862073,7326.271625803655,-66.24830257421249,359208.9853779643,-72.93328541270245,6968.069326673003,6156.092473761577,8,opt-SGD,Optimization algorithm
"[580955.19408563 591892.1844792  591103.4420255  593254.29741565
 586200.63838601 572153.297384   596238.9504964  596334.2436807
 584590.91560288 579564.35888142 583651.80242649 572234.44571403
 590572.96395924 592070.15979542 592177.44154648 581775.84489916
 575505.1148789  588232.61179915 594438.20263808 580972.46126983
 577595.24334343 572974.82191196 576885.67660909 596118.13240166
 583572.64388896 578497.83392436 587547.77449852 591436.5792841
 588683.22527396 570278.64840422 587319.51626431 582331.37693828
 570679.70912529 585417.5722115  589289.55652552 574245.9770108
 574052.20772276 585433.95983824 575632.48142374 590847.00686186
 586586.46209662 575413.57756615 586619.85416108 587704.73393977
 578651.36125824 567184.37697269 595927.85775653 570268.60329099
 586675.54512384 568503.04862961 574550.492302   590437.56050193
 585575.28337084 583361.71163383 579216.00054645 584030.68850589
 585060.25008705 576236.46079706 581248.36595226 594987.85364272
 578830.12217798 583597.6896384  569395.27885588 576492.5690259
 594366.34937342 571485.69847112 568503.00157081 580776.68121416
 594023.52732407]","[5852105.42419058 5857065.88258022 5858633.42433647 5854860.08256217
 5828271.33714842 5838669.05726704 5846710.33511297 5849428.06732529
 5856893.8437224  5850199.82789053 5844606.16111913 5827307.98576415
 5848848.45844345 5839043.85362848 5840877.42948107 5842268.19042225
 5844107.26482545 5841566.54715643 5852783.29536561 5827839.60200889
 5846979.32590664 5840570.69490756 5827512.53260793 5841603.47300839
 5848611.34048402 5848410.72800816 5858820.10048379 5845383.08276397
 5856081.60184719 5826989.65092361 5848570.73977477 5853913.82415343
 5834935.00640686 5833501.61321107 5853866.43162426 5827363.01261937
 5832149.94954334 5858232.07801244 5835227.27663878 5852029.31577951
 5837431.64886904 5840480.69304302 5843772.89534853 5830421.91923961
 5834241.10202203 5826745.76751084 5843893.03085958 5833726.83830096
 5839926.2171008  5826909.96100474 5842745.35356561 5859615.17387923
 5853019.43350696 5835723.67876356 5827816.19674388 5828073.44064036
 5831476.46027871 5830248.26618358 5840355.4964399  5851512.44787474
 5839255.82016852 5855402.89872393 5832050.89449294 5845630.35703959
 5840462.18648709 5836642.67160624 5829909.92717405 5830153.84253805
 5849052.29908619]",6924.335010345512,7260.196389091538,7214.916612472803,7189.561657393461,6820.484113969945,6852.17172095941,6924.0258155484735,6893.058088568325,6920.55935153264,347.83483490883907,7331.088022463179,-66.23961264785657,359687.03423589666,-72.91492482643984,6976.494403860519,6161.534172552954,9,opt-SGD,Optimization algorithm
"[592363.4801484  596168.76012205 572364.27876686 571337.49461306
 567845.15972824 592573.64968961 596253.63211913 586027.69204473
 575839.22518614 589866.35780174 577496.35578157 585800.54197421
 586498.12701741 577239.57230321 576060.17730463 588485.61377339
 583258.79417879 583362.41582529 585976.93982921 579609.33017414
 587821.81835127 574738.11981675 583482.50862679 578616.24453219
 572065.57401444 569487.61782876 585326.26369594 594255.45872871
 591632.23827246 581450.10233454 592060.51082476 586244.04649165
 583239.89468384 574495.22755801 596148.8519706  579004.42305303
 583753.26115839 594022.03238143 591238.98988754 576389.15647007
 583647.21276756 576296.11622394 585066.5572457  580788.86224608
 568506.11457848 577724.89659718 584708.49514439 569616.35610691
 573604.38015123 580578.05268351 588732.4391918  581797.25976667
 590529.43222334 596116.23852218 593990.42411626 572590.99251306
 586712.91456222 576590.5521284  591905.44276038 580576.64198202
 589957.08123294 595472.76428029 570435.60918281 589877.96892428
 593737.13023085 587074.88089174 587179.49696602 586027.40022947
 567184.40648139]","[5851416.32120169 5843831.59300501 5827154.00471887 5836711.52372095
 5828166.9860764  5855734.15627936 5846240.23735052 5851780.18815022
 5845086.73489556 5843503.56184323 5847343.76283069 5855922.14830271
 5848325.3785795  5842391.09244777 5827592.17360188 5859078.14787022
 5828023.65957499 5836084.30839375 5845504.55892074 5850187.03953547
 5831245.55529173 5843301.25671302 5839024.71016805 5835600.02359344
 5831480.83798575 5832272.59233608 5858084.82390653 5841562.61048529
 5839082.59214273 5830350.3512602  5843684.54758466 5828321.22770879
 5855231.86404644 5836364.74952672 5848162.15569438 5844033.4982863
 5849123.92230761 5849338.33602388 5858374.71991988 5840460.79751686
 5832943.09022705 5829867.87499636 5840494.60259995 5851639.93432026
 5829917.33666092 5832011.88247702 5830888.23976382 5826937.46832759
 5841863.71073071 5846812.30982034 5851750.35900548 5853100.09143782
 5859640.40133522 5841543.08033981 5853568.64944066 5839410.6116959
 5829595.16812212 5833452.53523864 5857226.39773501 5827975.15181336
 5840401.62754525 5850968.33440256 5834545.55955548 5854085.43195283
 5845326.4174422  5837163.22220448 5857710.88517586 5843004.24530899
 5826745.76944803]",6910.886088381151,7255.869594026598,7210.110978757209,7175.0740558234165,6807.447325496089,6835.077922680043,6910.575764806602,6878.022388387329,6900.943155520619,345.9054063535796,7318.38280413367,-66.37784628494086,358873.45832350064,-73.09049645219592,6965.3544340688695,6148.483306974778,10,opt-SGD,Optimization algorithm
"[570882.8640477  569476.54267627 574671.08651783 580579.91300524
 576277.80065949 582193.25796119 587835.71937082 572896.40149958
 576142.82157538 570794.96825734 585405.10767169 574233.57783582
 584578.67272385 583043.08029251 590635.581001   578167.3386419
 585385.71933742 589517.89091911 579841.88899718 573701.12478996
 584684.49512282 585025.08608458 579302.09933794 580915.39474733
 591685.880971   581724.85277378 575898.74808112 579748.23983621
 575707.79546655 596098.68067041 591479.17825841 579482.85293803
 571175.26524543 584402.45584815 576985.00407643 584923.08246248
 588833.67469613 587746.96974335 593966.6720667  588473.32136268
 573604.8592283  581781.26695161 580927.09700297 586185.65319972
 593714.52314595 589788.29775681 586899.40206902 594604.33985968
 596276.78398509 580948.39002235 583226.24559254 585560.94614229
 571569.50805011 578180.47159558 592633.81785142 592626.04573176
 587767.08668713 591902.76465434 593686.63190438 595386.18555384
 581450.13673155 586524.04458013 590202.08078621 585153.63817075
 593591.27737066 582989.74920643 590541.00811367 584438.92014199
 577128.93368031]","[5833690.53587407 5828148.41916011 5837953.05056877 5851142.67680274
 5827850.2677444  5849914.72818962 5842110.88012816 5832925.57067726
 5833400.40746878 5831074.21153349 5855006.45812354 5842400.82176307
 5847330.11588603 5853312.56939889 5859364.36458284 5835882.38561926
 5857972.41393182 5855128.44169037 5849016.18861165 5835512.48271244
 5856683.10596778 5838158.97339495 5839163.29743101 5827870.14481368
 5845355.96887666 5847831.86416476 5839807.77507663 5843939.2213865
 5835810.89436881 5841613.76664434 5857645.23866488 5833330.59893079
 5828409.63766319 5830542.71420001 5844174.88146617 5828493.46700015
 5858896.29727394 5852552.30189272 5846776.4763225  5846790.97852936
 5840384.90792038 5843747.68513525 5839753.34660836 5844321.94632548
 5848770.36185772 5853447.19639113 5850760.45516654 5850877.83889229
 5849240.56876934 5830776.35244509 5831456.89019279 5841020.03240238
 5836065.77194678 5832032.08611752 5840780.26379121 5844053.2843314
 5844802.07574056 5855747.6616925  5842685.21507208 5844880.31717098
 5833498.52782903 5831880.38655934 5851884.06585908 5832346.21979751
 5852355.48354061 5845502.16922463 5849897.401636   5835267.92443445
 5829883.06342012]",6837.473348258043,7225.481485295247,7171.597305621863,7127.823459501228,6712.96076950417,6741.244215706645,6837.087014176518,6826.660679294262,6827.274486589937,337.22470337390945,7249.135093313366,-73.5979095076391,354497.58045871166,-81.16956332758572,6898.713497158982,5927.697016149334,1,opt-LOGAf,Optimization algorithm
"[575119.60704886 579141.56325801 578416.08664733 578703.7963211
 572438.08579976 570074.12710974 571681.08046232 573354.85686122
 573887.01434111 576584.85394021 591453.84386801 584853.97188945
 573873.94122743 574562.42678375 594326.92693074 588070.91544121
 595632.53889622 586632.43791969 581745.1588292  587375.87850948
 584444.25370736 576138.3133414  576103.31522829 580424.97951248
 573701.56386238 576522.21062751 569496.02217262 582690.03536208
 585945.3130167  582280.51567618 592935.14242157 590421.10966937
 588243.99570347 576919.20297021 589619.73699366 583459.78619055
 588757.71007589 591577.12689185 590996.41470745 574400.22013497
 591719.12280865 578132.65500207 580439.15491321 587022.7214076
 571035.10289637 592943.95094823 596013.36036026 580842.57234549
 575975.08686231 583487.44854111 572924.43428715 586387.91848344
 595365.23099372 579245.30814581 576128.32527434 580856.77385414
 591958.09652168 583750.88715148 585392.56865474 593370.90513423
 585002.28783828 580782.95234828 594005.48751291 588527.47043095
 578285.14861469 586052.91460151 579797.0437029  582147.23192554
 591616.67878699]","[5842621.42805487 5827691.29187449 5841251.71771923 5831399.1607337
 5828820.61071292 5830847.12320816 5834443.45426568 5835151.21487306
 5836610.1653142  5830618.04855926 5858010.38515198 5850521.55779206
 5840900.11557748 5829829.20276389 5847961.72694927 5851662.15106286
 5841437.41951305 5857551.15491324 5846977.17981883 5844951.15315909
 5853847.57295096 5836162.02285707 5832074.40585903 5829173.13339292
 5832058.39258482 5840456.93105165 5827122.51018331 5832736.37808944
 5833149.11282212 5849988.99624491 5841330.75545412 5850959.63389756
 5858134.53253929 5827588.54420059 5859214.72469129 5828075.96112607
 5855297.20490858 5854388.73372624 5840699.2124781  5827347.09573105
 5842863.98754549 5848083.05275709 5844626.3342853  5855666.61374912
 5832181.93225555 5850026.69721118 5848808.33513077 5851582.49104919
 5838695.71957167 5840259.60164277 5837763.64627714 5842399.16543824
 5842848.60746357 5849192.24328366 5845387.00955362 5842205.45956102
 5844905.18339012 5845542.75515075 5834911.821516   5846336.05708375
 5830055.22365306 5830920.18526373 5851565.39057851 5841016.44593422
 5845420.37231301 5838929.38631503 5833505.8993324  5837589.01000856
 5847194.73270791]",6833.646027099213,7223.906421601897,7169.303132764586,7127.254738868292,6710.6077055804,6736.706834177899,6833.258280143012,6810.712344056619,6814.469915227961,336.83499548913534,7243.923870966564,-73.51145461486473,354351.6351193283,-81.09311486762563,6898.839036332379,5930.907350482204,2,opt-LOGAf,Optimization algorithm
"[585575.22536353 581339.6136707  577660.26524763 574500.84804068
 569125.69405044 590461.61078099 582155.88845658 576730.55355286
 588214.49702616 582393.55119394 571995.41461    570884.74402812
 576078.66778445 583399.02645249 587773.01621318 594011.81735774
 568901.30427636 581675.56808782 587216.0405002  594230.48375979
 583873.58009817 575974.36359898 586169.29308722 572260.24601291
 580941.06196751 579270.54667857 577687.7832852  585576.33711105
 568739.99178589 589221.02687791 575143.33336078 576431.45593217
 579872.93486222 571594.23414445 585285.17473068 591739.12334945
 573040.36863657 572583.92809486 581201.16450449 593521.46311358
 577850.6274312  581937.58584579 573275.63477161 581415.30468253
 574163.11544333 587992.86340461 591531.32028978 595905.07464002
 583343.68084555 584833.55832852 593857.57437329 581232.67615044
 594357.64611338 572957.63829796 591445.88398934 576167.12653398
 586785.6683531  579098.172867   569862.12900534 590393.5190306
 592690.06360635 587023.71248678 581417.51112193 584315.66571053
 586709.34279763 578574.89293168 594551.15083896 589918.35007836
 591471.82361679]","[5838145.82685134 5829378.20979636 5838339.37663587 5827927.36830971
 5831404.10952878 5845705.21789346 5844696.54460402 5834406.57846364
 5857079.54017399 5846598.49104092 5834592.41743676 5830403.05899368
 5837119.84949062 5849708.64262532 5853856.13395597 5853101.83597347
 5829726.79510395 5834412.52365906 5858727.23468773 5850645.56150392
 5853012.59460086 5830351.98267578 5832341.38983139 5827367.87108028
 5848123.42440215 5848715.00703791 5840177.03362985 5858075.81822028
 5827279.59468839 5858629.38421264 5839602.77640344 5845374.53412134
 5840722.39055091 5837302.22924025 5828929.30183852 5854242.76728209
 5829222.70226414 5838783.77255522 5839238.88046091 5839940.6960031
 5828756.81175996 5836438.05007963 5831281.41460209 5849863.63948461
 5833566.55309142 5843529.75178385 5857844.28534273 5844970.10429598
 5851903.21262673 5855265.79503755 5848798.08791991 5831976.87669211
 5844066.72845772 5835783.92942847 5855335.55132563 5842977.83481293
 5840060.32632572 5831706.78899079 5832709.80978495 5843169.11779965
 5845544.78092077 5850685.48714911 5830537.57335247 5832561.52807601
 5847937.02110482 5843346.15776334 5842026.16174135 5851843.14586027
 5841236.15713433]",6841.011364760798,7225.943438556084,7171.579195137206,7127.72602394877,6718.768444090496,6745.205492654804,6840.629434873963,6817.594553394822,6837.863825947428,337.3332655651217,7249.838859026927,-73.61935507313326,354718.2755629812,-81.18468604086827,6902.449737240058,5928.130173199088,3,opt-LOGAf,Optimization algorithm
"[588203.04416298 580802.10839669 589726.79198305 570575.96513294
 584275.84070046 573855.12415952 595862.56657851 573053.29579291
 574737.17617711 585484.0003108  586050.99280522 574902.0436035
 575960.66578947 592745.19365075 583507.97779926 589324.23647191
 581400.80776478 585375.21863581 585563.87735829 572141.12906034
 578412.5467015  574816.52436055 575899.49348481 576472.92812615
 589484.79600232 567632.29468785 578067.46319576 579749.58006673
 584432.86384003 588699.58253532 571959.8019062  579290.31429044
 570940.33611456 596058.49460995 576972.82485468 581354.97228465
 580514.37544218 582391.78738583 579056.10208422 582579.14417702
 573504.4585704  579456.60218859 572894.98876561 581399.17747292
 582464.22012598 590728.09796321 595506.26297203 587416.48475298
 573853.14080974 588713.11787066 593546.92548354 584527.75580768
 581667.19210731 596310.07442851 594055.3025995  586807.59129946
 591226.76251164 578818.28364513 593527.75349914 584841.25779605
 582288.05697866 585953.67516946 592458.29742551 583867.5758865
 590898.77945312 593581.84864786 585196.57817016 574035.22539805
 590584.74863554]","[5850139.82929953 5832321.38824361 5859112.94472609 5829598.28384317
 5854079.77039059 5842200.96160262 5844044.73516301 5830725.90980496
 5840377.45487997 5830998.97782793 5858196.735888   5838291.36882876
 5843226.76011954 5847201.42289547 5848022.75376159 5847231.11831561
 5843091.68264776 5846246.48717044 5829520.60232998 5827357.50639175
 5838953.60046708 5833053.08904804 5827771.93772338 5830797.32949875
 5855061.02522584 5826785.23362558 5827967.96037711 5837086.30818629
 5856090.72237385 5852650.68095046 5833105.5794781  5840702.45679898
 5835401.22874177 5846467.76842266 5835096.71411302 5830512.8785529
 5851312.08311904 5853278.1653122  5849286.82598974 5840675.96372622
 5835572.00954922 5846913.3731787  5838647.4951809  5834216.13681504
 5850991.11046841 5858049.12732468 5850806.46467625 5855315.38041985
 5836742.46792314 5845202.1625713  5849541.37641779 5828193.91481071
 5846685.84726664 5848869.16009444 5840370.57264317 5842763.4543524
 5841413.2349308  5834533.23034638 5852239.33766462 5844257.41669145
 5837591.79373775 5850186.88805773 5843727.72545539 5833173.15777009
 5856494.41759047 5842087.60086899 5834741.36389814 5827513.3143206
 5843565.90830047]",6841.173854501499,7230.63551432702,7177.327536128622,7133.164702627475,6720.101165899251,6744.441513772968,6840.786093558482,6836.1938033358,6848.186774609985,337.5266319798423,7253.422415229365,-73.56156923170549,354709.7837666136,-81.12483092001185,6902.530150101857,5929.215769116521,4,opt-LOGAf,Optimization algorithm
"[583249.77821696 574306.88104823 567686.05423149 587224.03631898
 587756.2179189  586027.68453956 584380.92364739 573213.14805543
 577782.9035806  571884.57950134 575968.20694794 570227.67704201
 580036.79547164 581719.12304702 574744.43384713 570960.17916409
 586077.98732523 581090.00064241 581938.0076848  584226.22532323
 591334.42995473 596046.45532964 571995.3405487  583349.46847773
 589461.26833004 583672.54501689 576939.52161158 573467.09259347
 575833.80796646 578334.20977978 588004.87849697 592346.05421543
 573559.96042996 586307.15433568 582238.01892317 587740.70464387
 589719.90673607 594851.91411039 570963.35900314 581073.68761016
 584681.8620058  591141.16232272 584479.38914047 583417.363618
 574700.4617893  596038.13547888 587327.27809618 595533.8086902
 590566.49798337 581240.92480918 581261.59462016 594887.97585194
 576304.26542398 581575.39229103 580008.85681625 585534.02871866
 577424.07692797 593402.6853255  592849.02132334 590087.83921202
 581218.56753355 578642.88841775 590246.44161735 585637.74349443
 590736.96876458 590020.42561574 583437.45089419 592841.78865687
 577917.73058393]","[5833112.83805351 5833226.37846854 5827817.45639661 5853406.05437247
 5855326.42646633 5840640.63097318 5853145.17092121 5839394.28118976
 5831486.92148006 5834175.51703716 5843693.86096756 5828681.34772126
 5831631.22574452 5847919.79666323 5840555.1770465  5830209.52063691
 5843483.95818866 5839447.69899443 5830981.41164771 5846412.86944348
 5848933.17342685 5843327.34308246 5832080.65546906 5830317.02613781
 5856313.83596914 5828571.63730138 5828469.00548475 5828090.22376668
 5831715.04290868 5848371.36085819 5857919.05197872 5855808.31569457
 5836428.65767722 5833426.40406143 5852667.36705144 5845571.59932555
 5842744.61121603 5840796.98928623 5835524.59371082 5828428.99445411
 5835972.68646145 5840858.3607292  5848310.20095457 5854978.39113111
 5838289.8469304  5848094.21651741 5850715.39059636 5844785.02600989
 5855244.08960106 5836360.49394516 5833188.34514331 5849652.2373357
 5841187.17039478 5841523.10439934 5849913.20527133 5850145.05674988
 5837588.46874233 5852455.25736127 5850951.11380226 5858120.20881899
 5843492.89225463 5836059.82255142 5847122.44291993 5854992.49691629
 5844551.62338641 5853339.66642185 5841026.78592496 5847657.49563274
 5842524.79256491]",6822.03254948945,7218.2476510397355,7162.223660632944,7118.6525878294615,6692.306245219222,6722.434922464213,6821.636685178974,6810.2892780233715,6821.294312934615,335.4068600554183,7234.750071525389,-73.69751200518195,353633.62633427134,-81.29398611688052,6884.01042664397,5915.6871724823395,5,opt-LOGAf,Optimization algorithm
"[583442.64675038 569511.84611941 580782.56661246 576432.60026482
 573057.80198    576477.57250662 593148.36729712 571512.26559436
 570434.35157297 595118.68189276 593052.43364892 587601.70553601
 573553.48257579 585556.70916787 577925.25829937 580502.50496847
 595357.7993473  578182.69465114 585842.36817721 569381.33189634
 573860.22179944 589886.05330753 580423.61900203 591179.94993753
 582878.33164853 567742.68643088 574119.83855582 583606.06814727
 575282.49389546 585481.88397643 583948.063381   573865.51696727
 583161.05653572 589723.31407257 581711.92427985 578624.10690689
 577404.42487354 574981.08310656 590223.58981376 582702.93432145
 587290.82876858 587063.46485472 585695.90060632 579243.49749012
 589950.09858013 587360.59142676 595665.98066845 577099.84655426
 579354.97241416 578051.97982783 581823.42280073 593225.8518594
 584240.49159897 584203.36528661 584480.00393644 584371.20743609
 581657.57337235 585152.09556191 589050.00842451 577183.6996178
 591757.82658435 579770.64278846 580201.91038149 592362.43733638
 582917.13908786 569412.02948665 585305.55057144 592030.75922955
 587888.78751512]","[5833398.97451015 5829570.09088619 5831511.16420876 5842068.96068105
 5831406.0379588  5828041.87648113 5855013.43266241 5834976.68455419
 5833471.27131489 5842420.46863516 5843865.12473009 5858241.95241516
 5827875.54226928 5842831.35639741 5830850.14048462 5851194.56596364
 5848296.59951906 5847959.22823062 5854822.22904359 5831831.88892001
 5841466.36912729 5858898.63631631 5848629.69706637 5839337.99457546
 5828627.56197368 5826926.26665948 5838053.86321064 5851011.71736029
 5836144.33156388 5832160.03063441 5856197.42195104 5829784.81985819
 5844413.04837735 5840542.07483168 5846980.34837735 5827773.5079236
 5834776.99165085 5840219.26230622 5855376.08097895 5836374.8109655
 5850513.28567009 5831356.23925199 5856993.88215145 5834183.95009743
 5849387.53970363 5847737.67203778 5846380.21922842 5837795.83618389
 5836394.84726178 5839609.86024871 5842126.17813366 5846064.52707095
 5848774.51259385 5852622.1495248  5836648.33117121 5844636.34721152
 5839435.48990573 5828515.99561138 5853012.60776978 5844698.69316529
 5857445.90009585 5845404.76103721 5840319.47138153 5850687.48572976
 5849823.03529198 5827163.50248337 5839800.1533275  5852973.41978631
 5855305.44489482]",6840.0759042011505,7227.853236794471,7173.8991929374415,7129.107370988095,6717.738705155515,6744.352781948479,6839.696786983793,6824.454089667873,6848.307150372905,337.2200558468851,7250.703520610732,-73.65419525744572,354669.46242579777,-81.22317715930572,6898.533147490732,5926.991748112299,6,opt-LOGAf,Optimization algorithm
"[574768.19691215 592494.39165296 586001.85552048 587430.86337407
 572907.41327804 590016.04352605 589650.75041274 585918.34396914
 570577.47109598 580383.15727702 592544.05292702 585502.52508274
 585090.41559891 585127.96651823 576125.95945838 575854.61578195
 575716.29108797 594832.02144819 572929.71343665 574997.7814493
 576866.54794047 584523.21227382 584016.81279999 585220.18890424
 593709.5605136  584643.98118643 573345.07191555 578073.51931932
 574936.7562714  580686.28226243 589940.88373816 568880.70510833
 577771.8328417  580080.32414939 573898.65313438 568296.47807048
 583233.06562398 589741.06722181 582193.11903935 590223.86157589
 591575.09095331 579159.12648519 587611.17228437 582877.84479065
 579432.42914574 585840.52647402 582399.26448384 591011.66924266
 589524.6182813  595149.15448566 582228.14716634 595297.27107196
 580458.59255782 591522.55263315 587959.45858211 581082.19861737
 578161.29156677 571522.55951386 588155.05142677 571262.27232263
 582472.01046612 579921.46168579 578812.59945663 590344.56918955
 582961.88407828 594376.82833679 578398.12716101 590139.7708162
 587866.69577561]","[5841867.24775782 5845437.13765775 5853403.53024596 5857869.4974529
 5828940.44212957 5841858.94419429 5852148.49999036 5848506.29638063
 5831221.70628219 5845248.11850918 5855307.27004917 5844239.77242568
 5831453.15013576 5857584.10121094 5833426.06279937 5843731.29312539
 5837552.09314319 5850298.16243005 5831292.56666319 5828194.27910318
 5846078.81870261 5840706.80262417 5854965.98887609 5846285.67896383
 5842196.956775   5850103.98710893 5835024.6635072  5830872.6425217
 5840086.53826315 5851690.29490381 5856051.48274718 5830495.11276011
 5829094.91959422 5835268.98141699 5838212.29842867 5828608.86408831
 5828588.44248489 5858407.40745607 5853152.8446407  5839827.77130131
 5857571.06790668 5849648.21792557 5831373.08354674 5849153.05651766
 5843129.24373911 5838305.11723822 5841477.21103247 5849386.5892942
 5844672.3914626  5847542.84883423 5834568.28781048 5845901.6496989
 5848619.18779481 5847771.41775838 5851578.50638731 5832451.96221803
 5844670.41049421 5832774.18149106 5842612.71062684 5827505.32887969
 5836536.09747895 5837896.30704466 5841336.6880574  5853663.25526329
 5830673.44066682 5852884.53149771 5836368.96956404 5846723.01742614
 5848303.13387862]",6827.272807677485,7224.230206450443,7169.419537256193,7128.3833413571665,6696.790567302882,6728.670735225881,6826.884810947742,6818.2166983438865,6812.216382690813,336.0557868581256,7238.658743108268,-73.67540382220675,353934.30776655604,-81.26293057455167,6890.126584675018,5919.587586802903,7,opt-LOGAf,Optimization algorithm
"[577677.72467063 586827.26008048 588997.2047149  577886.8564445
 568270.85858812 581277.68512533 585344.86855328 590436.21762839
 574688.80954941 581533.88450513 578449.65487405 581314.77044511
 583906.69923193 587032.16456817 578112.79419454 585662.86539766
 590630.58984026 575772.83539946 572763.3541331  581631.44076839
 594269.78181335 581979.00516505 580928.69141221 573327.82633114
 586417.81564859 588187.99896617 583379.87234498 581309.22667071
 584303.69146917 587403.5673854  574700.15168469 588982.86855355
 577798.88106627 574997.87096898 587003.88268596 595768.52938358
 595522.56642583 578382.54882042 590035.60552774 585343.5623816
 586322.1841146  589604.9544729  586177.4598697  583445.78723873
 592605.4448918  582477.2813915  583771.76899991 568722.91641817
 574094.5614149  576279.12126956 576101.79738046 572084.85973418
 577947.1763051  584786.8725231  595012.22936492 591244.02448377
 593576.05858212 587233.71442932 591793.7990229  587478.47177189
 575848.31857704 578881.19616492 582051.27012282 593597.48788849
 596278.46681105 591522.94658718 593685.78911544 587939.13054995
 590424.92730694]","[5835139.64219812 5837345.14805881 5855179.99940175 5843273.55174119
 5829352.86812337 5844270.45174359 5855027.23863117 5850707.20954473
 5840772.50218019 5852493.69061119 5833332.63112958 5837424.72947131
 5831439.07097181 5830835.65955351 5841062.25342205 5833110.70218166
 5853809.7069774  5834779.82943415 5830057.29064296 5833523.07716643
 5841191.62425186 5849081.00652965 5831775.29852861 5835014.77305927
 5842154.63090795 5844730.38734133 5852522.43303527 5840541.9781285
 5847124.71873164 5851339.37655322 5831160.46562592 5857570.90028429
 5827582.31156276 5827738.53161955 5853177.13399116 5849828.15364541
 5844840.5644374  5838965.87773457 5846824.01292827 5849421.19079434
 5829087.70371789 5859065.35768912 5858183.15896152 5855475.6766854
 5853428.75551494 5836799.45477345 5844708.79368156 5827707.77928233
 5833402.64678724 5829912.44964711 5831764.25552889 5832924.76020343
 5847009.90827371 5838357.00210992 5843231.18677336 5843384.87370484
 5847184.48799622 5848957.50421238 5849356.21392956 5847248.24905501
 5839060.3739821  5830780.28148837 5829382.80066884 5851855.05996218
 5846740.85620124 5857897.49971024 5848325.11643994 5841336.7170447
 5840431.59774501]",6816.980161783099,7219.043289618083,7162.968356050659,7118.23156394122,6690.5774271418495,6715.004218979229,6816.576319942873,6798.001789146047,6801.763885780204,334.931976334964,7232.485575874499,-73.74826085001285,353300.13418637664,-81.36645050603313,6882.201470487803,5910.830369078788,8,opt-LOGAf,Optimization algorithm
"[582332.12811829 590470.89047468 571480.87326134 571238.06001936
 582904.70410486 573142.377156   572398.86215461 568585.382844
 569873.34167603 569560.98686808 591489.23274361 592219.75636115
 580537.11566272 578870.75956521 586512.08241908 587338.48462878
 573500.48706978 582771.08959675 583136.13346884 578431.87219851
 578437.19537434 574642.48299371 575260.79786825 586015.07076669
 577647.91525435 577096.99944763 584024.19252537 596007.92984619
 583404.14620648 586808.50763764 585713.82295344 580891.50143135
 581071.32424773 591684.67475417 581561.81415179 572022.34769213
 591511.71641532 578437.73077708 575005.29882998 575424.11559386
 580527.36799941 594296.18109776 584219.23531123 584598.37451776
 593901.08310253 591319.74160512 591515.49317994 591831.73812789
 570859.1536741  588854.50871814 585859.1058738  588342.86866055
 584694.02833762 573558.8112983  573911.19903782 581848.78616231
 579615.11703751 573579.47968834 593299.87972022 589206.90112469
 586242.78324184 591450.60910895 584297.29249045 583850.57479413
 580246.26263535 594146.51636918 590514.21132293 591391.62532505
 577927.17965001]","[5829017.53620706 5859146.35893024 5830441.215479   5827618.36071626
 5854727.52078178 5840065.7473241  5836476.03934655 5829993.47858396
 5828607.28698454 5832283.60938442 5849802.4550123  5851421.07309767
 5843154.61854541 5847893.74004666 5852742.63312257 5831420.64886621
 5830307.74448404 5851440.15670785 5831590.81863771 5840063.37000786
 5829714.96488047 5835891.59994273 5830144.09397049 5857421.11262369
 5846164.55239838 5835856.71555353 5853147.4879694  5843431.14896664
 5847964.71109652 5844620.63805191 5833122.01635594 5851847.50248805
 5829862.5829381  5842361.0536124  5845072.33954036 5831423.39394968
 5839607.36442048 5837380.18714332 5841178.63751119 5844353.01485057
 5839819.57569764 5840685.71979094 5856513.17331447 5841634.06868386
 5851241.74236859 5856762.77837084 5855596.12975622 5847674.5558611
 5833420.38474636 5841809.10219338 5855984.14692826 5846410.60783509
 5831637.72034551 5841967.69525397 5828608.75245635 5847762.62189063
 5831859.4335072  5832527.8469722  5846276.31149969 5843370.29904258
 5838554.21329558 5854586.38482063 5828137.18643198 5837012.33249935
 5837841.72320872 5852612.52935979 5848559.92212082 5845099.55045276
 5834283.94768359]",6829.507406124041,7218.307993047766,7163.744329819276,7120.898058754315,6701.8120830278585,6729.472025475671,6829.099886302554,6821.10114662407,6810.172409032386,336.41614055334367,7241.159605040786,-73.59703796970187,354070.8256242666,-81.17175423629973,6886.558527863722,5927.545286877036,9,opt-LOGAf,Optimization algorithm
"[571078.01002775 584495.76657063 578259.71820917 574240.81539141
 584215.90163617 581982.89174029 576209.96411167 576943.29373076
 587083.02910209 576368.57655424 592142.69611155 582220.65013312
 577124.07770155 573249.55868785 575273.54913168 580024.76660572
 577840.34251793 591360.24297431 579107.97905965 585581.51612933
 578749.00810023 584855.30153913 589467.07728752 582357.68130331
 594224.74120062 573430.84987032 583623.17185792 586300.39806687
 570507.09205454 587039.83318923 595712.4431917  571996.71969548
 586583.21409581 595075.27991607 589913.86383677 584292.62899406
 580588.01640954 576421.50690391 588401.28086655 580799.70967976
 573133.17411495 585413.8671939  592535.32824417 580158.31273762
 593126.04669235 580980.85347126 575096.47195008 585131.44238564
 595141.17766393 580346.05681753 585264.37833555 589482.85644323
 589944.72397776 580768.27363207 584171.10771368 585438.49196661
 588679.89206713 584661.46376568 592716.0903785  593829.9039872
 582149.20949438 586498.47968748 577709.76123635 588033.39085496
 591242.47936037 591362.54005168 578914.72947509 581727.14907127
 589365.4909919 ]","[5829991.2423213  5828894.43865819 5838247.29805117 5834508.25500135
 5856061.03478245 5832617.02061533 5827752.6457844  5833989.26185606
 5858105.46790428 5843652.92601838 5856804.83551633 5834065.71424452
 5839560.63133585 5838805.6682427  5830709.02011405 5849524.37442485
 5827585.57917703 5850456.25361804 5847540.00416587 5837957.66434745
 5842864.27465743 5853386.42424766 5852822.90890873 5853763.14707826
 5852202.23563062 5836862.70740424 5851303.83073951 5828978.83498812
 5828257.22167286 5855075.6545809  5847503.03638191 5835048.04085826
 5846708.80564236 5849934.16896189 5857549.46363426 5846378.98387597
 5841165.64589823 5832011.57553764 5843852.44689656 5837455.25570928
 5827756.93097471 5849967.69047905 5853850.1277133  5835978.96463981
 5842196.61526509 5851262.8241704  5841338.37081714 5841665.97339924
 5844064.35933828 5829439.25882838 5832758.21763196 5855712.77889578
 5848063.65682361 5846251.74982985 5840128.70953285 5844534.65514246
 5841324.05786825 5835758.70854974 5846086.16000686 5848293.66062563
 5839162.52144324 5831312.19234142 5829548.1184084  5848699.40320202
 5847301.87474115 5840301.81753151 5830871.73871236 5830532.86765532
 5850375.54517219]",6819.255717766327,7218.62505035218,7162.210663288748,7116.788726751367,6690.98564388456,6719.542899662045,6818.859665807118,6795.458976499849,6826.57587219912,335.18514577061217,7228.845441252782,-73.62572398282074,353448.86047925934,-81.22417872087236,6882.099281092766,5916.515597872982,10,opt-LOGAf,Optimization algorithm
"[571569.57984726 570973.57081893 567583.24181314 592184.76951066
 577880.19143457 577956.34166685 590364.64739434 572705.64969085
 582846.38753701 577455.99337937 596138.33677271 592709.50912354
 567677.43307187 586139.51287738 575025.38555795 580590.20775361
 580337.90436085 574254.62585568 587825.59480858 573879.18680957
 591444.476654   570286.19480741 596004.13189266 574852.30626189
 584738.14859835 574089.18102264 578777.04738031 583386.43995878
 586417.11027238 581594.44916088 572464.78477348 596079.2571019
 588490.35409335 568733.43536363 596321.24964852 590804.92659014
 579932.33322541 568171.16249444 586893.90030226 580182.95882532
 587352.51661635 582891.54452336 578543.39548035 591027.90236988
 579142.98396408 583569.34973482 584486.14989777 574521.66551747
 590161.25990118 590118.32040288 585555.80038431 594506.8091168
 577955.3912265  579178.84414591 584018.34370636 593697.28784679
 590725.55730609 576002.23667786 573280.55373357 594081.549513
 585448.23636308 587242.8767757  584172.23799518 579864.59714768
 587048.3905892  585944.54773159 582480.06546585 585826.2580841
 593681.208531  ]","[5835492.07498707 5827046.83221108 5826890.9821731  5849790.44983849
 5827661.66057264 5846442.7689868  5858933.87118467 5831499.38100379
 5828096.27837323 5843879.33914824 5842334.12945515 5839438.78561514
 5827926.5026476  5858432.47262794 5833882.02895977 5830867.22084707
 5851263.3324638  5841395.49631978 5831250.54008181 5839543.00657589
 5851671.91170356 5833571.86235439 5850033.36796435 5843418.18852806
 5842917.5463513  5830033.39766502 5847786.59574834 5832200.27098984
 5832736.72789802 5852822.09841444 5837238.80508872 5845502.36792653
 5846292.06538229 5830386.08220953 5848154.77535188 5854514.11247167
 5845530.83073239 5828864.89667649 5829742.12893518 5839502.9003097
 5857763.00971432 5854754.67956325 5834001.92131268 5857657.09406061
 5843014.50424591 5837343.9943896  5856917.36579751 5827589.3776581
 5842761.00950241 5856395.81569412 5838775.33448979 5840597.24838152
 5829694.51533725 5832812.87803191 5845581.46525922 5848165.82114246
 5846850.49600409 5839975.53720808 5827937.52981686 5841758.50204165
 5834771.38539346 5855071.89036573 5852704.74407155 5849796.18722719
 5840147.24424199 5848556.65249034 5849871.18243241 5850624.10337631
 5843808.28962241]",6882.541359494349,7242.80234469581,7193.143803472976,7152.750056065239,6772.273487333853,6799.353377040645,6882.20353662157,6855.95124334487,6863.250456098161,342.16780403552764,7292.567218611741,-73.11197230212638,357171.7232901179,-80.54279865728246,6935.09127672331,5969.627255140473,1,REF,Referent
"[567818.28548631 571916.53718873 568736.61137226 584957.33342856
 571386.50082954 570214.67299445 570402.69833056 580583.90001238
 586063.0626955  579253.4360469  584816.08185246 580273.4260557
 582414.84759928 584442.90933282 591263.00023916 573877.90059448
 589169.85897705 580002.50977722 567972.92957146 576236.79505286
 584713.91862544 584527.89174511 592192.11051642 574825.61382027
 576863.66058278 587614.88580269 574554.40395855 571736.2469197
 581562.53676519 582120.50085517 587243.57430962 594708.77839407
 574050.28365403 590530.78370943 574149.94658642 586980.55678742
 592296.6714235  595906.23019699 586058.40170337 571282.95229989
 572087.51578321 583610.92071036 580512.19577917 582539.71754831
 594745.4271298  583860.77382881 573435.81547907 583354.75502256
 578122.16753606 571594.1727597  595906.40359246 586236.31117499
 596116.37917878 591074.73003262 590772.85798257 590212.06126152
 573384.28616962 583830.16850504 587447.77758713 586368.45412616
 592169.71923548 595721.59585685 591536.80318283 591271.16810503
 573720.87306116 590902.330427   591983.68637549 594251.5691816
 591456.77504491]","[5826838.31280138 5837840.25767878 5830289.29048166 5857579.51076865
 5836286.76853523 5826984.59330828 5834468.37647802 5851514.43875584
 5858408.72196666 5846846.56365511 5829448.51214307 5849692.77934881
 5853153.4816051  5831319.26032546 5857970.31183433 5841927.55226132
 5859265.3921363  5829243.72455479 5828636.50391344 5845020.20148999
 5828305.49476914 5855842.2087974  5839121.46285985 5840708.05815859
 5830996.65770829 5858838.24100381 5835676.59724086 5830704.27452041
 5839722.80057506 5850164.61944514 5831913.39523008 5840865.26008204
 5839701.09970369 5859638.04485562 5827295.72696607 5847474.8083168
 5853739.45182151 5848916.30029745 5855215.4537627  5829155.94058178
 5833662.48088585 5833433.33487592 5840585.06268896 5844201.33081088
 5852240.50663103 5840687.33430913 5838583.50944363 5834747.47875418
 5834795.63317251 5827093.31292461 5843043.38653496 5828249.0637947
 5841547.69088288 5854759.64342295 5839355.91795024 5841141.69472945
 5832717.28010786 5846367.69549727 5850277.9905218  5841086.28464613
 5844127.95185358 5846256.67825412 5850307.97853423 5846261.90462409
 5828448.86592155 5842552.72165214 5852099.74662094 5850794.91835546
 5847794.00279901]",6878.302282513429,7230.450845110624,7179.263601307454,7140.677402072164,6765.989282593736,6792.250663117974,6877.9314825003485,6862.745015323932,6863.258991406199,341.96143022245377,7289.011261949719,-73.22707428820685,356896.9260686941,-80.69664745274892,6930.9122499235855,5961.208491768227,2,REF,Referent
"[567247.27875111 572406.58043348 590486.61921987 569004.77271892
 577088.5438663  579506.87196628 584478.13877869 570608.5987309
 574449.59703787 568836.99141167 585286.07854834 585444.90466776
 569923.36460881 581687.08887385 567734.64043148 573126.30454637
 575483.02641438 580138.20588797 582800.62909097 572575.13711062
 586173.79084016 588102.66110445 577975.28095799 570512.8358741
 574176.3081386  585016.41965696 595200.95600639 580750.8772447
 585731.8055248  574355.89545973 591622.19406531 577472.87116976
 568486.42877177 578017.09115625 579936.97658286 588697.41011637
 587726.31677264 588748.16970753 576014.26445273 595448.43690655
 582135.90552746 583495.49871549 594854.13351912 578325.05722619
 574688.41650094 588160.55142677 592179.07006295 580578.71727445
 580246.57821    596158.20846102 593676.83178034 572569.23659938
 585899.48313464 591432.69169223 592763.84241567 588560.92753508
 588164.34309062 581370.71426557 581840.8519292  585927.9022166
 596225.02743346 595016.70844755 593166.74770358 587972.083485
 592410.08673658 584722.01741088 596074.22337946 589912.03343957
 592611.20396053]","[5826850.74027134 5839237.51704008 5859628.3425174  5831113.36765719
 5846674.50724093 5849431.34004479 5856924.76939087 5834960.84181109
 5843211.40306961 5826876.03004374 5836778.88776923 5858241.34823443
 5833318.04707824 5853107.7720508  5828065.83942559 5840902.79938761
 5844624.57227152 5827767.99472141 5854465.72355399 5831970.96075068
 5828349.19790948 5830724.89464678 5827596.74399742 5827009.49958626
 5828989.32820002 5849573.24366384 5851445.19073671 5851695.443483
 5830832.39501577 5838103.01000729 5857722.98605756 5837023.2708898
 5829629.63058195 5829025.80691134 5839555.42500051 5859135.98405747
 5852595.5961304  5857680.18643775 5833526.02796815 5841130.80538735
 5844711.64922744 5855581.35619645 5845802.98832375 5843771.30339779
 5831033.00255376 5856072.4118321  5854827.59417092 5829632.52688946
 5847018.20966083 5842894.02906826 5843481.12743071 5827232.23998455
 5838926.04858081 5839127.11164646 5841096.0799829  5848118.53460392
 5846226.84688348 5834007.8290515  5841254.51474793 5834109.98986842
 5845025.48916825 5848672.06636861 5850959.44176781 5841139.98891482
 5846799.08177082 5832991.8769504  5849909.20057807 5851810.31921005
 5853260.37403731]",6906.2637983861505,7250.851391340413,7203.540349029332,7170.334617892599,6799.069905267306,6827.940072696016,6905.9386430197565,6882.508289624432,6897.408063921193,345.26737124652414,7312.64096399894,-73.03975187203119,358581.1283064175,-80.43783669615122,6962.222026806596,5980.460951837812,3,REF,Referent
"[573024.62338239 572215.17040918 567221.71727696 583688.8306315
 580505.13728959 585589.64740848 581748.97565985 576062.67713439
 568393.37189325 569800.06623003 569146.22306863 570433.67300981
 571383.28284218 574143.73196991 575940.59378056 567718.36923638
 578747.27789785 578892.58741482 590529.47738227 579978.80064877
 579502.93430303 579054.38546198 584673.87596392 584831.12998457
 592935.12392552 573143.613901   585846.85084734 575073.95134225
 586166.36483969 577100.49251672 573825.6616304  579662.1464809
 590727.33152328 577896.7062796  590165.39069417 587131.33755326
 582284.82002583 587892.8539749  596166.02709251 590521.2121507
 585775.67890015 591026.60894287 595115.65565269 587512.3757723
 585058.60845091 591832.94959499 587632.28908919 571406.34897875
 593701.25320725 595114.46406275 579436.36466793 576685.3645344
 592169.76693985 583155.21445261 590838.99855703 590377.41953292
 589440.85644562 584328.16738188 593993.13187003 582027.90642708
 584771.17241392 594791.85637366 596272.6647202  584069.42513208
 581273.38779759 586654.40478402 584267.20717241 595889.18322602
 571149.63185129]","[5827206.44558326 5838517.60832905 5826762.09076524 5855845.13350291
 5851398.20416436 5858281.09872665 5853192.716407   5827479.54076096
 5829644.28913614 5832972.22937232 5826901.17943583 5834542.39308006
 5836144.24292366 5829436.67256306 5844915.25052333 5828026.4560747
 5847669.19637824 5845821.42082298 5859639.80314544 5827828.70702448
 5839932.09723131 5849018.43176126 5857191.95748557 5834072.30587685
 5841082.66839189 5840109.3398046  5829554.64671182 5843749.00665685
 5830932.63679619 5836766.63002597 5841613.80006902 5842779.24096853
 5855405.16341676 5827785.50429888 5839583.2545418  5851569.95461568
 5830414.3560548  5831168.3780774  5843166.78696344 5853726.19231778
 5838453.55882362 5856944.34808371 5851456.64092867 5856397.07512708
 5849022.11365993 5845145.58161916 5858843.03940864 5831804.24891842
 5847692.49212387 5845138.82022766 5833594.16221363 5831441.92744396
 5843904.71992446 5828004.5621438  5858565.17559327 5852143.50247611
 5841221.61163007 5854411.26121032 5853563.849909   5849156.75893431
 5835838.2809237  5840725.18639357 5846566.41615171 5840932.63610195
 5835557.45069221 5840289.44974584 5846405.78345852 5848584.28230617
 5829446.04697616]",6898.462124331017,7246.925882286647,7198.67038519516,7162.625015310939,6791.925941141936,6818.230444121084,6898.123803111074,6879.947827551841,6899.74486681726,344.4456694930896,7307.907375536411,-73.0083221048275,358144.02449379576,-80.41041463214627,6953.202155400786,5977.2664107052,4,REF,Referent
"[567611.26672651 572416.66245167 569031.39696607 575298.98581155
 582780.47684517 583526.60117239 573635.1743507  594303.36643788
 571109.85141452 585928.46940328 581382.51969325 577660.87003642
 574833.42571363 568455.81105016 588653.76781137 577368.42597203
 581059.24598519 587397.95952432 584597.9409323  591054.95206857
 588868.77043687 585845.1389591  590950.75317402 573341.3258263
 581677.63499166 595868.03086142 590975.86710179 582980.33364725
 569952.9487564  590795.0144214  592709.98988245 596238.91557323
 572902.00259787 571419.41241735 581308.82226299 587187.71615036
 575199.38300375 587615.866007   575268.61975967 594746.16592367
 577563.9232033  582620.35323547 577401.7957285  575221.25336591
 595041.5719458  585426.31946787 595473.73816029 583245.20133343
 586652.22584295 579405.19953897 588941.0582715  581120.87343053
 586645.33379796 583257.82160792 576557.24197065 594958.3142312
 587828.11313042 578007.77578123 584844.13671591 589843.42213403
 581289.19339735 570904.18659516 590060.17953013 584717.43310442
 591164.4940258  593501.27773601 590756.21489803 582701.48724791
 585684.68877232]","[5826999.96970796 5836489.47675131 5831176.10350979 5843659.5214437
 5827976.17710805 5855526.90737292 5839138.8806331  5853019.82651584
 5831581.82566368 5828223.54885659 5849583.39246703 5847049.9528136
 5828010.11508837 5829072.33723485 5858815.08468255 5829940.37935834
 5829246.67344747 5856768.15728806 5830291.54674691 5854988.77699031
 5854618.64413722 5858351.37286857 5858900.16306708 5841518.16457518
 5852529.70416627 5850273.90983024 5851084.79819201 5851290.21952899
 5826964.52570809 5839415.14179421 5855814.3137254  5845541.52440012
 5837732.15831168 5834343.99922672 5831656.88589002 5851932.79196901
 5835107.084707   5830751.84326266 5840895.90165367 5841000.60063158
 5838398.18776332 5848142.08312531 5836836.68781819 5831787.58983752
 5848039.00862975 5834861.44200346 5843655.06819108 5832392.74567054
 5842602.63332368 5843438.16306002 5846358.79389861 5845781.67990342
 5847495.8636173  5834947.2155716  5833967.03716461 5842485.59903379
 5849775.59230155 5841891.88612193 5836742.26267119 5840713.01337823
 5839827.59184983 5829103.56676285 5848549.54131266 5832763.5274075
 5844516.29772205 5845959.75922801 5842463.53141578 5838675.3912083
 5853792.78662404]",6875.408444366277,7241.338312232392,7191.8350657165465,7149.189433594816,6759.000570428193,6790.381656189507,6875.066268437003,6836.734938482667,6847.048349111936,341.46787599479615,7284.377219469556,-73.32509605128327,356765.41364375735,-80.80044602576628,6928.350863850902,5962.938559681332,5,REF,Referent
"[582345.45174104 573298.5472403  585109.43230997 574291.25060526
 569015.71243444 578812.69736959 567496.24855243 570447.79229291
 586202.0811564  568310.59620533 575319.53859556 579925.40678162
 579230.51751003 580691.29940214 586854.0395954  584862.24762161
 577684.1952607  575168.93302473 588584.63648302 584103.65748693
 586997.95668471 570508.65792518 577929.07638682 571278.55018344
 569852.82886035 572992.3161138  582052.27636106 584533.49149187
 590530.7976764  581431.99512424 580222.68927516 593352.97778493
 592057.64416206 586003.75490145 574769.01927723 596223.02087897
 593913.45530324 595063.45388603 582689.00472113 574120.21575833
 589180.76653354 579079.10476381 585055.60011563 596094.75887036
 580065.93120693 594945.29948584 586758.90544645 589382.252019
 573766.41900323 594377.87026808 571743.81998224 588607.03563995
 589775.56689278 580927.77294295 583672.7062035  596098.23299807
 591843.46452667 580534.08067249 590733.0384429  586557.99715004
 572534.51293338 594341.75652728 581714.12515769 584775.14288778
 576765.49637654 581873.27927214 596319.66388018 592424.10695999
 568827.30714351]","[5854008.25658622 5841411.40664392 5857787.84345602 5842972.19377404
 5831122.53653464 5827740.11470786 5826837.39300239 5834576.35402578
 5828396.46249729 5829436.99999141 5837257.27317159 5850698.72683452
 5849623.9412738  5851746.32380493 5832674.67665255 5855669.19736351
 5846388.88148128 5844194.13650507 5859104.95479428 5828079.60717604
 5858668.0541044  5827071.50615473 5847653.48034515 5836417.66411951
 5832792.65720387 5835187.42999315 5837811.87515371 5834121.07043971
 5859637.68408962 5852759.1303225  5832212.92371671 5839837.45047303
 5854334.98620517 5849319.75172923 5840887.06590256 5845117.44422869
 5843913.42185157 5840960.03323241 5827968.97973402 5827299.08534229
 5847462.72309685 5829100.72859394 5837342.63180498 5849877.04917493
 5843016.93366567 5851578.17056339 5839541.39914716 5855519.04548588
 5831214.7197381  5852889.12491142 5829200.9608901  5841715.658397
 5857639.65506356 5827829.51542662 5831066.85885903 5842695.72984477
 5851850.81238492 5834118.14143342 5845137.62558908 5852160.92544455
 5827168.05011159 5847845.75993889 5839262.0568009  5844559.95777075
 5843691.02934026 5847123.60008678 5848055.05266006 5856315.47717504
 5827071.49109187]",6904.202418520987,7245.269899621795,7197.8815830642,7169.931091591546,6797.39706516301,6825.814085381779,6903.8602359478555,6877.9426107773725,6905.190386150945,345.3305552819714,7311.575574170064,-72.96388808657636,358488.3435278302,-80.35109597343904,6959.7276203848105,5986.34543595922,6,REF,Referent
"[576940.44831063 574665.91152992 584756.87533463 589259.01794849
 570191.08018964 572409.1129275  582994.75011252 578686.50638363
 582693.47216436 572919.51411929 570730.22005367 579372.13159991
 567904.89877033 573665.12051936 586235.9462318  571589.04846456
 569042.62598568 571998.15757695 572302.76864857 580702.61222946
 585425.45135431 573947.55355966 577540.10812848 585697.20954014
 595082.38948639 585489.34541384 569462.42510632 587467.75035425
 577903.82017964 568244.88193324 596223.79885725 578505.60175553
 592312.43605744 591766.07840337 588505.81682061 592748.57383048
 579291.45535786 577838.76639241 588779.13770911 586537.69221074
 580594.05279316 587763.20119161 575233.07047285 594982.50422983
 573921.49517885 585988.49488942 591348.22294453 581567.13854275
 593396.95948715 595939.71103302 593107.46237751 595905.01668756
 575946.10972367 588614.51797959 569135.78017749 583958.70704885
 583250.20441265 589586.61875177 585295.09297304 595945.79033417
 586675.30803141 593156.36300443 593690.08201236 592020.77634487
 580737.92071399 579729.99484829 590324.54127532 581315.00311781
 584595.05023824]","[5846614.40431136 5843506.82975199 5857004.10543003 5859289.34090532
 5833959.08379566 5837879.56919106 5854304.94522119 5827652.5231358
 5827968.24368356 5840031.39544859 5827026.54901283 5849942.35202393
 5827130.81881418 5841816.1673777  5828247.53932585 5833221.38689254
 5826892.58930606 5835817.23686524 5827149.15800347 5851727.95447474
 5858220.14833395 5827279.63739775 5837533.71928397 5834021.25702521
 5844399.38780162 5829955.77809432 5831463.43245488 5831810.70693205
 5843454.18411422 5828230.19509412 5846280.36166663 5833980.44835448
 5840321.12233204 5839030.66588359 5852061.94480596 5849155.59043333
 5829647.95094949 5847846.19876097 5857885.1033657  5832987.44038826
 5844989.98113318 5830449.08009493 5831567.37724887 5851258.77787411
 5839440.85094746 5855510.09841351 5858202.01986748 5849096.38326122
 5846990.868023   5849804.26333239 5853172.59782258 5841412.8423136
 5827436.53408898 5846187.97468252 5830201.79490349 5847016.21303098
 5837977.83911738 5854239.89326022 5848864.54585911 5842963.7310976
 5850522.03561805 5855032.00748189 5841924.90396043 5857024.16007276
 5835669.58945481 5832244.09050814 5856011.25038017 5843217.34454559
 5843504.98596396]",6901.09771015077,7243.415151675119,7195.070721651883,7163.1356611370165,6792.728147547392,6821.219182835065,6900.749590446839,6865.626175945941,6915.495006504742,344.84372156992816,7307.365968048065,-73.02095932242882,358260.69904368016,-80.42885775454687,6957.334559664101,5978.836111837761,7,REF,Referent
"[593179.86717043 571159.37399121 590765.55634681 577742.0620747
 568075.62059088 591769.38547605 573560.89571709 569232.60813855
 585154.94657114 573647.72053717 586715.01582653 582279.09897063
 577548.17342239 570569.04625912 594033.13311498 572450.48268362
 592460.97605894 570433.82011765 587949.19878495 576614.61824086
 586255.30673087 580171.26805809 583817.77125825 582425.93312212
 591973.72141535 574247.06387932 584766.84787873 579263.68341984
 575498.04641872 573684.96249262 584310.51155672 576385.24672115
 574597.42640206 585517.05539137 577853.20944267 575890.25790597
 580804.33648521 588507.78582285 595092.9321937  577868.77306128
 585682.53023121 579406.67041748 578272.47967501 594185.30335473
 580254.2185825  582269.25591255 593960.68073723 588710.06253823
 590331.63941895 571779.54190419 585882.66706397 581758.6431993
 583144.27705906 588405.30221535 586696.4081287  595851.63772291
 583082.94550386 588763.92116203 584354.148889   582571.45953368
 583424.21095673 594194.73683479 582553.49090701 589283.01070056
 581011.56617357 585151.84083365 589032.95619531 585144.94549468
 587580.82184905]","[5854976.53559682 5831968.36790172 5859226.18468283 5840288.45844978
 5827698.83284793 5857414.05438199 5832052.07795103 5830506.19960136
 5857850.21039496 5840129.81335302 5853704.03272952 5853911.68054222
 5847448.54895617 5827296.41051747 5842359.50900036 5835573.59555536
 5844579.63093412 5829187.51237851 5857786.47186444 5827490.24033775
 5828447.70443824 5848824.65506767 5856021.04463206 5827999.62431925
 5840004.06861782 5828727.16358418 5830647.06937932 5827702.5940505
 5838573.32948812 5827258.34063411 5850769.32583034 5845857.95451582
 5836220.38048902 5833104.69262524 5843381.4986059  5842027.22683019
 5845611.60356741 5845161.66192169 5851633.87137683 5830066.64373803
 5855003.96294888 5832145.19730316 5845874.58357934 5853220.58936039
 5833460.69789851 5836802.89039762 5840446.24583546 5851724.433172
 5853662.36800413 5830400.18556083 5856360.96697333 5835282.43132478
 5841769.19863599 5843057.15875125 5847503.91995615 5850299.98074723
 5838184.42111713 5850397.92211381 5828368.993652   5839931.90775354
 5845132.81708719 5848807.35252874 5848202.38458597 5848902.68187181
 5829766.61336157 5840286.28919793 5847250.87642948 5843200.19547863
 5831281.06632562]",6866.475270659353,7231.488754272151,7179.874955152746,7142.458750483392,6745.609191096182,6778.378410931416,6866.108194294742,6835.223113270259,6843.935553171086,340.7766981040064,7272.535421393606,-73.24582994758165,356211.8208677742,-80.73350304104632,6925.654917132916,5957.678606202907,8,REF,Referent
"[567783.18011186 586953.71680395 569777.18651229 569596.24945549
 569887.05372175 589584.55053535 585786.62479975 580295.10549122
 581494.38546883 587712.41684639 571806.25244413 591052.38830564
 577265.27430022 575271.63896257 574532.94979706 582080.38141905
 580865.59506643 570639.04353722 594387.57772086 584684.35632398
 579319.52737893 573121.9885298  572439.29178494 572824.19565646
 580080.80434397 585755.95453094 594052.52648059 589273.14263003
 573115.42530579 572546.13693898 588598.43605199 576647.11535622
 591753.85433965 584401.04053841 578530.25843718 595136.40517773
 595351.81220887 591970.26203303 584857.93870245 592778.74229226
 575078.68529215 576916.78815856 595001.4010416  589812.59089622
 592253.20437485 581582.60435986 577493.91208587 587449.13222432
 584525.88026073 582394.19864205 575325.5936784  590559.59251989
 584651.37790386 576828.05319684 590459.71901684 579480.19719356
 576908.98134992 584353.73371484 591967.51684527 588293.18222216
 585956.35135749 590392.28115949 586035.05845151 581509.56486375
 581957.06263018 586610.9007759  585903.09307025 584370.26955409
 581126.81277902]","[5827054.59506716 5858656.04900258 5830436.83931159 5827707.38795104
 5832503.4325669  5859380.06918531 5828212.08439227 5851200.59381027
 5848463.42972138 5854116.46888631 5828909.39614706 5858721.9303805
 5846833.29225507 5844077.27046379 5839293.28753598 5852950.39230108
 5827825.13421281 5834016.33215577 5841536.67499341 5829672.2357816
 5845078.38672818 5827508.15272345 5837038.00432275 5834229.16504878
 5830210.38500395 5857222.31182104 5850054.6669523  5851951.25183124
 5830628.62908991 5839599.51574801 5856622.31122374 5828190.38697001
 5857492.41968093 5833775.71486681 5827640.8209501  5851555.73122009
 5843267.15124432 5853840.61359834 5839407.90029002 5844937.62641138
 5841987.4607108  5841825.5853813  5848115.81466297 5840629.21242268
 5840971.7520831  5845909.00134908 5830754.78806936 5830778.69639508
 5843602.57525856 5840492.60093505 5830550.42548291 5849894.23792369
 5832340.93830327 5834034.98216663 5856191.00844568 5836538.5740908
 5838160.66004319 5835940.55864466 5843945.68096735 5847498.92858344
 5849423.82002837 5846052.54743827 5836814.41830695 5842659.65728362
 5837673.95755617 5841367.95241246 5846487.64466492 5850645.48328825
 5834016.03917991]",6868.521043097548,7238.25729193506,7187.620714836032,7145.921630423547,6750.201309755199,6782.299697355983,6868.176138111788,6844.781838602691,6865.364122933375,340.59961243573827,7278.012632912232,-73.20390976136972,356329.7510591257,-80.69984035478812,6924.086843982011,5957.602297922654,9,REF,Referent
"[576449.54183557 567970.03091137 573519.99432171 567612.7273296
 568552.11742507 583511.85767216 568700.5092552  581463.08681138
 572132.43830763 578848.27305516 579682.19066639 586235.37835573
 572250.07339223 572852.45438717 589598.43165441 579205.83100543
 571632.43460006 570866.09201077 580438.51026136 579572.14711372
 582772.83640458 583581.40417972 575274.3894914  595008.73853644
 575219.76136083 592758.0088012  584187.27593195 587210.46577535
 584621.13600743 589219.16433549 596245.08025972 570777.17934791
 591432.92914663 595209.61337166 593943.21232252 580973.19755859
 590689.49670029 577247.01730353 587229.30841356 590417.46907337
 591075.89916767 589947.3740904  570611.09804398 596000.32354915
 586860.03374881 593354.7825731  579023.77686099 583920.52592606
 578945.55635847 586965.26643512 588793.34976919 594010.12201119
 584823.31396847 583491.76522772 570375.54450757 579481.13331591
 594183.84987494 587009.0099931  590580.83788931 577616.18538656
 581326.96557491 593577.3441218  585304.92623264 576590.94768542
 585462.44834583 584374.1351754  591699.33055185 572938.04526412
 595967.93257492]","[5845946.53201567 5828630.50149451 5841938.20294102 5827328.81551496
 5829949.7313859  5855603.44224956 5826865.59266798 5852688.01939883
 5827364.7160801  5848932.74170275 5846959.14110898 5828247.28758242
 5838738.25066666 5840345.60495937 5859300.3323778  5827974.77434878
 5836487.66158597 5833497.12112702 5851057.85083229 5830103.71399152
 5827974.31345334 5850087.74332673 5827612.85775066 5840859.27260522
 5839765.8206972  5843566.89586914 5853402.10811411 5858727.26850641
 5828119.9796062  5853685.23221926 5849613.49007438 5835362.66248233
 5839510.92500145 5843035.24479674 5845211.72097323 5827897.10458058
 5859359.49915635 5830876.20809716 5831719.39631442 5849688.44162258
 5847805.38855296 5851762.27351358 5831525.78396099 5848119.86262378
 5829777.77510292 5854585.30260015 5842823.85894407 5834160.19647267
 5841089.52885415 5856594.6311049  5855220.36984917 5850767.23848163
 5831298.97456024 5847207.49770432 5828446.858651   5845029.21569034
 5853229.49367642 5845716.38971292 5857809.41078811 5834321.21229264
 5833342.4600274  5841423.87061389 5843588.75661333 5836648.23072074
 5858174.01599068 5840592.11954333 5856587.8709924  5830870.67404961
 5846198.13609094]",6899.79997890712,7242.165696911764,7194.116501671784,7159.419264231423,6793.110732219522,6820.288714778729,6899.454188865463,6867.66640457341,6878.270285622058,344.419518547314,7307.805727415644,-73.12938798768756,358121.4277600788,-80.59135717530616,6955.836631586147,5974.266005942732,10,REF,Referent
