x,y,REF,wdm-JENS,wdm-BAST,wdm-ZONG,wsm-LSUM,ram-RCEN,ram-CGI,wdd-5DEG,wdd-10DEG,wsd-1VAL,wrd-HOM,obj-LCOE,obj-REV,obj-COVE,cod-YAW,cod-CAB,n_sample,design_choice,category
"[590824.93507275 585350.53877454 579306.39789188 586788.20131121
 579057.34382849 580898.33154778 581957.98742799 584801.93655503
 586463.95612394 580206.49274408 579630.59921259 589125.22667585
 583398.7852047  581191.61738535 583660.35048202 581330.57013718
 588541.0174566  582541.13900629 583852.74441951 582490.88703172
 586900.76013812 581515.48072554 584326.43740972 588901.14732633
 590204.22406    590896.98480042 589256.89021147 590023.77621407
 580158.70944983 587261.10733753 589677.09978248 590876.38348198
 590904.69551523 579902.42045776 586453.58588924 587328.3023439
 585924.16090087 590780.75322442 587645.69216212 580410.36817515
 580948.12761531 580661.73615901 585672.87242111 582776.94400499
 582934.85218586 587097.13370108 587729.88018734 590467.29776132
 584680.47982842 585182.89567889 583795.01146218 587644.62861735
 586447.32867287 587827.79906181 586220.07371654 585469.28983725
 582252.5222738  585548.02167388 583133.29085849 586760.28370977
 589246.52156512 584286.44481086 588783.50801447 584680.62974196
 586442.95697945 587842.69537058 586113.36852754 588304.99641434
 584998.51991899]","[5840540.66934136 5845735.13873313 5835108.21108433 5835012.41105836
 5834445.86706042 5838928.57079207 5841095.82560366 5844984.91885514
 5847256.7045824  5834493.64602502 5835886.60224298 5839392.69544338
 5843065.42727998 5839632.46158802 5834766.04888322 5834582.4662669
 5847828.36369927 5834677.7256231  5843686.75789921 5841824.65388233
 5837048.92159425 5840409.38865921 5844334.14322361 5847196.5013429
 5840059.01058624 5843695.09398112 5846571.83482346 5845227.21779051
 5837154.23183521 5835789.7946683  5845835.48052447 5842196.50559978
 5843095.8214651  5836538.68344488 5837718.2852735  5836413.02004417
 5846519.67855612 5841424.70252118 5847581.98248248 5837758.11635958
 5835528.98983604 5838360.86563258 5834924.60203454 5839552.49623971
 5842431.71648687 5838757.85666551 5846778.2380051  5844449.09306558
 5834846.24323053 5842521.6546357  5835794.2138547  5844529.76362178
 5845750.74146894 5845439.82576266 5840911.59516468 5839381.6771982
 5836846.71213333 5835943.52804681 5838299.06657546 5842922.60128394
 5841758.99304523 5840597.81370876 5843656.82619475 5836856.17340472
 5841861.28704965 5842519.48283192 5843839.58872832 5840156.17371635
 5838116.97845027]",6185.76899319016,6782.527063249628,6616.082716365824,6723.962884706979,5799.669224097911,5933.510868174423,6184.428631034414,6174.180170297661,6182.45224046307,271.14410923599837,6543.6853243605765,-79.70372872260413,316873.3860442837,-88.96761218897103,6330.891464996617,5417.414566481262,1,REF,Referent
"[588541.11330362 579025.59641635 587573.90475307 586788.21291992
 585976.34033057 579847.25370396 587659.19350243 583847.36655002
 585020.26919317 579349.6451192  580817.95297684 584856.71791756
 586463.46196661 579728.70788171 581633.87695278 588864.21895206
 581739.20155648 590821.63775434 590004.32760843 583464.1329295
 580804.45260744 584347.36407838 581290.7594689  585836.16924192
 583324.12184296 589860.9460984  590915.14977395 582763.56836707
 581608.21172395 590889.44635864 590635.33273277 580152.99757571
 582632.92913216 590266.65267133 583241.46175045 590857.33114014
 584210.38426089 580492.89117454 582237.00086405 585574.98508744
 585467.59728701 588668.18787946 589466.46694452 587056.70428978
 589199.64858189 582783.61832492 583383.86532339 588032.18866209
 586317.67509238 580997.88442377 586855.93632882 584317.32213788
 586731.11355972 584798.10924666 587792.17606204 587324.27390536
 583848.55926163 582264.11213648 585815.03564412 585937.27690991
 586668.94616375 588049.28451519 587409.68258359 588744.49787903
 586742.35042224 589769.83808226 584528.82486135 588557.81781349
 586308.53684573]","[5847828.23424218 5834428.2168964  5836045.31118329 5835012.43213539
 5846590.94522553 5834465.32313474 5847585.76694106 5843679.35603088
 5834873.1408353  5835211.80691053 5834542.16529856 5845059.27647707
 5847256.62619924 5836121.79070712 5840652.64081456 5847260.85807128
 5834614.80135104 5840442.02223969 5840112.85569631 5834750.50743664
 5838697.65747091 5844362.86625354 5839868.40783116 5834937.4468291
 5842963.64021489 5845512.32150756 5843437.55284613 5842197.51462253
 5836490.98776193 5842603.33544193 5844154.34066605 5837139.69331064
 5834685.00104368 5844800.33505956 5838125.90870166 5841592.21332861
 5834810.0039042  5837956.01952542 5841477.56339869 5840988.24537981
 5845895.23015332 5843351.8291513  5846205.09227111 5836818.11315988
 5839438.62635729 5839143.7313382  5840490.01614814 5844419.07146862
 5837919.27267089 5835574.91197195 5839592.06263886 5836423.24734993
 5838843.78230442 5842651.73187679 5841494.95029684 5840422.13617655
 5841422.72285112 5837360.25544293 5837139.07144477 5844250.07338622
 5835694.85785271 5842345.86133005 5846815.4050754  5846641.10623386
 5845561.39870961 5841760.2975933  5839181.27335087 5845340.9050705
 5842645.55557101]",6180.374835834424,6774.655747772555,6607.957125645431,6709.708169201554,5791.28024085732,5924.458309721072,6179.025390299354,6168.968251713709,6166.813445595716,270.43942025699954,6542.026429387838,-79.7290910744912,316564.25269672705,-89.00514615672994,6322.5593021154145,5415.258521588088,2,REF,Referent
"[579088.74907554 580984.13908803 588541.04905826 582140.16814378
 586788.04036537 579331.10821435 587575.43815702 586464.63292083
 580615.69961286 579926.49769776 584670.07546959 581623.39573082
 581022.68140114 580282.28097124 583698.17261393 581316.79988607
 579703.78769666 582680.33006966 585610.3373197  582286.90338032
 583338.24191828 585164.10663239 583225.18631707 586068.93780598
 580008.15785958 588949.29189722 584144.19195734 587801.32438649
 584196.20293218 584993.22857785 589975.90289409 589361.29030238
 590910.02964905 590251.20894435 590812.39776198 581841.66152391
 589125.72728839 590824.17482091 587667.40714545 590397.81123506
 581228.38131612 583653.50178881 586607.45231807 582660.5230418
 586004.36469718 585706.23887239 587017.83707134 587773.8750409
 586728.3850534  586413.83803772 588502.56375818 590878.01705941
 582102.11085974 590852.01405963 586367.810094   588268.71102846
 586287.2088587  584468.52625703 586492.35893419 586435.42649991
 584439.38290314 585428.10692807 589170.53804582 583143.08346886
 584570.21432368 589179.60503755 589696.37327426 587929.1055208
 587512.22624196]","[5834423.33747209 5839134.42216827 5847828.32038643 5841344.89628348
 5835012.41100463 5835167.71647125 5836044.14906396 5847257.10694571
 5838239.78926859 5834471.6829368  5844803.49378379 5840638.57725306
 5834558.02783008 5837450.42952148 5843475.79633902 5839933.49157613
 5836061.61249988 5842082.45624192 5846090.54690991 5834657.60300685
 5834741.27298006 5845480.35787082 5842829.02088815 5846717.41269332
 5836792.70241368 5847111.83050589 5834803.92132787 5847624.9619347
 5844156.36109427 5834870.83466701 5845309.09793565 5846388.93162293
 5843262.20043999 5840087.81096681 5843843.93423658 5836504.4447977
 5839392.61717107 5840537.45418898 5846753.97495458 5844570.44516976
 5835433.54283694 5839815.88868923 5845109.4642342  5837538.50560323
 5834950.68779142 5843640.95607421 5838896.92365744 5843572.93476055
 5837308.21547978 5835810.73166114 5846011.85224418 5842237.4869762
 5838779.98048955 5841423.31325889 5842182.17650264 5844789.66521361
 5837960.94553141 5841500.06330514 5836708.55020038 5841006.11532863
 5836542.86018843 5839896.24111028 5843302.89813251 5836024.19462379
 5838211.50914015 5840527.51698793 5841731.32415519 5842391.91302229
 5840190.49759676]",6183.449863768578,6778.295972384644,6611.175528567695,6715.17596338771,5794.151317430971,5930.098437039484,6182.107451643974,6173.178913054965,6186.408719778573,270.80523939498113,6543.755506754012,-79.73599199359168,316743.3726024157,-88.95321823389034,6328.35342678612,5418.120902091984,3,REF,Referent
"[588541.12605892 581434.48306833 579851.77097788 580189.38055046
 584497.57323627 581859.76176572 579560.71942308 586787.87913377
 581056.86483376 580185.44229958 583536.59621789 586463.56433953
 585999.84986451 579032.16209708 582569.53853528 585009.88441739
 587816.55714818 587574.94328795 590821.87203091 579256.59772992
 582407.88962557 585939.54811522 581335.50938005 590871.5438759
 580776.033168   580506.78707673 583699.14398068 583013.70781013
 590014.83405698 588991.08639257 586907.14686506 584735.47696819
 590458.22953862 589472.33152099 582056.69221668 585066.06609363
 581958.52891107 586522.39095603 590788.94176863 584022.09267286
 583909.12377659 587781.39613293 587755.42036266 587347.77664155
 590902.50758391 587151.0496281  589991.79212278 588180.65360791
 586293.64016465 587491.5665253  584718.57819709 587578.54480655
 585911.60179123 584620.45455244 587518.88146137 588936.29615398
 586094.88649923 583541.94754272 583882.00940967 582915.65753382
 585882.36316094 586041.26234089 589597.31092749 584268.62016785
 590884.66401225 588965.75829989 588654.92229892 585648.47406273
 582147.87851587]","[5847828.303963   5840214.6612267  5836417.62779454 5837228.00482178
 5844568.28632018 5840961.89897425 5835716.50204415 5835012.34498791
 5839308.1914439  5834492.08897527 5843254.50427261 5847256.72035187
 5846622.98955399 5834419.62752269 5834679.98888673 5845269.32652885
 5847629.12559144 5836044.35859252 5840440.30132961 5834988.69958799
 5841710.87774054 5834945.52748224 5834582.78731432 5842033.18784929
 5838634.96617791 5837988.81603656 5834770.03339541 5842539.71695275
 5845242.85793409 5847038.93854782 5837040.14993201 5834851.08359139
 5844464.83712964 5846192.82397069 5836652.94489927 5841966.95065501
 5835375.13271019 5835917.30457515 5841363.54333009 5843918.21657465
 5835885.59749642 5842551.84557974 5846994.96308809 5840223.52102892
 5843041.1645823  5838662.76648906 5839927.57293546 5843634.52446488
 5837953.05735733 5841234.33622673 5840949.09480679 5845350.34252298
 5843046.73755404 5836776.3003747  5846267.05493146 5839446.23843935
 5843917.32200397 5838873.33218057 5837613.9370723  5840654.49440816
 5839321.69188972 5845106.73548994 5841198.16654397 5839885.40936912
 5843716.68129753 5842196.77449121 5844839.69589352 5846027.80337845
 5837690.19290287]",6184.79556395272,6782.055698085637,6616.311359165648,6713.15826356447,5794.4805478790895,5931.132773798081,6183.459334385941,6181.5355169666955,6194.892039234761,270.673138498197,6542.146752066704,-79.67221799939362,316787.12669658766,-88.94265600781677,6326.141930515666,5418.932359057153,4,REF,Referent
"[579061.03873476 588540.87477661 586463.40244986 584477.82535546
 580184.19414886 586043.81336554 580575.50982155 579337.94407306
 580904.76595181 583558.4851396  584037.43992192 579794.87562599
 590821.8901763  580894.15066927 586788.25331114 585271.06803677
 587810.93855007 582617.74446331 583085.80107441 579933.72746991
 588957.77064712 581564.15132354 590703.65100684 585358.64885431
 582669.14764664 586106.20707589 581734.17313623 584477.08628536
 589851.90516897 583588.96468793 581183.85077047 587519.83574654
 589793.27498852 580709.24202196 582281.50307994 589382.36276083
 590270.3887482  588729.50042048 587179.03604212 581769.1132564
 586498.13527225 586199.95018281 590842.48907566 587353.78489838
 586918.34634188 582923.86695735 590875.29643509 590911.15739156
 583226.63222037 584609.86505522 586914.90768725 585794.1872837
 588562.26942229 583253.75718941 585133.38741489 584871.2734921
 587718.75783753 589351.06269971 584679.06029809 588122.46959747
 586530.25639857 587981.9686643  586208.34440822 582829.64509407
 589860.22572904 586244.71775075 587904.4849784  585374.07654675
 583709.44672491]","[5834421.26161941 5847828.35652958 5847256.63758767 5844541.7476706
 5837215.32231766 5846683.07546491 5838153.95655833 5835183.92469071
 5834549.11270956 5843284.54689225 5843939.38267053 5836279.59077
 5840440.88215826 5838919.31327904 5835012.31960238 5845625.85447157
 5847627.63827983 5841997.78470249 5842638.42138502 5834472.23857743
 5847097.4950114  5840524.78046931 5844032.60244077 5834900.13421206
 5834687.67176004 5834958.72523994 5834613.98557856 5834830.15702905
 5839842.64976195 5834760.42166851 5839612.84175977 5835998.94072622
 5845631.56821725 5835951.46009389 5841352.08364088 5846350.55024028
 5844794.77726734 5839570.81120031 5836635.85466941 5837166.83706521
 5837595.55611071 5844092.40785179 5841100.24679384 5847112.75036938
 5838674.41565244 5835763.13507793 5842153.30743452 5843298.29914187
 5838168.46960905 5839533.13724427 5839652.37770004 5846156.93305978
 5843853.88159642 5836856.27120154 5841815.44928801 5845079.40802834
 5841161.48725339 5840976.69837993 5836321.86830888 5842723.33595338
 5841001.90865907 5845024.98604332 5836598.68341515 5839379.92737298
 5842466.13687663 5842787.14602066 5845989.11565113 5838554.62753439
 5840869.97314118]",6180.558536704191,6774.287602126805,6606.631836326502,6714.276383529991,5792.066142976506,5927.357762378843,6179.2097378106955,6168.712340625759,6169.375460445694,270.5919123626163,6541.61045340114,-79.72624598522599,316589.40123107535,-88.99754558991786,6319.545416321996,5415.837998480986,5,REF,Referent
"[579064.55802897 588540.88411929 587806.83656617 582641.1972898
 579733.52056254 579919.93959982 583112.52915479 581220.71219638
 579377.42285019 590826.85164861 586861.77636726 582265.73360526
 586405.55119422 585893.98068588 586272.81827528 585022.88073453
 590913.04453564 580067.11564098 586788.02189822 584555.88493233
 590180.6590473  587559.85376986 587138.74111139 581385.75325852
 585470.82292772 583552.90144832 584060.11280166 590888.46851362
 580390.93662384 582308.06951958 580382.80647372 590599.10645832
 580700.45926199 584041.3198894  589127.58193181 589101.67134403
 585962.44607814 584974.58530161 581070.52898101 589376.54591712
 587324.75116492 582339.51560616 586956.83116439 589817.39126786
 590858.08281314 586979.92375785 581742.11055834 590159.24827306
 587001.82981088 584752.89997553 581722.72453439 583051.90595771
 585317.82806266 583136.9677045  587605.39831133 589129.19757643
 582098.41051387 588189.27825364 585251.78910236 587057.71605947
 584583.79309707 587092.17425596 583491.40083973 589587.48658334
 584522.78104354 588929.62124877 586454.72451165 584542.77040045
 588992.80697834]","[5834453.74820113 5847828.36307084 5847626.42368664 5842030.26545813
 5836133.22158278 5834471.05263618 5842674.58200348 5834573.92668161
 5835278.63566973 5840601.78179573 5847366.40873014 5834656.28072714
 5836139.13170083 5846478.21433437 5846996.24921036 5845286.84756811
 5843360.90799669 5836933.61280505 5835012.4207253  5844648.21818128
 5844951.05548033 5836031.77556629 5838657.52193041 5840098.42095638
 5845899.55500239 5843276.96627372 5843970.34693146 5842582.7140123
 5837711.2866676  5841408.48041483 5835283.47198686 5844217.81381741
 5838454.15927873 5834795.85125341 5839396.09926782 5846844.86452867
 5834947.4853447  5834869.5450791  5839342.54618411 5846136.29774589
 5844618.44956188 5837672.19277416 5836963.31116264 5845588.95478093
 5841599.39768803 5842405.80172533 5840800.66661291 5840031.45372873
 5839872.97059754 5841816.46158384 5836509.01022305 5834717.87031568
 5843405.04635492 5835948.56006254 5845621.67057395 5840949.55853277
 5838818.653993   5846905.19600313 5839247.44022884 5841075.61038886
 5836158.59975675 5843568.8641423  5838884.3300654  5843509.40468779
 5837388.66150729 5842380.01590264 5837717.02749002 5840495.32551776
 5844286.87228742]",6184.3382305148025,6777.174208445267,6611.254008440357,6714.468728131496,5797.297759391914,5932.770070828582,6182.986947165722,6174.315833101003,6193.754067634885,270.6618866846161,6542.997818046529,-79.723584515634,316800.4859374053,-88.98966538845578,6322.898619823264,5415.890917635267,6,REF,Referent
"[579064.84250838 590823.91016543 586463.63652969 579341.54210835
 579758.27474875 580267.00864584 586040.85308298 582109.41495099
 584664.19573496 581486.05977633 588540.95893188 581092.23266456
 586788.33095002 585497.32235132 582838.55700382 582482.52169493
 583433.84205241 579671.85794842 584070.82520466 580788.36111755
 587824.57680245 590852.9203802  590428.44737419 589061.73596717
 585341.76197688 580697.34870932 589087.28222722 579983.47934971
 589940.94435617 586128.65471092 583567.75480742 581599.78138084
 587510.25810103 587120.73432467 583555.31834297 589491.60843678
 590894.66100637 584483.79283004 590076.66830542 590861.63007275
 587119.21712194 586475.3828036  587682.40344214 586532.4338776
 582397.65859887 584191.06047826 590116.40673009 589489.85524831
 580543.77793542 587075.15035127 588891.73192439 580908.35114418
 584609.518677   586782.7077418  585871.19643529 585279.52942642
 588295.74053819 587614.76610065 584142.0450498  588078.06981177
 588863.80419436 585209.59378764 585682.16860855 582569.3668742
 587946.16241661 584246.23747598 582570.74352757 582524.56433123
 585508.45833666]","[5834486.18396274 5840508.975824   5847256.81567899 5835192.9754169
 5834458.31864491 5837414.29100521 5846679.14188148 5841303.17400851
 5844796.63914156 5840338.10828293 5847828.37968635 5839393.66123955
 5835012.30829831 5845935.97723489 5842300.19699144 5834673.45168114
 5843113.25825047 5835985.67321219 5843984.94334392 5838665.35226599
 5847631.3983916  5843770.0954096  5844516.52515668 5846913.99007221
 5834898.67820641 5834532.50246769 5839465.77784513 5836733.73213488
 5845371.92129242 5834960.63302563 5841176.78146996 5834603.47017891
 5835991.1697522  5838649.24057439 5834757.7254352  5846160.98670812
 5842770.5047251  5834830.6899728  5839980.07369725 5841718.60671317
 5836723.54240425 5845141.94234981 5846965.36358427 5837601.03147057
 5835878.40197713 5842270.01146305 5841165.07064636 5843390.79828643
 5838075.70975415 5846121.96846168 5841905.15652482 5835709.99839664
 5840104.30561963 5840740.18949721 5836435.37283308 5841511.1637188
 5845691.10216511 5842432.1567257  5836396.49758262 5840203.81293952
 5844735.95466833 5839014.82916321 5844293.79380375 5839854.9844534
 5843722.66330435 5837753.4564716  5836940.41249539 5838079.2371855
 5843237.91276423]",6179.758510210571,6773.2648057544475,6606.44553971812,6704.24236329236,5787.315533602842,5924.836107754823,6178.402310643381,6175.848734216406,6192.254122686621,270.0747800625751,6542.297415318947,-79.80660254556311,316494.72496800154,-89.10236094122608,6316.780879903412,5411.235446304809,7,REF,Referent
"[579101.66860421 579328.04393573 586017.18239147 581602.81474228
 581014.93458224 580014.01385465 579684.17057892 580081.81838356
 583540.59489455 582121.44155114 585482.13298146 583972.32802227
 581321.75603999 580392.43307908 586463.34312022 584047.94066995
 587574.87734515 580708.84976577 581037.6656965  590821.71204079
 590603.86969127 584454.49293163 589896.62608174 584931.11329432
 586788.3591023  582655.83552503 588135.0783832  589505.31350871
 582111.72350978 588684.26818996 584933.98838003 590864.55304285
 587053.79295694 590893.38765992 585902.60639446 587355.90521588
 583168.79442943 589119.94515682 589114.08120096 590083.44195617
 583178.56027474 590299.69807698 583495.99017816 587132.43073291
 584625.16273476 583109.65384243 586409.10892187 587722.89555333
 586702.97779882 585851.87936633 587259.70448587 587121.27417814
 587418.33786474 582732.47016062 587284.25666842 590914.56439086
 590841.82753842 586483.51596721 584968.52935313 585756.6008399
 587693.99271919 582262.13527641 584419.19965823 582090.51692725
 585288.2257273  589347.58570212 589141.81909039 580743.44420611
 588654.09538559]","[5834416.3775653  5835160.85051403 5846646.39815957 5840609.93589623
 5839208.72613409 5834478.44832279 5836015.64850068 5836969.96553483
 5843260.3199052  5841319.33971573 5845915.23650615 5843850.45177111
 5839944.63555659 5837715.40452681 5847256.76948602 5834796.3356774
 5836044.95099448 5838474.66995005 5834559.09320125 5840440.20250602
 5844209.1121289  5844509.84784427 5845450.46678085 5845161.51047514
 5835012.5706156  5842050.47377657 5847716.79200099 5846136.94398594
 5834643.74071668 5847577.05172035 5834866.16589378 5841914.36054573
 5838624.51612373 5842729.4953224  5834942.50355004 5847502.4564774
 5834727.22251299 5839393.37473732 5846822.99777868 5839984.71280027
 5838990.10746932 5844741.9478787  5840260.70649224 5840212.26404644
 5841597.10246006 5842670.71559448 5835845.58434619 5846618.00268353
 5837346.46220778 5843249.01022012 5844162.84868143 5841570.72472341
 5845139.1745526  5836893.52415675 5842586.20741978 5843411.65468512
 5841124.09774106 5836695.17375855 5837824.65077784 5839060.56359543
 5845872.02715207 5835908.36237406 5836512.88985367 5838103.19403565
 5840224.43892728 5843537.82056723 5842049.11537322 5835673.09636014
 5840626.85713507]",6186.468384598123,6780.101487140896,6614.014736992106,6721.276545888596,5803.140448557771,5934.338122923793,6185.126642463892,6172.897309095124,6174.859338287952,271.08282003975086,6546.462462960542,-79.68839045048448,316899.65904664155,-88.95317248905026,6328.003627398245,5418.400012823287,8,REF,Referent
"[579059.05014791 586463.90015665 588540.89951325 580559.26596789
 587575.22001535 579825.07858442 579262.49430484 581598.13012615
 581217.99397222 585478.75562745 580233.85485138 590748.79889419
 580261.02882974 586787.6489752  585974.72176135 590892.75888613
 582363.34614033 582385.66415266 580885.02288646 587678.4958724
 581211.97522946 585891.30409895 589030.37281055 584968.47143307
 584108.50009569 584485.12522842 583439.85563787 584993.62490278
 584004.74269051 590821.87541919 583236.37161203 589887.46248824
 590853.56817701 588157.51439514 590904.11731132 582709.11727089
 581126.46938965 589785.26402564 583564.35180201 585890.3856935
 584174.21654734 590423.19712236 585788.32241509 587104.85042268
 587150.27755298 587495.89497079 582908.12124779 586599.95145958
 589372.67814037 581866.36183969 585215.61906069 586592.45845126
 583108.30426108 589441.72540843 588752.90234016 579550.2591952
 586592.13512934 582402.58464576 587807.44186127 585055.91094128
 585840.69541684 585186.19406244 583516.63823845 588099.90655028
 587651.35588231 589717.54909228 587471.64254044 583088.39108754
 588214.47878102]","[5834416.36349512 5847256.74355891 5847828.43559521 5838115.50793974
 5836044.44266399 5836353.41755405 5835003.89713048 5840603.63932131
 5839695.78875579 5845910.09501973 5837334.10987738 5842356.82108551
 5834497.88575178 5835012.39612439 5846588.61648254 5843702.30417159
 5834663.94115076 5841680.61368311 5838895.79407507 5847591.14942379
 5834572.83290205 5834942.12541588 5846970.05550691 5845212.28782274
 5834801.156912   5844551.0747001  5843122.07649438 5834871.01205184
 5843894.4880526  5840440.40978731 5834733.31363784 5845466.19519611
 5841454.88552973 5846972.64788677 5843080.41444747 5839005.8924202
 5835697.52234841 5839800.7580039  5841438.0186694  5843810.25631535
 5837331.63590228 5844526.35492919 5839800.97414185 5836744.39502475
 5838661.29758274 5845915.55097555 5839937.31602613 5837495.08227154
 5846188.11647587 5836913.70128381 5838663.21773329 5835755.82898866
 5840708.96537294 5841174.42469406 5839499.27962339 5835693.48911418
 5844793.38652319 5838114.23018077 5843114.73349948 5842708.85088886
 5841202.14810974 5836508.00690159 5836070.67181955 5844182.37592935
 5841847.95829229 5843271.79501922 5840428.9328781  5842507.47768042
 5845263.56102704]",6184.804755846824,6780.458433404293,6614.972588367536,6710.9495686121145,5796.409046308816,5930.584234412323,6183.460926865615,6178.686069056266,6178.337201845801,270.7752244836253,6544.323421373182,-79.69064738310334,316803.6869545209,-88.9587113994353,6328.060259694741,5418.548607556038,9,REF,Referent
"[579121.75131167 586788.00873314 579647.55155381 584053.77423885
 581305.66255674 580665.86788965 580331.00779495 585139.19146207
 587574.46078683 582220.62722351 579288.40500705 585627.15574121
 586463.46714284 580118.02157778 581079.17271282 580993.20070277
 582867.36822819 588540.91016823 585815.93064263 587528.81627296
 590549.69149929 581598.86924168 590821.3847399  582962.50738659
 583480.08112388 584771.02493247 584595.73083251 586093.85658053
 590921.74490052 579956.16216628 588828.09443104 587058.21101376
 581987.81106208 588280.258974   589047.17308761 590027.52503248
 581674.97225026 583888.89899616 583483.19417056 586395.95785589
 583260.6807518  587872.27008915 589921.78560334 589528.55856216
 584340.64355656 590852.72088026 586255.66811801 584895.33823645
 581151.96142092 590891.99934404 586427.10725771 586059.72211739
 588215.47464892 586119.98216509 586525.09084997 586247.53769566
 588581.62967919 583741.02499814 582464.06256842 586711.85124218
 586291.9381261  589150.66405949 588683.93156598 584867.53150798
 587727.16831261 589623.18924212 590289.0672859  588076.79969558
 582790.18967361]","[5834459.96011019 5835012.28290411 5835926.94554559 5843961.78882839
 5839906.33575586 5838370.5297268  5837567.23034356 5845445.11111038
 5836044.3741039  5841455.19181078 5835066.1344478  5846113.54491689
 5847256.81854598 5834486.64243327 5834562.36440651 5839156.77848644
 5842339.36885986 5847828.2622322  5834935.79519263 5847549.97599099
 5844304.79819394 5840604.59696257 5840440.06848583 5834712.82473108
 5843177.4441684  5834853.66740191 5844702.42546661 5846751.72544723
 5843637.20215162 5836667.99913522 5839477.36211311 5836815.23633143
 5834635.13530744 5847168.65128743 5846940.09938746 5845220.83156838
 5837164.19461814 5834784.08857679 5840972.52978417 5838384.33541579
 5839463.03734372 5846249.99402258 5839884.3309175  5846096.16533374
 5835934.56189462 5841427.76381289 5844017.1886607  5842581.63130726
 5835653.79015164 5842691.62609325 5845061.33273884 5841827.14375366
 5840436.16184395 5840183.78124169 5835792.73843508 5837485.06920553
 5845254.46098194 5837378.80814475 5836658.2460792  5843031.78542503
 5839282.90432538 5843694.6428338  5842744.65633042 5838815.48039712
 5841604.20584443 5841045.31064975 5841988.19784079 5844357.31755865
 5838508.08803241]",6179.287589871188,6777.610909694127,6611.146690279019,6706.6425718574965,5785.607072828262,5922.787264283412,6177.9413354016,6168.844927895234,6166.975559726401,270.2357975023467,6540.948651806382,-79.8096156174626,316466.4675781222,-89.10689062019487,6322.122748182196,5410.965977799833,10,REF,Referent
"[586463.09326388 587574.38378302 590831.7972861  584303.66880931
 588540.87102167 579638.91562158 580959.46048133 579984.94555111
 579041.69657753 586787.65445633 579281.0760297  583049.06565498
 583682.66709503 581661.39593576 585935.99484347 589134.23793095
 580654.53509638 583939.45665777 582334.31329224 590904.02242793
 587722.07685867 580417.4089819  590423.94918351 580325.23237889
 590879.41164344 581280.88696186 584854.88117696 585407.8863295
 587012.38786217 582562.74360752 590853.93228731 589901.16360324
 590816.18927784 590309.86145576 589470.36374312 585349.66812871
 586603.68662893 586413.39066658 587167.39229865 584183.28540026
 581475.06499286 587583.3892394  589053.24113092 585159.66974753
 587100.35074869 586990.65514629 581617.82907058 588534.95211071
 583077.62018606 589054.41065242 588480.47699636 582271.11405034
 589014.4969093  584826.24944759 586726.7734792  583886.58019957
 583293.63375196 587590.21248237 586957.74939027 583270.67181515
 589279.39780641 584947.10228857 584944.95432337 585227.38283752
 587552.10576744 585680.17868367 583508.51066796 587199.04062384
 585123.5741411 ]","[5847256.45818792 5836044.51720057 5840774.22947747 5844303.40357021
 5847828.33206912 5835906.28555964 5839076.02904083 5836737.285208
 5834405.36075022 5835012.25498324 5835048.32017347 5842586.61314361
 5843454.25810616 5840690.54449604 5846535.64554663 5839398.13189994
 5838340.52687459 5834787.88360093 5841610.41067921 5843093.43568173
 5847603.08588101 5834510.60544997 5844525.03663782 5837553.09126322
 5842290.97768846 5839847.31583778 5845057.23634705 5845813.48495495
 5838608.53642744 5834679.33334148 5841496.74097153 5845442.28909679
 5843837.28280397 5840124.28382521 5846198.25614163 5834898.92598836
 5837491.90735114 5835681.26137888 5844920.77167931 5835635.08033863
 5834593.85807251 5846787.14279788 5846928.52679089 5837956.82677959
 5836753.27624456 5840949.49925436 5836334.38122337 5843737.45357736
 5839225.15871255 5841392.22838192 5840184.01481154 5837885.65444129
 5844676.81659511 5839075.59142898 5843800.99135744 5841800.03426633
 5840601.1534298  5845812.6752458  5839603.15387352 5836369.39966103
 5842607.41307263 5836716.47973313 5840076.23429952 5841219.681316
 5842696.73695146 5842406.38714893 5837568.87243743 5841750.61464392
 5843427.29038335]",6169.0286800207905,6791.276914275437,6623.84122096731,6702.691979524816,5769.7671833506365,5903.610792843278,6167.696920643396,6165.980577563406,6179.6823445242935,268.68783671433187,6530.742681157883,-79.86581918774236,315798.59209971275,-89.20987169213892,6315.636975462498,5405.147697262761,1,wdm-JENS,Wake deficit model
"[579064.80389724 582818.82639396 590821.75467829 579812.84853591
 584223.65068048 590524.6565396  585681.75187808 580653.53429484
 585402.92047244 585960.28076484 583884.91420468 589482.56020954
 584394.28770916 586788.33095002 581631.64454077 581643.9828856
 579354.92623157 582889.98793863 584900.21949145 581295.67092869
 582263.83179559 588324.85822248 589124.58585152 589136.06002822
 589834.01781458 583337.67371804 580330.43997712 590921.26024459
 588804.96041082 590871.24015251 580287.39146432 587574.51257449
 587419.12807275 590894.99194421 586463.07724656 580965.40987953
 589977.14518679 582551.71355879 589991.32778084 589647.0896745
 581500.89683103 586502.04176607 584621.81928277 584907.0984922
 587017.17773323 586951.71071958 590725.27735137 582416.93072147
 587380.00515796 589242.23646545 588035.38001829 588564.90232027
 583463.05229763 588033.57373786 580787.66082169 585919.12133963
 583778.17698265 584323.50235071 582998.5335853  586257.89465934
 585279.22285212 586928.76687573 587212.24146947 585069.83176102
 588262.93197574 586330.9570528  586302.92275852 584300.19188532
 586818.68461695]","[5834484.00293605 5842272.42215513 5840440.22884259 5836321.88094246
 5834810.49346497 5844348.71686751 5834925.1405032  5838340.35725367
 5845806.91897862 5846568.39440385 5843731.15231309 5846174.60021473
 5844427.05576138 5835012.30829831 5834605.90520781 5840666.4969297
 5835225.33434911 5834705.07638193 5845118.92458883 5839881.61651416
 5841514.43628344 5847768.95293339 5839392.0430858  5846784.17582052
 5845559.67054651 5842982.83948704 5834503.60813521 5843621.68845954
 5847364.76304704 5842020.56020426 5837462.74770608 5836045.02245603
 5847519.70579481 5842794.73562421 5847256.45391365 5839089.81284594
 5844921.04980675 5838002.64076136 5840050.34803536 5843326.5601658
 5836860.58986378 5837645.24392442 5835762.3139993  5837220.99183874
 5836876.52090076 5839583.52082742 5841247.50345205 5835808.64441793
 5840998.9015131  5841650.49492712 5842388.60299629 5840222.44425297
 5836838.49720007 5844867.08339811 5835716.91899552 5841038.70635271
 5840392.98965159 5841567.74362228 5839315.61420827 5836056.64951107
 5839672.36381179 5838580.75870743 5845889.64969964 5842886.76730321
 5843583.75592396 5844344.95775363 5842308.82215813 5838462.44069669
 5843468.06983698]",6168.563345994815,6790.44248978556,6622.346325084393,6701.297679088289,5770.999579572056,5904.419966679649,6167.232688857688,6167.048144070287,6166.696714216305,268.59432471880393,6530.419089360982,-79.9166046607267,315802.3917644519,-89.25879125620436,6310.631573968998,5401.801022118274,2,wdm-JENS,Wake deficit model
"[579325.60747926 586192.2804974  579076.12122894 588541.41282583
 586788.13967306 582703.20744564 584474.44910158 579997.52642814
 581345.3882004  585130.69453491 582266.30295405 589127.36219164
 586952.48052163 585702.82794689 590172.51189578 583273.60652696
 580440.02071542 580806.53597857 584844.45637925 583813.9155584
 589114.81680447 587575.13401267 580345.48973388 583831.43099124
 590563.60551847 581524.45511232 587809.16383542 582772.13379462
 586845.70693006 590736.21032995 585809.16172475 587120.45855479
 590904.73733149 581735.49105559 589394.18713702 590844.48384314
 590876.57108076 589594.52981526 579708.70131012 583881.85450858
 587003.7306056  586319.25531098 588024.03209711 583959.56271441
 585445.97566702 581441.47327475 587848.1762317  589634.82690467
 587629.34599243 586028.19116047 585342.98527676 582265.67931302
 586933.2049209  584978.4349238  581799.68195691 589793.14658048
 585141.94393539 584185.41224315 586641.25098725 587835.77581938
 588251.3348159  583625.0968292  585326.18715981 586822.83734487
 582956.20465063 585889.86287913 582802.55433792 588657.71473516
 588710.67632902]","[5835155.02021579 5846886.08229425 5834431.04800129 5847827.80249927
 5835012.50828279 5834690.56937032 5844537.11360553 5836767.24308237
 5839998.95308411 5845434.30932643 5841517.70684968 5839394.00954198
 5836974.03190504 5846216.49797549 5844966.2674138  5842895.07964232
 5837828.59746658 5838704.83385131 5834859.43828687 5843633.75382518
 5846821.08398711 5836044.12728976 5834504.60619628 5834779.94721106
 5840280.86487417 5834597.47268318 5847626.77902176 5842209.13585008
 5847362.05450925 5843977.20310051 5834935.28752376 5839871.38129158
 5843094.69923135 5840791.89082539 5842355.26756552 5841173.42206014
 5842191.20163017 5845980.02881957 5835990.56828398 5840179.87337385
 5838705.36713237 5842956.0375145  5842998.54658637 5836202.62933899
 5844121.8688978  5835867.68467838 5841247.50542212 5843807.21812845
 5845541.31832968 5837579.84784892 5839723.36573742 5839443.38562132
 5844352.4783417  5842547.79036555 5837418.41478124 5840995.46963432
 5838475.52037357 5841343.03549306 5835963.44737229 5846571.62615494
 5844039.95897782 5837635.6382875  5836363.99473618 5841959.55072618
 5838660.31922626 5840881.59171213 5836609.59441476 5840256.96194729
 5845030.57040549]",6160.325158650975,6783.700591344244,6614.781322004924,6688.007604171935,5758.648137318467,5891.364380209574,6158.973456291127,6157.122381679008,6168.173848762882,267.66136040734375,6522.937116139541,-80.03818577834461,315331.821540734,-89.40842323922007,6299.13726023099,5394.14760591909,3,wdm-JENS,Wake deficit model
"[581471.33607752 582595.00727854 579137.63669365 586787.70997901
 585522.89971085 583938.35390613 583280.05834187 579364.19971384
 585198.31550991 590556.39809804 590135.52119383 590821.89562588
 580120.61039933 589355.16718294 590922.04217347 583278.77737039
 590848.52555504 582198.01711802 586460.77419652 581959.06773217
 585835.9781818  587453.45059461 586446.17499108 580877.53696587
 588935.76726085 580468.80337105 584429.17051277 584558.09992744
 579729.44968062 581161.02195396 588540.88922437 587575.16507875
 580169.40004782 589797.96356561 585997.57660509 585841.98413253
 587147.50974413 584914.44900719 586464.19330901 588796.85148509
 587551.32057377 586430.68680407 587432.78332213 589562.22333734
 586588.50876265 585701.10324918 584535.31914497 589511.89253812
 581151.61003031 584395.75677316 583009.4644268  581642.50651099
 585978.00299567 589366.96620334 583843.68261911 590874.76628374
 586080.28300221 589018.60285576 588110.15708254 582577.2368957
 583740.26303662 584708.17829698 587579.41015187 587609.20600344
 588334.87896603 590900.48653264 583250.82841191 584635.82566158
 582579.90811126]","[5840303.69482045 5841967.14912449 5834426.19747221 5835012.37420592
 5834912.57852504 5843803.97140343 5842903.63060372 5835246.8666993
 5845527.13610167 5844293.02257681 5845029.83384171 5840441.05659747
 5837061.90133258 5846400.34474834 5843651.58572968 5834736.22810444
 5841293.47270181 5834650.54153965 5847252.69785605 5841097.69288974
 5846399.09489806 5847529.11817909 5835787.47158696 5838766.71832225
 5847136.09541463 5837897.84221824 5834827.36454593 5844651.21421148
 5836123.80497063 5834568.81501877 5847828.28720517 5836043.9577615
 5834491.15358265 5839807.85453716 5843965.72376456 5838440.76473572
 5838659.90348683 5840264.28710771 5836753.45607076 5839486.5117524
 5846169.74402034 5844992.44043449 5840123.88363642 5845669.21417934
 5837517.32903166 5841451.98296042 5842622.47152719 5842017.47757987
 5839537.10620512 5837703.90333547 5839211.96173181 5836628.50287212
 5842751.84483706 5840719.05559833 5841475.06050013 5842133.43061512
 5839815.48412516 5843898.0630615  5844862.56480764 5835817.3517148
 5836764.33838189 5836088.74510545 5843237.29873883 5841332.5704844
 5842461.54858411 5842956.72812467 5840409.73406687 5838837.21279391
 5837991.32435974]",6163.96096155806,6790.192346666067,6621.722454267276,6701.407541657156,5762.722549025905,5897.086523543941,6162.622485563298,6158.128820513042,6138.402034052407,268.31553840146574,6528.783837772305,-79.95120567919983,315508.06869071303,-89.31405151331802,6308.092306130237,5400.067911621278,4,wdm-JENS,Wake deficit model
"[579118.32543923 582320.68815759 579452.30013298 586788.24298451
 590829.00187784 586464.34534749 589124.3754034  588541.75367224
 581591.00959347 585126.10115244 580103.78515128 587737.3275577
 581160.69434744 583416.92289473 587574.84727901 585749.42431892
 580220.88182661 584534.11270434 582272.46046751 582894.82025703
 580477.1243188  580918.75639328 590124.743116   583625.07015152
 585630.90562712 589134.44129319 589622.48030896 581343.15525636
 590852.28013989 587146.93966123 590900.20215997 590876.61007987
 590522.91829192 585785.36123821 584521.19207884 585563.29119361
 590920.75837732 579767.35776581 587640.00992422 590276.89569043
 582881.7194561  584859.90563834 581948.27534228 586511.33264551
 583601.3222095  582916.63679326 584553.2956214  589014.85419301
 586088.05783994 586944.89938565 587645.89943363 583103.09132224
 586224.41919193 584942.66981396 587766.37373923 584671.94319333
 586999.31694804 585188.38486207 587136.13559623 583371.49200237
 584324.60494483 587947.20613707 585086.28390443 586441.49305162
 589462.29625004 588598.42750298 589114.59276278 581498.27476208
 587997.61761154]","[5834452.67625315 5834660.35365942 5835457.12576439 5835012.39058632
 5840731.86832296 5847257.12314191 5839392.76805835 5847827.23137662
 5840589.87509864 5845427.63077038 5837021.55147879 5847607.39419558
 5839558.90470115 5834746.65391621 5836043.80370249 5834930.431133
 5834494.77408818 5844618.61034841 5841525.60642305 5842376.97338404
 5837918.62746881 5838760.82935094 5845048.13099909 5843375.70015103
 5846117.97991495 5846787.56279942 5845930.27759865 5834740.60691802
 5841427.47153231 5838670.50913156 5842948.41431853 5842192.44998001
 5844351.76626458 5839983.406629   5834834.07873964 5844194.72943591
 5843653.83788525 5836214.67197751 5840141.16388813 5840103.6772996
 5836263.18884711 5843185.75506929 5837654.08072886 5837630.43690699
 5841071.58603994 5839078.54031513 5836957.14279984 5840354.49435155
 5846743.4451286  5841138.41585923 5842270.50492304 5840068.45932511
 5836023.2787857  5837973.99116869 5846604.94761487 5842196.16770953
 5836900.68696523 5840931.23674343 5845286.28498748 5837888.6886699
 5835870.67178719 5843294.98854694 5838976.93182982 5842950.65906698
 5843039.86204547 5845409.31100819 5841642.24653159 5836356.66997251
 5844316.06655434]",6164.1536295765645,6787.68780303557,6619.319076156447,6693.268931672956,5760.305852194669,5897.9918564834925,6162.821671654327,6152.759030493987,6151.597548621114,268.06435968599857,6526.355533926959,-79.94533758126485,315503.64994531724,-89.31153847486812,6305.8224674999365,5397.672779539196,5,wdm-JENS,Wake deficit model
"[588540.95486261 584912.01446825 579020.65726256 586788.35372331
 580992.0259071  581657.74097424 579350.23242745 580383.01404292
 587580.08022498 587574.24378092 582224.21842563 585899.91842084
 583298.05688746 584800.31566138 581317.33615392 583832.25820818
 580039.57810378 590870.88757942 580855.64547003 580268.0510415
 586630.29737124 590920.28664312 589550.89333177 584362.13535822
 588928.44536512 585545.48650314 590727.67907111 586060.89197155
 587142.93384659 589740.57730199 588689.25974383 582766.70912673
 590525.43065983 583738.8983336  587088.47091294 582597.37938435
 579709.88871231 587084.72643773 585715.32145364 584806.80554904
 587652.46211282 588293.32514957 583641.95146331 590003.00345314
 583096.46769274 581411.7773372  590898.89588987 587990.1805427
 584627.00405587 588369.39644761 584151.30805233 581487.46391973
 585087.37995137 590844.15092095 586103.93265495 581928.44313504
 586514.22224413 585401.40489829 584638.90573827 586337.807217
 583230.24346654 583123.85145952 589328.54819482 588071.89676148
 586464.3549877  586087.10316339 589052.53476587 589541.56064168
 586773.4286704 ]","[5847828.29610369 5845135.39606764 5834410.73856873 5835012.52049522
 5839153.8343135  5840685.64976921 5835213.22946556 5837692.80284752
 5847563.74006429 5836043.27824351 5841460.23682866 5834942.29170843
 5842927.49517348 5834855.76399112 5839933.81260142 5843659.14894618
 5836865.71868481 5842032.2976299  5838458.10137304 5834498.86470759
 5837453.22611523 5843654.22552252 5846055.47482572 5844382.49671278
 5847148.94017061 5846001.44830819 5840382.26190847 5846706.48566466
 5836689.50484933 5839772.57911675 5839517.66627874 5842201.57057685
 5844346.87966454 5834772.12511805 5838636.62226838 5834682.46684712
 5836076.93326978 5839796.56974679 5840520.35849074 5839461.59782661
 5841029.27610919 5843331.75269544 5840540.92726671 5845261.9547566
 5835832.98703851 5834588.57727589 5842905.81212331 5845056.249322
 5841692.43932112 5846335.71372422 5837155.84625633 5835984.71843604
 5842926.17191666 5841168.91948838 5844245.96382953 5837155.03693729
 5845378.5649171  5838380.77162633 5836189.50962559 5841736.42419815
 5838016.96542396 5839180.02777063 5840873.31935866 5842333.64958537
 5847257.07080198 5836294.53371244 5844421.7628574  5842382.17625047
 5843254.86107573]",6171.587752339614,6793.257691129574,6625.835239580226,6704.569037523443,5777.662230115156,5906.870508437679,6170.2636875428425,6164.449900548295,6166.569528191443,268.98832655741774,6534.439828997653,-79.85365653195606,315995.478313198,-89.17768865275262,6314.375709975072,5407.038014289279,6,wdm-JENS,Wake deficit model
"[579236.50741487 579476.2383043  586463.98267489 583674.37312131
 583106.80312416 584214.07085343 585332.83682687 581289.1765507
 580273.08740404 584292.66623097 585883.25288012 581786.68299341
 590836.19773595 586788.33095002 582099.07950943 590480.13500223
 590768.44377212 579844.15588254 580661.95859894 583148.77454501
 580346.31015012 588988.7323663  580980.07624603 581586.78727004
 586681.47893665 590358.83634022 590858.7308538  590907.60377865
 589329.42323805 584746.11288588 589535.23391774 587575.43815702
 587078.54321817 588507.19144798 588688.60899384 589948.22438349
 588541.04088809 582607.67664451 587161.59367404 584635.19521895
 586074.09547428 590881.71824221 586204.71697546 585245.46652011
 583705.00493739 582744.63979868 581083.21479093 581584.56444424
 583696.91748923 583109.14245859 586893.61523323 584585.86336583
 587419.9837615  587597.26338326 587951.77531733 586833.59436693
 582809.29236332 589310.01698208 587408.71424474 589106.90971774
 585133.04026349 584901.53361126 584999.40853734 585031.86615817
 586001.15568906 588105.76142598 585543.28939875 587069.67201188
 589288.47123783]","[5834481.25380776 5835516.24744026 5847256.65574729 5843442.91613193
 5842666.48716554 5844180.85355825 5845710.71800557 5839867.01523796
 5837428.17700212 5834815.83505894 5846463.43759292 5834618.18578735
 5840899.22479935 5835012.30829831 5841288.59428448 5840229.37688658
 5843920.22702525 5836398.83967048 5838360.44195225 5834725.60225899
 5834504.71015136 5847042.09819879 5839124.62555193 5840580.89638809
 5837377.46748054 5844639.61420857 5841628.46299072 5843184.95541191
 5846285.60385567 5844908.66998884 5839646.01806063 5836044.14906396
 5838634.59750592 5839569.33016396 5845330.69848218 5845359.56478118
 5847828.10380995 5841983.79419204 5836661.89072366 5836288.51172714
 5834956.01875855 5842413.95133242 5841676.98479014 5834891.41673116
 5840525.20087923 5835710.04558005 5835664.1999599  5836965.57161069
 5837083.43212029 5839235.07872508 5845226.10981916 5841692.53983663
 5846452.65760237 5847568.50467942 5842406.75771924 5843037.12727541
 5838127.11464562 5843505.60404168 5841054.29782892 5840886.46991068
 5839399.14698052 5838386.56741332 5842892.59083425 5837404.8617072
 5844137.26214396 5844080.13497564 5840486.58328384 5839768.64792401
 5842101.71867385]",6162.271111902379,6788.129603040262,6619.018402766225,6704.203645548555,5764.53717120371,5897.70359235549,6160.947699685635,6159.371609793908,6158.480042871767,268.1755040511358,6525.460354120696,-80.00020495600285,315428.6563199821,-89.36678188924483,6313.210713874503,5396.451396953699,7,wdm-JENS,Wake deficit model
"[586787.99835651 589340.99629108 583340.90261324 579868.05709523
 587575.28411841 579116.65062596 582747.39403455 585039.38337657
 588541.09984879 584021.99570324 581049.24074053 586003.54294776
 579992.99665185 590466.82170611 581969.0198259  588941.58751931
 590616.20527179 584562.06563312 579420.89328009 590912.5981111
 590888.65027432 580780.07817491 583714.0969981  581899.17196492
 587152.07096983 590157.08493424 585558.42039756 582265.11850093
 587565.85561444 587128.55803493 584617.99985605 580271.92943939
 590836.77632979 590862.28830313 588021.96264441 585520.34949651
 589127.59059243 584970.9232965  580968.22547072 581432.8230672
 582985.38966006 584775.78006555 589543.31354631 586740.33288729
 586465.09662384 586377.39173669 587848.07426512 587427.64339651
 584078.00104301 587381.94073564 586097.67679608 581179.0977265
 583021.40022845 584730.4812589  589076.46875162 584697.09572875
 582896.48440969 589448.44496915 589341.51891716 586190.15255411
 587442.36365405 582238.01637724 587101.77413751 583106.65167756
 585108.98902231 588699.57117979 585691.15178146 586498.50955979
 583247.84773119]","[5835012.39525981 5846424.92866152 5842986.824469   5836454.49543693
 5836044.16798517 5834431.66354772 5842173.43583986 5845309.37401238
 5847828.2076489  5843918.1500915  5839290.78224915 5846628.04343148
 5834476.86177741 5840221.0157257  5841111.16270761 5847125.35577188
 5844187.9880202  5844655.85548771 5835382.27655075 5843381.3886706
 5842592.95352558 5838422.17339608 5834770.02515758 5834627.08655955
 5838660.52622376 5844993.03044155 5834915.37794229 5838229.50706533
 5847560.05727099 5836710.15159495 5834842.07831714 5837426.1256286
 5840936.53447681 5841734.01417055 5843395.74608637 5845966.92568749
 5839394.03999113 5838543.09501165 5834731.68861302 5840211.65603419
 5834913.06206084 5843016.13902814 5845735.39747883 5837290.03104651
 5847257.25637506 5843560.01971391 5842318.96886106 5845991.38306857
 5841731.88932473 5841255.10731866 5842350.74803647 5836352.22662072
 5836819.64142317 5839811.09559558 5840385.36593855 5836496.14501737
 5839313.56003737 5843613.22583671 5841775.47804564 5839687.3176374
 5840128.08274913 5835758.17960792 5844813.96981281 5840416.8804164
 5841020.27122412 5844714.18274115 5837715.93397964 5835743.18345995
 5837830.86587377]",6165.433433029078,6788.424276913791,6620.172771587794,6687.848017368838,5766.381085864428,5899.304633637339,6164.0802015707095,6160.010235330158,6143.643939572975,267.9744444226161,6529.920346707489,-79.97091604314087,315559.3444858251,-89.34289109297897,6293.292988607223,5398.825575115126,8,wdm-JENS,Wake deficit model
"[586788.07858478 584424.01525411 589008.19383421 579971.32640562
 579271.25053359 585049.40417699 581175.56778333 583210.11352641
 580803.29602966 584323.3408575  588540.9149065  581985.71952247
 580366.78528063 586368.90636375 589407.69523897 582548.73230953
 587151.97373048 590821.74053094 579530.82349405 585375.00625526
 589576.63515174 587526.96389692 590890.03468555 586427.83604327
 580110.06459484 581127.92090729 590589.75249692 583953.18974747
 589698.0961402  590855.24982408 587659.47496432 582158.94588788
 588610.02378963 587574.88564656 590918.30519237 588762.95500706
 589157.46866004 585795.53178172 587432.48400034 587409.74077997
 584076.4925185  589440.57611905 581865.87275413 587629.47932366
 584781.27558515 585862.00823103 581758.32446787 585158.89311644
 585497.46944022 581219.93343382 581514.01751503 589182.10833921
 583847.87443879 583218.702888   586526.73401883 586988.80521674
 587359.10349498 583737.95621774 589132.96327922 584902.21155964
 587098.25253891 582169.15549996 583340.61750087 585744.49771663
 582932.24303719 584393.93290937 587008.38705091 590148.3935563
 585708.5925306 ]","[5835012.54748538 5844468.23860233 5847008.87205419 5836703.62675831
 5834531.18851923 5845323.15897091 5839593.29945807 5842808.25658859
 5838700.30560645 5834818.10247785 5847828.36384413 5841133.73426944
 5837652.69940501 5847127.557682   5846307.84407927 5841903.43044817
 5838661.2712928  5840441.2571883  5835646.77318742 5834901.63423418
 5845635.5427232  5847549.46686342 5842632.48586163 5835703.35083071
 5834486.10155532 5834566.43993764 5844234.25766307 5843650.46049377
 5839746.24210318 5841512.37585048 5844811.00252081 5834647.76452539
 5839540.48216437 5836044.04271165 5843530.03573938 5843136.42347088
 5840635.64290824 5844032.02080186 5843779.71414248 5845758.72442834
 5842094.28623678 5842359.05135085 5837558.99405472 5846722.67361454
 5835920.95712732 5842917.58816991 5836662.66527288 5840302.50905821
 5841720.11630173 5835689.69874826 5840406.35188618 5841588.977404
 5836468.84182001 5834731.66792995 5837446.22112873 5839804.7222166
 5842201.22982712 5840855.97144879 5844185.35001274 5837432.15723774
 5836756.19111453 5838539.94899577 5837794.76511754 5846273.62256179
 5839620.39613303 5839063.65531472 5841020.99459694 5845008.69234178
 5838698.0784911 ]",6158.479542965972,6783.695753579493,6614.922038126179,6689.297645561117,5752.552991015301,5891.020518083841,6157.135563027519,6154.582360618479,6165.839979330214,267.524038562111,6523.4231428970015,-80.03393620418491,315135.9125657442,-89.43245345290927,6299.950279463092,5393.771166270663,9,wdm-JENS,Wake deficit model
"[588541.01044589 586788.20546185 579079.42731075 581765.42366428
 585115.23578591 579684.2735297  582409.89070679 579348.68489937
 583047.13178164 584180.72619884 586717.86210986 580332.36037578
 583630.65451108 587575.42301343 589958.74094445 580651.01608914
 589055.84037852 590821.22678201 590444.52900148 585639.66383782
 590921.7487658  580963.42937625 586117.42466967 590857.07451573
 580231.0740278  582408.14342231 589697.0635134  587151.74853613
 587737.14140927 585740.26132478 581303.28372811 583530.22336259
 582328.85667289 580012.5684532  590889.61912886 587174.32803154
 581353.98640468 584934.47089116 585382.56310451 581588.4330562
 588616.7592289  584629.84342588 585066.04057589 584602.73629096
 587109.49914313 583147.56610583 583311.94763953 586770.44721285
 589757.3300981  587958.04528445 586630.7138339  586640.17368889
 585788.55746827 584614.02705757 587795.40168833 584862.24150505
 588640.62956633 589352.1544407  582886.86064122 586641.81344068
 583145.06259833 584069.61629047 588418.2842936  585897.77179297
 585605.53075361 589491.57442308 589264.20370368 587306.41944757
 588734.81807423]","[5847828.16511601 5835012.44339929 5834455.21356132 5840832.62147832
 5845413.42766621 5836014.80765871 5841713.68610589 5835209.98559202
 5842584.64614171 5844135.4245116  5847326.84315884 5837570.48123274
 5843383.24997436 5836044.17166866 5845341.40586653 5838335.4633399
 5846922.94313243 5840440.27684283 5844488.75273407 5846130.25764685
 5843651.87369298 5839084.08428806 5846783.71815681 5841572.57416404
 5834495.67700042 5834667.57219384 5839745.77581646 5838660.43546531
 5847607.22780616 5834929.92209909 5839900.5308653  5834755.67300764
 5837682.14005819 5836803.01648436 5842608.86576527 5836641.72459413
 5834584.2681464  5841350.65918659 5839400.97971018 5836123.09953982
 5843296.90933232 5834842.41633322 5842464.07600972 5840174.43391762
 5839849.82953882 5836655.65035963 5838679.28488109 5842534.11776459
 5842710.87923388 5842029.96072215 5841031.20273852 5837438.51203205
 5838349.73145114 5837385.4540063  5846328.03404266 5844781.86170611
 5839531.04097473 5841560.16101053 5839692.98542176 5845070.38449206
 5840856.31436148 5835914.26326577 5845099.09719062 5836193.05517109
 5843640.75857103 5846159.74183805 5840624.47856126 5843722.19624165
 5844214.30126504]",6167.959690140071,6789.043124991832,6620.936093040369,6701.796919649815,5768.2322082214305,5903.113686226203,6166.6230916611285,6161.617904146183,6143.4793291277565,268.63367200542245,6529.787932007855,-79.89791923028041,315780.2867829513,-89.2824772170172,6311.67724546715,5403.787140888393,10,wdm-JENS,Wake deficit model
"[579073.16706064 588541.07935341 586788.342322   580883.2129822
 579361.43412166 580106.60774765 584688.16025991 582638.33337695
 579725.28575999 580493.51394341 583618.75675776 583068.73571189
 585235.53890972 581435.02248907 587266.4671743  590920.53434764
 581873.40085212 587574.66238377 581298.56415901 590553.04731646
 586330.73053432 589154.01292995 590144.3267168  584143.72742092
 590831.82172909 582471.16144153 584922.86459184 585780.27947331
 590900.06389052 587432.18063678 588531.8963229  580185.30628632
 589080.18132157 583804.71016456 587149.46066046 590877.98487927
 590294.9055872  585957.63156535 587149.34719553 588110.85393548
 589492.30540524 585073.73855554 581881.14164496 589153.23724854
 582943.17905008 587307.58254783 590733.75107023 581435.65245108
 585072.34807626 583738.56862737 587039.37092403 588878.78776811
 588753.03465329 587145.45066301 586805.25697602 585228.82757393
 585064.78099464 583249.54774298 586815.35641887 585496.10180511
 582888.39203424 584640.95942606 583918.46417524 585989.18955881
 586607.32678604 585706.3747029  583536.5450878  581989.09033076
 588728.06272384]","[5834433.40987284 5847828.03061075 5835012.41426009 5838892.36752989
 5835240.38231776 5837029.5453406  5844828.54686409 5834685.24426664
 5836113.14610776 5837957.8924326  5843366.42062599 5842615.0857036
 5845577.47632453 5834590.82020645 5847477.72073488 5843652.74935178
 5840979.91087156 5836043.51831039 5839889.49747279 5844298.91110482
 5847075.44891763 5839410.09253237 5845013.65052541 5844084.89419268
 5840758.78820624 5841797.74609292 5834865.28921803 5846322.67222971
 5842953.01440761 5845712.21698676 5840139.96133919 5834491.94947181
 5846882.54016889 5834777.16646267 5838659.13645952 5842236.4568998
 5840115.00293716 5834947.0855184  5836680.17092375 5847055.97849895
 5846159.7640207  5842688.09882297 5835584.30762854 5845387.57559623
 5840231.92240789 5844573.8998938  5841505.6599147  5836581.45795879
 5841083.47269011 5841303.48961072 5843335.55976874 5844038.80626096
 5841475.21966407 5839922.6795895  5842299.06967554 5839279.49305721
 5838232.83056893 5838270.79910603 5841219.63415347 5836100.09976431
 5837153.57667328 5837136.18548566 5835984.41267399 5844190.00991445
 5837484.36073166 5840114.39150905 5839433.04543566 5838464.485866
 5842676.24022121]",6166.638502949566,6787.290915292027,6622.044183101947,6703.209038261652,5763.524220943842,5902.306529291508,6165.287197699205,6160.762311847283,6151.997148349431,268.599056604726,6530.465022674273,-79.94255716490541,315673.1315622528,-89.29646601692123,6311.035082170121,5400.255031746986,1,wdm-BAST,Wake deficit model
"[579032.10492199 584615.33033752 588541.10661624 581133.06628318
 583329.84249814 580078.85892875 580016.80631486 579714.71579832
 587656.41309517 585119.85791139 586466.63619959 586788.14308361
 583419.47315957 581560.45601933 582817.41457299 584621.80461349
 579361.33044669 586066.10172944 582185.21212474 582124.16049178
 589522.22186955 589124.79145296 580429.11639929 584088.90532973
 588986.7478252  590871.24592057 580782.18323051 585867.92795455
 585612.8344044  590393.31115907 581097.65044772 590057.25124963
 590821.88616673 583885.69327434 582996.74395328 587575.18439316
 586675.39060769 590725.50677028 587152.28466658 582790.29183526
 587380.60653181 587088.49394455 586159.13146718 585612.06418746
 588051.97859773 590906.90462307 584620.60978224 585069.51482413
 582385.17102575 581678.4994846  585633.23915104 582331.03629592
 590898.39201594 585748.36138578 584000.53781495 588338.25919319
 589030.21405833 584728.30518113 587839.76819333 585313.27394078
 589971.38091665 589474.82153183 586676.1734096  586837.44561954
 587086.70678357 583753.21298707 589683.48666379 588608.1491968
 588303.42611968]","[5834430.05118879 5844729.23474506 5847828.22042267 5839492.09852082
 5834739.79168765 5836962.83954913 5834478.66662047 5836088.46519749
 5847584.76009877 5845418.25064978 5847257.68201347 5835012.48465687
 5843094.41222102 5840516.19165074 5842270.88083623 5834841.77054825
 5835240.07895164 5846713.13105783 5841406.75902727 5834644.75783964
 5846107.09045718 5839392.55208784 5837803.11833563 5844009.84780045
 5847046.2547722  5842027.92077695 5838649.15146898 5834940.43071301
 5846093.70137961 5844579.07589137 5834716.42345537 5839968.44057509
 5840441.97077893 5841257.64548322 5840108.94316711 5836044.0700298
 5837387.44957601 5841246.87671442 5838660.55292744 5839106.45149392
 5845548.25935785 5836619.67403052 5839650.46437705 5838506.71301722
 5846487.89581338 5843677.8596493  5842438.34463209 5835798.92592697
 5837895.81010938 5836649.65309217 5843590.79186197 5835710.10960411
 5842896.39790595 5841498.82425567 5836460.4076413  5840125.30279074
 5841278.62436731 5839992.9316281  5842247.99409957 5837349.18251287
 5845318.96634993 5842501.22351657 5842912.368035   5844559.20130676
 5840903.0813033  5837587.69150981 5843674.17844835 5844737.12465463
 5843462.02359693]",6172.633523715998,6788.067061127479,6624.898240354725,6703.8157754009235,5773.697281901548,5909.006580334514,6171.28323644908,6158.922535099711,6147.349970059407,269.0100257366335,6534.386724923667,-79.87741990826437,316083.41314212186,-89.19452114585344,6309.916239937667,5405.386819353811,2,wdm-BAST,Wake deficit model
"[579011.7659619  579388.16579201 583610.81366856 581139.69661296
 586178.53222967 580423.5400808  580073.74265373 586770.5214552
 588541.00692077 587574.89943774 590835.17520628 584226.58148711
 580383.92772188 581512.35982728 582582.14261557 586788.09639827
 584221.34613706 585735.39369723 580887.99553845 584752.901556
 588698.43232918 589825.01413047 587696.27190136 582027.17223123
 590317.88396982 590765.93560507 585253.21564527 579861.50852625
 590881.4990656  588970.61913719 589675.91131954 585646.86986424
 582773.39808893 590856.90833605 581560.16581131 583252.04295611
 586919.25420587 586975.37053825 587059.30287825 584615.33247727
 587030.27476747 586526.62484617 584775.48615623 590549.27349998
 587828.03663189 588636.99639895 590907.15608089 582052.1685951
 585122.09015675 583134.92756013 585136.35065257 584306.0612533
 587824.25056318 586452.17296372 586602.21712689 582605.18472258
 589320.70018747 582942.03970533 588165.25966357 583628.30468164
 586171.04856526 585636.23343917 587584.09726418 589401.99926104
 583994.41300642 589095.70642174 585100.27857852 581641.37286133
 589319.35297441]","[5834399.71009355 5835304.13088359 5843356.0353743  5839508.17796944
 5846867.13225912 5837789.39560294 5836950.62089801 5847341.34564884
 5847828.25180167 5836044.4815452  5840892.34496979 5844198.10409799
 5834507.84525354 5840402.75223075 5841949.38382958 5835012.4085321
 5834810.23858315 5846261.12086525 5838687.76614408 5844917.34490976
 5839514.48592696 5845575.26427172 5847595.78698059 5841189.88117651
 5844710.97958923 5843924.63193615 5845600.99247635 5836173.8551086
 5842356.37854146 5847074.95498544 5839733.21954427 5834922.58978546
 5834696.01600385 5841588.28581989 5834601.25671328 5842643.03717075
 5838574.15640416 5839568.00301724 5836813.31008426 5835931.9110769
 5845006.11660028 5837593.444006   5837256.2744402  5840271.98622836
 5846130.07310073 5844730.07188254 5843175.03938334 5837372.89991649
 5842178.57788211 5835753.83570261 5843292.54109282 5841182.50761395
 5843678.4697418  5843603.0702917  5841540.70988714 5838591.11402623
 5846238.82800898 5840150.46710434 5842532.0243111  5837433.83430677
 5835864.3404241  5840142.63872372 5840817.65854064 5843622.21719633
 5839672.03057687 5841262.09295602 5838894.71425413 5835957.32537237
 5842272.85999001]",6170.252321661326,6788.639396260004,6624.37886931519,6697.011713851799,5769.928500303392,5907.359167945639,6168.894279214776,6171.564027507169,6168.797600882649,268.61657956121263,6530.81522054696,-79.90984620200048,315911.04543169163,-89.24497509310372,6300.189093640173,5402.9938239779185,3,wdm-BAST,Wake deficit model
"[579041.17661369 589125.23196185 579830.63525259 583752.15265456
 582588.31722293 580227.03028444 588541.13122701 586683.67428032
 579432.53728924 586101.77418071 586788.07167802 583131.29954463
 585625.23241608 581538.66253272 581223.32044469 584189.55140308
 580562.58237852 582578.63056629 583659.167011   584663.50231637
 585142.48399089 587151.80125931 580146.88685173 590901.16407644
 589539.64738404 584753.27075267 581377.88215192 590013.79721062
 582040.27747927 580888.5923259  584831.32333064 585838.15985102
 590830.71922065 587575.43815702 587749.60783366 589075.69780684
 590877.59747583 580989.18426873 590265.50717586 586300.38901061
 590473.94172146 582301.85319073 583450.64085116 590742.31395043
 582731.72899177 584144.38338455 587008.61543585 583007.20333761
 586531.79595317 588899.74011056 582164.08482595 587375.81751894
 587718.30446848 587347.15548069 590871.52191402 586583.21927549
 585006.03474535 588751.37386382 588445.9933045  586784.25253709
 589165.17995461 584735.37082534 586333.12838073 585676.87282403
 585075.08930432 588962.77281206 583717.95922109 587137.0816933
 585694.3734721 ]","[5834417.65625075 5839392.61194802 5836363.39649683 5834774.17864371
 5841957.55542977 5837317.65491786 5847828.04271573 5847317.40100188
 5835411.04797717 5846762.55220788 5835012.38528806 5842700.06811892
 5846110.65429732 5840464.81871457 5839708.49113141 5844147.72222782
 5838123.37800387 5834680.73763274 5843421.41102605 5844795.40312088
 5845449.86591842 5838660.54358796 5834489.0362622  5842992.65557285
 5846076.55231197 5834852.03774611 5834585.98944106 5845244.84018157
 5841208.37269655 5838904.84020158 5836269.58616483 5834937.6942612
 5840732.49948498 5836044.14906396 5847610.55872788 5846890.44298015
 5842229.99830696 5835843.68061893 5840096.97230783 5835989.62573796
 5844437.41655149 5835697.47511306 5840284.95681763 5841484.65471559
 5838204.71176238 5841409.64220807 5836890.23986117 5839186.55990245
 5842224.80877752 5840444.77280641 5837195.82415116 5845553.87514721
 5846630.32162931 5841100.35089227 5843738.92633382 5843324.86549321
 5839756.18333738 5844807.86754483 5843676.05641126 5844439.47623949
 5842798.67190839 5838113.36045884 5837593.53914318 5841067.17106987
 5842688.33777155 5841587.62343932 5836820.81388559 5839904.32305252
 5838992.3278272 ]",6173.281679381467,6789.364749555565,6625.116014457282,6707.64511797662,5779.157482570684,5911.570790293782,6171.943898423935,6166.551868272828,6155.57389563469,269.247549852118,6532.4213803680195,-79.83019085258493,316109.8239905742,-89.14369515008958,6315.188530338306,5408.605613747058,4,wdm-BAST,Wake deficit model
"[579147.9825987  579741.58346247 579345.04686072 581109.01513927
 586788.09789251 586464.79673811 580112.10645431 585854.44867599
 585233.76195409 580591.43057886 580550.95454559 584616.47731756
 590827.68599109 583935.246565   581525.01027129 588541.01493456
 587575.36557867 590198.24118706 583253.05328442 585652.97708267
 582920.04103659 590746.70844981 581744.31450654 587151.76244323
 582658.54234018 589002.93974063 587106.10403258 580773.18713211
 590190.61868038 590851.88777552 589388.36285705 586596.19123286
 590895.01964645 584254.48978537 585250.84434799 587706.63060264
 582082.2155089  590899.52088013 582646.69892467 586499.83201413
 589977.53404351 588417.3068991  581089.59125282 586166.40991998
 589124.24648267 589787.78130696 586682.84965768 587161.99738314
 584352.70737737 582930.6248251  583934.62289725 581862.1689585
 587165.50472917 586229.27562641 585410.74995548 585559.14880696
 587889.51244468 584772.5687186  587424.57509659 585152.06684038
 588204.87610505 588922.07585948 588615.39282154 584070.47385315
 583445.38338846 583044.21140621 584787.89024069 589281.85644121
 585512.86668968]","[5834461.04392218 5836152.69238064 5835201.30639    5839434.89658934
 5835012.46700404 5847256.91200289 5837042.4072218  5846423.63657461
 5845575.60661777 5837869.87406402 5834520.79642549 5844730.9845869
 5840665.32477664 5843799.55634729 5840433.10791404 5847828.29100768
 5836044.25740097 5840055.31716558 5842866.91102846 5834922.83003962
 5834708.24552464 5842155.37318917 5834614.78482907 5838660.74617831
 5842054.17515567 5847017.16602398 5836744.65331367 5838629.05225585
 5844934.71739956 5841401.09637828 5846342.1097844  5837499.19303101
 5843698.99118021 5834813.25000358 5843291.50341683 5847598.83180123
 5841265.84640862 5842925.81787535 5839980.5241965  5841734.82612
 5844205.84741141 5845305.79685035 5835740.46491235 5844300.42178364
 5839392.27313313 5845640.62545985 5845286.18030191 5839965.36792272
 5841379.80357724 5838550.00612019 5837743.87621795 5837103.05125868
 5842967.94263893 5835875.40209899 5838392.15234952 5839612.0038944
 5844065.19523647 5842394.92112076 5846546.13090996 5837036.72309468
 5841223.57120614 5842295.15269161 5840128.03287608 5839699.9235062
 5836724.43025155 5835751.9253145  5836002.37675914 5843251.62570746
 5840664.87068881]",6166.939999063197,6786.83692309463,6622.928797227609,6696.365634120659,5765.380870136318,5903.089982258214,6165.5880858375185,6157.948503446471,6144.103052613752,268.4628480066646,6530.239883327319,-79.92956315824982,315704.20841917064,-89.27650040380442,6303.529470074466,5400.504544948361,5,wdm-BAST,Wake deficit model
"[579134.8347454  588541.0022309  586788.32141215 583113.74338104
 590827.32358655 590918.82193755 586460.59172855 580562.22538215
 581169.79536296 580859.48773866 583654.49210648 584989.17647843
 584288.57123112 584934.55592932 585656.6909204  590850.58631541
 579376.25244945 586699.14545727 590593.59589149 582028.44282357
 584258.55793302 587097.28452569 582043.19316056 581514.58697226
 583197.64183807 582577.14664618 580109.5539651  586621.1143315
 590168.31140127 589283.65241056 580277.04762743 590896.99110301
 589124.31461172 581098.85100535 590150.99742431 587558.84637151
 584096.33764142 582027.15366202 589745.08579896 579697.64373291
 588795.31188573 584771.73459183 588265.09965674 582600.6695637
 588853.25721237 586047.17426776 582881.3010912  585606.97013847
 587640.00301608 590764.93758124 580132.30990576 586559.55571628
 586307.92073743 585216.58611798 587142.45124461 585103.07883802
 586938.91672032 588465.60563526 588951.1545935  587907.17630551
 589044.65845939 583904.82124818 583049.54900769 586000.93754242
 587575.06804189 587089.25290863 584869.72731902 585383.7183524
 582728.09849425]","[5834441.9489229  5847828.1700716  5835012.66540821 5842675.94071292
 5840618.18648605 5843552.60827177 5847252.40301449 5838119.84228319
 5839580.21303557 5838834.91634978 5843415.96608413 5840426.95156706
 5844282.99405208 5845166.057333   5846153.36971029 5841359.43702752
 5835276.66366081 5837352.18270696 5844227.16295685 5841192.3480444
 5834813.01064152 5838640.77216101 5834638.70400624 5840407.45893199
 5834729.53058509 5841941.90797154 5834485.99772129 5836521.50746501
 5844973.61207878 5846525.67772725 5837437.4513513  5842844.84046303
 5839392.23296232 5834733.21606725 5840026.14893499 5847558.11373726
 5841315.07133051 5836501.84562557 5845716.31295334 5836047.83596588
 5847095.67317809 5838651.4587647  5845610.52745386 5837873.73150574
 5841389.39346678 5834954.74376426 5838980.54850444 5843801.79598189
 5844526.5106748  5842112.02262202 5836750.67974274 5842280.92408949
 5845042.46824338 5834888.86533154 5846422.80069404 5842616.95239677
 5841103.89460779 5840156.65698061 5842509.13664168 5843187.66144349
 5844270.53148311 5837027.61843987 5840122.37313688 5839790.2463965
 5836043.94305865 5839807.39229609 5836133.66174661 5837711.09651775
 5835747.43843524]",6171.844438141818,6788.245507785572,6623.772771664006,6704.443691698659,5774.200667278212,5910.001901221829,6170.490093760676,6165.918939698675,6174.677463110336,269.14136236129036,6538.1821724347365,-79.84645007728018,315987.1509042811,-89.22454953590871,6307.297542224387,5407.227117194841,6,wdm-BAST,Wake deficit model
"[583468.51427546 579346.77434758 579482.54125375 585667.87286198
 581993.7572941  588541.17387809 580205.90150271 580128.49906465
 580881.29754411 579863.57282345 580547.08451261 584028.49133578
 581263.02225847 587574.9261847  589596.71354911 586102.01041379
 584457.38899821 584568.24716217 583428.47674654 590895.92403634
 582476.25533535 586686.4266874  587170.75165305 581533.12406292
 590564.88551356 589180.60427258 585556.77522111 586788.33969621
 582960.30922899 589131.35852502 590921.88520369 587772.96072876
 581216.19093019 590867.84937762 590482.31086427 590840.96974406
 587180.93011889 590043.74755699 586824.03676848 586426.1086626
 584051.47684217 583940.67818866 582341.18332436 583214.11891019
 585247.01312767 584392.9620489  588628.61813787 587148.03697525
 585192.78538598 589267.98296427 588867.4769263  581045.16586177
 584662.34643512 588926.12301315 582505.58363481 582908.44425601
 585918.09461665 582032.11571827 586061.40532326 586063.66448293
 585774.44792946 584393.67229626 587511.72037922 587365.70523399
 585208.75720087 586791.02443937 587127.27748244 588648.6007472
 587811.12428794]","[5843160.8427388  5834740.1821573  5835530.96591363 5834924.09377482
 5841144.93413907 5847828.05275404 5837267.22613556 5834487.53264968
 5838887.95708583 5836445.2761321  5838086.10339236 5843927.43410283
 5834577.1030044  5836043.837426   5845975.62456168 5846762.71810222
 5834828.66813004 5844665.2742262  5834748.23831257 5842824.74214773
 5841804.51136599 5847318.10957123 5836648.03307822 5840452.08043686
 5840281.70840157 5839426.70802436 5846017.05180498 5835012.8122057
 5842466.5752704  5846792.8202903  5843647.86624862 5847617.10030464
 5839691.51660086 5841927.08050523 5844422.26080454 5841065.65763119
 5843175.79720024 5845192.23800074 5842055.5067439  5837759.63596208
 5837385.16414959 5840000.18920048 5834661.93635635 5839083.18539738
 5845344.03441065 5836147.67237762 5840218.74426578 5838662.37447772
 5843003.89687067 5843491.60149346 5841336.25375862 5835876.65152843
 5841974.62970163 5842406.46544232 5838033.99922908 5835934.34697923
 5839878.43383134 5836988.87401693 5844012.50989426 5836981.41460182
 5835907.88539446 5840980.86349728 5845798.42121817 5844849.75907303
 5838660.90871155 5841039.85690461 5839884.54152837 5844486.11855252
 5846664.13330474]",6169.330557036396,6785.370280844751,6621.255540666862,6701.851207751106,5774.844311062643,5906.635480797218,6167.982706152724,6163.958869347155,6145.160664507107,268.65037137453504,6527.880208397054,-79.87322716909117,315846.3036140187,-89.21429221877992,6310.164436768021,5402.916114941268,7,wdm-BAST,Wake deficit model
"[579033.82744884 581282.81761091 579328.83994314 582170.04418274
 590828.6905161  583313.75035304 587151.48483352 580973.52570407
 587575.05339945 588541.22023463 581595.37043845 582734.63873151
 584695.02247074 589125.01387453 579695.72816767 583948.46053891
 586656.06669911 580380.26000004 580050.39136648 585584.5195961
 586788.19713741 585672.82474642 586054.75168518 590223.05461414
 581490.97926969 584789.08201172 587760.04472839 580333.51924633
 590855.73799277 583695.72424123 590905.87362575 585839.59059752
 582561.78964374 589472.28841027 589913.74919266 590791.72493956
 585498.63774887 590374.03693735 585337.50836067 583787.82570317
 580811.71979453 590881.73335695 588937.50383008 588745.77090433
 586982.90496778 587594.90640783 582798.06825644 587306.27370597
 585462.04538476 584461.36649774 580988.54624749 582761.10057499
 585953.52583632 587278.562867   587009.32175008 587190.53684856
 584287.32309749 587052.90597635 588617.35886059 582071.26472364
 583611.87507432 583913.5595161  585700.62575905 586039.98665853
 589058.27434549 588012.5900208  589486.21132187 584415.49066877
 589175.21217487]","[5834433.15721953 5839851.94857407 5835162.16832211 5841385.60122604
 5840699.45003641 5842949.91441911 5838661.15988501 5839109.27914552
 5836044.72338787 5847828.24680077 5840599.51216986 5842157.66816833
 5844838.82415783 5839392.78300334 5836042.93256033 5843817.11300896
 5847309.86419978 5837685.41881727 5836894.59592196 5845843.72305927
 5835012.29804793 5844465.70192377 5846698.13744464 5840070.45612595
 5834594.81925137 5834854.74569265 5847613.40427119 5834503.62459843
 5841526.60958215 5834768.5771841  5843139.48584172 5834937.76321567
 5834679.25372727 5846194.87971007 5845420.42781422 5843880.20043995
 5839958.23895613 5844611.47019396 5843376.08270045 5837387.81120515
 5838394.69956082 5842379.63411429 5846904.39212307 5841863.38916249
 5836928.61762834 5844490.76470751 5838597.0882243  5843481.02303063
 5837285.65605938 5842066.91964849 5835735.61726206 5835991.20173459
 5836136.719094   5846192.17625615 5839812.85401822 5842410.92452669
 5835922.44200703 5841105.52288197 5840220.13184098 5837078.96837341
 5839800.69319487 5840894.97925628 5841546.97483231 5838414.41382247
 5842969.4701004  5845459.1206347  5841218.71368565 5838607.53255097
 5844037.47419793]",6169.699699078174,6789.136170566782,6624.847546106941,6700.687688644518,5768.327660674569,5906.479781021474,6168.35395694074,6162.485071511642,6154.24507054647,268.77604446300796,6534.290305301408,-79.91664389983943,315885.2716022486,-89.24622378070035,6306.453099142919,5402.719366657773,8,wdm-BAST,Wake deficit model
"[586464.97302667 579328.15387696 579087.52621842 583665.22003494
 586788.19384973 579681.00892214 580369.9503108  580024.64369951
 580039.66596353 587575.15665374 589188.40789218 585327.80721919
 581401.34294612 583001.76762103 584254.63290239 584770.71226183
 587784.71067842 585862.1045111  581058.40772729 589514.15306794
 581837.70356933 590292.6930701  582396.8095597  588623.87853988
 584751.69602428 581055.83144504 590848.74520255 590903.40983009
 590832.31717158 590452.75195952 590879.54872743 582968.88921736
 582000.03776434 583522.79570565 589102.46091419 583848.74225498
 580723.5371064  586820.60629359 584243.0751208  588755.36114812
 589888.06107128 588687.76920029 586766.92542941 582913.72152644
 588523.7808321  586390.99920172 585753.96588968 587039.20979058
 586744.17844774 584122.88040157 586983.6176592  587659.26137426
 588806.5140888  584132.77182513 590735.11686444 585673.61961506
 586296.96812253 581670.70922871 587600.44783682 584585.54192482
 585418.21664168 583992.07106581 589059.90952059 581817.08741842
 588288.31292641 586343.98792459 582428.92543551 585203.82502358
 585502.92825083]","[5847256.47271391 5835161.27937308 5834423.80902644 5843430.62074346
 5835012.5964027  5836006.47989606 5837661.45544861 5836832.6720624
 5834480.43994534 5836044.56926119 5839431.33407652 5845704.20689465
 5840136.288695   5842523.51155557 5844235.86401601 5844942.41877389
 5847620.21098872 5846434.82081343 5839313.46033236 5846121.12370057
 5840931.73594413 5840113.88135641 5841696.27401089 5847683.23985166
 5834851.79926938 5834560.52486022 5843777.86929012 5843051.85971352
 5840774.64717269 5844474.85862367 5842286.51521365 5834882.84991495
 5834634.93860885 5837220.55896777 5846843.66577874 5834780.92084248
 5838509.03341414 5839243.65935605 5841090.12056609 5841783.14943003
 5845465.49232525 5842738.26782366 5840828.44692605 5840065.84386894
 5840940.61178963 5835880.20913859 5834930.82493207 5843391.1371727
 5842148.77154037 5839664.3436144  5836927.55380075 5845167.77988474
 5843750.24879352 5836285.60244071 5841515.25320461 5836806.5280053
 5844639.36561381 5835923.22431056 5846471.85363926 5842104.59197917
 5838829.08053539 5838446.80004979 5844667.17208766 5836976.44116608
 5839796.96707737 5837878.38779977 5838344.5029219  5843219.3522183
 5840426.12599693]",6170.244353470386,6785.950720480366,6622.188771998041,6705.13814882683,5771.743679068067,5908.074636189951,6168.903673874244,6164.975914272482,6161.377193323621,268.9746226942593,6535.155510823483,-79.9022749657246,315899.3444631504,-89.23970920795793,6308.971567823441,5403.508298566305,9,wdm-BAST,Wake deficit model
"[579050.24547572 586787.92814908 588541.392176   581038.26511553
 587574.71562248 583634.03200632 584746.43268021 587696.15847496
 582137.83583964 579298.22574487 585030.14251703 582461.65713144
 586465.62312625 581642.71010591 581333.18666588 579659.3471472
 584004.06024441 585592.29835135 580241.37737143 582626.85863998
 583739.91808311 580095.56375751 590900.5943853  581360.29201233
 585870.79822545 587170.29873456 587138.57156904 590877.89328326
 584499.33084359 586202.05185702 588738.82417274 583101.50984162
 589975.52282126 588415.35422014 589497.23825022 586700.22681084
 590730.84100511 587147.32320209 584371.85966505 590596.13213107
 580575.29530909 589721.65980758 589051.66435361 581779.53081653
 587648.98090442 583225.7339866  590836.97721728 586432.75712083
 590877.72870133 585756.26810649 583932.3642537  584906.74564396
 584735.2043631  587580.38705996 580750.47373535 585448.65141435
 590472.69287639 583122.57894696 586826.28828175 587964.66934585
 581382.4215213  586776.59132018 582818.08335127 585808.10837105
 589269.45808213 586109.13826859 588429.83837626 589252.02417853
 584571.37414737]","[5834424.48361312 5835012.47846104 5847827.8462698  5839264.10891168
 5836043.56159688 5834763.71516362 5834851.73553908 5847595.74002614
 5841342.14568694 5835089.60148959 5845297.00432321 5834671.55990772
 5847257.46400982 5840664.43063725 5839971.3077036  5835955.33965759
 5843893.80813356 5846065.48913011 5834496.52559129 5842010.42204234
 5843260.3236947  5837002.41192498 5842997.05569172 5834584.89795014
 5834939.99671965 5836648.89676396 5839907.43326839 5842264.23797546
 5844569.45423763 5846696.0097233  5839502.73774689 5842659.5381135
 5845311.5322632  5842769.34394015 5846150.18906068 5837349.00161391
 5841560.39677957 5838659.0473003  5835935.86381244 5840300.86504738
 5837838.80518903 5839761.23414551 5846932.3786771  5835655.50399087
 5846322.53623297 5838010.21676457 5840923.81384823 5841319.8991405
 5843729.29548364 5838147.4425571  5839102.19237317 5840492.80229012
 5841804.88683466 5843842.85589426 5838573.59038529 5839329.02728622
 5844439.87639763 5839898.99871598 5845016.50718035 5841088.86822386
 5836699.30736857 5842518.06867216 5836921.88810225 5843687.30771833
 5844036.50031289 5836243.76165817 5845057.03289183 5842105.81296743
 5836975.03006886]",6175.659868231033,6790.19245723423,6625.5167780063675,6708.207218197114,5782.3397167162,5915.114281691098,6174.3147999854355,6169.829399743379,6166.308271447599,269.64669119248333,6538.595085007349,-79.82789793260429,316274.3862168077,-89.12907588434406,6311.509923345476,5408.2018868479945,10,wdm-BAST,Wake deficit model
"[579054.2619198  586461.54790751 579291.25668023 586787.49844567
 579647.6537484  584203.45750813 586004.2944267  582331.3589246
 583130.38822394 579969.33551209 582049.4136344  585550.95301736
 583968.8769002  584934.07436544 583683.40640732 585082.2578656
 585829.88681717 588541.23846389 589152.92755493 580250.99528
 581098.3314056  586857.98624748 581452.95696777 582625.14171433
 584653.19581982 580577.20943072 581560.07560674 583173.2816262
 590921.26432097 589104.10980485 580480.91104074 587569.41059123
 586788.4490269  590084.44017046 590821.4528578  590898.24209577
 587670.6479852  590048.95277732 588467.33089663 590509.96393026
 589640.63696081 590845.69734364 588757.27037318 586890.18638157
 585713.15518905 583186.45732004 585154.38842884 589657.59367863
 584206.7084365  587184.69258755 586258.7461023  586759.46352404
 588403.98231592 585092.44089078 588129.88692434 587518.8184856
 587000.30168575 586030.3561865  582128.27926373 583221.05012285
 583174.34147199 585125.83039278 583747.25905936 589301.64591481
 581617.4745209  590870.72351512 584638.53299685 584022.96375653
 581821.09169056]","[5834430.68330281 5847252.61240311 5835070.69878978 5835013.27690026
 5835926.12558387 5844166.20461474 5846628.14255673 5834661.1669549
 5834724.6967132  5836697.65469585 5841219.91803821 5845993.63807638
 5834792.10883505 5834868.37532833 5843452.83770382 5845367.69702528
 5834937.35273562 5847826.95206115 5839410.77637001 5837372.09867201
 5839387.31009946 5838588.37661664 5834598.78027734 5842007.73234662
 5844774.45752735 5838155.82245403 5840410.58760181 5842756.28725585
 5843649.41588876 5846840.03178593 5834516.07397492 5836046.35505669
 5837213.85928099 5845110.00174595 5840440.77726412 5842913.85277107
 5847586.95266643 5839964.20183813 5839801.55595157 5844369.54436147
 5845897.45838362 5841237.04209287 5843778.81988841 5839667.26274421
 5841320.92683216 5836782.10052781 5839646.80068889 5842581.12807939
 5836221.45343676 5841809.3667578  5843087.39473927 5844505.25209311
 5842225.26076096 5842720.70570085 5845877.71742075 5843424.20757687
 5840684.61652923 5836201.64847376 5839468.62187886 5837873.35306709
 5840687.27188132 5837487.60871837 5839586.15025925 5841019.27987201
 5836074.30795478 5842044.67119906 5838215.76257208 5841602.917207
 5837536.26290745]",6161.351394405019,6775.089434069394,6605.883833815054,6740.059485297404,5758.277911284382,5900.964868491031,6160.028952246214,6155.711096060935,6158.079513207446,269.90935394056345,6521.813301257898,-80.01620507759466,315579.41029980965,-89.3286217170099,6343.481084050494,5395.670993196671,1,wdm-ZONG,Wake deficit model
"[586475.86213208 579060.91580703 588541.19291443 586787.45619149
 584829.9757986  579821.83478817 584326.25087029 581239.5298935
 590871.00786163 582458.44195146 590820.17057119 582932.19378909
 581695.72777095 589958.38633859 590847.19481863 579476.36156921
 583821.98986172 581563.21170651 590896.61962365 589563.15277025
 590461.37301865 585850.56548004 583761.32854632 580840.79396057
 587541.54322199 585314.95986865 579826.19224075 582638.29754279
 580156.64329916 585858.49926739 581954.7932645  580487.59200342
 587493.61005592 587016.3120495  583366.7288969  589465.49059524
 589439.36286228 581543.3642098  590888.889606   584502.49757518
 580768.46826676 584759.21320651 588104.56645678 587072.98005654
 586949.53132274 587162.38677815 586853.19493408 586640.89094385
 589286.41593741 589005.48363667 588790.1228983  585488.65029003
 587123.81647957 589351.62339238 586137.23889379 586801.79732178
 583867.42141373 586837.370129   584960.33595296 588057.22315536
 585599.98212305 585073.62624272 582648.1735808  582709.61082356
 582649.19386785 582680.00095896 584186.33230354 583675.43666711
 585061.65597347]","[5847248.44254802 5834416.59195298 5847826.90001255 5835013.07105679
 5845018.01435647 5836343.23450791 5844331.62890261 5839743.68264736
 5842026.73306135 5841778.41015625 5840441.79218345 5842426.43075482
 5834616.94762549 5845336.82743958 5841298.17212946 5835514.0726396
 5843643.70615123 5840447.26817127 5842962.35123525 5839776.38151088
 5844458.19688579 5846416.68014429 5834775.42133187 5838783.12876286
 5836017.51187673 5845685.15356605 5834464.68725947 5834687.18200967
 5837146.9888138  5834940.16337441 5841089.27954859 5837938.612648
 5847538.1875297  5839660.43686489 5843019.51336045 5846199.24115128
 5840652.62808285 5836367.55848944 5843708.45335213 5841395.505217
 5834542.457095   5834853.35840991 5844158.70864013 5836682.95915827
 5840679.10679447 5845955.13779708 5844504.21520817 5837333.28104604
 5843652.91705027 5847009.82948422 5839488.5846658  5842311.72010622
 5838711.06156523 5842020.40336347 5838108.21930042 5843299.81567677
 5836688.81984996 5842143.18163659 5837415.72253074 5842044.41338045
 5839064.73799715 5835939.52745636 5837504.68100054 5839559.25356284
 5835898.38523582 5838393.08338382 5838717.87476931 5840551.11413846
 5840151.08421425]",6162.029502565354,6774.8924324152695,6605.87249163237,6741.237710562327,5760.806602252117,5903.10324211576,6160.719245806535,6155.117843137469,6153.437700457368,270.08026445196936,6525.686510726151,-80.0009432324613,315593.71530315233,-89.32798265007817,6341.24834611884,5396.523874846395,2,wdm-ZONG,Wake deficit model
"[586397.93248867 579089.62151319 588540.08794825 586786.85778274
 581642.16532734 579695.79555582 580749.00220341 584654.63122526
 590921.28508935 584175.18277314 580415.32801813 579326.50926834
 582593.76448161 586888.64833965 581320.35737552 580042.62705081
 583575.8839624  587503.28450627 583170.48129282 581027.82838144
 580177.44793911 585190.5521076  587573.83283552 582699.78519379
 583671.72766014 589893.00829508 581828.06676997 584871.5945177
 585787.42786323 590776.25108636 590820.89400098 589538.7629668
 589181.20785759 581046.52417615 588755.27772842 590344.57893723
 590501.04685589 585912.26384559 585859.79752924 586998.29474005
 590198.05994886 587443.37889154 582044.18283349 590680.96554275
 583465.50646642 585759.99132425 587112.11616849 588911.65766867
 583200.90755209 585278.68013029 587590.00475462 583666.85044144
 584335.08738191 582418.71205508 586673.03573794 583954.19001044
 581539.8777301  586681.84208283 584821.90848029 588538.06735707
 589808.89366515 586692.02655864 585167.13174923 587298.0398944
 589245.13685515 584530.44825378 587113.60852783 588241.53957195
 582963.69098951]","[5847157.57758151 5834453.24839859 5847828.08639081 5835013.00687494
 5840656.02760033 5836041.94267389 5838564.95002771 5844781.76527743
 5843622.48373302 5844123.80405173 5837759.64391297 5835155.35123165
 5841964.76122739 5838763.9912051  5839939.49626959 5836872.98589331
 5834761.29685604 5847541.67095031 5842752.77280688 5839237.83906722
 5834491.82565735 5845513.75663526 5836046.54531185 5834690.36310087
 5843437.98082376 5845379.8186756  5834626.77519598 5834862.16619343
 5846327.54255772 5841191.70646657 5840440.25823519 5846074.49368664
 5846704.07605387 5834560.35793814 5839498.01638427 5844658.20747352
 5842761.60295595 5834943.94403294 5839375.19060508 5839667.42947006
 5843932.14225043 5845821.48754529 5838267.45021288 5841909.69910562
 5838778.22278642 5842838.59645808 5843553.32172349 5840445.3937016
 5837250.10393105 5838156.48696927 5842403.35787068 5840070.3548432
 5836405.78170374 5841207.58684967 5836465.79285703 5841901.70582323
 5836336.16068946 5844472.75973138 5837284.51225168 5844494.91988474
 5839883.48181214 5837361.07937345 5841750.13778654 5841537.30056295
 5841773.60890734 5839080.98373175 5840491.2589875  5847113.33179902
 5835853.40552818]",6163.069786393692,6773.279277312313,6603.572727895316,6731.60268422719,5763.855363615327,5903.902353100531,6161.74205058655,6158.4988946590165,6135.569730620397,269.92628818449566,6529.215270617495,-79.96164074066296,315652.52173354913,-89.27192144192544,6336.012453155136,5398.419575841979,3,wdm-ZONG,Wake deficit model
"[579124.64537899 586787.74529362 583255.34158629 588540.70288699
 582703.91288781 580829.02369984 586297.11759273 582446.7233963
 580186.73565666 581503.65668152 587518.27896613 584300.87581341
 581892.16577603 585290.12541716 584806.74034633 590820.47652563
 579387.57012796 589463.42229366 587570.157406   589709.26412527
 585802.64818167 579818.30644011 583894.6940508  581516.61005526
 581151.2068689  585931.31909929 587147.3996497  589052.59551398
 580501.52379269 583806.68453812 590124.83648009 590841.87674879
 590920.85898739 587168.1575266  584863.51564413 590867.65840233
 589354.49453288 590887.84455483 590503.07908604 580465.52184011
 587243.90040759 586167.59051482 586339.07548286 586770.58024282
 588271.36177439 583279.10951596 588874.00169529 587673.97028834
 585364.87049698 585883.99404336 587733.90907907 586952.19269979
 581910.80073431 589166.31377841 589418.02030189 586769.20055031
 584327.18688276 587954.665025   584651.34355505 583290.12517655
 582436.12506782 588200.47613297 585885.36158606 584230.29859079
 581704.83219462 584002.05296761 586351.99954934 582879.01237373
 585632.44521303]","[5834477.46038593 5835012.65073845 5842846.79945325 5847827.65851254
 5834690.41163994 5838759.82317732 5847027.01643153 5841763.46258056
 5837219.25504013 5840321.36376248 5847545.69101222 5844298.93631727
 5840999.99077075 5845650.54876561 5844988.46711723 5840440.48849972
 5835299.88789144 5839602.41766931 5836042.87893467 5845777.12902659
 5846351.25441183 5836334.47003702 5834787.27890867 5834598.06326647
 5839533.81550768 5834947.41606942 5838659.96483457 5846929.2131502
 5837974.45621716 5843622.6984874  5845048.60520012 5841146.88910111
 5843650.45456508 5836599.65467488 5834862.26471487 5841929.09570468
 5840488.83744051 5842677.54519596 5844376.56049813 5834517.63050011
 5842410.72952429 5843966.76653242 5837718.63293229 5837144.57296176
 5840064.9279467  5840964.89239211 5842235.69317375 5841428.09288702
 5839339.63489856 5842566.9648644  5843914.55407103 5839699.2401708
 5836622.16593314 5843075.68354151 5843812.62980781 5840647.34143099
 5839968.16010498 5844905.0877165  5841475.52041852 5837111.51340983
 5838900.25381203 5846150.45530973 5838367.76254413 5838100.35530451
 5835688.0992477  5835991.36552729 5844904.05468547 5837906.23096697
 5841118.22619246]",6151.254229707274,6771.723784908054,6600.604857114872,6728.001658793965,5741.990894440633,5887.361546989309,6149.9259769997525,6141.896218492601,6134.413687432113,268.7035743795094,6512.608028539526,-80.0879909684612,314892.8745497262,-89.45685142063624,6328.475959896592,5388.729331368631,4,wdm-ZONG,Wake deficit model
"[584868.50368621 587573.52982744 579181.98246366 585212.61036813
 585695.98832836 583209.48903521 579411.92309303 582165.52223892
 581601.28234181 586587.94954686 590123.75683005 588919.59118055
 586677.25216504 590914.174107   586471.33998976 584346.79994469
 579852.61430013 587533.06002945 590876.57215089 588795.34267241
 589533.22458923 584950.28998377 580371.35226095 590524.6946505
 580932.81194924 581297.67261762 586336.2088976  583180.51099696
 588765.05126749 586595.16390358 583377.39585664 590842.84939668
 590632.273862   582336.57333311 589344.16745322 585169.82398449
 582328.57109627 585554.84522635 584275.9860218  586874.13306176
 584604.10060061 588853.44420451 580858.4348559  583920.11696121
 588957.74115773 585140.4981901  581646.45135956 587031.12912931
 583116.11562014 588533.26663689 587728.7042583  583308.03738529
 580746.22641925 585633.50168294 583064.92360163 589878.76273007
 584801.30678621 586395.39353734 586789.6025574  586950.86085806
 586872.91868481 584409.38152377 586265.57629606 587189.02030725
 588399.3863203  584115.94261826 588098.53920821 587894.34987593
 586002.34287115]","[5845075.14401542 5836044.07014411 5834476.6358121  5834888.90785294
 5846196.60879361 5842805.82425295 5835335.43327184 5834649.85666914
 5840572.64569103 5847287.29812114 5845048.23284964 5847161.41135303
 5835004.09995595 5843422.74802024 5836686.59505916 5844357.32287051
 5836392.89735208 5846783.93137829 5842275.79243296 5839581.5900609
 5846086.8234935  5836506.16880254 5837634.64600152 5840257.59512098
 5836243.33829578 5839758.95868941 5835890.39267186 5838208.97582159
 5845909.74172236 5837413.91667797 5835751.27422639 5841175.10898087
 5844157.11602991 5836005.80645886 5840662.96134391 5838753.93222965
 5841600.58024116 5837966.78195453 5843608.34166037 5840968.21736027
 5835439.83419594 5844256.57796561 5838717.08984383 5841443.78875417
 5842284.60432386 5842085.56588506 5837881.2808271  5843101.88628135
 5839199.62371289 5847825.50663852 5845661.34212004 5837074.58831385
 5834538.73171168 5844407.77023993 5840884.33366979 5841789.01982261
 5839534.10263493 5845377.74836354 5838537.05091893 5841539.46434698
 5840116.03616402 5840386.79599602 5839628.22351204 5844404.77689161
 5841027.46692976 5842497.59577603 5842678.18650106 5843623.66953543
 5842540.21666046]",6115.000608793176,6741.030179941795,6562.174709082672,6694.74371991395,5679.575520072287,5839.016285952561,6113.592379137891,6108.070462961636,6117.499006542835,264.96659196318416,6476.806923427208,-80.59402096572313,312716.0299813415,-90.11447398327809,6290.9230995696635,5356.270573343438,5,wdm-ZONG,Wake deficit model
"[588540.09628295 586787.53111242 582480.49693611 579073.60454807
 584424.03415531 585314.55166462 581185.11446146 579434.49789792
 581537.6707513  580461.5761598  581955.23044091 580864.02061942
 585761.25607766 582579.60974731 583498.78987091 583991.51048765
 580125.42548999 590822.05558921 579794.59554558 586522.22589027
 582995.00066844 584868.15190424 583589.9129576  584706.18359058
 589031.41011084 589124.45852728 581645.44078524 590913.94036116
 579835.88862274 580787.73655646 589859.40594604 590297.71730281
 585785.09488394 587471.69138723 590866.07975737 586154.89425843
 587725.31477335 590648.66462083 587151.0598638  586254.54444987
 586981.59106611 590166.1250966  590770.879652   584645.80257531
 584935.3679343  590261.63575466 583354.53396201 588543.84952051
 586512.75217915 582089.58299646 589449.79360649 585523.30419321
 583450.35253992 587559.67307394 587947.25226475 588223.24778175
 585340.06874907 586997.47477728 586613.6738198  589283.67479026
 589136.0196963  582981.67415313 586513.22314035 582723.55441936
 584301.26072698 583877.69187819 587763.90711221 585235.5231627
 585787.83978647]","[5847828.25361838 5835012.70005839 5841809.43748196 5834423.35172772
 5844467.47125904 5845674.85310085 5839614.47622571 5835413.91494475
 5840398.92651437 5837869.2894809  5841085.84301629 5838830.19975487
 5846293.4309764  5834681.9925067  5843202.16482773 5843875.49931014
 5837072.03292489 5840446.1769761  5836278.36939097 5847271.96739898
 5842513.46256117 5845070.94021683 5834761.42290443 5834849.27294356
 5846967.73539736 5839395.37055271 5834609.22612156 5843402.8910593
 5834464.54376045 5834541.73319653 5845506.79276695 5844745.8308182
 5834933.24236229 5835959.796264   5841937.20203009 5846830.92270223
 5847601.73891581 5844123.11870351 5838660.13178414 5838011.27849427
 5836719.21657114 5840037.22783248 5841167.81511058 5836878.98953254
 5842438.3167773  5842700.92756203 5840875.93582296 5839884.02349335
 5844671.98696819 5837545.93491436 5846233.84210791 5837474.09457682
 5837166.21225091 5840688.69507582 5843522.35463448 5845073.42145025
 5840738.26695173 5839641.48951797 5841619.41310398 5843836.98966372
 5841789.16018346 5835865.83836192 5843056.61509508 5838967.75047353
 5839919.71373127 5838379.36176262 5842457.06657139 5835884.08705392
 5839232.62155248]",6164.431708834194,6771.285317462354,6601.642572828763,6740.525889154323,5766.927438844533,5906.648219960264,6163.102085589719,6157.843569464558,6177.639186767993,270.44125904790263,6524.92851215773,-79.94521105584423,315848.8148589044,-89.21782085490796,6342.2743730420125,5399.693203937011,6,wdm-ZONG,Wake deficit model
"[579053.97548093 583020.1574945  586465.74061697 586787.71321531
 585612.07488827 581314.33114048 579955.19027245 580775.64661439
 583526.77627982 583394.64152306 579634.73028208 581601.68248598
 582537.15447499 584107.31877034 588540.69518662 590826.79265263
 581043.0581084  587669.67600119 580240.55728366 584614.72011845
 588885.3527687  585078.46146896 580505.60586926 584172.6915063
 590893.84352188 582549.71843048 585868.32750169 590163.40888095
 579300.23028729 580848.57611074 581711.18264718 582025.04072193
 587150.81694669 584945.21923204 590821.12960867 588977.05235335
 589589.62190621 587223.58835175 586794.33425202 590873.71911092
 585373.93366302 579904.70275332 590842.11342546 589773.77711738
 588098.0151538  588196.74407087 589081.83259974 586109.19163878
 589866.31794075 589555.33823919 585002.85255807 587403.21712839
 584024.87285201 584094.63994178 585835.70478929 583267.91240286
 587534.57231667 585305.70859133 584803.5420494  586507.7382227
 588511.42502612 582542.38790626 587075.63808483 586883.2164537
 586936.32917875 586803.9746474  584529.54521107 582658.83727833
 585077.94283589]","[5834416.84000594 5842547.37930907 5847257.1069755  5835012.78278249
 5846091.9037573  5839923.98767318 5836663.82118455 5838633.17959867
 5843239.82501733 5834744.94556299 5835889.88864735 5840521.22690067
 5841886.13961576 5844018.14945388 5847827.83584535 5843817.49870259
 5839274.84765454 5847587.5808961  5837344.788295   5844720.29486657
 5839461.55514136 5845361.81814555 5837986.63566152 5834810.50771026
 5843044.74601823 5834679.0737625  5834944.64641531 5844981.40009504
 5835092.09727849 5834544.93480491 5834613.71548064 5841179.2648255
 5838661.01066554 5834874.62807634 5840441.34631437 5844184.50754909
 5845986.29208168 5835760.87399348 5837207.14186876 5842134.91341677
 5843045.78005514 5834470.36407805 5841154.41723211 5841680.49893445
 5841047.04869946 5845076.20040623 5846879.85390205 5846766.19116935
 5839930.41532587 5843524.06266998 5838939.11338373 5843166.5445518
 5840061.74203248 5837302.13057969 5838042.83916783 5838281.16101653
 5845785.48260225 5842130.192446   5836458.95753012 5840431.36787326
 5842417.11375995 5836635.0637978  5844373.45462905 5839544.49416055
 5841891.80195966 5836421.38544956 5841168.70802263 5839119.88989354
 5839903.21115457]",6168.45265763154,6773.205078054087,6602.301003107163,6743.905762401926,5773.4210737201165,5912.096417864898,6167.136285823429,6159.167199508394,6151.943853941471,270.91382293142294,6529.2239726137705,-79.85174851492205,316022.4416423898,-89.17342807842316,6350.398843047726,5403.19514414365,7,wdm-ZONG,Wake deficit model
"[579043.49508185 588541.0433964  586788.05197433 586521.59863398
 579944.67160931 581333.30552565 583959.53094682 583405.62159515
 584191.38237303 585029.23629238 579279.75837138 580746.88582838
 581772.04425244 585508.58307653 589123.90905481 589398.14252951
 586851.60721341 581656.22214381 590201.47603716 589771.30727434
 582475.1325249  580659.67284961 587022.8523415  582906.4484952
 590918.67589142 579619.66925434 584986.36831415 584505.54138603
 590880.34190304 590614.09257977 586004.86559516 590866.6118409
 585872.1289769  582628.41978679 581034.91783329 587538.9479458
 582047.76853806 586423.51630317 583425.6953782  590821.88286175
 580440.11456226 588773.02289843 585718.25994934 590119.39051622
 584426.83278071 587644.55634908 589002.90386342 588949.43926837
 586733.37947779 584770.43570278 586678.63548698 582903.1167614
 583287.63360686 590840.50902607 586991.70824313 584191.22426124
 585501.07531919 582470.52087788 585033.6472557  583819.47965078
 587546.25412299 581173.1623137  585045.44150217 587901.6059453
 588387.31682278 589137.66928638 586332.71431741 586488.6946953
 586609.58916464]","[5834408.40367769 5847827.39283748 5835013.18617644 5847271.80240825
 5836632.3856244  5839968.24019649 5843832.28678169 5843075.12832312
 5834810.69762494 5845295.45870156 5835042.94642577 5838561.01235433
 5834620.17314284 5845947.98087079 5839393.20323908 5846322.77865407
 5839878.11506677 5840611.62058826 5844913.84778543 5845666.69852724
 5841802.24369025 5834530.1177537  5836815.25530053 5842392.40867643
 5843563.97129849 5835859.01622702 5834871.43964743 5844576.6163625
 5842675.54656511 5844189.76156815 5846624.84480732 5841896.12673934
 5834941.13052441 5834685.45108216 5839256.1256778  5836016.73521468
 5841216.22768584 5837757.32071596 5834748.07516013 5840461.07159443
 5837781.13544934 5843230.58988793 5836745.448421   5840007.85499593
 5841460.56317621 5847580.95156779 5847010.01986213 5844552.6498185
 5841149.98437857 5837886.00519777 5842100.39913246 5838117.60768207
 5839173.33356226 5841213.71012565 5838615.30195889 5836680.37027619
 5839316.73391169 5836666.56093033 5842652.90247602 5840284.55854279
 5844855.19431956 5836643.52149444 5840217.94194102 5840283.61368237
 5841643.29607498 5840808.40186825 5845057.99618987 5843850.75295806
 5842937.23809583]",6164.532830280963,6776.382069248697,6606.618707846093,6747.051894335912,5767.3207785162085,5907.1616901911075,6163.2180607032205,6163.734155769298,6154.4597668269325,270.3555440635398,6528.085331613809,-79.93937807546018,315726.97736212733,-89.20769768955164,6343.568064896987,5399.881014713732,8,wdm-ZONG,Wake deficit model
"[588539.42999326 586787.11397332 579034.52769856 582731.78489924
 580390.8127617  579320.74511434 581687.27812503 583385.97976303
 580777.43200818 587024.84365164 581082.05181501 580049.50460746
 590821.50068108 581373.56639602 588317.4166753  579691.71716182
 582992.79581305 590571.84095758 580530.05216294 584454.61789564
 584941.169219   585540.51548835 586183.59763225 586830.23232397
 581763.55820151 587560.45943373 589935.09292269 583956.3516659
 584278.62829106 587094.3866417  586860.72806348 586552.05701427
 589184.12151275 586354.39050727 588605.23588664 582178.39098339
 590849.00591024 589731.80362811 588855.51526992 590844.80504146
 590784.85593643 582447.00804325 584638.49778168 587687.49096042
 587458.43551715 586701.31986281 581531.30401839 585416.44782923
 589260.36006161 583773.92343345 587963.15312657 581044.54916177
 590695.45881515 590197.18189747 583213.63223255 585351.62644712
 587645.27513917 583161.61871201 583835.98772887 586555.82203876
 585249.61759273 584225.21620072 585304.31247573 584516.78897699
 585414.76134416 583908.98969682 588097.24755194 585948.30810214
 588891.23991356]","[5847827.57819846 5835012.79840072 5834454.9054522  5842152.85668577
 5837709.45424172 5835142.38228487 5840710.90862911 5843042.08787525
 5838624.5038905  5838613.77652619 5839368.49559755 5836890.52457436
 5840442.58023667 5840066.95192847 5847143.71237637 5836030.30257049
 5834715.73312562 5844256.02076193 5834519.60535348 5844510.18198908
 5845175.36211682 5834914.73160558 5846871.17386022 5846395.16874314
 5834616.76973939 5836066.50765944 5840057.80652839 5843827.21197344
 5834815.82140879 5847429.45011367 5839342.54683071 5836921.43796409
 5846698.73490287 5835797.76938561 5844986.70359348 5841395.88512526
 5841340.07512734 5845739.05796985 5839515.85489661 5842260.44308828
 5843011.14297451 5838191.33514707 5836809.6123547  5845735.28275327
 5842631.75672137 5844429.40138008 5836522.38692676 5837757.19958938
 5841867.95785624 5835755.43632111 5841502.86361406 5835539.27824609
 5843685.89947813 5844917.78595171 5836720.83445776 5838933.19485185
 5840287.75590589 5839502.55412586 5840583.38139369 5840998.32641805
 5842505.8286646  5838630.82359278 5840463.08220162 5841536.13303708
 5845822.67575935 5842323.24698103 5843800.4326228  5843425.58640907
 5843211.5141042 ]",6155.79507324273,6774.295518044631,6604.2500119290935,6726.300560944087,5751.686480485491,5892.546388239981,6154.4613675414075,6152.986091132221,6147.310651396549,268.8517420179241,6515.924232165843,-80.07106609269366,315202.7232187796,-89.41598572892993,6335.199513284408,5391.383274187173,9,wdm-ZONG,Wake deficit model
"[583376.96333193 579063.99964983 586787.61721468 580738.23251302
 582653.99668675 586463.720338   590918.71272739 579862.16485576
 581012.95289106 581768.41642164 590841.92864625 585641.95335272
 579944.01399738 590821.8745411  579353.37482706 581390.3121906
 585169.71331478 588540.78706204 582319.85285799 580909.00286566
 583820.42354985 590577.40075728 584276.30523441 581825.53170654
 582888.80893097 590148.15135908 589677.88391396 583591.78486927
 584606.6749933  579663.2343066  588866.17042301 589526.70114578
 586082.64253633 590862.0020508  585682.84135253 590888.61310462
 580474.14289731 587064.68527497 580214.06784576 583295.16093678
 584743.98982572 583027.52422126 587531.44540488 586842.52905387
 587568.15195139 586037.14637659 589060.55837737 586470.14273503
 585235.35658416 587038.40981795 588431.48786616 585250.71274918
 582849.92344995 589165.94089807 587916.4506232  587637.73513744
 586119.42901859 588227.00201565 584396.52260275 589063.5596274
 588700.84525599 585134.07989052 582730.23879007 583443.63705115
 586263.3493526  586939.71068535 584499.9697347  586352.30509197
 586395.25006129]","[5843034.35232593 5834483.50457398 5835013.17023452 5838543.36043236
 5834687.04417736 5847255.74340419 5843614.24759676 5834468.70042759
 5839201.55300975 5840805.71454562 5841121.96109534 5846116.55056118
 5836634.26438937 5840440.38168001 5835220.38423972 5840053.45019731
 5845487.51864063 5847827.51942654 5841589.44721336 5834549.58389894
 5843641.73937072 5844254.17642621 5844263.01062895 5834622.00645915
 5842367.14950753 5845003.95255068 5839762.13629326 5834762.56213257
 5834841.93426679 5835961.12995912 5839467.95573441 5846093.41953471
 5846734.73165667 5841790.08758346 5834926.2720022  5842663.13344929
 5837908.98645953 5836749.21423929 5837285.62806835 5840159.11057333
 5844903.57781681 5838642.54855692 5847549.09373634 5839958.07055836
 5836053.35878299 5839108.36205477 5846916.34001431 5837266.74379302
 5838170.890668   5838666.1211405  5842765.36921646 5840468.07517898
 5837436.5525748  5840892.35921092 5845114.16784135 5840752.27642994
 5842012.0035392  5843630.45347815 5838920.57617484 5845040.95654473
 5841934.39403383 5842754.93674148 5836306.93295698 5841126.32133096
 5835686.90636199 5841326.91579851 5837284.78005099 5843869.51850123
 5845280.80252263]",6168.626481502084,6775.181542864655,6605.436715734157,6744.144147810963,5773.448117748894,5912.006512744754,6167.295049380554,6163.831598474971,6164.352123807077,270.81504031479267,6527.917303072784,-79.8654452069815,315996.653017962,-89.1477268140752,6343.8542974806605,5405.508735125178,10,wdm-ZONG,Wake deficit model
"[579046.51914022 588540.99677584 586466.62753298 579258.93833927
 581014.18120398 586090.35221418 580545.78465037 584660.89542159
 581885.08041756 585130.02170141 580186.29765506 579572.05008988
 582319.90295151 590821.66245205 585617.0774758  582800.93959229
 579875.66398336 581398.28193528 587591.9114327  586788.25153725
 583263.36385896 584606.78479797 584180.18748702 583675.65013212
 582758.41941153 586203.83114189 580021.6821686  581899.12558945
 587574.64251387 581000.97300189 581410.25260142 589917.36948435
 586473.88859988 583742.64486645 588365.34532674 589136.24145014
 590853.41798075 590854.38726945 581749.96157407 584357.99590686
 589076.03544407 583998.75261799 586542.69217529 587472.02268391
 589857.52299639 584678.1162899  585491.29771654 587056.80997153
 587041.70678793 590226.20970833 588148.8526734  584852.71553216
 586651.44431591 586769.49954458 583945.31789964 588956.80137285
 583296.38072663 589787.92938413 590905.01715497 585073.2393327
 590695.05140879 582563.11113346 585693.6220934  587094.29786733
 589094.25613296 589364.82750965 587473.74004626 589456.13078353
 586312.50220545]","[5834422.66449088 5847828.34772335 5847257.61111894 5834995.17709856
 5839207.23159333 5846746.47091166 5838083.38305189 5844790.31241059
 5840915.50149347 5845431.99233616 5837220.28611983 5835746.61546734
 5841590.92929819 5840448.62285347 5846099.41147778 5842248.37108086
 5836474.66682445 5840126.61920311 5847567.06889541 5835012.47547201
 5842880.64165047 5834840.87837148 5844133.2105826  5834767.23309889
 5834694.93184877 5834966.71713495 5834479.05924367 5834627.38470843
 5836043.50215488 5834556.39419216 5836374.65661411 5839881.99177771
 5835887.68372051 5843536.56938682 5847288.66715647 5846782.96878077
 5841467.31499762 5843769.6382938  5838379.46636454 5839682.33364692
 5846078.87449075 5835899.33362328 5837583.96526906 5842674.92892443
 5845518.97335652 5840783.40814292 5834910.31572138 5845583.03420056
 5836835.55758839 5844869.18978847 5844769.27443336 5837070.54858622
 5838667.60246569 5839739.87825197 5838291.93990689 5839440.18899304
 5836896.8041044  5844113.42468932 5843105.97315813 5841917.1342196
 5842414.03882741 5839555.24782849 5843194.86129433 5841249.48528666
 5841978.98371504 5840682.58604516 5846555.73391474 5843154.28834622
 5844317.74165647]",6180.069588196666,6770.754462043941,6602.981107484876,6707.059115167131,5798.274902501934,5923.956677537704,6178.7011454758795,6178.691170155273,6191.759396842671,270.4853693030779,6540.357707865299,-79.77120906622858,316584.0944505278,-89.04218512786603,6321.583506478983,5412.330653545523,1,wsm-LSUM,Wake superposition model
"[579070.30334401 579960.51439318 579655.91832898 588540.98102313
 579324.64323005 581505.82401758 582229.89829862 582457.45684951
 581976.22671606 580278.23388877 586463.25160689 581205.85383121
 587574.77485996 580925.94882542 584794.5382478  581298.3988061
 589399.74485697 586788.34725133 582933.99138681 580618.28616601
 584999.46368773 589071.81931268 585282.855239   583871.69906526
 579917.86269544 583401.06057374 585862.58804011 586626.08684623
 586626.49208891 584087.37830835 586055.16648298 587382.82955342
 582029.00955983 584143.92655614 587219.30675526 584331.2897464
 589909.84899397 583146.9323815  587084.91191272 590826.33181445
 588276.42729147 589739.2150869  584649.69655974 590183.18869031
 580429.65239695 587069.61499961 584930.0333932  582327.01627536
 585101.81346716 582971.04936184 590424.41486748 590847.93616804
 587960.73898959 589553.12955722 587129.65657697 586897.12566498
 586995.82261995 585702.24736948 589482.18445976 586395.97189429
 586937.54579336 589127.7165391  590894.12379465 589529.71022364
 589212.40690123 584073.62095008 583043.76986273 590857.71581356
 584398.78907511]","[5834434.22926062 5836678.57603026 5835947.7071636  5847828.3110641
 5835152.14431419 5840385.91584047 5834653.39316702 5841778.59778208
 5841121.1287411  5837440.94284949 5847256.50331599 5839666.89743548
 5836044.53185962 5838994.43367129 5844960.37600001 5834579.81601448
 5846321.09837215 5835012.68435758 5842430.73116228 5838254.96601923
 5834871.67838968 5846897.42014907 5845642.5482259  5843712.85441284
 5834470.85607132 5843069.51654819 5846435.2438462  5845451.87372979
 5837460.63168768 5834799.49214202 5834954.52694773 5847509.86395787
 5837820.19852715 5838638.70591213 5846458.9624953  5844341.53943039
 5845132.64989415 5834725.8188622  5836771.87571013 5840597.64236655
 5847325.97613645 5845726.27757097 5840637.19476221 5840045.79583635
 5835217.85060288 5844031.88901227 5837160.33598829 5835875.75632467
 5841869.26585809 5837132.3199827  5844521.32470578 5843780.04210372
 5845120.63742623 5843438.49872434 5842430.15882937 5838566.41327394
 5841026.46127346 5842979.75246303 5841366.10824061 5835839.95778742
 5839597.81315225 5839394.8282913  5842753.05877597 5842336.43837815
 5840522.0090659  5836076.63138693 5840226.63927553 5841587.6501409
 5839705.72200208]",6183.493118451061,6777.701828134047,6611.262534999776,6713.238441088615,5801.861228651778,5929.149334665909,6182.139065441117,6178.849878139076,6182.352856822999,270.7429232798885,6542.694013405341,-79.77754429109281,316738.818525974,-89.05506287571933,6322.1846172838095,5414.459592966401,2,wsm-LSUM,Wake superposition model
"[579283.88909836 586466.31292194 580940.83661505 586788.15679799
 579675.68684175 579130.57376685 587540.1608374  581958.80215208
 583327.9073395  585721.50584201 581148.47532488 588541.36920166
 583842.063813   582869.17453371 585857.02249668 583406.27434099
 581523.30868364 585280.78544291 580066.01351777 584316.93671657
 584800.09722455 582308.51535753 586123.76634011 580008.83786986
 580637.0381663  581243.40499766 589032.0015763  587717.47791842
 584491.9128834  589378.33326852 587155.33440733 590726.2298149
 580321.24753086 585627.28466816 583462.8403115  586167.22311051
 587826.903574   590165.38178546 590575.20130429 589776.21012338
 587131.13797011 586739.55833782 585106.01255006 589789.91178873
 585080.75481217 582353.77526667 588398.16279957 587539.21548077
 582854.03012385 584833.35382286 580469.47314716 582416.72180395
 582921.8261245  587575.70143094 587164.00739085 581503.65741245
 588746.74158839 590736.4596677  583860.77586311 586264.41919515
 590912.82712419 589660.38371888 589414.87700351 587791.58818858
 590891.93157515 590841.433185   588711.36537027 586254.88876279
 585066.79499385]","[5835054.91005889 5847257.4794844  5839031.33968561 5835012.29457324
 5835994.67308287 5834437.83434464 5836015.78059563 5841096.92026938
 5842969.25001018 5846242.56203512 5834568.26001729 5847827.95268427
 5843672.55742021 5842342.19984654 5834939.05520902 5834745.76537732
 5840429.02482763 5845639.90392696 5834482.51641977 5844320.27123157
 5844981.54303521 5834659.25000522 5846792.27457798 5836794.02418104
 5838293.43386324 5839753.43485784 5846966.64489263 5846979.25503894
 5834831.32552657 5846357.44784659 5836669.08803312 5840381.67037874
 5837544.07279221 5843436.71338125 5835770.15146098 5844449.16906495
 5847631.5457439  5844976.79222968 5844257.69701584 5845660.5585889
 5838691.28850139 5837288.3079284  5839282.56397747 5839804.57130011
 5837897.43122687 5837855.70903335 5844136.94689005 5846152.43980042
 5836656.05399116 5836802.23877506 5835429.80144489 5841722.10446398
 5839243.39203131 5845193.0075115  5841121.39985459 5836170.897439
 5839500.46583734 5842016.9239903  5840794.00417729 5840231.42537428
 5843351.74678642 5843616.73592433 5840948.28148023 5841964.28653979
 5842682.88648269 5841066.44804817 5842760.61294379 5835749.23854461
 5842406.86197142]",6183.482844064144,6775.261964100953,6608.563700991425,6712.299659749894,5803.087320685007,5928.664839875928,6182.11965783213,6178.149941907789,6172.453624258825,270.61333939707436,6537.4144431682935,-79.73272489039731,316782.0913918618,-88.99272521537112,6324.705219617997,5415.205086066063,3,wsm-LSUM,Wake superposition model
"[579064.86227967 588540.96810199 581657.47521527 579317.11399371
 579631.4416125  580356.26877785 580008.44601102 582197.53665457
 580705.89242973 581327.33621398 586788.33095002 585639.70886045
 586075.025251   584724.92391152 583444.17389403 579952.77100567
 581016.19251672 586463.82961267 582789.19259502 585117.95116635
 587574.63439241 587559.67478712 583114.12531768 582138.36692746
 581912.75262925 580885.7262943  590916.82097096 581764.03224751
 584227.18102167 585196.79732677 589157.77358576 587151.72945398
 586093.29919183 590842.45104714 581193.49672867 584159.36654835
 583334.77308392 588393.23788608 586505.84075367 586646.57600706
 588427.91809317 582721.12954235 583639.98678624 584998.28208047
 590382.73797009 587557.09316745 587502.54318957 587911.90216068
 590768.89657837 589932.75347879 584062.07420564 590895.46467708
 584433.02278813 585950.28790706 589538.23738137 587003.87668485
 587882.78615814 589471.49193759 584595.05513495 590821.18718991
 589576.60106894 590050.61597903 586420.51448454 585018.60036295
 588375.29696771 589120.03794583 586568.16053199 585177.34373708
 584751.53409523]","[5834449.98641535 5847828.25077636 5840683.62853571 5835134.75882448
 5835889.07079087 5837628.28223383 5836793.53900634 5841423.30785427
 5838467.14408796 5839957.04694457 5835012.30829831 5846130.57329823
 5846725.68356431 5844879.56676709 5843128.38639006 5834473.71961455
 5839211.79362235 5847256.85883191 5842232.63259616 5834880.73740092
 5836043.76888648 5847558.5179911  5834722.74085022 5837474.74873381
 5834628.05958891 5834547.2234959  5843658.83309115 5836512.72776703
 5844198.54938085 5845524.68902603 5846746.44644245 5838659.97397817
 5834957.75193903 5841099.02951247 5835589.94965485 5834805.15962562
 5839331.59044843 5844072.66555555 5836648.9573621  5837429.39158539
 5847270.54869979 5838334.70058746 5835771.25535208 5839132.11975897
 5844597.68372845 5840135.68006897 5845688.70268852 5841644.11878455
 5841993.84543078 5845386.27601691 5841846.48106115 5842849.21892374
 5836868.5554099  5842361.2758595  5846076.10443159 5844833.78910476
 5846554.43932957 5841114.85755878 5843420.82483508 5840441.55603254
 5843677.07265721 5839963.90758356 5835838.65457213 5841102.06377049
 5842723.93981588 5839393.34811143 5843622.63222812 5840178.66812526
 5837945.37221207]",6181.746043945446,6780.277820627374,6614.101369816573,6710.783948056789,5800.454045783741,5925.089244836104,6180.398388543587,6179.837396151048,6168.320089364582,270.29478029998364,6541.467641003459,-79.71819849945224,316631.0730284706,-88.99567276946412,6325.821238680157,5416.45380215675,4,wsm-LSUM,Wake superposition model
"[579567.11371978 579882.85695836 579027.53303536 580488.28969231
 579262.2458593  586788.35559108 581138.48417297 588541.40155614
 580816.20447003 585931.69320843 585503.52248165 580259.93352338
 584546.95756206 586844.39051004 588974.68957232 584654.81546757
 583535.97511658 582443.81936035 584051.24624331 581935.88536249
 581448.05517365 586318.21447195 582496.84161329 585021.4896637
 589426.46790773 580197.38419786 587901.20537329 582472.57878162
 590875.26420144 581489.42772872 585894.54052807 582975.23604476
 583676.78206963 583040.23944352 585866.31022696 589784.73721236
 587575.3022601  590470.20167775 580850.23107865 587240.53103399
 588837.71749064 584314.26809493 587229.73358597 582755.27093713
 590881.74699413 587753.47707353 587114.93236187 586694.01502864
 586662.50810085 586109.66828497 586172.73690218 590902.58754779
 584537.87255494 589123.66288527 590345.95768067 588679.1953679
 585417.59817816 587148.99855142 589106.00373723 589391.40468213
 590827.52585653 588924.10153848 586772.86434663 586703.00633021
 584539.16905806 585030.25465941 590689.86402975 583352.65977831
 582775.66883134]","[5835734.4189139  5836492.15908892 5834416.84018083 5837945.41961475
 5835002.77017401 5835012.67771959 5839505.26507152 5847827.89723464
 5838730.42739059 5846528.97782052 5845944.33895883 5834497.7994297
 5844636.44997989 5847361.72747398 5847067.31701004 5834844.3628557
 5843253.57726495 5841760.55660262 5843958.25825595 5841062.43177074
 5840245.31074003 5847058.51906334 5834674.75369666 5845285.33920994
 5846275.26233177 5837244.88201575 5847652.29571698 5835845.11046787
 5842149.36881237 5834594.69697303 5834941.86787186 5842487.23149352
 5834767.08433453 5839260.53857318 5843815.15314102 5845645.23530627
 5836044.03857102 5844444.24669185 5835587.3007893  5845708.28376923
 5842888.98790828 5835984.5561614  5840097.74011416 5836831.27692278
 5843722.27531136 5846698.74796733 5836715.71042205 5837358.23991552
 5835821.98165296 5841858.57267874 5838302.53989027 5843091.38472361
 5837431.17960475 5839392.30793179 5840146.33589548 5841693.40382433
 5839914.1388593  5838666.89833919 5843995.70078693 5844950.85383215
 5840626.94671394 5840229.20581992 5842956.77084688 5844880.05569225
 5842255.59325299 5841014.06898048 5841390.47456004 5840423.86081819
 5838200.63921749]",6184.333273050374,6779.3969384993625,6612.672480047689,6714.827554419312,5801.202690960518,5930.134909694437,6182.984211805709,6173.635652645428,6172.2420533104605,270.8251240593642,6540.717136769059,-79.67245835423024,316810.8577491571,-88.92961404800221,6329.124060200152,5418.716918874594,5,wsm-LSUM,Wake superposition model
"[579058.58718372 588541.05328552 586463.78832292 584839.80764616
 586038.43342257 580809.22388962 580161.4106336  581504.37841961
 579881.27281711 580491.89426239 582047.59689097 583221.93015099
 580696.59552466 579258.28819434 583995.58935383 583764.60249781
 585381.55196689 586788.29927753 584322.61207876 581170.98878768
 582644.7371473  590832.92790147 579850.96087475 589784.5974509
 582434.41374429 589390.16250622 587644.82196499 587573.48629844
 583200.77176477 583225.25883529 586204.00751831 585550.62176231
 579563.88753783 586435.34773402 588844.48795961 590273.38535629
 590710.01070273 587056.7291944  590888.15146319 583024.13297555
 581588.83638065 584739.37641694 586662.45252628 588420.05915529
 590912.72203781 585194.04275398 588294.3282684  590526.53310409
 587152.73352765 582548.52436541 587777.89093678 584688.44481937
 587390.71701338 589722.65359346 586545.24620557 587346.47813718
 584903.4505536  589895.72167773 590858.93437717 589025.49498757
 583698.35665664 585760.31447151 588863.94320737 581164.12249754
 585823.62585967 586612.62496261 588770.87191878 586260.49220008
 581855.89849456]","[5834417.67337638 5847827.97342143 5847256.92158834 5845036.8794168
 5846675.63472141 5838714.94046542 5837160.8081522  5840379.07839206
 5834468.03220473 5837952.79498203 5841218.49848693 5842824.43901262
 5834532.45351184 5834993.48090717 5834792.65451287 5843566.3534969
 5845777.49019093 5835012.47723624 5844329.42726773 5839583.19561031
 5842035.24212707 5840826.45954864 5836415.8880853  5845644.44171127
 5834794.49246611 5846337.2769837  5847581.80749025 5836045.62638874
 5834729.60630574 5840828.64466452 5834967.2279638  5834914.9828423
 5835727.00888081 5846125.33093322 5847296.10905168 5844789.52033647
 5844023.38509114 5838743.69162555 5842599.34220684 5839152.76787659
 5834602.65612451 5834851.03599285 5837406.58399985 5843425.56315715
 5843354.02960093 5843230.65296306 5846604.10796548 5840259.33949429
 5840015.06595388 5837989.61644912 5845604.96520368 5839675.34100182
 5841195.13392355 5839761.68441752 5836744.86930613 5844684.74701615
 5840891.61371518 5841410.53173175 5841633.65222496 5842432.04192098
 5837126.4340886  5841986.11087451 5839467.62292488 5835731.61974635
 5838077.5848805  5843208.8124754  5844619.16701861 5835938.81109612
 5836796.43683718]",6179.51522499309,6769.727885700146,6601.523939058764,6709.77563555375,5798.88113137684,5924.835918554999,6178.150804357931,6182.614675332032,6191.574861339714,270.4772908669268,6544.678003521832,-79.75372863209026,316529.4087570163,-89.07572358439741,6319.74072358528,5414.239463839956,6,wsm-LSUM,Wake superposition model
"[579099.95207654 584735.06998697 579652.85090865 580048.22954334
 585179.88433767 586049.30783723 580737.35618753 586463.13565712
 582328.23021826 579338.41385165 580382.34103089 582367.88169869
 588852.16646615 586787.99293911 581354.70037661 579991.25411765
 583390.16904153 581862.24305299 584498.07090715 585412.53534446
 587574.65449758 581082.99852644 588541.31877596 581144.47497368
 584312.55962447 586191.34711754 587200.64457438 587948.0762945
 585611.4119294  582858.60758376 590655.85305134 582689.43787498
 587152.2194794  583871.84869601 583481.73724929 590913.25535651
 581031.84156757 582725.74808472 590038.98318346 589123.30269533
 589895.19024913 584379.93646069 585698.78419485 590890.50078698
 587825.28556443 586691.14911743 590237.40849715 590820.96083283
 584228.81727219 584923.7061413  586962.38036039 586234.84422324
 586429.97574989 586959.92795087 589474.98251355 588432.36267419
 583585.55300386 586486.1743757  587464.36257042 589745.04859497
 586542.21382594 590398.85965984 588589.22310541 581578.102953
 590871.00515347 588030.11981417 583116.38461175 588818.16978903
 584717.33329929]","[5834483.34409702 5844893.68047313 5835940.29101382 5834481.15306986
 5845493.39248479 5846690.80817812 5838541.48187179 5847256.66890692
 5841602.14777367 5835185.87834803 5837690.55585355 5834663.92871992
 5847282.52465404 5835012.31711927 5840023.92357183 5836752.45975216
 5843053.87241884 5840918.16878276 5834831.99143227 5834904.13982473
 5836044.19617148 5835625.62747371 5847827.9016013  5834568.08060516
 5844315.51557509 5834965.46554418 5847459.60729318 5847664.89684106
 5846091.73073924 5842326.92140966 5844118.13675503 5835739.8954844
 5838661.24961532 5843713.14650323 5834751.7790103  5843366.18002194
 5839248.86982813 5839778.13593587 5839957.86705771 5839393.46700502
 5845452.49345147 5839147.887414   5841340.29209595 5842702.23209297
 5845868.99000939 5843356.15927552 5844845.42257173 5840439.73849569
 5841779.59764752 5840191.00206224 5836956.26364507 5842359.45697595
 5837691.00351567 5844212.74711378 5846187.19090321 5846671.56470051
 5838026.6372675  5836054.54172384 5845078.61959707 5841767.36999752
 5839647.31307588 5841124.12601236 5842613.07003883 5837164.83841402
 5842025.77494917 5840774.51496758 5837014.13721978 5843971.23401105
 5836398.61179766]",6179.897376999086,6771.613325583092,6604.011387599834,6716.108583741846,5801.160031012383,5924.974343972905,6178.538393230565,6176.822344458795,6183.957674074431,270.52285339171397,6539.277064589279,-79.76954583920269,316617.5731353917,-89.0466222292752,6325.4337824099675,5414.591292647567,7,wsm-LSUM,Wake superposition model
"[579020.12085627 579275.53698342 586465.36684952 581813.1570555
 581348.41673649 583736.38436774 585153.18515175 584704.6174699
 580714.82202405 582764.44361489 588541.06450432 586788.30280279
 584228.70711491 579918.72783619 582264.58460004 586096.60075893
 580459.36097494 580978.50642075 583244.73863966 585622.57929261
 584722.60629067 579596.05517008 583135.09218299 583996.49600101
 579910.51714061 587574.93372396 581010.64393046 586217.35346197
 582248.25676627 589076.51053759 587439.72584325 588427.95951184
 586484.33261732 590658.58269324 585495.31654104 584575.05097209
 582684.44724277 590903.81651603 586844.20192845 587990.27393809
 580178.99883582 589128.44560762 582675.07229666 584161.27825022
 585500.17524558 590859.70907991 587083.8726919  586647.55200239
 587230.22848372 590045.13722304 589643.29527942 581810.16047012
 588449.93282986 587452.90192362 588297.74672638 585026.72478146
 581176.17910994 590451.16188103 585908.13440139 587182.64294646
 590838.51612471 590874.61929616 589523.11395905 590157.00276074
 589619.00420446 587780.89812693 585124.93418427 587095.76331807
 583616.28643711]","[5834404.114577   5835034.46044806 5847257.43938349 5840760.18805179
 5840009.08278558 5843527.17176349 5845463.77921188 5844851.43275224
 5838488.75530233 5842198.70311059 5847828.51999748 5835012.53613223
 5844200.86008652 5836578.27708141 5841514.96967019 5846755.27428354
 5837876.00300127 5834554.68832786 5842855.28177585 5846107.01198335
 5834849.6311836  5835804.22293216 5834725.08483747 5834792.57531911
 5834470.46565539 5836044.02634447 5839197.60949818 5834967.30904931
 5834654.50097148 5846884.12410341 5847525.42168583 5847271.40390129
 5844528.93224327 5840339.97182204 5834910.67828139 5841576.85720763
 5839201.66757256 5843074.60438018 5837133.41211804 5844039.92144843
 5837202.65703184 5839398.37711322 5837851.61241387 5837183.57110592
 5842999.6655158  5843758.6656381  5838647.83187203 5836299.17295432
 5846188.82056328 5845187.94266168 5845894.34764737 5836439.52387035
 5846100.76211708 5842086.5639055  5845080.36378038 5836398.73027483
 5835424.46328395 5844474.91054875 5838092.01050229 5841117.71013316
 5840990.2295755  5842194.03165155 5840273.83773764 5841327.48183326
 5843292.5463407  5843007.65834066 5839563.20255632 5840027.50295833
 5840484.6716083 ]",6185.282137169476,6772.803454449962,6605.468618671215,6722.915990615144,5810.375724621088,5932.603439923497,6183.932174366909,6166.053428643093,6162.3655319801,271.2884132966832,6544.633819360486,-79.72216455881214,316911.97489562794,-88.97035171521107,6332.8239141272425,5416.85735412063,8,wsm-LSUM,Wake superposition model
"[580730.68288098 586079.87098295 579068.10038479 579560.85991426
 581664.87019462 581329.70145433 580438.35642212 581026.936764
 588541.07142552 583908.83902677 579265.24975381 587437.50322976
 586788.37504895 586463.92228701 582188.12085162 579843.33260425
 585024.8713212  583543.46040008 584444.86608142 582542.64149885
 580143.02012387 581532.2434953  585587.20247738 590824.4071063
 582814.19772045 584518.50452847 589126.5943208  585355.42231625
 580133.81022332 580790.80030877 587204.25912005 585241.54346994
 583388.86437327 583006.83393829 587531.57423117 590909.54018376
 590737.13228779 581693.67845016 586137.26135948 589125.06508512
 587487.00213099 588376.81643558 589897.58445971 582146.81396759
 590151.59468689 590326.99782251 584179.64076449 587937.8275775
 583455.32357459 587516.79401412 585054.62977726 588998.3554338
 586001.58218731 588316.77328205 586721.04074616 585498.37075002
 589327.65199405 584615.94378314 590855.31512992 587278.9301648
 586660.92570279 587150.76797359 584816.28702329 582555.38840565
 585904.01591813 587037.64842096 589715.49854432 590886.27040928
 587138.29874617]","[5838526.32493496 5846732.58149348 5834429.68384943 5835718.24659433
 5840693.55857574 5839961.85974249 5837824.83911664 5839236.37050674
 5847828.30307638 5843763.56884833 5835009.70756174 5835932.26220069
 5835012.71920324 5847256.87466148 5841410.36985977 5836397.20539279
 5845289.4866945  5834757.43947365 5844496.69164372 5834677.97369009
 5834488.63000858 5834598.07132208 5846058.91164231 5840533.97232484
 5842266.71390799 5834833.64505182 5839395.66135625 5834899.37948105
 5837094.2901383  5835181.86579795 5836597.34052856 5843226.18446894
 5843052.07587609 5839545.11954939 5847550.73433801 5843253.87455745
 5843972.68399043 5836951.71446679 5834961.91541722 5846804.01142273
 5846357.38502142 5847285.39733809 5845447.46362719 5835902.05612091
 5840026.28067585 5844694.51848374 5836334.96599427 5844026.24734486
 5841236.92187386 5843090.51951722 5841449.0639716  5846169.43778304
 5844334.43707905 5845160.25060362 5845436.3732248  5838625.46132998
 5841096.26964291 5837388.52362671 5841510.8049723  5842078.53229092
 5837408.26904929 5838660.51532824 5839818.43314901 5838290.71516072
 5836368.82762504 5839910.79173077 5842355.82260854 5842514.60068888
 5841063.68016143]",6184.693270750015,6779.298672261477,6612.548516833491,6709.919665747598,5803.8392334644595,5929.737464230866,6183.34335505919,6178.76482879132,6170.117325192951,270.6147560902559,6543.814919223684,-79.70028507779841,316790.0454528779,-88.94795204187008,6325.7379912329,5420.649616761393,9,wsm-LSUM,Wake superposition model
"[579067.00002    588541.05508028 579697.345821   579338.6159389
 586463.35369095 586788.26543402 580997.55943546 585658.38928964
 581312.59044246 586088.19365156 580038.06095458 579919.86341158
 585560.58741579 586221.41797632 581902.54179693 585200.78525292
 586960.4526408  590658.9239408  580976.73093662 581635.83304485
 589431.14608235 584267.52184936 582217.58746846 581180.55468247
 580371.05457896 582769.14548849 580696.75046534 587993.89387074
 583749.22710979 583249.36596855 587575.38586455 586527.87244754
 590840.98848151 587457.06014375 582665.92767121 584140.1048096
 586603.51762973 590916.09240064 584732.4876954  589676.1205277
 583714.55294607 587146.97911553 589127.64098913 590589.09827499
 582738.1875931  586884.0998275  589006.23272963 590189.59562284
 584494.027227   586963.41614855 584651.17549436 585287.41431602
 584832.00206466 584073.15606165 587255.8638698  584857.19624752
 586038.67763454 584770.60344623 581700.31044346 580523.05674999
 590897.1876094  589450.80916554 590873.14525074 583472.59221411
 589315.63336418 587011.58246915 589221.40814385 588417.62490648
 587107.25116918]","[5834462.21980853 5847828.51223741 5836047.43901275 5835186.24211765
 5847256.68931162 5835012.4969691  5839167.45032089 5846153.07852838
 5839923.39070245 5846743.9030898  5836864.16856753 5834471.02999729
 5834915.54872694 5834967.72679668 5834627.25486404 5845529.63055235
 5836848.15414066 5840339.65064315 5834554.29087806 5840655.69221864
 5846265.86070309 5844253.93733691 5841450.42699052 5836467.35093907
 5837663.65827896 5842204.99804386 5838445.63677686 5847676.96028789
 5843545.60573769 5842862.08485869 5836044.22712044 5835988.64882599
 5841052.21322199 5846375.08515808 5834687.41799088 5834803.59921608
 5837494.92544084 5843491.66283991 5844889.77261466 5845627.12416356
 5836633.53652184 5842998.77320141 5839394.98007893 5844232.8875431
 5839427.12443705 5838712.17800449 5847012.47828245 5844933.4401842
 5839856.39257054 5839947.10079257 5840928.45513977 5843049.55780808
 5834858.1282606  5838605.03479556 5847474.93289152 5841935.23023864
 5844171.60287455 5837737.07524534 5837609.09755059 5835315.10487944
 5842875.21206334 5843155.59407229 5842081.54183117 5834897.9363745
 5840301.67653164 5841390.77424604 5841667.7818692  5844439.37750848
 5845461.00125995]",6176.673652224716,6765.769435329856,6596.756985030972,6709.631832229352,5799.661134014792,5920.668301182879,6175.288368926809,6164.9370245165,6162.527765885504,270.3776587111752,6540.306008174922,-79.81326702861409,316376.9702695791,-89.09846908059676,6314.746633342097,5411.76897479574,10,wsm-LSUM,Wake superposition model
"[579020.65285679 583953.57847781 579743.21169273 588541.01519576
 583725.08420933 582515.55196776 580044.82418079 586464.96496736
 582016.81449626 586788.07580248 585960.48487023 589133.81307789
 580710.02571147 579346.54487758 580390.38697489 583507.48965784
 582997.30755354 584890.98668216 581052.00143035 581437.95767758
 584427.85618055 587748.68196949 582785.54124645 579773.7293901
 590821.7399506  581705.21898706 587574.7559115  580607.3218331
 590358.33188525 589943.11186913 590879.37110988 590905.94519277
 585293.59526331 587584.64475292 590804.80035351 590853.68712812
 585411.73069847 589534.81457962 586030.70939397 588298.70951467
 583167.86134528 590175.68211408 587605.98254935 586900.67798682
 586083.84805879 587110.71712811 584503.24031058 580767.35418337
 581998.10355467 586712.7205028  581914.9653303  587222.71287978
 587004.83303025 583924.27601529 586844.90690795 589103.29288849
 584682.53782683 588737.30645406 587085.22338561 585096.49736831
 586856.22858173 589417.46924533 585937.77845971 582464.59194713
 586670.95617841 584203.81011382 585320.99204691 587453.95818814
 582384.28314473]","[5834407.86441853 5843825.04587092 5836155.17587534 5847828.3822726
 5834772.26663041 5841857.92753863 5836880.30798525 5847257.14003229
 5841175.74935315 5835012.39739505 5846569.17177397 5839463.73011681
 5838473.59245023 5835202.8785411  5837709.65743445 5843213.17914439
 5842517.19701746 5845106.18847186 5839296.35603065 5840219.13404488
 5844473.09217736 5847610.37674709 5834697.11250631 5834459.5829339
 5840448.39074578 5834611.96021947 5836044.03918731 5834525.55261388
 5844638.86408153 5845367.63409189 5842326.13972999 5843135.33593627
 5834894.84588514 5846261.65989424 5843856.17975818 5841518.85422409
 5845816.85742602 5846082.8952659  5834952.83772683 5847159.00138334
 5840583.01717824 5840041.32355238 5845387.93874237 5838653.99839745
 5838036.11148389 5836731.86688847 5834833.66889544 5835523.70712387
 5837375.60884318 5837331.27773723 5835980.54380224 5843591.56794715
 5841287.51152231 5836783.99132762 5839535.65927086 5846841.80365851
 5839367.96199242 5842830.05584121 5842581.95752778 5842681.44629994
 5840429.3646955  5841233.71565577 5844079.03991811 5839439.17264456
 5835860.89672056 5841693.32574256 5836816.97371699 5844453.46528412
 5838343.93206378]",6183.297906514916,6771.925826454468,6604.253643275003,6720.936815410989,5799.221695511703,5933.3093485240115,6181.961251283641,6176.391798162957,6183.69982402761,271.30095685391643,6544.643511105688,-79.73710846306756,316729.04326308065,-89.00986168714658,6333.091510420994,5415.270397804019,1,ram-RCEN,Rotor average model
"[579081.6853573  586788.22867371 579273.2566523  582682.99485726
 583708.14889414 579870.4361196  585098.5443137  579976.60216536
 580281.68795792 585607.90069086 586047.28115193 582608.25569153
 581250.76226742 584660.85687053 579577.58355487 580639.42651232
 586470.11266365 582107.23439688 585727.03617439 589531.81243555
 583188.8086041  581592.68600571 583653.43749631 584200.05886398
 584637.82435029 580951.91799366 581753.21071899 590856.35768789
 588540.96026712 590482.95008534 586903.44479632 580943.24316377
 590917.8417542  587356.12789032 587630.94808224 588873.76821039
 590226.53263832 589981.94836867 589359.70911237 590889.77080401
 590826.97590956 589104.39728077 584325.26549457 587169.21254071
 586405.00574257 585088.38807537 586819.18529229 587395.25402069
 588359.68630699 583727.56431365 585942.50890222 581520.82783027
 583655.22713417 582123.43709479 583758.07004717 583120.97843526
 587921.0641358  583995.13668617 588640.91549014 582031.41557689
 588280.17603792 587199.73192165 584468.36397365 589650.2324815
 586631.28423485 586714.30534452 589399.27016567 588507.51809346
 586791.24790841]","[5834432.9322832  5835012.44348044 5835028.6340224  5842087.16533238
 5843488.33476881 5836460.63776038 5845389.53151818 5834475.55598745
 5837447.6703874  5846086.47402689 5846687.46438714 5834684.50323959
 5839773.03224833 5834844.82906854 5835755.78646066 5838306.30846046
 5847258.56605041 5841299.46464499 5834928.87105799 5846089.99193244
 5842778.83185624 5840576.95110683 5834765.46183815 5844161.57827358
 5844760.49289589 5839056.7994346  5834615.51113626 5841557.7491443
 5847828.42741112 5844420.75209439 5838778.48556271 5834647.38165677
 5843658.64245647 5835866.08887378 5847578.0650401  5847244.80096166
 5840072.6416334  5845300.11623179 5839537.34386619 5842641.9170776
 5840606.25815144 5846617.78577886 5835659.2573437  5836641.9297414
 5837773.01577256 5842287.04299745 5843793.59204661 5846829.8155808
 5839689.45273515 5836400.17485497 5836326.79537163 5836208.5907388
 5837570.59560466 5838555.12620045 5840636.70846164 5839667.67858338
 5841157.96543264 5838758.87074378 5845190.43126419 5837005.19677704
 5842791.12411674 5844881.72035262 5841421.02102764 5843310.26578322
 5839775.69247526 5841981.77819558 5841040.68592323 5843756.85462792
 5845771.35771848]",6182.269121034714,6774.629846941758,6607.167041813461,6713.123101442033,5791.546971595961,5931.42243842032,6180.938889504373,6171.183117210943,6146.984986121613,270.6778492093348,6538.129793075688,-79.75701733429102,316691.43335630506,-89.03355213309406,6328.175824364242,5413.783158379902,2,ram-RCEN,Rotor average model
"[579037.40048372 579748.96334323 588540.27038823 583346.11152391
 583834.7775756  582705.89564216 579377.75625346 586464.21777907
 580692.62916818 585133.74621878 579773.68877124 580966.51673037
 582392.01071095 583369.86010263 586069.29267124 586045.5897776
 584266.73717559 585559.29812753 590914.1368302  582072.72792846
 590821.69497497 586788.26431376 589037.69189512 589438.68076179
 584958.7336155  590893.90770523 590843.95350815 582340.94286948
 581349.3648092  580396.19478389 580057.877559   580773.12089226
 590762.72042345 584181.83715526 581585.50998202 589920.45799233
 584732.94398719 587617.70662638 586853.27596279 589970.34085135
 584499.46967252 587571.84326053 589133.36638317 588217.99289446
 590339.16696879 580939.68365344 587986.82268905 583066.57186492
 586666.10293613 585610.18054698 588635.74542213 584494.23937495
 586915.69624233 586933.93092528 587085.97142675 585053.02743647
 588078.29879036 587401.20790776 586132.44191212 586479.5586036
 589118.95658401 584479.62152957 584067.69835882 581994.71561647
 581593.67754368 587029.71716521 589251.40624539 590744.29835394
 584315.60058936]","[5834427.72117487 5836166.53757724 5847828.17635332 5842993.36094956
 5843662.09431374 5842118.20342409 5835278.60381845 5847257.0418954
 5838433.19093303 5845438.61917679 5834459.76427686 5839092.24867151
 5834666.06010563 5834744.39325801 5834955.84550096 5846684.88478025
 5844252.94251869 5846020.59999043 5843394.50669723 5841252.92600018
 5840442.08925347 5835012.50347772 5846957.15840242 5846090.4078856
 5834868.34003016 5842756.07382341 5841147.12284195 5839439.74127855
 5840007.31399825 5837723.35212998 5836909.84605073 5834538.49717645
 5842027.07814555 5834921.65579105 5834602.40905148 5839885.59675872
 5844890.29773438 5847574.35382469 5837115.30681649 5845320.78064203
 5836947.44128563 5836048.40545227 5839397.41387704 5847200.62947446
 5844674.02809585 5836408.29434722 5843351.26561409 5837832.3790445
 5835907.09486143 5842997.88857287 5844822.578247   5838543.83277448
 5838707.59812836 5839513.50222292 5840412.97728458 5841955.26891969
 5846194.33614279 5841895.89191119 5837686.28600102 5844248.36804014
 5841066.8075804  5841152.83254953 5840261.93874734 5835990.80444934
 5840594.9137321  5845598.77752035 5842666.34925214 5843963.11729105
 5835967.67780842]",6184.495667498625,6773.444582789915,6606.880044855494,6720.0306591962935,5799.624705074251,5936.318617230998,6183.16690523498,6172.025699589729,6172.388541800798,271.2867617028691,6544.948435216719,-79.71710702759734,316839.4563728387,-88.97375523717592,6327.9250822967615,5416.078961036099,3,ram-RCEN,Rotor average model
"[579056.18159087 579303.8742457  586788.30096593 588540.94607594
 579945.9815014  584905.97800678 587787.64045414 587575.00255976
 579953.03084639 579625.69661331 580987.37349227 581600.64265467
 588998.44130499 583632.90340201 583206.56650053 585860.27439334
 583120.11653549 586463.63499427 585556.61340502 582065.43858837
 582119.95173113 585335.37227891 580258.9841196  581273.82957898
 580668.2372496  584029.95646398 590878.0626575  582620.58153988
 590854.24702737 590841.26725281 587115.79669222 589535.83649092
 590463.59676789 590755.66693208 584404.86286357 581061.26401097
 589933.34504595 584542.04401566 588525.39451917 584453.84492007
 581782.93224676 589950.24846241 590797.80437909 590026.89544602
 585961.12459404 587706.58979845 588125.97190427 586548.62460326
 582983.14878301 583902.58655563 587398.76245866 583396.17291799
 581998.93643621 586784.4338617  589058.99881933 586587.33669953
 586955.87990097 581337.52850082 587015.93950004 582992.89593291
 585682.5592701  585999.45979978 588067.82008633 588950.7755027
 584444.04164528 588533.78360746 585072.14174661 586821.83697531
 586837.14658653]","[5834411.65053225 5835101.16235002 5835012.3192339  5847828.46381474
 5836640.16437681 5845127.38515401 5847620.9312113  5836043.8429066
 5834473.61215389 5835873.78715109 5839142.44108486 5840604.19245264
 5839428.45633181 5843385.15738272 5834730.68574154 5846432.0820416
 5842685.34536137 5847256.65512315 5834915.34374738 5841242.69735225
 5834644.38913635 5845714.17167127 5837394.72006717 5839829.45462345
 5838377.06032242 5843929.21275084 5842238.9465577  5842001.95965985
 5843770.23920495 5841061.59543426 5838725.02662425 5846083.12041442
 5844455.59088117 5843109.35534914 5834824.46503627 5834561.48601679
 5839891.47101858 5839999.80780042 5842550.1323522  5844508.77234872
 5836546.61922704 5845355.22084048 5840425.435088   5841606.8400814
 5835694.39188823 5845811.87851795 5846780.0343761  5837573.81569324
 5840003.55522755 5835748.77502249 5843558.73075046 5837332.57774134
 5837964.20095318 5844877.58440092 5846919.33561648 5841433.69868708
 5846839.22245117 5835507.36413329 5836877.37689088 5838906.17413008
 5838346.57918472 5843140.31177814 5840964.89374871 5843586.14783374
 5836794.16181201 5844499.57181713 5841751.420969   5839799.54905244
 5835796.92603398]",6182.545764750892,6775.799179119182,6609.761416582112,6716.171071549011,5791.963091758349,5931.331262967395,6181.205351207476,6177.523476244876,6182.240743129576,270.82731143147913,6541.1036698385315,-79.69096628446484,316740.48940860934,-88.94431835743971,6327.873159694866,5419.004126734009,4,ram-RCEN,Rotor average model
"[579071.57819159 588540.86967405 585588.63149406 586463.41887582
 581628.78301912 579322.94285458 580339.94547353 580021.25739642
 586103.84672534 579722.6204927  580929.84305205 586788.02455292
 583968.30869211 580633.73202775 581272.96876608 586039.80459407
 582393.13118044 584489.17889099 583429.11118439 580112.78142785
 581260.50631194 585050.14246145 582955.04941858 584389.40322437
 582187.20621156 587778.1689405  589004.63842071 581887.33958454
 585322.29795309 583227.0286609  590821.10135685 590601.8932904
 589445.58074568 586939.8421266  587573.26714411 589105.52055658
 587756.67221443 580723.4496523  590210.05006465 589707.36260444
 583087.48889999 590116.38120685 590850.47151867 587585.15562664
 586974.16536173 587595.56728732 582928.64534867 586014.51535866
 587988.01690647 587773.12668478 587593.89481755 584889.63535347
 590883.54787545 584640.7928191  584805.80976071 584959.62914753
 584794.40690927 582418.01210163 587066.03107309 589338.57519673
 590915.15428201 588448.27896295 584894.62728069 587113.78908048
 586554.40312758 582110.13687433 586419.39552944 589879.07308281
 587354.93150789]","[5834429.56577622 5847828.32394616 5846060.35850553 5847256.30461217
 5840642.34123972 5835147.52943631 5837588.96510869 5836822.6835032
 5834958.90036922 5836103.99801976 5839003.78997771 5835012.46464071
 5843844.75947129 5838217.66262365 5834578.48629721 5846677.41988488
 5841690.27829969 5844557.44171627 5843107.31195087 5834486.30347362
 5839796.98425395 5845323.82663923 5842459.62770386 5834823.59972484
 5834654.61974591 5847618.19896639 5847014.36169172 5836255.30647497
 5834897.10975717 5834736.35830413 5840440.92316763 5844212.76006978
 5846241.20442638 5838839.74619897 5836046.04013486 5839615.4841
 5846952.68965506 5835348.89443501 5844899.87376069 5845562.90684102
 5837118.84287033 5840004.60652019 5841366.88837619 5846101.49680645
 5836859.47122363 5845263.2954281  5840639.23367765 5843565.80468899
 5843277.41487868 5842549.24744208 5841397.4845723  5842414.14143383
 5842424.53809877 5835691.73668072 5837098.89457121 5839625.19395963
 5841084.73139998 5839138.46097774 5839787.80082087 5841838.08194144
 5843447.90535725 5844209.07581346 5838269.11769354 5844492.22941864
 5837568.23818347 5837806.43989675 5835992.98409281 5843262.47015072
 5840683.56048793]",6182.258928293986,6775.938162323951,6609.122789917171,6711.7778609881725,5792.799661571992,5930.864711550656,6180.934947491924,6176.316676324941,6194.833182362845,270.6200671968222,6542.447262130487,-79.72021257666812,316613.329824283,-89.00856610170324,6327.074162776553,5417.1003838734405,5,ram-RCEN,Rotor average model
"[579062.32052171 588541.01154339 586788.2224502  579327.6937738
 581405.04630872 583217.41281952 584625.46989242 579632.96048466
 581100.11779599 580552.32775286 585587.8388216  580212.31934459
 590821.45928945 580825.97560814 586037.7642261  585116.59912197
 585355.67759709 583837.04955167 583724.16465787 586135.17531243
 582264.91214219 587738.2622885  586488.06675596 582742.53774968
 590735.91593727 582261.65427199 579955.01268446 581814.94289073
 583037.96772728 584174.38911017 590271.45317562 587574.54162735
 589076.91324833 579911.47538697 590041.5606186  589432.90904198
 584574.46216637 589894.96206008 590914.04031658 590750.49139877
 586538.64988301 589011.15273966 587114.02687385 581222.29093561
 583015.97284503 583626.6444411  582560.89372322 586724.23035185
 587004.19440794 586427.67527363 588376.77372097 584614.05007413
 587966.46927421 584459.33536221 590887.14086877 587780.78007324
 585256.96239453 587202.2104559  587085.25364103 587229.63285892
 587539.35913755 589207.47914623 589162.43897124 580984.2975051
 589982.52020043 588524.25902412 585765.87220087 583928.57095434
 581557.56325848]","[5834440.40780962 5847828.38200746 5835012.45460379 5835158.79145098
 5840144.31426458 5842818.03153498 5844743.01983068 5835890.8795401
 5839413.41884191 5838098.54943306 5846059.52060302 5837281.78701497
 5840440.62910492 5838754.30304591 5846674.71852123 5845414.66733984
 5834899.66602553 5834833.21453578 5843511.28082956 5834960.99811239
 5841515.26890392 5847607.5613775  5847263.64113677 5842165.40839158
 5843977.86699177 5834786.44320231 5834473.88540729 5840899.60241759
 5834716.73880208 5844125.39328888 5844792.22330746 5836044.34844507
 5846888.36577826 5836560.8123576  5839958.72736944 5846127.78650257
 5834837.83130975 5845453.12862948 5843398.82844469 5841379.18601812
 5837588.80197657 5839473.54397592 5838719.32162002 5834573.96389343
 5838825.98439825 5839687.31851768 5837948.90971376 5835982.50002334
 5836890.41104868 5842697.29236018 5847150.71345067 5836475.8075263
 5846213.88991212 5840687.91293936 5842578.17694297 5845328.98426078
 5841544.993201   5842009.11996458 5843682.72485786 5840196.50089336
 5844630.2906168  5843159.96492541 5840769.32658822 5835473.9515138
 5842116.58695943 5844112.60610209 5839886.57134849 5837579.16395885
 5836530.13014001]",6185.4522538827,6769.808216113476,6602.714869448322,6723.837232500099,5805.379857801437,5937.894009284572,6184.119938437772,6189.937678816339,6180.127199810406,271.5280689423922,6543.394851901809,-79.73240359817315,316951.64162866934,-88.95174676123474,6330.397164948657,5416.493349416849,6,ram-RCEN,Rotor average model
"[579061.99778621 582677.69173194 586024.23998023 579958.62849908
 587773.45927121 579286.14671203 579612.91479758 586788.03759287
 581498.8221587  586463.99945687 584899.84154915 588943.01822063
 580044.30387681 580283.7514849  584441.79110856 582037.25978201
 583212.14824027 581753.99339544 582614.23654782 586114.95517996
 580782.73289754 585465.81705332 581155.98802331 590217.63872045
 584255.93981618 587572.57061768 585316.0154391  590581.86223021
 587073.23353444 588540.92449928 589070.54884954 583715.77007582
 583512.89186917 580933.93398514 589746.02088627 590807.64846771
 584884.71925767 590874.42665851 590759.35622729 584449.85956213
 590823.53858604 587022.67412463 588343.31111391 583198.51984424
 586212.53222986 590161.64403749 590897.31970323 583759.86617038
 582501.39965687 585841.32247807 585476.51009097 588803.39925926
 588737.72985444 586360.53741845 581709.66498845 586188.52496634
 589273.11294146 586353.31121259 588098.28642896 584161.8585683
 587487.19160482 583797.36967578 587689.91398926 588517.64852548
 582768.7274656  586694.6898698  588478.43006318 585314.67123187
 581025.93287515]","[5834427.69562882 5842080.18311488 5846656.25973927 5836673.00567741
 5847617.33482872 5835058.53113897 5835843.9012312  5835012.51981508
 5840359.03475263 5847256.75791299 5845017.92607321 5847123.30927112
 5834480.95000864 5837454.04756578 5834827.37538445 5841204.19743503
 5842810.75755971 5834615.63974812 5834684.36050102 5834959.26394982
 5838574.75292124 5845892.92562348 5839546.06134906 5840067.97719383
 5844238.18522903 5836046.98150009 5835003.53494867 5844248.36128144
 5838740.42662728 5847828.34209585 5839463.60201373 5843499.48416125
 5834754.63623187 5834646.80127559 5845714.61796397 5843649.67133581
 5842042.86575643 5842122.55931241 5841418.0979938  5836829.33864716
 5840508.0028396  5836868.55635948 5841206.62465198 5839329.2321164
 5845314.51422313 5844984.3481483  5842855.35885822 5840233.51764682
 5837408.42735061 5843905.18291524 5843046.15283283 5843769.22659303
 5842793.78867408 5839972.82146191 5836611.87058093 5841060.16001899
 5846390.68321888 5837636.91951054 5840108.78822994 5841070.43498668
 5846745.89867574 5835779.67130606 5844520.19680722 5845658.57777482
 5838359.52977484 5835923.1120691  5841995.74362802 5838419.55958274
 5835729.3045074 ]",6181.194107954559,6775.514320633438,6609.977289007888,6711.341417224714,5793.767312593084,5931.263498489285,6179.870666322476,6167.837429891121,6167.024825574434,270.5138482269372,6543.615152675966,-79.75545457837646,316586.42450292385,-89.04014309792265,6321.169016937093,5413.353886739439,7,ram-RCEN,Rotor average model
"[580152.55069879 586788.27012058 580841.00200879 580575.7994331
 579855.86587779 586100.82510713 579029.59480513 579579.81823062
 583049.48329058 582082.14494733 588541.07206312 584491.26675813
 582549.91185934 590920.31053928 586464.26652163 583177.91179458
 585994.15222188 585099.75044562 581366.72399988 588969.98349392
 581630.34938888 579286.70864086 590822.46852095 585619.54815516
 579764.53564599 586879.666233   581112.49828826 580676.64302396
 590874.8775181  583991.52341456 587655.84186131 589426.22882788
 584205.93349584 587450.33274783 590566.67087228 581559.51025208
 587184.56435735 582123.46237264 586686.63297412 590809.29692612
 585035.95180497 589842.04993409 590231.8270705  582297.02030247
 582154.01424945 582375.51275204 590013.93431567 586522.24090112
 587689.47649892 588920.36896883 586969.52312103 582923.11119372
 583508.34513258 584567.81236006 590797.58231592 587581.48259596
 586910.20863538 586826.29108082 585434.7609914  584289.80456383
 583348.19330446 584976.78135488 588318.53260892 588253.63631841
 588466.30704961 585867.0862512  584914.36181276 589592.79269352
 588595.60516016]","[5837139.1934572  5835012.38169423 5838790.74937909 5838135.81923012
 5836421.74688544 5846759.1317963  5834420.39788781 5835763.96517061
 5842588.65621196 5841265.62911649 5847828.28937428 5844559.51700725
 5841905.3848642  5843620.8708966  5847256.86336592 5834728.1158626
 5834949.92091168 5845391.23027273 5840050.71434223 5847075.80671805
 5840646.1071313  5835058.63362436 5840467.42864504 5846102.54521793
 5834458.83929655 5838607.11225028 5839442.56156926 5834646.61511294
 5842136.99119362 5843876.56160293 5847584.85069758 5846274.72449206
 5834808.99344686 5835942.85747981 5844273.56179386 5834600.49393632
 5836593.75910705 5837817.89403323 5837369.03710551 5841467.25120706
 5834874.20172294 5845545.40432227 5844861.67470179 5836761.0213816
 5835853.98398454 5834664.70418119 5839941.39055797 5844460.85432677
 5846380.5738259  5839477.20966291 5845299.34822729 5838894.08413217
 5843215.50507339 5837356.39025061 5843001.93458977 5843552.48745868
 5839776.99816329 5841617.80913786 5838810.6506266  5841530.23028716
 5839798.11635608 5842424.73695059 5841035.00433007 5842811.678949
 5844545.69929639 5836340.55681087 5840255.19129533 5840808.06914182
 5845532.01382415]",6187.63573579681,6775.459563692716,6608.863004382957,6728.0146024845735,5801.8596850156655,5941.0347595544135,6186.31818246153,6184.493606331193,6188.904525392096,271.7965306137393,6547.266106375842,-79.64557534097268,317032.31480379106,-88.88494807448383,6337.155049187825,5421.834839592653,8,ram-RCEN,Rotor average model
"[579052.49770587 586454.47410694 583281.74320473 588541.07609671
 581398.78627049 582240.69143417 579963.9728375  580753.92422945
 579654.38167445 579320.47914246 583775.07532293 585119.24115546
 581074.65183176 585944.44256637 587160.83875304 587574.15269705
 579948.18906223 580321.44770388 586787.88047467 584630.19949008
 581772.45726181 582665.54899998 584232.57538732 585083.72330078
 581058.39907826 582816.93765653 583529.21143129 584282.51313337
 582005.04467151 587991.10892608 586872.62305531 590400.38516463
 589249.46658446 585652.68600897 590341.95840995 590851.03915747
 589030.56275083 586075.469538   590889.77664292 586477.6809503
 589486.62530723 583121.29764989 582926.60889029 589954.30985775
 590857.2929673  587037.43131746 587837.44506376 587137.76466902
 580726.48368469 585185.97039136 587543.9846733  588304.92431754
 587981.07277723 584423.53932015 590827.53189376 581493.22318608
 586872.77837872 583464.84705135 586707.40388381 586502.66474998
 587035.53915142 586067.97467226 583657.65443346 589062.02772951
 582722.60783605 587420.48290349 584845.02275292 589401.41528564
 589767.75568957]","[5834443.34763571 5847244.73949704 5842906.22364389 5847828.32024932
 5840128.64244741 5841482.37527733 5834474.68229812 5838580.1809467
 5835942.46406167 5835141.81632869 5843580.24653574 5845416.84785968
 5839351.27702225 5846547.02969415 5847448.75538971 5836045.36545812
 5836647.00035551 5837542.813362   5835012.32727221 5844749.82594432
 5840837.63625821 5834688.41862912 5844206.11344286 5834878.66746015
 5834561.75368214 5842270.24241508 5834756.16465878 5834893.44997139
 5834760.67291595 5847575.61430943 5838630.09367334 5844566.124273
 5839505.23488472 5846012.22183762 5840144.52390226 5843775.87327897
 5846968.42066216 5834956.12704975 5842647.77881705 5835790.58954757
 5846169.19534359 5838905.71871029 5837827.49077077 5845348.89589447
 5841608.61231755 5840492.50857817 5844296.7437819  5841320.41792144
 5835515.50004311 5842730.10290169 5843298.95048152 5846122.42502364
 5845172.49039623 5837069.88421955 5840626.18847064 5837099.377477
 5839637.83357823 5840129.40959441 5837338.16417196 5836516.02519122
 5846249.47466612 5838026.99873581 5841288.65837725 5843631.52473993
 5836358.32384135 5842269.89653474 5839380.48361041 5841073.8734964
 5842400.0304137 ]",6183.36761763149,6768.479039675566,6601.443149661023,6714.896627223648,5800.749506197177,5935.005934556048,6182.025560590373,6171.121919554655,6176.35309662711,271.082348497275,6541.202413426351,-79.74912645338573,316779.41576396656,-89.01012469359213,6320.549715409103,5415.342240249646,9,ram-RCEN,Rotor average model
"[579079.59880378 579638.06055259 588541.06450432 583921.5614153
 586464.0492096  586788.14243217 581504.26197803 579290.45282097
 587553.69620012 581194.08451012 585710.70134538 584398.80150019
 589597.09151457 579945.85837686 583018.80488533 579982.11317801
 583499.0640402  586118.07451892 590845.37869268 587537.83666682
 580588.95962941 583487.66023208 589094.67924098 582501.22338986
 590823.81071981 580307.67061778 581739.3083702  584900.26724333
 580894.49416018 584294.8989923  590845.77850638 585263.46528516
 581931.50765949 587207.3966475  585096.59135824 582544.34520992
 590163.66250292 589244.65392905 588810.33231667 585952.92489896
 587582.16232019 590181.44282459 586586.34888157 590788.71644013
 583442.43085311 580892.06510723 588203.85513352 583069.26067508
 587038.6178605  588664.82626665 585354.56994151 590897.9364845
 585250.00365597 589939.48430107 587152.73516252 583865.74829913
 585060.68068087 582811.68095447 589114.91071619 587996.62970199
 588806.84516528 585671.45910776 589565.97262925 586398.82546539
 581295.80315766 582639.67760507 585903.88808444 584196.51532369
 586664.54604669]","[5834431.7226527  5835902.0807575  5847828.51999748 5843781.13638583
 5847257.02047352 5835012.65366194 5840375.36797461 5835069.25442536
 5836026.60057805 5839636.0259983  5846227.26628731 5844433.50480651
 5845968.63992392 5834473.25734563 5842546.13666157 5836727.94622596
 5843202.44375285 5846784.07658647 5841211.43320911 5847552.44270112
 5838184.95441093 5834752.61010986 5839510.92513502 5841838.14842059
 5840502.35818406 5837510.28668922 5834614.39029097 5845006.64848492
 5838918.02036674 5834816.10577779 5843783.46461504 5845616.22383115
 5841059.5695208  5836593.12391443 5834969.3519999  5834677.95314007
 5840036.12183358 5846594.21746005 5847257.09802519 5834946.46919661
 5840251.03298147 5844950.23598981 5837335.31695559 5842036.18450288
 5840558.8086425  5834658.08163107 5841677.2831033  5839459.52971754
 5845130.7647927  5842736.7142177  5840269.05200439 5842875.10184295
 5842771.13865667 5844330.33739597 5838660.34523261 5836713.64130539
 5838982.08079713 5838114.60234771 5845099.2396304  5846495.93095194
 5843830.36411119 5838134.5298686  5841266.76305302 5843688.50143823
 5836330.07893499 5837089.29006551 5836481.43614167 5841610.5066499
 5842127.62319231]",6185.04572241468,6775.405322864587,6609.810849469437,6720.8816970330445,5801.023417426785,5937.467674382209,6183.720218210245,6177.243191731422,6168.278854022248,271.1834680309834,6543.514833287758,-79.67779823572049,316886.23993917415,-88.9246612340644,6324.304828036781,5419.177926648835,10,ram-RCEN,Rotor average model
"[586788.21406713 588540.97025931 579886.07428368 580463.10187968
 585993.5249305  584240.4342851  584377.85999361 586463.34066823
 579321.05699059 579071.61704444 581177.65041232 579880.59272742
 582930.08358963 579609.58736523 585439.59450799 583479.90489964
 581166.10752285 580815.74504929 581585.70896056 583281.59729385
 590921.21918287 582336.83927569 589051.20077512 584842.87871982
 588192.08268448 590821.81562505 582321.5684867  580168.6023993
 585342.80527507 590500.66333882 587575.06703366 586143.0830451
 584383.68576829 582612.32372036 589599.1119875  586841.41567535
 586399.40235803 590027.17709612 586663.45755766 588005.77612804
 589265.33296668 584096.98124985 587865.29360079 590722.85837929
 587095.23302721 581745.34280365 584787.52071755 587570.61895463
 590894.86885806 587081.54628396 586665.04363902 582652.15048243
 589853.34972912 590874.51641691 586627.47000392 586790.72212779
 587384.560643   582686.19789016 584814.47603807 585726.06501932
 583610.16109032 586542.47188378 586915.66598606 582537.94293831
 588637.11341894 589078.41322008 588327.28906195 588981.15414082
 584487.6113257 ]","[5835012.33173698 5847828.3941984  5834468.36661155 5837884.67175796
 5846614.15574835 5844217.12736589 5834822.40045275 5847256.46659215
 5835144.00499142 5834442.74557399 5839599.13152478 5836486.54502578
 5842425.16845735 5835836.51679018 5845855.8590293  5843177.01982499
 5834569.49919143 5838730.76157583 5840576.63618506 5834736.0236014
 5843652.24984132 5834662.87058716 5846931.60222257 5845040.94585114
 5847172.52194523 5840441.44537407 5841593.31488814 5837177.90334623
 5834898.72711609 5844390.72845186 5836044.12497729 5834961.46021878
 5841026.67387171 5836462.08740741 5845972.39389991 5838548.37607014
 5845167.41922764 5845221.44195097 5840609.60317492 5846137.25100957
 5839479.25057827 5837369.64744178 5845356.37803938 5841389.41498945
 5843489.3502416  5835672.71872964 5836133.17089087 5847561.36149458
 5842776.90803414 5836781.37668912 5839568.24915982 5839128.88776374
 5840167.72326973 5842129.28254529 5837445.96636894 5841449.85659568
 5844395.61252748 5840942.81352191 5843656.11115479 5838190.5798396
 5839939.23829338 5835973.5275342  5842360.28788975 5837838.86611902
 5843092.46825251 5841497.57690879 5840051.80409847 5844239.64606602
 5842226.52385045]",6181.25892509922,6778.552208404801,6613.21832253073,6708.418333301549,5788.4268231192555,5924.707330295339,6179.892893726604,6175.430174143157,6177.861548775936,270.41965523002574,6543.990072819175,-72.14326730058484,316527.3690114698,-80.55765894293879,6320.205742855107,5559.467048355693,1,ram-CGI,Rotor average model
"[579104.35708827 586463.47021619 583830.44068044 580225.48052432
 588540.85431752 580576.08335651 582676.32537765 582117.65187222
 579311.97778812 590821.22341834 579614.990975   579917.25903158
 584091.41016688 580918.27155251 586041.38487036 581498.72255797
 588356.08496878 587276.41248116 585539.30227959 586012.43056011
 580922.25389089 587536.81233154 586863.71471877 583041.77654752
 584972.84033609 589128.26299522 581765.29425423 590901.29644122
 585004.48163668 584464.21617117 589122.88892941 579852.69012495
 581951.11342134 583231.73972236 582628.8688176  587152.73516252
 586788.30432714 590858.70608557 589995.38501518 590420.74212431
 581704.74002906 587323.81627522 582125.65875049 587448.55092451
 584006.61940264 589600.68574065 586562.36452653 585329.47216342
 582541.75368608 584355.52868321 590890.37037145 585027.86687533
 585941.09975263 587235.65610068 586536.33376665 590840.01682618
 589725.7092809  589204.48647233 590102.46547868 584381.79993409
 584754.5420584  587703.3265624  589508.13432258 584734.06915255
 587201.36363618 585719.80706366 588361.69590713 581204.54651584
 588487.45884771]","[5834426.46053204 5847256.69254732 5843654.48705345 5837314.42252691
 5847828.36169417 5838155.47895764 5842078.00204635 5841314.4812231
 5835121.38856962 5840439.90069097 5835849.36170267 5836573.95154683
 5834800.04425985 5834549.89235079 5846679.41449594 5840368.58164176
 5847290.50805317 5835801.99660225 5845992.87122375 5834951.81933966
 5838985.71540711 5847552.09503792 5837103.92859163 5834717.14006131
 5834869.64070235 5846797.4885082  5834616.73287007 5843687.95795103
 5845259.81967685 5844523.08200363 5839393.17024346 5834465.89363429
 5836599.90999464 5842837.86758188 5840522.71495707 5838660.34523261
 5835012.3887446  5841628.473763   5845277.21460017 5844530.34361608
 5835680.19045821 5836419.74261485 5837797.86829935 5846272.67204753
 5840159.61548407 5845969.53905068 5845011.78283189 5843186.26008482
 5838767.46631314 5835977.62884391 5842645.18580007 5842378.45736767
 5844070.36270506 5842457.93490683 5839921.39881692 5841021.11082427
 5843532.91074334 5841486.91741946 5839995.93427211 5837033.46132093
 5841334.84773182 5843730.86580854 5842411.77918752 5838669.27151491
 5841046.97845784 5837747.88580938 5844986.1254159  5839652.44093702
 5840066.66301396]",6184.95996510647,6782.265839689597,6615.936819250676,6711.947136585285,5796.412165059138,5929.522550274978,6183.620086967321,6178.801218583034,6179.451047513844,270.59215912413106,6545.474497812456,-72.06189103229536,316792.2469963903,-80.48235396802028,6326.229413450124,5565.466466151403,2,ram-CGI,Rotor average model
"[586788.27010411 581324.50888579 579563.94062455 579268.82082495
 583900.46429913 586463.28648156 582773.55279337 585051.98624867
 579063.79275276 582811.98159027 587575.27405643 586051.11115618
 581639.96648954 588540.93227676 580349.83208577 586011.19770835
 580806.13388252 583372.82435836 581000.22276626 589143.77262807
 590917.70324371 582232.16467699 585558.39253809 584521.56582867
 581867.22636632 588923.89179438 579918.7365377  587151.21144114
 580066.28905063 587692.55112993 590869.75234085 583802.17474556
 590896.84289749 590841.48890279 590820.95438814 587011.3612771
 589728.41451962 583239.22914534 588942.48665957 584993.01469632
 581016.90439555 586381.99155088 588122.27678073 587006.52996087
 581766.46054101 579821.05507715 590179.27820675 587415.16436782
 590021.54989947 582908.93488438 584912.79832222 590550.05477612
 586165.64112077 585502.04683639 587614.75082754 583856.82624598
 583365.74967127 588700.42651697 588371.9615539  585675.53234004
 589637.73344409 584032.42630172 587105.51691264 589307.41781452
 587263.95438372 584567.58750129 585564.10385589 584615.97815078
 586386.12582415]","[5835012.48651809 5839951.07343019 5835725.57857478 5835018.29557891
 5843751.59412892 5847256.60926531 5834696.83036106 5845325.47797844
 5834410.20031494 5842263.42886634 5836044.16840068 5846692.84996687
 5840661.15412399 5847828.33063833 5837612.48895638 5834951.07986175
 5838491.83699599 5843029.79339542 5834556.47552234 5839406.09327838
 5843514.01350789 5841470.74976902 5846019.23794399 5844601.46659199
 5834624.49819923 5847156.79486003 5834471.15849732 5838661.6462268
 5836931.85520884 5847595.07521045 5841987.17304232 5834777.19692181
 5842855.15348684 5841085.94186213 5840440.16296771 5836885.98194908
 5845743.29792242 5838832.62595369 5846580.85187712 5834871.32793656
 5839212.87425364 5843081.88619936 5843385.2084117  5845578.41998786
 5836505.86703647 5836343.78217373 5844953.79336052 5846798.08042042
 5839947.1075534  5836003.79207109 5840686.51181086 5844304.16089966
 5838147.39345839 5844152.35045762 5841802.40433135 5841932.90747764
 5837325.02377785 5845489.23234294 5844538.47288505 5841825.71756672
 5843258.58515015 5839805.05908675 5839844.59259269 5841571.6006308
 5840790.93981474 5835557.06344641 5836947.25688768 5837671.65056991
 5835954.40086261]",6186.589428225094,6779.421762695701,6613.213365043395,6717.119169222129,5800.616047187032,5933.923533678739,6185.243480799559,6181.396647680414,6181.599955742159,271.1947770078962,6546.761269154609,-72.06616753852063,316912.0595945765,-80.42983034456357,6329.50455459275,5563.477675775853,3,ram-CGI,Rotor average model
"[588540.88245934 579062.28776444 579911.15904554 583538.93765103
 586587.04121271 579344.14436197 580949.5244748  584534.38718983
 587574.90691934 586788.09554966 586000.90565017 579944.58985456
 580609.16914634 582997.44419783 584941.55592342 584084.31411937
 583262.59027593 581612.09913234 581161.70250065 582227.74837705
 579638.81786989 580278.37153576 582259.41177776 581286.73205441
 588983.62153927 590916.36051741 586175.82790708 587791.68746229
 585355.88762054 590828.28112218 590256.84113013 589765.79171282
 585790.85473122 585045.57641818 582610.13602272 590211.71835745
 590774.81993687 584194.47034568 584183.19452946 589127.02960521
 587436.81045762 586413.10852102 590633.08510929 590895.87233836
 583385.31520722 584895.09693744 587731.83558749 586347.6412604
 589388.74207176 585095.14568567 588853.63875173 587044.21001814
 590874.08704321 586573.17641944 582861.95356824 580623.48360344
 582634.25259326 584435.79864177 587388.9555564  584462.40991186
 588347.3941636  586571.8013016  587293.47738064 581342.13885582
 585430.00439301 588905.55490218 587096.13498636 589154.61789837
 586541.44632821]","[5847828.32034566 5834459.76393758 5834470.3700462  5843257.59599818
 5847290.83145002 5835199.95761788 5839051.47059325 5844618.61389185
 5836043.71713354 5835012.43292576 5834951.18362735 5836638.53023468
 5838233.55317848 5842517.07027113 5845175.01189499 5844003.26598748
 5834734.60642655 5840622.16451594 5834569.0052582  5834653.71129215
 5835906.8191008  5837440.82720792 5841507.518241   5839860.84802513
 5847051.63178062 5843469.18853943 5846863.78514559 5847622.32728725
 5845742.11524366 5840649.56576509 5840092.10879653 5845677.47982042
 5846336.98153384 5834875.53717994 5835731.20175247 5844896.3172097
 5841429.69069644 5841214.88037813 5834807.13760042 5839394.74488914
 5845911.19436746 5836886.36329463 5844158.33725755 5842809.02913954
 5840160.62104793 5842341.03163945 5846787.49945489 5835823.73505967
 5846341.05669092 5839568.77509827 5842439.42035338 5838620.28348545
 5842111.68832783 5842482.62910217 5839063.28548828 5835247.98380894
 5837847.02173523 5836425.94110099 5841258.31778027 5837536.77141097
 5840188.55324602 5839712.11736252 5844933.11741009 5837045.55299669
 5843409.73855189 5844100.73821373 5843825.3803762  5841056.48734412
 5837586.80145251]",6184.5759892403785,6778.3004545151125,6611.515230628942,6714.345039017342,5798.025157747708,5931.182779313729,6183.224447592781,6180.479132486008,6193.706742813689,270.7710333147819,6541.933694465552,-72.07273178729304,316809.7663034185,-80.4503084809859,6325.699076015983,5564.678652138982,4,ram-CGI,Rotor average model
"[579060.61648607 588541.09113871 581584.31519221 579790.43523654
 579362.80285006 582162.3812942  579892.21685118 581856.95649713
 584200.54752333 581167.35161143 582720.77467737 586040.58856505
 586788.27911285 587208.92907604 585141.70487405 580129.10598511
 580517.49541899 583892.69021098 584658.88486083 590913.86452537
 586001.79937593 580855.31710832 583218.05654736 589806.72977443
 590821.45553725 586463.0360234  583725.44245657 584883.80295307
 585585.12146695 590842.99589252 590873.78378491 588809.25629971
 590695.08574613 584786.79227487 586638.80558901 582864.44699516
 587946.68530318 583186.0810336  589811.69037069 580858.23629359
 587103.66969921 587574.10203259 582851.44741857 586411.52768582
 589417.08411094 589022.63159879 590256.14215083 587049.78131524
 585036.6942569  584711.73312598 587159.49649702 585582.38453626
 590223.84479643 583569.78222176 584948.88054989 587859.95107888
 587149.07798582 586002.21219775 588938.38246806 587740.53109429
 581943.4411769  588342.68156027 588724.41952613 582588.22524818
 585079.46346043 589247.65757727 587492.42252753 583197.96233432
 580816.44369218]","[5834450.71363317 5847828.32880014 5840573.51995222 5836270.14387355
 5835243.84313018 5841375.17565257 5834468.91499881 5834623.7737638
 5844161.42651737 5839574.55813833 5842138.75910893 5846678.5893275
 5835012.42833319 5847461.83300072 5845449.45821411 5837083.13594708
 5838013.6402745  5834784.30345543 5844789.07844208 5843408.57394845
 5834950.43215791 5838824.86257474 5842819.07672088 5845606.65001931
 5840440.58252534 5847256.55233589 5843512.40875877 5834862.50036623
 5846055.74514991 5841154.50256267 5842116.20765794 5839482.69243257
 5844049.53012606 5837336.91006584 5837398.91026154 5836133.97463291
 5847664.50011913 5838083.65179416 5839816.32667925 5836052.05887946
 5836746.59313693 5836044.54083055 5834702.15492767 5835815.73836945
 5846291.72426791 5846983.06005966 5844819.76998421 5838622.82493777
 5838998.85203762 5835869.5886997  5845118.43884357 5842540.74338074
 5842661.75287459 5840874.4755539  5841747.74359851 5846317.58819224
 5839931.85910146 5843581.20326122 5844821.77897106 5844218.58318394
 5837614.78296847 5842447.40795583 5843374.21642596 5839906.4171888
 5840096.51242192 5841009.85458893 5841094.44595855 5839088.02916232
 5834693.70999436]",6182.3671291336495,6778.26712726987,6612.333142745693,6710.889739575727,5791.1902835108,5927.743149603886,6181.015445352584,6170.3219937622325,6180.601713133305,270.40317824355975,6542.071635360314,-72.11328274409242,316671.27481524483,-80.50201449405913,6318.657106115181,5562.273999811979,5,ram-CGI,Rotor average model
"[579097.33372381 579286.27652537 580776.52573431 579964.50078517
 582375.26773103 579607.90857034 588541.05632132 585028.82943654
 586463.28365244 586059.6115286  586788.23313805 580412.88443493
 580186.81453304 581669.3849403  585121.43790362 581272.38910479
 584677.88401205 584243.28350607 582881.0763235  585597.68810307
 581048.01690179 587575.2374331  587151.07238023 589104.43439771
 582334.79273277 586047.16176582 587076.33383542 581374.06499476
 583366.56684646 587202.75688967 584176.94944192 590866.56401519
 590455.69496021 590840.471827   583786.83820546 583211.63683104
 590872.55206642 589134.52886326 590651.34132429 581323.45823099
 587869.82861738 587989.67202405 589682.20195064 586660.84072465
 587399.52825919 590777.13532658 587435.81241142 585461.28179864
 586543.5589567  586317.46856845 580553.90809123 583644.32979163
 588579.18157472 587697.67900424 583013.59902864 584487.18874712
 589178.34937839 582641.98994035 587840.18611742 584600.47937577
 585979.94998919 582091.59205997 587640.36932179 585940.82083043
 583143.08978251 590083.49713242 584512.02957685 589507.95940484
 589583.66268123]","[5834466.07152292 5835060.98527008 5838636.69836655 5836687.76340333
 5841666.3119116  5835831.08454562 5847828.39148767 5834874.47645898
 5847256.69734205 5846704.65771448 5835012.39054387 5837764.26753842
 5834492.07770542 5840701.4782822  5845421.59672091 5834578.00025464
 5844814.88065245 5844220.45128882 5842358.2058995  5846073.01780592
 5839288.30114817 5836044.06464054 5838660.79958751 5846840.20370891
 5834661.32094878 5834953.94325583 5836788.3083614  5840070.5951165
 5843022.34880536 5847460.23234679 5834806.7135973  5843748.6111113
 5844467.1948145  5841040.72938703 5843596.53354178 5834730.66412091
 5842089.37027078 5839398.05377699 5840334.96697022 5836537.79856496
 5846555.74845655 5847676.67841086 5845825.63052507 5837409.15168536
 5840308.3626759  5843030.62027663 5841712.25308409 5842832.40808905
 5835778.96742345 5843919.39727868 5835352.96706454 5840477.24269087
 5846011.24549339 5845125.06849496 5837543.131246   5836569.5700875
 5840513.28639218 5836121.74528887 5843969.62596956 5838764.18261985
 5840177.80373607 5838180.68460981 5842841.64367414 5838061.05965643
 5839515.31490682 5845120.77230378 5841550.65841191 5843753.32300319
 5841638.44482415]",6183.3554029385095,6773.399391230709,6606.65891206529,6717.360215535727,5797.079139155299,5930.096295260797,6181.990836521417,6169.683457850207,6170.938210208905,270.8766423468086,6540.832705779356,-72.1262423414303,316772.50887123647,-80.50361685680403,6328.238797228433,5561.132452074079,6,ram-CGI,Rotor average model
"[579083.94093445 581450.99800827 585838.12576973 580271.23249911
 579315.3511877  584869.12624879 579663.51721012 588541.06102123
 587885.63165344 586326.2554593  586788.25972865 580985.77780251
 579981.63454249 582006.20482405 583399.82954861 579927.32358639
 585192.20125762 582745.4620345  589215.67189508 587014.59497392
 584411.38198679 589992.55277283 585375.68050502 590441.56545531
 587151.65534995 581023.72302537 582135.62458886 590852.90700885
 587244.93140138 580573.47283082 584415.69596155 583929.11337839
 590004.20720483 582854.01031659 590860.4106675  586841.01148285
 585153.01998081 590871.47249552 590897.3333607  589601.64931489
 586015.23631139 590822.79767572 588448.47298322 585252.42934842
 589021.7285014  583481.15545336 587344.66030983 580917.00378535
 582666.70418753 582105.97675053 581899.34040833 583648.35134955
 584809.80988729 587571.2740152  587451.02769899 587402.7405745
 584360.46942669 587839.75582856 588013.84688228 589593.55771335
 586232.65080124 586303.24146378 584722.66198447 589100.05133658
 584536.12783485 583113.64158634 582960.88874012 589498.21204496
 587174.93223608]","[5834435.13483567 5840254.72890105 5846402.03157331 5837423.70455706
 5835130.09467526 5845076.73288024 5835966.01989091 5847828.44031219
 5847648.00381732 5847069.51454725 5835012.37516172 5839138.63232788
 5836729.08219433 5834635.63156928 5843067.60591133 5834471.65233018
 5834886.66587253 5842172.68099404 5846644.60345473 5847408.55448464
 5844450.82431324 5839928.04277803 5845769.21030867 5844494.48303819
 5838660.90098188 5834558.18257873 5841338.69709754 5841443.01905725
 5835776.77045304 5838146.08975738 5834825.3699071  5843791.4960832
 5845260.81413175 5834702.24095321 5843759.432607   5837140.28405482
 5841489.84696759 5842129.66161972 5842856.76451332 5845967.94268231
 5834951.66041182 5840471.29491915 5847102.27226223 5842771.25652108
 5839422.43827226 5841604.54022963 5836387.92846569 5835567.55243484
 5840472.71556125 5839374.35586767 5836441.30030145 5834764.84368393
 5840446.41241473 5842694.9178644  5841260.06054328 5846048.2171849
 5836330.38334958 5843700.93464247 5845011.28046776 5840756.48036453
 5838047.01108757 5844579.54655912 5839499.16965652 5842601.0104526
 5837374.27673989 5838308.02833403 5837266.13988474 5843438.10282882
 5839987.15212125]",6180.840590171482,6774.7470814141825,6607.028236811208,6713.435116974622,5790.810515775461,5926.321303233001,6179.480337532973,6170.2876284095055,6176.712880923781,270.4787795576581,6543.798835277894,-72.14584886040714,316564.05151188315,-80.5457548721039,6321.626696586432,5559.317061310144,7,ram-CGI,Rotor average model
"[579041.27074328 579268.3752868  586788.19580712 585291.73089866
 579896.77462107 583844.48798334 582657.29833073 580260.09063384
 582893.15261756 587573.68062779 583242.22627819 580570.88083142
 586532.45858464 580284.17840902 584813.11628043 581737.62567739
 588541.05947653 584367.85992197 579571.8476479  581395.0476951
 589125.99144961 586152.94120698 581753.63954462 590660.55749369
 589086.42016114 583937.66466664 589600.41662896 587799.18699846
 590909.82396668 581023.61322522 590434.38464613 590838.14935206
 585744.24367367 590008.79302121 580857.70254057 584747.18738045
 580794.06983869 585880.82508292 586503.05527289 584682.89170051
 581125.92780849 587161.55270881 587612.37165177 587371.60547633
 582257.48910898 590889.10989652 586692.55693778 586648.49259002
 582267.0983496  583150.74699124 583796.25588922 585245.46071444
 585765.79396004 587433.26612167 587668.509255   589482.73825546
 588952.02682991 586627.95506275 588884.56133122 588390.05477694
 584568.01090755 586903.94138337 586203.92009497 582731.3125906
 589889.45011825 585554.02326354 584094.47904719 590821.78636001
 590757.6602706 ]","[5834436.36970156 5835017.62743566 5835012.37481486 5845654.39865908
 5836525.51058    5843674.53677876 5842052.12531215 5837397.34295077
 5834705.32579313 5836043.07888938 5842852.06123415 5838143.18813749
 5847275.86477363 5834499.72242839 5844999.98977987 5840794.314719
 5847828.22546913 5844388.60852353 5835746.24417747 5840120.65082155
 5839393.06845248 5846832.33612755 5834615.70655023 5840341.00305371
 5846869.99885825 5834788.13457316 5845969.78049128 5847624.1269306
 5843261.96942804 5836279.95917744 5844506.21452719 5840974.33175663
 5846273.07468408 5845253.24708341 5838831.28600681 5834851.68679396
 5835341.07913826 5834940.87998279 5837451.76940628 5839621.22421074
 5839475.47979968 5836660.85417754 5846701.21840136 5840274.99778519
 5837368.13303292 5842609.20971693 5835727.4509354  5845140.62373856
 5841400.03972147 5838343.91886012 5841805.16030492 5842766.27039839
 5841110.88620652 5841636.80480571 5842923.51072528 5840206.30256298
 5844034.62076889 5839094.69794437 5842335.84108171 5845464.01325444
 5837063.3762013  5844046.30225673 5838090.02733392 5836178.82843752
 5841173.02061985 5836318.54219624 5840611.4885173  5843826.41643934
 5841909.85077943]",6184.853780785017,6776.824032534252,6609.886084327603,6715.842127399054,5794.60908517523,5934.011465588223,6183.507804982097,6175.190540632681,6197.89418792689,271.08692206391754,6541.203839475377,-72.05515387831504,316862.2771994121,-80.46791431775556,6322.266736809328,5565.283815161295,8,ram-CGI,Rotor average model
"[579216.39551489 581207.2490787  582509.27967371 586942.90561892
 583141.16060141 584292.11727729 587867.39103581 579829.61484447
 580777.51729831 586787.90584406 580402.11773025 580237.01277105
 580094.53453171 585673.85713716 584499.09315665 584894.74531866
 588540.88706084 579320.00608743 586275.50030428 587283.2354391
 581380.12710474 581548.71503543 589041.39935312 589124.45523794
 587331.16270533 582068.77068686 587151.65337373 589707.19754366
 590921.35389149 590824.90178108 586285.98068464 581799.0859176
 590867.76078306 590166.25414012 590530.89440744 583289.00983033
 584743.17868832 590126.00806694 581625.82691096 585463.31533012
 583010.85107515 584308.80809212 579574.94818587 584174.02524105
 590740.569066   585649.73037612 586528.08740198 584089.76868618
 583807.80676231 590902.72449197 583117.7344246  581899.98679168
 585793.92184576 587693.45920166 582372.86457125 588930.47759099
 586181.01517887 585577.77595361 587599.57650275 585121.20973231
 584694.323792   586965.65693198 588013.39476047 587131.32784584
 589209.24789891 586695.55482382 588933.85711767 588798.6136607
 588512.891116  ]","[5834513.10288006 5839670.09055404 5841849.13411081 5847388.54698213
 5842713.92625345 5844287.58505177 5847642.85136992 5836364.26151033
 5838631.85229484 5835012.36172698 5837737.88544861 5834495.9930246
 5836999.27349184 5846177.28145953 5834832.07924412 5845111.99125235
 5847828.24543676 5835141.93340487 5846999.80012623 5835807.50018334
 5834586.11807868 5840489.35754711 5846950.23690582 5839393.82561688
 5836407.50209732 5841247.16223818 5838661.18916907 5845780.63843818
 5843651.14302243 5840550.45804335 5845359.61494983 5836595.88108626
 5842060.7181359  5840035.59344045 5844336.9910644  5840449.5156304
 5843639.58716567 5845047.34066264 5835517.88332203 5835821.13866363
 5834714.97149248 5842906.08478529 5835753.1790943  5835427.58182478
 5841389.73590392 5844449.45294412 5837607.51941271 5841913.4972482
 5836580.99484531 5843049.27477492 5838786.61453558 5837852.21419309
 5834933.99786518 5846789.92022502 5839387.97378144 5846357.37826813
 5836850.08457417 5839351.13999798 5844192.62837594 5840621.58779099
 5837776.97732311 5842626.34391903 5845368.05111152 5839943.27743691
 5843793.61061888 5841535.67075413 5842781.29028954 5840457.82232938
 5841562.79529283]",6176.352757571864,6775.7064236185215,6608.826560120593,6693.239569304685,5776.216310833406,5918.4220061215765,6174.964495889859,6168.728832585795,6169.221349611466,269.2608721631789,6535.404759665407,-72.1583819582691,316227.57643989613,-80.58690920439331,6305.310809349276,5557.343532884817,9,ram-CGI,Rotor average model
"[579030.61226759 588541.01916513 586463.6105893  587529.84351446
 579634.45162923 582418.24073218 586050.06599709 579951.60112288
 580393.63623988 585068.92417361 583036.49079988 579294.16455119
 580038.06895339 585597.87898565 583537.75634435 582110.80321934
 584056.73237356 590822.58693852 581132.54211757 588836.47402637
 584201.47787999 584561.89759266 586982.03116304 581014.62950942
 580728.39045036 583069.34535511 590740.72433997 585521.07825152
 590393.13090197 581448.79965019 590856.30556889 587162.53961531
 589944.13428182 590907.33850617 581826.41670945 586788.19270532
 587559.70277568 590803.7300768  586014.4218645  590098.08739103
 580769.30764762 589456.09239375 588470.68641216 582845.15570335
 581748.4212132  589125.13518912 586748.65660319 588478.22630352
 587139.78357032 586409.50256838 586809.13561073 584799.00233676
 589566.70225317 583380.46551237 583585.32217998 587938.9542732
 585951.39413443 585002.81513842 585592.28799181 586755.95485592
 588264.12688086 582438.62105587 586822.39362752 583455.28202077
 584766.35392542 588985.97850851 587506.4438501  588671.60502105
 584521.94503061]","[5834413.08661258 5847828.42442527 5847256.78905648 5836110.25114879
 5835896.27988887 5841725.16564897 5846691.57983796 5834473.56491922
 5837718.00530265 5845350.16770755 5842570.73636231 5835079.5005625
 5836864.9036557  5846072.7251267  5843255.98591578 5834644.06586123
 5843965.82150568 5840471.86284468 5839490.6321312  5847309.82772061
 5834808.66819586 5844656.02708684 5835561.80574927 5834557.77287463
 5838520.56094339 5834719.44598449 5842443.75233249 5834912.65231971
 5844578.60533258 5840249.78956949 5841547.50284065 5836656.36577968
 5845366.71636494 5843184.82018058 5840916.10936454 5835012.38374788
 5847558.44536179 5843858.3545612  5837985.45435737 5839993.54090759
 5835540.89827953 5846222.53209743 5846738.75547612 5838762.09651423
 5836509.89310285 5839392.69476961 5837277.25832813 5842547.50568393
 5838680.73283211 5843004.24959125 5840016.96449633 5837093.8432135
 5841260.13094446 5835932.35189494 5839851.39191114 5844780.68831136
 5844160.42200708 5839304.92894885 5842101.73708335 5845528.37962516
 5845800.08520224 5837640.09031949 5841147.38893383 5841463.24713123
 5835741.70994155 5843757.71890514 5843935.56773932 5840156.2254736
 5840905.87589198]",6185.599061631342,6781.258222077323,6616.841624396423,6711.292481241601,5794.251237249887,5930.81854667214,6184.246520321402,6186.4880555026275,6180.540362000103,270.65692998171426,6542.554807143943,-72.07770063717716,316856.974076516,-80.45717530308067,6322.502935100666,5563.431644484023,10,ram-CGI,Rotor average model
"[579084.15235958 579691.41816077 588558.81094699 586788.04394087
 580826.82792974 579381.25058033 581594.31482065 582912.34019255
 582412.55031281 586234.63167686 580542.68995589 585780.88690655
 579853.33313111 584255.76487125 579945.14242838 582059.06913992
 585044.20612218 582626.21687549 590399.31820064 583927.91485166
 589262.50757656 586731.87800827 585323.57940582 581295.86049725
 587403.8525458  585315.42360479 583723.10514861 590907.54464262
 587978.35897252 586962.59338896 589602.92292402 581463.49552362
 580198.25900171 586998.94489221 590871.80598781 590842.55375023
 589490.05357918 589111.63269142 590226.61697817 580670.64554098
 582035.93552534 582638.78481511 581785.66858818 583121.36726084
 584440.09343887 590892.30442398 587007.04454821 588354.76511291
 586810.46086014 588593.00812329 589836.42129033 586955.16076795
 587173.40548346 585784.50612809 583286.15169898 589491.79046792
 587940.32570971 590517.43529029 583981.26187033 585672.21971152
 585914.45289245 585747.03251421 583059.92744344 587762.43632774
 585186.28507319 586503.10058196 582159.85073045 589771.41672542
 585102.29953682]","[5834443.99385391 5836033.10186515 5847796.90598866 5835012.55284312
 5838756.06355048 5835282.6036682  5840597.71690646 5842400.70875102
 5841714.8065594  5846943.81250544 5837827.40105299 5846323.24810955
 5834466.10285974 5844238.05460596 5836641.33445457 5841233.79718541
 5845064.92681461 5834684.40436501 5840179.95031313 5834787.06536001
 5839523.77058272 5847330.634499   5834896.96856517 5839853.89028793
 5836299.72051436 5845680.40770132 5843509.41183283 5843676.56024694
 5847673.51437111 5836957.20185687 5845965.23688905 5834593.6819646
 5837248.22528579 5835658.75488522 5842059.17527249 5841117.63877188
 5840379.38280548 5846824.10363868 5844870.0460595  5834680.31454909
 5839271.71191332 5836942.7960304  5838510.85022214 5836154.74453504
 5841910.75954642 5842748.89532875 5838671.89019161 5845998.92301299
 5839493.49757154 5843662.65102221 5841526.39970502 5840665.62341173
 5846116.26365081 5844251.13457308 5842911.23202912 5843146.72147262
 5845062.42328823 5844360.28878329 5837544.06503921 5835595.26218106
 5841260.84838582 5838015.39343917 5838646.39252366 5842471.96766641
 5836425.49024697 5842617.34434622 5835692.99769989 5845408.97882462
 5840272.39722182]",6169.116878669163,6766.568372052789,6597.123374823584,6691.048326172864,5776.085621654414,5908.97370792442,6167.683475258465,6223.023881329751,6227.5791475273845,269.30773042077334,6525.894871420887,-79.90736518222988,315963.7912404896,-89.21088652594699,6296.820639214975,5403.611873608933,1,wdd-5DEG,Wind direction discretization
"[579640.22272397 587005.54341403 579351.11636018 580649.67529783
 582299.01714991 579288.65056172 579979.302778   581643.30274685
 584126.37737666 590213.50732384 586347.05562425 585477.98509662
 581309.19177357 583343.19545117 588541.43559592 582894.52972334
 587136.27741249 580296.16775939 583815.82580143 581819.59027587
 585931.89487087 590510.13465237 581901.63231761 584786.42990973
 590888.58915633 586757.09687218 582811.93648696 583071.04833922
 586787.13297    582844.86100768 587859.27479668 590508.76095253
 582022.16746313 580688.68366465 590823.79820085 586051.69690705
 587152.65998015 587360.83380661 586661.46390686 584622.97778722
 589377.08228979 589531.5796577  583126.20209872 583639.11754052
 586455.24895082 586580.44925488 589028.90547169 589978.37580233
 587551.68892439 590003.41973958 583641.9104618  586999.16841351
 588819.8315572  588948.27586262 584348.13966786 586422.71345096
 584511.38660146 585422.67923936 589620.03862262 588332.71924812
 587368.65537419 585268.03203198 590440.26111139 587479.37228233
 585805.31030699 588051.79046411 584381.72264274 590919.04113768
 586151.47369846]","[5835907.14205165 5835582.95929376 5835216.05937301 5838331.38273432
 5841561.84273043 5834568.99709122 5836723.62377092 5840665.90651007
 5844061.1909542  5840064.52321926 5847097.6279256  5845909.2564592
 5839855.22153778 5842990.19533977 5847827.64110661 5834705.69861274
 5847441.90319993 5837484.40871726 5834778.60218276 5836603.18427515
 5834945.56030163 5844371.56347755 5834627.48149232 5844962.33085133
 5842654.09450203 5846294.15397551 5836235.75375022 5837642.12439179
 5835012.25998595 5842307.16242527 5847640.94457687 5841246.58647718
 5838725.14402571 5834531.62464563 5840516.04102575 5845113.59910957
 5838660.35273598 5836364.48690354 5842144.26866294 5834841.65486943
 5846361.89921315 5845804.66183669 5839596.11028468 5842082.35310129
 5837585.7971912  5843194.67945925 5840311.04529301 5843122.63248598
 5846792.93228501 5845259.118558   5840479.08848957 5844127.57589354
 5847073.39514112 5839471.79414799 5835732.60737318 5836856.94985662
 5837992.81759715 5840280.68264441 5841797.80266902 5843476.42246233
 5845449.54395645 5839497.0063776  5842011.8638774  5840469.17327478
 5838519.00254475 5845004.62227674 5843180.42311074 5843631.88859816
 5835574.58435464]",6150.319675170698,6752.259029680538,6578.445815553442,6665.589267816384,5745.0429404037295,5882.219507143064,6148.877700809363,6204.937124026743,6194.0904073933825,267.01372977914286,6513.935449305852,-80.12400282438894,314712.2379890651,-89.5348390151635,6275.037267247373,5389.108784488402,2,wdd-5DEG,Wind direction discretization
"[588540.96023616 585300.56899266 579059.33083648 586237.83163714
 581062.68757917 579326.67245539 580695.88547833 585726.9747695
 587569.45450235 580084.93496131 579835.84217455 587506.12980177
 584615.37412722 583431.8105164  586064.15839214 581651.68278111
 586788.35130254 590827.99442816 583589.25635643 588977.59504723
 582481.90498327 588585.45539203 584103.3895525  589237.75449033
 581650.79447911 583614.99060898 585207.53010226 579645.34602138
 585152.92390301 583132.3207508  584258.26197314 586690.18123497
 581346.02106745 582636.57401489 584314.79343362 585245.5503267
 580870.50588983 581206.43272608 590659.84260321 584035.96560431
 583905.81648741 581273.98672095 589609.57555263 589644.77565953
 589450.36064068 590870.77329987 587843.31239944 590255.7910456
 586876.42814295 588146.14388354 581499.97303283 586972.91481993
 588774.85318752 581870.68539484 582335.60703187 590904.34193373
 590652.36485542 587415.94936646 585182.13998041 590195.62154883
 585769.79498158 586490.51038557 588345.61635607 588076.77730061
 585608.2661534  585541.07571443 586845.67537936 589201.80338975
 584733.06314096]","[5847827.88079381 5845598.01530771 5834485.18181944 5846947.72325289
 5839241.52569726 5835156.97653476 5838440.18385878 5846249.83987473
 5836051.42424154 5836942.76564023 5834464.48512996 5847543.08049785
 5844729.74452339 5834806.21057958 5835458.85393265 5834607.59961832
 5835012.49793897 5840646.19415078 5843325.90246856 5847062.12692285
 5841363.16224304 5839555.96273675 5844029.65424829 5846287.89701353
 5840675.11434691 5840205.51116731 5834887.97647418 5835906.78123097
 5837080.19591398 5842523.9768784  5834813.29126462 5847319.22922989
 5840002.75729286 5841976.8011944  5837790.24000906 5842487.18483265
 5834546.24548294 5835722.61696305 5841524.25946002 5839439.11383661
 5836493.89603528 5837908.08358779 5839697.62267591 5845829.56136155
 5841746.42046587 5842058.26851747 5846777.64428311 5840383.40456674
 5839024.82566653 5840853.818514   5836788.35300605 5835555.53367506
 5843778.63226481 5838691.05049701 5835308.39579732 5843115.26431856
 5844124.33008426 5845812.26802598 5841843.51795668 5844924.45952274
 5839864.52948864 5836222.44745987 5842225.44833013 5844264.87529307
 5844755.58133554 5843332.72894722 5842262.20830175 5845121.36650582
 5838701.7378572 ]",6158.195029617942,6756.877018436822,6583.186638838538,6669.567762785302,5757.100449180345,5892.636481946695,6156.753460172126,6210.1659862526885,6217.108841091564,267.67898949384505,6517.087510116979,-80.04388037442527,315237.8906440112,-89.4104995711992,6279.671726258896,5395.634664625368,3,wdd-5DEG,Wind direction discretization
"[579033.68395639 579324.28649802 582742.85147267 579983.33499984
 583154.75715422 582040.12159451 584133.82921328 586788.16593157
 580019.31893437 581344.14575654 581123.3501399  589739.24040898
 588540.80380117 586466.10332587 582270.44551409 584648.94251506
 585530.54636075 583402.84892733 581752.91661856 579623.69472516
 589614.85132263 583032.55429014 583656.73164241 580273.77853805
 590821.37288481 580516.27305174 584311.37131058 587390.48658898
 580796.60071398 586096.2153197  580969.10032545 590921.86738852
 589344.82576152 587365.60339774 590484.32839627 590865.75931806
 589967.88114809 586622.58514308 587294.83812692 588541.93204312
 590842.01470259 582299.0559795  587135.72361263 585257.23763797
 587224.41267075 586233.11517554 584114.35492415 582937.91948522
 590039.24014248 585836.54937457 585194.03558068 586340.13852882
 588087.65783387 588804.56833926 586132.61700376 589744.68840141
 586146.3176711  588932.08930261 586290.76615963 584759.72857948
 583926.22845435 588752.62619021 586363.09543678 585583.71371875
 584497.5935033  581603.50974197 588295.1508319  582825.33314682
 588924.83023786]","[5834421.58405474 5835150.63210791 5842168.81941386 5834476.26734724
 5842730.69265466 5834639.02308515 5844071.15960771 5835012.68627013
 5836540.11820227 5839999.00234039 5839460.98535065 5839853.04771715
 5847828.34452364 5847257.19377302 5841522.36027409 5844775.371257
 5845981.01181999 5836668.96082053 5840809.88005363 5835855.90946281
 5845857.91832018 5834716.68868964 5843409.13229159 5837429.52926652
 5840440.54451638 5838009.66697273 5834817.90352464 5847511.52801959
 5838683.90206778 5834960.08767529 5834554.22052868 5843650.79837325
 5846418.0115688  5836350.13770638 5844416.52716175 5841867.13137542
 5845324.55333259 5838771.95780319 5845767.36371519 5839680.4367
 5841085.06225314 5840042.00269787 5843096.98823672 5834891.80035083
 5844444.24934967 5846663.17696866 5839739.89792453 5837891.11074005
 5842553.28217401 5843831.89607341 5845519.21510245 5836818.62528239
 5847371.03671694 5847015.41603339 5841013.21613737 5843185.01427781
 5842082.74962809 5840918.01012401 5839865.11083205 5835535.13577644
 5840707.19846935 5841762.59063081 5836169.19973488 5837738.94440743
 5837926.12241173 5837214.47610154 5842896.48705574 5835606.24601064
 5844075.86304109]",6167.592635066159,6764.669025618519,6593.479709314894,6699.489173695112,5773.866332105834,5907.783787051822,6166.196941457288,6220.212423727648,6215.078513861258,269.4893389111336,6527.388580135623,-79.88202186247293,315829.09749663674,-89.19858267330882,6303.627304429236,5404.308578101822,4,wdd-5DEG,Wind direction discretization
"[579092.1679555  579294.73726515 586493.75385309 582050.90435873
 579591.08479124 586112.65770928 580795.37723218 588542.39395934
 585276.22736525 584653.41179958 581545.99980248 585777.1604127
 586278.9388118  580168.54163503 580723.84503794 581319.40388553
 590856.0244134  581399.51738097 581026.93159053 590828.6673455
 589215.70330942 583865.86358183 587534.26997652 587763.44971196
 584994.50123071 580418.73421739 579859.33904494 583293.98056725
 585853.86036519 584603.97673716 583701.32671737 588991.45182681
 585845.59458988 586992.54747322 582579.27875643 584982.27185495
 583353.07452932 590444.03058938 586788.33095002 590756.58718682
 582858.87667398 588975.00099063 590225.24580528 587920.4682918
 579986.49252691 585286.25680317 590887.17476499 590293.794834
 588129.89409898 583201.54717755 587947.80940084 590136.29619066
 585679.09476425 585953.32836887 586811.72532669 582549.62307949
 589382.09232768 584076.00365962 589532.83255047 581771.89975668
 583182.43533187 586881.85092136 588790.20987757 588831.70363185
 586474.09915361 587240.32543156 583801.4664696  586073.15313219
 587373.83608871]","[5834439.86898972 5835074.71905479 5847265.14991427 5841218.40346976
 5835791.38809357 5846777.13195141 5838678.3245762  5847825.95513986
 5845632.99985187 5844779.98031914 5840479.71936536 5846318.59908019
 5837970.69647593 5837177.44494608 5834534.43236085 5839939.18367428
 5841542.02257265 5834715.27570786 5839236.98253335 5840682.64072346
 5839555.49739663 5843704.3939371  5836104.84259178 5847614.50775651
 5834871.7674917  5837777.91166891 5834466.34595187 5842922.6945739
 5834938.95417159 5843216.91023236 5834896.508986   5847038.24521533
 5837115.45800467 5838726.22941448 5841945.50493972 5840870.08284542
 5835877.72404389 5844484.82705819 5835012.30829831 5843940.93230225
 5834703.49571945 5842154.70004505 5843004.16331384 5843146.76334178
 5836505.20796033 5839779.55741447 5842532.61519612 5840114.20064134
 5846961.74631925 5840806.23051854 5845375.72654652 5845027.19763985
 5835953.61437105 5843691.1256949  5839819.90891603 5838110.90627286
 5840419.22268536 5837084.49026099 5845839.98585886 5836566.27670726
 5839135.22542888 5840616.3875592  5844391.5756506  5846426.48663676
 5835893.72567583 5841766.65052697 5842233.06441911 5844694.85129682
 5843963.91697304]",6169.572717426883,6764.598395748867,6594.402731873173,6693.310877183832,5775.629952742934,5910.080457808328,6168.156297267786,6225.546994269773,6232.540927274032,269.3978986926656,6528.545325129068,-79.89797954846786,315937.47412914695,-89.21442967313537,6302.880436387497,5405.569624535948,5,wdd-5DEG,Wind direction discretization
"[579106.18035029 588542.10086804 579315.4504683  581392.45421274
 586787.66017791 579675.20967586 587726.93140765 580203.89070976
 583589.45119262 581662.21095741 583280.3816271  585892.16914385
 589490.9598311  582808.81119138 584749.16476314 579892.76667478
 581113.2054839  584541.19121064 587028.471412   582250.53590949
 585353.81634775 583891.87994555 580629.42043739 579951.95336312
 590821.58749703 586463.20117034 584354.48782161 580936.18776334
 590657.18965756 587456.49528678 588899.71296898 580791.11837599
 590911.1003704  587095.99197324 590306.09697318 587149.92203382
 589436.75618382 585873.46328877 589834.97900493 582626.22753871
 587196.58009554 584533.95553935 587177.50928864 590646.17204428
 586987.40985197 590506.33270438 585706.42040792 590811.60258152
 581803.51967976 589723.50684563 584955.53296233 588474.67179357
 586138.36737156 587397.60463149 587089.94281812 581594.98772644
 583648.54732349 587026.30688277 583475.79514281 583364.4299809
 584725.90193999 588672.23461899 586952.66977985 587257.35546602
 584614.43977907 587251.58304277 589931.73113755 582158.95648189
 586011.49619702]","[5834429.62935449 5847826.52490532 5835125.43203482 5840038.54954323
 5835012.47991934 5835921.93953407 5847604.53398488 5837261.88597403
 5834760.47684649 5840690.31871243 5842904.2203841  5846475.21226298
 5839619.22297515 5842259.06439409 5844912.66095508 5834470.91026126
 5839443.62389426 5834836.64392278 5835599.70683576 5841483.39560499
 5845739.13844281 5843735.07628455 5838281.81516185 5836657.54498994
 5840440.94421922 5847256.00312154 5844373.10365364 5838825.87476852
 5844098.22398651 5836220.06793386 5847198.30338495 5834540.25356636
 5843301.12144241 5841319.77586986 5844653.96780422 5838659.82220748
 5846000.46021558 5834940.76142154 5845558.10186947 5834684.61130311
 5845120.44412602 5838523.07184011 5847453.02248523 5841824.80933512
 5836921.02735577 5841127.1575802  5843817.30494158 5842690.39077324
 5834619.45084199 5840419.66584446 5842417.68649115 5843528.27973336
 5838511.5179587  5845983.02515433 5840355.32620873 5836200.22309266
 5837357.14091493 5842921.26709226 5836363.32364553 5839524.88680215
 5836553.9139677  5846664.16726266 5839565.05111502 5841988.17668693
 5841587.51640873 5843652.49845126 5843298.65329825 5837956.78150402
 5835947.64342471]",6173.805267083938,6766.834569482429,6596.324870867991,6705.586570588149,5786.407261429541,5916.217098636334,6172.413284955025,6228.8662152779825,6229.372248844671,270.19556967731063,6534.516317159312,-79.86180466102647,316177.8379857327,-89.16737520589817,6313.073926183627,5407.383107915362,6,wdd-5DEG,Wind direction discretization
"[586779.31905793 579048.24914355 579939.49793183 580160.43567995
 579320.31542526 581357.80057937 583333.57132864 588540.84640972
 584416.55993734 590824.33692729 579937.3081207  586480.52081781
 587812.34398213 585613.43084933 586097.76536538 583573.22485902
 581023.20202496 582462.4043761  582050.15004    587418.21562632
 581608.11870183 582722.44322886 583945.00174519 580522.13021299
 584580.348489   586981.80465285 585391.32974542 579649.19591542
 588898.07377885 589274.06257357 590786.10683969 587013.15479109
 588162.08935935 584115.46871871 581611.24879128 590198.46247131
 582248.73439256 589828.40997555 590407.42580949 585945.50239465
 590888.8387458  590919.31329613 587955.64730693 586990.8429616
 585667.24024758 585064.32244741 584932.1807039  580757.07305762
 584187.31211585 581800.34425231 588695.26529917 589817.71911594
 587207.42119428 588088.99279872 584868.11419368 586235.35824658
 582878.32318567 586849.72569133 583379.76877998 585410.76185828
 583120.64435891 580311.3077946  586912.23661523 589300.66575723
 588117.04095411 589222.70295953 585780.14171252 587304.67742691
 588734.94077595]","[5835011.68452234 5834426.60119942 5834475.68566141 5837157.26969012
 5835137.57632077 5840031.11639356 5842902.58743684 5847828.35112162
 5844457.41627    5840524.11779655 5836616.88638969 5847261.55653926
 5847627.31718657 5846092.14233375 5846757.07043524 5834759.00932714
 5839218.89881071 5841785.62224371 5841219.09326049 5836278.40865678
 5840617.18524426 5834692.07483137 5843812.52428471 5838025.12752601
 5834840.75038099 5835562.16277492 5834902.78869998 5835924.20755783
 5839566.50824127 5846542.04679491 5841655.32962275 5836869.04527804
 5840453.07687755 5842573.52045476 5834604.68408236 5840074.66015685
 5837434.3095475  5845568.88324582 5844553.17679118 5837895.97865323
 5842622.68551603 5843559.367219   5845256.69984914 5838863.23560676
 5843830.19502398 5845342.75966442 5836139.41328091 5838588.87005143
 5838352.66212329 5835730.13215399 5847185.22146383 5843710.91989121
 5846555.33133613 5845978.1744884  5840819.26439682 5842516.8671302
 5839340.42592507 5840474.40544243 5840260.6559721  5836929.95977627
 5836484.01961226 5835306.31074702 5839435.04240507 5842701.72300627
 5842060.05122091 5840973.50777542 5845158.66675597 5843358.83630558
 5844501.07061326]",6169.685017662707,6766.112671065587,6596.591205623894,6695.105996787272,5776.77217060474,5910.063003110015,6168.289744881088,6221.658846087747,6211.001022913789,269.51481577131756,6528.70391885814,-79.91127714630942,315985.66186273406,-89.21729452088019,6311.231972062126,5403.522002154222,7,wdd-5DEG,Wind direction discretization
"[579052.38238428 586787.83752507 585400.03918427 581377.0555026
 581148.99816702 580782.40245294 586025.05199152 580598.74244619
 586495.0301609  587553.22293676 579361.42756572 580150.34261003
 588539.33789799 579685.87387372 580454.35690412 584630.70231738
 583500.18321149 581810.49688476 585618.7724823  582955.05796752
 587626.48152869 584606.01291726 590607.580689   590851.51553289
 579671.10912906 579926.60690157 583270.61534492 590820.70825497
 590008.92731133 588728.18174104 590767.05585388 587100.2954472
 589061.76840889 584195.61642618 581426.50480806 586327.53196518
 589771.81585152 586903.52787303 585725.02261574 582396.60222912
 590897.00594451 581189.83873039 588996.26983017 589359.02267473
 585964.63230297 584331.67771962 589622.63771344 588030.32974169
 585363.82044789 586976.18521555 583205.01124371 589215.71451921
 585359.18435211 584610.99170976 583735.61516517 587728.89633625
 587860.28451724 586801.77938387 581865.99279216 582146.63942547
 587776.06171719 589808.35045389 584791.85054384 584502.30015653
 586775.07281475 588063.33959268 589636.92523389 587044.11212868
 582327.42218929]","[5834439.03873126 5835012.65242828 5845802.60791846 5840076.56355929
 5839389.993526   5838650.74587726 5846656.322447   5834674.28954847
 5847265.56208432 5836072.15512524 5835238.59805734 5837133.86906533
 5847827.83517694 5834452.84198362 5837861.93988867 5844750.5014858
 5843204.0494436  5840890.1532034  5834920.86584396 5842449.10953324
 5847576.56209788 5834841.08951654 5844202.92208347 5841446.49864682
 5835859.71547793 5836596.94614411 5834735.38003642 5840439.9882333
 5845248.44411577 5839566.72053686 5843575.20052856 5838664.64405788
 5846913.20983423 5843904.61226585 5834589.98414509 5837427.9220924
 5839791.85595754 5839419.26601877 5835862.01466608 5841640.98801144
 5842853.1623781  5836330.25983145 5846342.6802236  5840536.09000806
 5843558.11878288 5837738.49451777 5845912.87111101 5845112.622786
 5842145.17320186 5846487.84489994 5835744.25365569 5843789.89381332
 5844916.94974068 5839539.98224854 5836514.8433707  5844374.14269545
 5840981.46405995 5841193.20552584 5837947.43824826 5834773.84294023
 5842752.46636391 5841917.83285773 5841199.02824578 5838487.66820006
 5836109.32740178 5846581.16866686 5842686.59277646 5836836.69510983
 5839331.97642567]",6168.277396953131,6768.212545392726,6599.039622663037,6684.040671417758,5774.355636512012,5905.653080681004,6166.860938530878,6225.979787864424,6223.236321685513,268.76402784559104,6532.380640480808,-79.96679763677407,315788.32205428125,-89.29665363856051,6292.550490087396,5401.244607459657,8,wdd-5DEG,Wind direction discretization
"[579078.48686839 582120.39456666 586465.16305523 579376.4307985
 586788.45276261 580810.07085782 584248.4816196  579722.10863931
 579849.10789314 584886.22496151 582425.95147198 581351.17261211
 583183.91508053 581696.59892694 581510.819552   581030.69630496
 585696.4654438  585872.72233588 588886.60181276 588467.21387454
 582610.73827732 585522.90395034 583528.4444625  580401.87283239
 580148.68125369 589986.81848905 589459.53061201 584009.24293218
 590636.84084021 590509.61882673 590902.78212062 587018.74996373
 590618.50554249 586895.71584049 589390.25559491 590782.8292311
 587477.77843512 586069.29950838 587502.32614463 590475.37390063
 588802.63868438 580560.5507736  584006.67940505 585948.00096555
 584319.37938349 587600.09919418 587257.51860217 588612.76861468
 585902.73643577 583149.15007842 587197.56395589 587027.10071345
 584726.97134351 581990.41113451 584669.52209607 585416.02589067
 583915.23880581 588693.33910308 580837.21849604 587971.75400314
 582764.9536549  589803.41822809 589519.03435722 588643.00713622
 583397.58212713 584742.85197044 588870.93198189 586204.87499193
 583781.35506912]","[5834467.98564997 5841317.72651175 5847257.07427926 5835271.21959269
 5835015.44111937 5838553.0472321  5844228.30514875 5836098.91458564
 5834465.46368516 5845100.13231395 5834764.41622698 5840014.71270227
 5842772.0467605  5840738.39111992 5834596.6611817  5839245.00398391
 5834926.26682265 5846447.58717985 5847221.632969   5847808.05747248
 5841988.48426893 5845873.14164201 5834758.38892638 5837737.77362327
 5837128.10990367 5845289.18494806 5839600.46232344 5843657.78100915
 5842166.20298184 5841461.65117031 5843053.36802552 5838724.55542938
 5840315.04106076 5836893.37722899 5846334.05789816 5843893.29364854
 5847535.80471348 5835902.08044747 5835987.2876901  5844433.86020563
 5841655.57041841 5834524.87285418 5835488.32215695 5840167.14269289
 5841804.01497844 5842616.0438044  5841903.9220084  5839539.18998755
 5837375.6257857  5839808.25651484 5845762.00354818 5846813.22503787
 5842601.71836535 5837620.32960278 5834992.09301912 5844268.56379283
 5840618.18435729 5845108.08402863 5836192.11591718 5844251.7340885
 5835985.05240971 5842979.92878805 5844527.67834861 5846650.22359823
 5838290.01417085 5839081.42554928 5840480.8972938  5838863.75579427
 5837455.27093622]",6162.943609957089,6765.688855633861,6594.57731245772,6684.4791506608035,5767.828981615857,5899.566939388004,6161.535494754297,6217.300807519457,6219.3486799396205,268.3538682829864,6524.055524519368,-80.01599232747135,315535.24279865995,-89.36397480764953,6293.023734576896,5396.696707619769,9,wdd-5DEG,Wind direction discretization
"[579769.80558732 580668.44841228 586465.46965897 579087.93452232
 582399.46363156 588541.06450432 579394.60902647 580917.96381539
 585203.83414992 587516.40963138 589192.06937094 586040.74198446
 590511.97920882 583330.00825187 586788.00315913 584582.46616148
 582896.12607746 585889.54416321 580335.80453874 590821.03150508
 581979.84139033 588741.38218511 580031.1075926  589419.25371177
 579830.45983324 590843.89263541 583792.55381855 583445.77605369
 581110.67221371 584925.11043906 587603.90421183 583986.83107435
 581300.50541857 586975.44766597 583627.43028204 590046.27998781
 581559.43908418 585618.91807846 590915.96431813 584187.13051492
 590628.39084181 589877.25843008 586907.94711981 581918.32513413
 586085.2631648  587243.91290487 585582.40797963 589344.12988476
 582287.20539134 588394.77148018 584863.73906694 587529.50162325
 589399.58512883 581335.74793917 584975.56703686 585214.86970592
 586772.59854103 586186.84720722 588687.38671035 587156.53058162
 583800.81881788 588592.82201091 586662.16393941 590007.04232654
 587243.83051681 584866.69155959 581847.92769336 583193.84097265
 582444.39883884]","[5836218.94412917 5838321.48645133 5847257.11983503 5834477.57237089
 5841697.86506423 5847828.51999748 5835306.16991401 5838974.44498268
 5845427.56145043 5835997.32518913 5839475.0049576  5846678.55672543
 5844370.48295424 5842971.07116113 5835012.45290289 5834838.55237107
 5842378.05843218 5835016.82057563 5837578.10952068 5840439.98803017
 5841024.24339637 5847282.27400052 5836828.25931272 5846287.2164723
 5834464.27815589 5841260.00686458 5843587.1535834  5834749.11079105
 5834565.16301639 5844865.90350066 5847570.52038028 5837711.41600291
 5839832.53739744 5836939.69292463 5835498.31311422 5840144.40875898
 5840514.99594649 5846101.38631042 5843481.83376133 5844143.85341319
 5842693.58878345 5845484.01606007 5839798.6512623  5834690.94652335
 5838270.20111708 5842251.48620591 5843749.46013043 5844902.39189073
 5838425.30971391 5846736.72018065 5836020.44139675 5844806.85840659
 5841994.76181998 5835708.5828017  5842179.95469691 5836950.82130396
 5840814.08817909 5836028.89657047 5840160.25644162 5845928.43108569
 5840739.17936686 5843674.12733157 5839018.02629842 5841540.71702242
 5843726.42915753 5838933.40110795 5837034.81112752 5836474.56391906
 5839887.3289279 ]",6170.111047779574,6768.32368429973,6598.936518147973,6694.196141591437,5778.287703652998,5910.9792892523,6168.72246674567,6227.509790521808,6229.765419484669,269.39683724336635,6524.943520684116,-79.87407926445526,316036.1788118444,-89.16766734411885,6304.852854715018,5406.196704357795,10,wdd-5DEG,Wind direction discretization
"[579086.02619294 579336.86371162 586440.33699919 581218.48073241
 586083.71711276 580683.89606223 584796.83893185 585802.91013467
 580992.31294229 587853.89684635 587355.02125675 579638.5026747
 582502.00747403 582033.18417273 588845.94243637 590093.35997551
 588569.11439693 586788.10309836 590919.4284045  581578.0785487
 587550.17861005 584150.96614237 586960.36641507 580368.44955382
 583178.18222364 581709.86955906 580102.68980009 580672.5526701
 588943.90505435 590424.28526099 583558.47795487 587007.41580988
 589676.92826244 588388.87234372 584592.91846393 585481.92013482
 589720.3635545  589417.20405569 581343.15549101 585664.18419888
 583025.98430568 584324.57072666 584705.55999193 588149.35286829
 590835.47500203 585426.53549951 586118.1997398  586803.24622462
 590705.66062163 587112.12477298 582748.37755764 586310.93424581
 585144.17759055 589900.43835081 582284.04562522 589187.45331995
 587523.4694902  585118.11923535 584327.92014615 586631.83603221
 584432.98581832 582748.03632114 589327.41362732 584154.4995964
 590102.60059892 586956.29231259 586499.42578695 590190.05779538
 582804.3782874 ]","[5834447.83640689 5835180.4102128  5847225.24087032 5834574.17178736
 5834964.09875865 5838223.58813545 5844977.74787894 5846281.46157065
 5839073.3582955  5847639.15610575 5847364.96385175 5835904.41446622
 5841839.23798603 5841185.48702811 5847051.91026515 5840076.6189852
 5847779.31224591 5835012.73799314 5843653.4477949  5839732.05908224
 5836081.27544261 5834804.82860262 5840796.37005472 5834507.33589084
 5834815.24456941 5840651.04871576 5836968.69346741 5836590.96962459
 5845428.71771318 5844376.88802376 5843284.22428051 5838606.83802003
 5845785.65506353 5840150.0494908  5839275.75841982 5843762.20194542
 5842782.89442929 5839573.1769854  5835495.00890653 5845618.56313142
 5842556.10910034 5844212.83277637 5836330.69763766 5843959.32420249
 5840991.49828242 5844649.73271144 5841726.42757902 5846555.60867267
 5842306.606212   5839891.80764309 5836748.79405064 5837742.92168926
 5834998.02535069 5843466.64870062 5834658.04306588 5841835.08406646
 5845178.10662034 5841556.42843572 5835717.52907971 5843595.05902478
 5840527.97539136 5838174.40044804 5846447.60565285 5838274.09436749
 5841425.63152256 5836966.46880927 5836430.26976719 5844935.70135663
 5840394.48262998]",6151.236393862239,6754.477660701471,6580.1361715417015,6671.3552358002025,5747.899953062814,5884.300160476032,6149.78754188114,6175.362358301533,6310.9894084734415,267.2170062877225,6510.753779543612,-80.16035628835513,314848.48709207197,-89.55004467588967,6280.32303752775,5387.041960555731,1,wdd-10DEG,Wind direction discretization
"[579042.291224   588541.06450432 581008.18611284 586788.20067238
 579327.49258096 586494.5003959  581745.83197174 587523.45313478
 579971.21951764 582819.3043458  589190.55828931 580520.68652473
 586067.03325353 579798.02223076 585892.50280263 583548.86981955
 588944.44777271 581241.0372874  585295.86933816 584568.57033738
 581422.9911419  582283.19223332 583341.39603541 588676.6224579
 579654.98435235 584733.55474444 582378.64772948 581980.70827747
 590684.88848792 580783.8512165  586356.85026882 587060.91096151
 584325.33800233 587728.80802084 588523.38488078 582456.54018054
 590893.53816195 586548.64949244 589577.38803889 585652.07890598
 587901.67077263 584193.41071035 589910.5210942  580342.8255408
 590799.01276827 587275.58762352 582975.42773248 589759.23519154
 585718.48734843 587071.71226925 590376.57671849 590829.94691343
 585131.29675193 581268.82992946 585117.64689781 589221.23861085
 585414.04356582 589510.64743626 586179.89841121 588050.32553498
 586723.43713716 584366.94559879 583934.86038582 584955.82480314
 589931.48670256 588170.94969616 588270.37244373 586704.87467718
 582713.05457245]","[5834420.21466379 5847828.51999748 5839144.60159316 5835012.8069068
 5835158.93408075 5847265.12239034 5840359.90900758 5836110.14493023
 5836701.54315822 5842260.8957552  5839433.0250399  5837635.69133961
 5834956.66741237 5834500.15667938 5846476.14310301 5843202.00027014
 5847114.84270899 5839751.59943718 5845658.44098722 5834838.11189178
 5834590.02344698 5838368.31090443 5834902.19675731 5844629.92584879
 5835939.98588532 5838144.29622869 5834770.94731468 5841081.91961148
 5841648.00027767 5838341.81276848 5841350.71250672 5838797.56372037
 5844233.85430632 5846875.49172174 5846338.38806277 5841777.26967565
 5842738.43698522 5836878.42423687 5846008.30505006 5840245.60366358
 5847488.31361923 5835689.31457653 5839881.13368433 5835251.70127866
 5843867.41544753 5846227.37975621 5840534.17755759 5843757.80415876
 5838628.270625   5841565.97130755 5844605.3719664  5840731.43559221
 5836259.66956136 5836406.90107302 5841339.3486138  5845439.94815615
 5844948.16334416 5842705.48637799 5845747.65324492 5843577.14969217
 5839664.11196634 5843296.27843169 5837099.23656329 5837257.30350964
 5840756.37006387 5839973.75890647 5841489.45305287 5844800.01460696
 5837448.52520636]",6146.717365328733,6747.700413479844,6571.229068496955,6660.070295827336,5738.325812117573,5877.871153657286,6145.263880805672,6172.355505664964,6312.285541037186,266.7181005997412,6504.296054870838,-80.1828300732764,314640.9954660863,-89.56837184163766,6271.07960976073,5385.433396523834,2,wdd-10DEG,Wind direction discretization
"[579295.23138502 586499.85360517 581619.68040114 585168.83326965
 579051.92545458 579568.81781588 586772.38202645 580099.0806153
 580806.24875461 588414.37143095 588479.53294877 582097.07583517
 584485.49128243 585343.07950945 590824.31734973 580659.27608998
 589685.90210361 585729.86867728 582830.30602824 586117.18335632
 589892.71619492 584545.58845484 589255.1397959  585417.06789327
 587005.95706892 587311.99737223 582892.09692925 583615.6244311
 590111.33572053 587528.11908448 582251.84332605 580401.31076266
 579850.51440145 590853.33018808 590892.86986614 586219.45302856
 587491.21566115 587805.34771574 590508.14895184 585814.01227517
 588983.72893286 581913.67529645 586533.02638471 586964.82236761
 583444.37743341 587133.10141142 581157.16499456 579818.72916154
 584211.49503049 583136.85693561 585936.62601275 582360.20727411
 588871.0607121  587623.21679771 583513.96646808 585191.80036392
 589196.35942112 584677.12352231 584352.24054435 588653.11867097
 581452.32895856 581725.39566758 589545.31871467 589391.11738414
 585606.41323649 585486.12532396 584869.81195701 587612.01278163
 590292.42544847]","[5835081.19159232 5847266.73963521 5840457.94106007 5845483.66556743
 5834425.62814629 5835730.97455668 5835011.17820892 5836935.72605764
 5838468.79347132 5839608.4372958  5847811.30960724 5841273.90696822
 5843418.70665211 5844572.07610506 5840527.93985115 5834635.5666472
 5845819.91713339 5846193.07109133 5842235.06639094 5846782.88764406
 5845036.52998753 5844633.44280222 5846517.50032282 5834924.98700352
 5838659.40186022 5835888.69653719 5840477.39189676 5843362.45586456
 5840002.44691689 5847463.3036836  5835319.37566573 5837736.31253588
 5836412.38533106 5841464.12600963 5843104.82361097 5837427.39310602
 5840129.15561676 5842868.31206558 5844163.09989743 5836330.76869663
 5847051.79067843 5834628.32867555 5842545.12734218 5841010.50311469
 5834748.95981519 5836699.74596722 5839161.15840235 5834463.17093525
 5842353.41371572 5839009.97257495 5840189.63574124 5837979.63323948
 5842898.36523834 5846109.193793   5835450.3069008  5838095.74793039
 5839708.19710578 5836463.12363207 5839872.76065504 5841995.7044473
 5836131.70625994 5837284.67414851 5841170.58173514 5843601.38152658
 5843910.06763111 5835653.01416456 5840759.06647332 5844844.04666315
 5842098.50783091]",6152.09997004389,6759.780339601096,6586.018929453099,6672.789565357879,5745.057285686843,5884.755555249797,6150.676737588379,6171.479073680512,6308.080074052249,267.32155139293445,6511.951472588378,-80.13791599110482,314918.5252181063,-89.51763126324904,6287.477914374049,5388.249376020164,3,wdd-10DEG,Wind direction discretization
"[579114.24170344 586454.19694995 580862.86524026 579361.65165743
 579877.0761915  580091.06437933 586788.24486649 582622.57629048
 588541.44890696 586038.61928909 582192.78754903 581109.87062108
 587074.79348409 584121.30643969 587177.94050454 584185.43869806
 590892.08280912 586700.47387195 588995.32476466 589843.51441086
 583485.44700439 581161.90586232 584030.09357613 588949.86061774
 588484.01042715 580543.92015243 581896.99408165 587861.04148599
 590634.03929452 584533.25732506 584955.17821189 580181.20187831
 588382.87205028 589924.22797656 589727.37837417 581665.43508492
 590337.75792033 584354.54731453 586055.28820933 585163.66202189
 585485.01761269 583048.32277178 581292.18229472 586985.94625909
 583858.4618325  588328.14407644 590857.95857582 588718.06878094
 588584.08786007 585072.91363067 582145.56951437 585877.49215194
 586337.70437004 586214.88330875 586553.29064407 585303.21253409
 590134.10385388 583018.85517221 590508.11592454 586622.11393294
 587348.73661581 588458.20600951 582907.70465683 589305.66901405
 580297.75872576 585638.57628016 584942.10655749 583131.26548235
 582515.74945912]","[5834495.70383803 5847243.77961948 5838756.2920654  5835238.94194467
 5834480.99817279 5836840.08634066 5835014.56020132 5842002.71210277
 5847827.30581201 5846675.74430517 5834650.26456252 5839386.43706368
 5836790.22074    5834802.62848164 5835726.54091814 5843929.98861677
 5842690.46099466 5840077.22248323 5839452.39336592 5839836.45026303
 5843184.0000983  5834569.03610039 5837152.36454752 5846963.77378675
 5841788.73283212 5838078.83979482 5836410.89935071 5847544.70574981
 5840324.27975583 5844530.60480119 5845193.69825659 5836011.72910178
 5843400.78428104 5844831.80771868 5845583.85838604 5840656.31420292
 5843641.22460789 5839695.40168636 5835104.1117007  5843193.2927245
 5845918.7683312  5842585.68758887 5837377.60872968 5838952.6296443
 5836533.58346809 5840909.58962968 5841660.1904345  5844284.35674794
 5846202.90337138 5838467.51783832 5841346.1045236  5841567.50341449
 5837707.85724608 5842347.5975671  5844615.42394241 5835456.19084787
 5841092.50708675 5834782.0721153  5844377.37127353 5846362.31698931
 5845320.04485971 5842813.41796598 5838685.50483418 5846485.34350685
 5837485.52860836 5838999.79398546 5840995.08055054 5835466.46207968
 5840366.97944539]",6153.320525412326,6756.893418631121,6582.443692102756,6677.31552969129,5752.478972445584,5887.342898375801,6151.887112080172,6172.935714016886,6304.260013945157,267.5746453354935,6508.946177296347,-80.09673111250666,314982.74932054285,-89.47113010392714,6286.379309343685,5390.138108429089,4,wdd-10DEG,Wind direction discretization
"[583858.23153754 587138.72222588 579256.05177745 583631.55828326
 584727.15453514 581945.4566268  581831.82738089 588541.06450432
 587805.80471934 586334.43754612 585706.38544148 588955.32973699
 590821.62610573 586446.55093075 586787.48204811 580843.06164877
 579950.15584185 590851.47638761 589482.91119712 582970.94713568
 589761.01347652 580372.43053652 583418.46925047 583798.71324647
 584919.43453056 581117.91903586 589018.37313212 581408.99675725
 587445.4992567  590099.18991844 585325.46650332 585618.8701733
 585895.73482879 582647.01568154 579528.88598043 585259.21756015
 588556.34944523 586134.40499309 580943.40781305 586654.48441615
 588791.27144844 582379.70407595 583162.07203645 580435.57566872
 585883.1511726  589184.10662517 590081.85830123 581111.29782713
 590592.89886986 580208.54969766 586752.75142014 584409.6835116
 587629.6807859  579288.21443952 586073.97173652 590883.958173
 586485.78778666 589885.23114592 582592.90611285 588187.70003543
 583962.5842289  587061.09070471 584073.76588585 583766.92463524
 587427.14609495 584368.81550015 587246.5225836  586907.16693331
 585429.43933379]","[5843691.86913622 5838684.92051348 5834442.76794549 5834772.91848749
 5834850.01889819 5841003.23096186 5834622.06931012 5847828.51999748
 5847626.00424433 5847080.15614524 5844565.03335983 5846786.38418531
 5840440.22782446 5837562.43775454 5835012.39159262 5838448.18549256
 5836646.72243057 5841436.09163519 5846174.74733884 5842125.06257185
 5840068.77696548 5834507.00411729 5842984.43060759 5838304.77183904
 5844992.46914188 5837355.30714729 5839558.21262257 5840006.93668109
 5836006.74671051 5845095.09116456 5845700.72444038 5841944.85572089
 5842814.63814711 5834806.65773686 5835641.87108197 5837145.66802127
 5840579.99883937 5835053.02763273 5839036.14110822 5839678.82293313
 5844092.22912754 5839243.6099402  5840721.32426401 5837818.62338344
 5846377.00909523 5845427.03327513 5844340.96336078 5835458.09516765
 5843236.34151917 5835779.55063352 5836106.42411849 5840737.91038189
 5844042.07878709 5835062.76385625 5840432.33537895 5842427.66025354
 5843431.92492632 5842496.31179902 5835915.92518895 5841691.91040429
 5836210.76078425 5846467.87488494 5841898.00546787 5839357.99425001
 5847137.62515847 5844392.47943958 5845179.15703982 5837040.25994561
 5836106.81877488]",6149.137783097988,6752.585536889459,6577.618854598111,6661.959934564451,5742.722796099942,5880.864585756038,6147.688618420569,6170.440308877168,6308.4237523494785,266.9064652686764,6510.967256705107,-80.17402791610849,314667.03990693786,-89.58638953315021,6278.574742036855,5385.568493703848,5,wdd-10DEG,Wind direction discretization
"[579046.13251858 586787.78265421 579801.37135803 583969.81747181
 581648.62872764 580197.08510435 581995.41248057 588540.8056477
 579941.07517336 583560.775872   579576.56359365 587533.22443776
 583241.80730714 587031.1884844  582859.00209923 586003.8987459
 586435.32755116 585367.45308375 581116.96653917 590684.87980776
 580930.68164402 589409.84400908 589972.00697228 585528.69594646
 585169.46838913 587367.40446801 589835.2681627  581349.09747633
 579339.57008468 588133.45170039 584514.62570009 581298.560248
 590554.81047236 585346.53926497 585708.97758723 588829.20779103
 581160.11201329 590897.38901544 590008.40099754 589030.43243556
 586169.11756532 590297.99617068 587920.96371658 587396.34515498
 589566.76398574 582894.45054778 584655.09243002 588293.87646386
 585208.59361624 581061.4752889  585900.29670367 582708.47940445
 582305.82922319 586833.01184953 589749.00046055 583755.34950354
 587079.22057481 588966.71430283 583377.43982044 587738.00561854
 584872.02665317 586089.19860524 584362.62290251 590754.26058166
 585008.99625256 583846.14321813 587279.46084804 584786.15367083
 586088.51768428]","[5834421.30305941 5835012.82336    5834462.33918548 5843842.81311627
 5840518.5052788  5837245.93135013 5841147.10697256 5847828.27588531
 5836596.10484137 5834761.3435521  5835756.71325679 5847550.52871312
 5842850.37938014 5836856.35578564 5842204.0438     5846628.20256949
 5847217.73630932 5844386.74369022 5839176.64568387 5840378.16501117
 5838405.4180743  5846304.42553343 5839915.73603346 5845977.78695739
 5845305.23454561 5836072.80557248 5845557.3400949  5834584.11880157
 5835139.4247463  5847214.00460056 5834945.65714994 5839794.3621258
 5841947.02032107 5838691.43346183 5834931.32693056 5839482.9020863
 5835403.37000249 5842859.18334558 5841117.54402324 5846966.41489045
 5840779.57010373 5844738.8648767  5842595.07189958 5841789.46050042
 5844248.96406688 5840983.1475928  5844784.00947327 5845114.93556363
 5843313.17785922 5837328.53806444 5837952.72625076 5834799.17286416
 5836493.07960512 5840056.19502475 5843139.95233916 5838489.64724654
 5838788.97973267 5841529.48248387 5839712.90858052 5844112.90517748
 5842016.14029549 5835994.70179995 5837590.44621411 5843945.92392925
 5840219.50393141 5837084.19365952 5845415.58765467 5836301.21092074
 5841712.54270893]",6157.943769189826,6767.65563587377,6594.6008799743,6681.324405107716,5754.373025420004,5891.828633266501,6156.534286024043,6177.931470979379,6322.687482568269,267.9160669392911,6515.949659780827,-80.07781186710241,315217.36374215287,-89.4505771166161,6290.199473254184,5392.845936467507,6,wdd-10DEG,Wind direction discretization
"[579048.01908875 586787.34343614 586462.48121114 580495.95307959
 586050.4500628  579945.86848691 581318.05641804 580952.7975021
 584947.82409853 583260.29488812 584164.87657405 588501.75284996
 581696.4565257  587685.87231659 587566.95982319 590800.895721
 587237.70816004 582226.34073439 582947.29106352 590866.71334291
 583780.30839144 579388.07192168 580873.86142035 590844.16218833
 585940.80447324 581943.03909236 584725.80421438 583537.6302087
 590847.44041792 579797.64644986 585681.52448398 586860.42777381
 585965.59803968 588274.82738026 581780.46858051 586054.21921253
 582219.93159135 589469.02579771 588398.10951397 587344.33926328
 586462.65000784 590437.5395221  585687.23949129 583670.83873883
 579747.57099046 582393.26524507 590508.93534286 586194.30146423
 589124.88345925 583774.31677123 585036.24005651 585459.81646674
 589289.85689161 589513.97636056 580770.47932488 590065.4180309
 588678.87557882 587571.46414629 585831.81492506 585542.80548799
 584072.14280171 583053.31937692 589013.35706247 582615.07237825
 587343.45341278 584453.7450454  588579.10858959 587149.96910595
 582738.15389919]","[5834433.39520756 5835012.56287924 5847255.36998295 5837861.07401389
 5846692.07732178 5836564.80441654 5839931.64853499 5839058.51708615
 5834867.6679155  5842875.70169334 5844108.37203324 5847817.59805878
 5840672.45720721 5847488.45618093 5836055.94504152 5840427.69629113
 5840117.05497708 5841461.534837   5842214.94379158 5841879.10064275
 5835545.92346563 5835301.92415828 5834546.66462664 5842719.44527863
 5844989.21296174 5834653.09556758 5844867.94334479 5834874.26950645
 5841272.87927607 5835943.87823922 5846017.91148825 5838552.7782786
 5836474.15758501 5841543.70528418 5838334.86585918 5835074.49903903
 5839112.48362933 5839775.75921901 5839683.86669951 5843715.59342859
 5839503.1136795  5844501.09171232 5842499.45465739 5843437.53000652
 5834486.87169053 5839943.08352506 5843676.43295765 5837399.44489528
 5846378.61107001 5838274.41854455 5837298.71067262 5835759.81329927
 5843563.44830623 5845835.3564479  5836824.51725803 5844931.95639487
 5842849.64783392 5846758.55274033 5840267.46696474 5843515.00523804
 5837702.7498822  5841095.91044172 5846998.61394246 5836704.94639835
 5843018.74719226 5840875.74874363 5845691.56043515 5846054.80515113
 5834693.27662916]",6153.338464805688,6755.377786014541,6581.1740130287735,6669.016108074187,5749.809164725004,5887.131372865854,6151.888641965499,6173.440557589587,6304.668261970496,267.3912440063963,6512.533277332178,-80.11607903730112,314921.03103603056,-89.51054243430394,6275.200722138407,5389.469461684734,7,wdd-10DEG,Wind direction discretization
"[579046.19190275 580625.55479664 585519.79662264 584924.14281867
 586402.13546666 580043.14249445 579966.48919949 579665.50816996
 586788.1371169  590822.05777161 582205.97510813 582827.31563587
 580316.15942971 587110.03089681 582403.88906882 581121.01766134
 590919.0398846  587423.16681266 587303.73184121 582063.49757377
 588927.63711542 585768.95477215 584928.05660295 588540.68792464
 582977.64663112 582589.1685197  586099.87195412 583358.85079845
 589731.30293048 590856.77074947 582790.27181342 587520.18247018
 581731.32338974 580992.19094877 590130.3185292  587634.7175135
 589976.48865239 589778.11129807 584449.4014572  588874.83632889
 589372.60944726 590168.20951578 585216.6463025  583987.96044218
 586755.73166309 585658.9197697  585183.22852249 585617.10795078
 580093.74352885 587969.13471988 581258.92099082 589192.95699572
 586172.59960407 590072.47524787 587887.45668654 586591.46596131
 586947.67597596 581093.28619812 585408.26450793 582682.28181478
 583969.95045272 586323.47090015 589450.64283259 583534.26129324
 584236.16857975 586281.37674799 584643.09595901 588336.70457937
 588150.18306771]","[5834418.56985715 5838274.10143705 5845962.82618058 5845151.3537509
 5847172.55188391 5834481.12986045 5836692.08644513 5835955.30247872
 5835012.44450779 5840465.22283775 5841425.98551147 5842217.31277232
 5837532.37722301 5847434.35835285 5834667.03637834 5835796.49407552
 5843560.07476084 5844127.84845467 5845396.65895066 5839327.86860757
 5839471.82668868 5841871.49206045 5837866.73571014 5847828.31377583
 5835195.56048396 5840309.87916486 5835074.69062081 5843011.15564044
 5845652.49397019 5842157.30746863 5838186.59885396 5836003.06881647
 5836531.82043787 5834641.13658485 5840110.72125618 5842633.58222754
 5841612.79442884 5843692.73687975 5843401.95004312 5846940.10960628
 5846368.90094742 5844971.73933248 5834892.6337919  5834932.60925839
 5846458.51899432 5844682.7302826  5838504.33045795 5843957.33772421
 5835344.51148739 5840736.81572454 5837521.7376058  5842353.35009358
 5839916.43938784 5842848.58571559 5846533.18250471 5836241.93658624
 5836980.76820264 5838897.37568114 5836973.73622011 5840975.00913599
 5835621.63674271 5839179.03903023 5840085.06901873 5839693.02409474
 5837217.95127057 5843233.82463997 5840416.15527328 5845330.76024392
 5847307.80995473]",6135.593816339672,6737.491611604053,6559.932684896067,6639.458135543708,5718.725671076089,5860.284786178924,6134.100914551068,6153.4087622859815,6290.840233682211,265.37774314402753,6495.292884924161,-80.32529621885611,313877.3666851527,-89.78303816272032,6256.133960126812,5375.91873891267,8,wdd-10DEG,Wind direction discretization
"[586785.89294293 579064.35920011 581653.15542561 579312.05712459
 590821.70882973 581389.57385045 590895.90396656 579954.29366431
 587817.97758259 582455.05780906 584723.53446302 579565.55194053
 583663.56963466 587524.66206412 581029.22061633 583022.49354431
 583091.29822007 583960.81000989 584187.8316594  588540.77006904
 585552.57553775 581846.7637948  589017.60365497 580381.65281551
 590917.05734242 584871.56224794 590541.99387708 590847.71117819
 585011.92639632 585166.39464707 589661.84679728 584503.89315847
 580163.83746932 589075.23462891 586468.96288976 586705.89430858
 588857.14953695 583379.87666856 579849.01492782 586274.15812365
 586021.9317348  587148.89189375 587426.52711684 587172.92148011
 585829.5901793  580904.60027949 582206.66188609 586427.59060254
 588699.76910581 589464.64724137 581517.30203482 585281.63912734
 590397.30178558 586968.44817573 586081.05643603 582334.611762
 585416.25474595 582726.59538063 585595.38151891 582673.99355742
 587332.71950764 588758.33958973 589303.60781577 588002.13582655
 590181.01844024 587688.45164562 584920.50703718 585095.11801439
 585444.50634765]","[5835013.18281287 5834423.14998076 5840592.60199907 5835118.43503645
 5840445.79038358 5839895.29823992 5842816.02352755 5834489.13508554
 5847509.06814565 5841774.58608073 5844864.14896457 5835726.93715475
 5843322.56919646 5836003.70892148 5839038.16996504 5842545.84410734
 5834724.23297447 5834796.61921056 5843874.53317604 5847827.9271068
 5846010.83736675 5834693.40539599 5846991.20422723 5837689.53648088
 5843497.67935455 5834861.6745045  5844317.33965581 5841303.43685914
 5841952.33567271 5845466.92720319 5845709.0333642  5836702.90060516
 5837165.6538219  5839551.5947516  5847258.29246746 5836130.22249153
 5842730.79594746 5835481.78602693 5836410.63295171 5839325.63953464
 5846652.77744326 5838666.13202097 5843089.87743961 5842346.73048609
 5842742.89638049 5835701.4780019  5841113.19801508 5841514.80431549
 5845766.96596493 5840225.87519973 5838203.72324499 5835735.32600629
 5842161.09229404 5836920.27651671 5843993.85066652 5840063.6869672
 5836990.86954354 5836593.90526142 5838658.25478946 5838256.66825395
 5845188.62420457 5843794.82708267 5841716.68471552 5840476.44674265
 5844942.73361629 5846202.15067259 5840786.73246935 5839782.05352421
 5837914.22715574]",6155.120738240841,6764.827795117768,6590.58200879984,6681.08089569152,5751.448379999819,5888.540972709792,6153.702234233053,6179.321582624975,6314.032379916789,267.8573746115031,6512.226165320515,-80.04819968462365,315110.60905701155,-89.40678628564386,6292.481989883745,5393.452059979128,9,wdd-10DEG,Wind direction discretization
"[588540.75957118 584436.28868744 579146.13934664 580233.2485107
 586124.96311582 581587.78967079 579892.71891929 581249.36532858
 586494.73343113 586787.80322145 590589.69147181 582782.54178067
 580806.48605811 588713.56761556 590864.71947392 584855.92787235
 585274.23690648 583897.66043754 579469.44376158 589045.71521895
 581016.4851456  585727.45276343 579836.38054239 589744.76151967
 587703.69930253 582045.50735597 583321.30833278 581755.84319569
 587164.59425512 581662.6081643  582232.32736631 590526.44678345
 585211.66510236 586473.05928725 585687.82931797 589277.14653542
 584697.58230603 586734.77691582 588281.7556606  586608.1764505
 583188.60097961 586813.53571199 585047.00467666 589493.4557552
 589913.27349811 585829.34467096 582981.89146248 582389.41452688
 586963.10972741 583639.12936456 588801.31498434 588265.94743991
 580436.95397717 584655.5703205  586995.03397626 587986.47954826
 588602.46341882 590861.83397952 584529.51018112 584437.6983528
 582148.566455   584529.72674971 590176.24861002 584121.2302632
 586273.05979818 588915.26470858 585921.37913726 582056.09230854
 588893.41092364]","[5847828.04105906 5844477.00842807 5834424.25190472 5837238.88570209
 5846793.32069791 5840538.76345075 5834469.2795532  5839475.45732668
 5847265.31383494 5835012.60436247 5844234.04775769 5842223.42754486
 5838706.48942834 5847079.55332977 5843106.03663282 5845058.25100166
 5845629.99346067 5843748.00530487 5835497.82833993 5839480.05364565
 5834557.6252023  5846250.16797325 5836377.75361742 5845715.1871879
 5847575.31661688 5841214.72441083 5834739.25478484 5835752.4217436
 5835710.34502644 5838226.8080455  5834654.69310279 5840258.02694757
 5836672.61575075 5838532.62861381 5834925.80310944 5846537.21588345
 5834999.49984683 5839320.5935077  5842529.28534829 5836985.63047696
 5836669.25886351 5841911.58716855 5840526.62773762 5840043.53199178
 5841717.29008292 5843817.62076735 5840814.0343197  5835253.34389751
 5843488.84092965 5843242.86548055 5844032.55972652 5840426.26165268
 5835445.84721914 5841422.88307929 5836519.1574447  5845931.91242461
 5843345.73986947 5841724.84045726 5839645.46455511 5837582.52907748
 5839784.80761279 5838458.52198529 5844951.31983265 5842206.53222384
 5835818.34273859 5844761.6305724  5842720.20435317 5839023.61274739
 5845991.89261689]",6147.656443029855,6748.252361459471,6571.878565087707,6668.3386239679,5739.9585169148095,5878.959064175233,6146.208537108984,6169.166606595857,6300.590964968808,267.0197639306477,6501.308823152944,-80.21711432931932,314601.86967606354,-89.63150484224084,6283.725294398705,5384.017938812407,10,wdd-10DEG,Wind direction discretization
"[579043.64334334 588541.10885608 586788.23043798 579798.23626426
 586463.09531397 584112.38977409 580052.34644101 580341.57869321
 582112.5793781  581261.81772215 585593.24700415 584617.46635196
 579289.45408944 580662.57329328 587451.52987856 582116.65793996
 583608.49011662 585021.08146712 581567.3721215  587595.31216214
 586069.81987479 589157.78242766 585205.278501   585845.79111405
 589050.97692455 582660.68329469 580955.00189015 584106.09211604
 583111.23841663 579960.89057122 590821.77364397 583058.43145043
 589683.85344024 590921.05247223 590134.05220573 590855.83672779
 590581.53703373 590898.18996769 579547.4337588  590050.64260857
 583945.98748583 586908.63088419 586666.69830881 581087.38906007
 586659.47722518 586601.91269196 586997.59881749 587126.16976096
 583283.42065763 586778.44952402 587378.7969823  585157.54724623
 586702.70975569 584514.2596373  587092.71913586 586864.396752
 588864.85994087 586085.33322507 588443.49021909 589259.79326606
 588145.80498376 583066.52384275 589999.16710009 581859.7384235
 582514.55109618 588515.84035031 585457.73138475 583889.09907431
 589305.67267468]","[5834437.48081649 5847828.35543486 5835012.35211203 5836288.50346215
 5847256.41852072 5834801.58467296 5836898.97398957 5837592.52941736
 5841307.44286337 5839800.95006418 5846066.85484858 5844732.50714319
 5835068.60695752 5838363.44182881 5836228.36431509 5834644.38793153
 5843352.97462173 5834873.36959428 5840520.98340481 5847568.32262079
 5846716.55751329 5839412.94553014 5845536.4478597  5834938.27433026
 5846933.72856247 5842056.51951845 5839064.03883841 5844033.20566628
 5842672.47171438 5834474.23158587 5840441.90669097 5834718.5885582
 5845821.32993462 5843649.26829801 5845033.01312624 5841534.61075992
 5844248.67688432 5842913.00148415 5835687.05275185 5839965.00601309
 5839828.35193304 5838749.49499644 5842124.17114115 5834563.25848872
 5843172.11697415 5837496.43764861 5836894.13828662 5835679.08693847
 5839003.12661625 5839891.49906676 5846859.27730578 5841606.89959911
 5840968.18393641 5840646.89029799 5845305.88573404 5844283.55379904
 5846373.58268554 5838296.85154152 5844805.0063548  5842510.93554463
 5843304.41003215 5837585.17507835 5841989.22003385 5836868.52155389
 5835731.99145259 5840051.7783819  5836468.4147204  5836654.07066763
 5841062.93284183]",6182.746538703079,6774.496346602804,6605.906628467625,6732.7905105227455,5797.369021725849,5930.471803499112,6181.408715771221,6176.85829674204,6186.56277538814,272.00324131209874,6538.819975832213,-79.6933482234396,316851.4486455561,-88.91871565121372,6345.996466714136,5418.018671203134,1,wsd-1VAL,Wind speed discretization
"[579043.60574469 586463.20317276 579272.90547397 580037.6325619
 588541.05814318 580760.5897428  586788.23349803 582910.09600819
 581722.00000829 580419.62513332 584582.70395196 583434.25577446
 584085.65171138 585067.87225518 581391.1526718  581099.72533827
 582258.41084467 585639.79357305 581294.63166568 579637.5332266
 586084.54236813 583066.37781474 584866.54177073 583965.46980855
 589868.53867807 590821.7239376  590571.82225825 580303.66200445
 582208.80837854 587476.82650399 587008.71772468 590906.78670501
 587805.80561516 589856.68837437 590849.86902165 585721.55668293
 589082.5338108  589474.82492131 590900.83876826 587130.59109149
 588940.81527179 581661.15029463 589540.5801573  587609.59721676
 583790.59141488 580384.47088913 584504.98030033 581694.93702781
 590869.78155176 587078.69348369 585098.57439009 587563.57710458
 588630.81487239 586143.8193584  590232.80188773 587495.31478554
 583418.94177673 585414.61958083 588215.0252571  587761.85313195
 583156.88298969 586964.31388445 584667.00408698 584158.50345668
 585692.38792092 587110.7394998  589102.6905877  586515.57484313
 585821.01010139]","[5834407.18567751 5847256.57382828 5835028.89553847 5836861.33167468
 5847828.28226537 5838598.62028272 5835012.32044811 5842397.94232906
 5840773.11683206 5837779.51868865 5844684.15908387 5843114.90864741
 5844005.4077333  5845348.67873216 5840111.79688485 5839412.38549297
 5841506.68524183 5846130.55188736 5834579.71692277 5835903.38382293
 5846738.98891773 5834718.9778266  5834860.85036588 5834790.32729027
 5839852.09818177 5840441.13793838 5844265.97434159 5834501.37013715
 5834651.39200859 5836191.34559561 5835583.36888392 5843677.99298052
 5847626.23402301 5845517.05449359 5841337.37014264 5834928.65286387
 5846878.55187395 5846190.42992458 5842971.4776028  5838653.77756691
 5839445.31562277 5836149.88608615 5840802.4164498  5846708.7875129
 5837092.81390594 5835474.80930155 5838939.83251069 5837320.32631992
 5842030.40067134 5836777.0826224  5842328.65286904 5844362.77154746
 5844946.99997894 5843339.85926627 5844859.25857239 5841236.12845484
 5838117.3885435  5841266.92304551 5843385.84364464 5842032.16193852
 5840381.77169589 5845571.18803528 5840022.78201778 5836263.71961655
 5838014.44571298 5839849.3319507  5842522.74473434 5837358.2565249
 5839975.36041483]",6180.604701728355,6778.56632062707,6611.630469686555,6732.4769361496055,5786.9402748063585,5927.288598040924,6179.27600868484,6169.200186507652,6187.632596033073,271.4800897058311,6543.768976227683,-79.7605280410073,316632.29372972983,-89.03304810277609,6342.5662956775,5412.76462351481,2,wsd-1VAL,Wind speed discretization
"[579084.94902352 588541.03149429 579287.56433655 580478.03422098
 580784.14675078 586463.8710303  580194.7536423  581123.41236481
 579915.55633195 579611.32117953 586788.23443789 586094.54459349
 585683.03738636 590821.8884492  581428.04018485 581854.25742982
 582886.54711427 583434.1789061  590921.98308564 584416.78151837
 581715.32081799 587575.10274735 583979.60988227 580473.13928246
 584867.42315133 582721.21888791 584004.83075725 586865.69553203
 585289.38362388 584929.86232343 589000.49976252 590618.20646641
 590265.51992379 589135.98521366 587807.13145056 590128.89296659
 589422.58931734 590863.08554145 582324.88443442 585903.02845231
 590896.48284749 582861.33815242 586455.69967294 589867.77981468
 583959.16968768 582746.84460663 585571.90630934 586956.99701336
 581493.45319599 587556.99708651 583293.16980755 583476.78847277
 583744.9683157  586716.64489213 587807.28489716 589583.08681496
 585874.36128819 584412.07431964 587176.85817431 586934.84748353
 590445.83514256 587389.1191217  586895.3410107  583051.8448415
 587055.87382051 587716.61002116 586854.1600549  588496.22152204
 589010.36683253]","[5834421.30035903 5847828.49271129 5835064.18962979 5837920.81084691
 5838654.6934937  5847256.94307569 5837240.54053022 5839468.75181798
 5836570.76284621 5835839.70806534 5835012.34387098 5846752.40950588
 5846189.18083563 5840440.82687416 5840199.88992511 5840954.37218253
 5842365.65299913 5843113.3597512  5843651.68938708 5844457.83776614
 5834612.49981042 5836044.10231068 5834791.44345349 5834514.91540201
 5845074.08565578 5834691.88522497 5843894.52848269 5838554.9777823
 5845646.79487988 5834865.84071555 5847022.53559088 5844184.21403477
 5844803.31861562 5839399.00631004 5847625.88849763 5840013.43863192
 5846278.04586017 5841759.53353177 5841597.77350452 5834942.5368128
 5842828.57135509 5836914.56120621 5837715.57187618 5845500.83676605
 5841920.15467072 5835512.54581954 5836306.22326259 5836918.37978572
 5836029.34148967 5844892.24660528 5838963.98036467 5839773.14677249
 5840905.29876773 5836101.32349726 5846612.86502235 5841956.29307663
 5843447.71497895 5836538.00202372 5842904.90700419 5840794.28307051
 5841019.81336223 5844010.49542375 5839998.46626884 5838020.06173099
 5841965.86272511 5845688.45358812 5839319.24528835 5840431.62518887
 5842962.54400172]",6185.441024918167,6776.261491784979,6609.16294451277,6737.767190561311,5803.616363507784,5936.40538550302,6184.126806926023,6181.354107047442,6182.909627478478,272.16260961675306,6541.827529938736,-79.66459560325397,316899.9894455868,-88.91175442970558,6345.351088551142,5420.223981292854,3,wsd-1VAL,Wind speed discretization
"[579031.88662754 586788.07938606 586116.52645334 580525.7651516
 582663.58622552 588541.05100393 579665.4687663  579332.18247716
 587575.37841445 584066.0478144  585324.56280725 580252.41538232
 586463.29511442 580820.21554661 581442.95981777 585525.16363295
 580007.28856192 579958.98296526 583113.43613975 585732.45544986
 587967.65838724 581111.83571028 583607.84272585 584512.47639186
 590912.17109374 583600.04612502 582026.46836211 590821.95662969
 589219.20235556 590655.22543081 587040.09377313 582535.76225676
 581283.81145128 590093.18954901 584476.0892469  587146.83308795
 589395.8230202  590892.91695865 587305.17946195 584919.52882528
 590240.10741576 584632.24515989 590844.08163094 586668.1071229
 590872.71220184 586775.98455341 589751.04763096 585962.6703222
 587874.70103114 588950.30662407 587072.1301275  588116.47212194
 588910.28461135 581564.97715727 584525.15109201 583971.36376417
 585491.64300082 584822.5108963  587662.93980959 584459.79928066
 586418.59399395 582733.0030187  583169.37745771 584591.621278
 585083.17838888 582269.75452333 587693.10972859 588390.10043892
 589051.40301495]","[5834414.39656279 5835012.3737713  5846782.55726321 5838034.07922479
 5842060.47004774 5847828.46585943 5835970.25470515 5835170.7344574
 5836044.23824112 5843978.44735293 5845699.18015853 5837379.05360735
 5847256.75663027 5838741.55693938 5840235.74321552 5834913.23981239
 5834477.94191458 5836674.81800096 5842676.11618289 5846257.53485272
 5847670.75922201 5839441.15166404 5834761.96310794 5844588.87336659
 5843335.54528483 5843341.25915808 5841189.60967178 5840453.19254232
 5839469.77792515 5844118.56362069 5836772.6414362  5834677.31700974
 5834578.66795936 5839990.20466406 5834830.23275751 5838658.16649864
 5846328.2211859  5842747.67328948 5847488.36369978 5845145.82306273
 5844847.65520323 5837544.836834   5841155.52086192 5837388.94763289
 5842092.85328007 5835656.34862578 5845704.6366863  5838161.47127964
 5841649.09429363 5847109.34759064 5839769.32515303 5842775.36318141
 5844014.86731058 5835700.21860548 5836599.73819835 5840865.33722115
 5842649.07026674 5841875.60416382 5840490.19883196 5835804.97898586
 5843852.61855277 5839633.1536076  5836749.49699961 5839927.05524471
 5839092.95184989 5838208.67196725 5845582.80931778 5844816.80911688
 5841299.34606124]",6183.138414520567,6775.30327253367,6606.162884384512,6736.011360292545,5797.24256873187,5932.8533779494555,6181.803317780544,6164.748307360164,6168.792572302447,272.0143791760143,6539.251065897693,-79.67959749951957,316850.13412251207,-88.90937699325534,6344.076787751706,5418.507831727102,4,wsd-1VAL,Wind speed discretization
"[586463.63915271 586788.26936477 588540.93040388 579031.52989679
 579929.70772028 585619.1773469  579635.78508554 580230.00271274
 580790.97985554 580512.70663371 581671.09449432 585110.87914981
 579315.74049858 586086.57450099 581370.06882712 582188.81116519
 584150.75704787 579901.07525102 581074.90290769 583593.61518377
 584647.92275116 585248.34417043 583081.21927115 582643.58686282
 588957.13665443 590059.04244867 590032.89032414 587748.7873713
 589334.35214038 590804.51769277 582330.94790609 583334.93674402
 581066.42527945 586069.42835447 589677.96074468 590824.05004299
 589031.69714398 590858.74592175 590910.09375083 587060.95175157
 587574.87594758 584214.37597357 590444.81830033 590888.87544315
 587086.46300373 581069.27462679 586071.03088455 587639.39653492
 587253.3959673  587065.76873808 583612.39518926 587064.80350745
 586662.85193851 586586.65683173 587202.82413138 584358.46849799
 582581.87884317 584204.75288307 585135.47370911 584466.29859511
 589634.00062564 587432.36749791 588840.00086927 584676.16744365
 585132.31802272 588472.87507154 589940.95689281 587119.73804563
 583007.20580844]","[5847256.84480521 5835012.34076773 5847828.46094243 5834407.21925486
 5836604.89084124 5846102.47759311 5835899.16636743 5837325.22320694
 5838671.55572518 5838003.35306706 5840703.54316814 5845407.35251844
 5835130.4950203  5846740.33280047 5840060.16403741 5841411.71037224
 5844094.05488772 5834469.97023569 5839351.59866052 5843332.55425831
 5844774.32145644 5834891.04839258 5842631.52743604 5842033.39791462
 5847098.60722081 5839969.60313189 5845210.90870521 5847610.44527585
 5846436.53486338 5843856.87647138 5834661.09778191 5834740.41902826
 5834561.50711946 5834956.07778525 5845833.99321717 5840513.57511668
 5839423.20067707 5841621.97927534 5843273.06477975 5838711.56721819
 5836044.04801788 5834810.68005391 5844487.13910598 5842617.78780123
 5840935.66256936 5835519.60891717 5838196.04971082 5846437.94095931
 5844299.07124581 5839760.91172648 5835998.78039226 5836805.34824739
 5837406.17138374 5836063.78431632 5841603.72768647 5840313.01599067
 5836529.93495109 5837376.12336848 5839312.40755499 5841371.88257826
 5840758.54701794 5845287.37652432 5843500.92507909 5842772.8973517
 5836266.30275631 5842595.53774281 5841613.78193909 5843361.92096368
 5838642.68097154]",6188.182679190261,6777.240960690411,6610.176173206015,6739.770932344923,5805.547012002039,5939.943815510733,6186.85857231584,6178.594511927463,6174.631619094381,272.5155813630343,6548.3811519408055,-79.61362239637495,317082.8847033726,-88.84297066701939,6348.169177755753,5423.110068672502,5,wsd-1VAL,Wind speed discretization
"[579040.66898878 586788.25813665 581192.18305242 586463.29032095
 581518.02247845 584320.6998651  590821.94749683 579261.28075917
 579828.57130654 584578.14541163 580610.81607202 585964.15539793
 580889.63178896 582767.15128314 580345.75129423 579547.57956455
 582015.01826534 580073.73412685 585384.60695316 585358.20492575
 584815.1038623  588541.0198263  581101.17939137 588929.55254075
 583735.59473669 582823.61779808 590919.7989273  583362.78832092
 581936.51559014 583860.18384398 589381.97821661 587571.41830173
 590208.38642162 580073.85077587 590871.47977029 587574.99081785
 589818.8267852  590597.9123176  589361.90997367 590850.91560158
 587155.12531744 590898.54780557 586113.15868733 590129.22197605
 586722.80983716 586916.12988533 585970.55434902 587370.52689432
 586151.35807216 582842.03574431 582144.67071048 586884.52338995
 588511.30031782 587000.41162691 589346.21793557 586867.53994638
 586691.28864218 587882.44680906 588428.04322235 582629.03305174
 584572.34752766 583402.26943673 588426.16040155 583120.6328475
 587229.15440865 586631.47904646 585471.32059528 585251.76608376
 584594.37382272]","[5834407.68001692 5835012.33207594 5839633.6943957  5847256.51771744
 5840414.56824328 5844326.45784955 5840443.81454116 5835000.37206774
 5836360.27929389 5834838.95861871 5838238.6041409  5846573.99771458
 5838906.59238922 5842202.08164099 5837602.05665179 5835686.80780853
 5841173.86771412 5836949.90574967 5845781.62406793 5834900.18296009
 5845002.91621846 5847828.46614371 5834564.33269298 5847146.590053
 5834772.64950682 5834700.23294252 5843583.89931603 5843016.58859405
 5834629.93236921 5843696.89510616 5839551.69454074 5847561.64025394
 5844902.52034671 5834483.18709736 5842032.71567219 5836044.29494192
 5845586.28554632 5844218.61072492 5846387.66382786 5841443.09047244
 5836669.92486457 5842954.89921798 5834959.09736548 5840014.20414571
 5845659.98163323 5840374.49085496 5843604.60006655 5846657.30398383
 5838047.8446838  5838969.39325993 5835888.81216068 5838564.18437867
 5845745.58197819 5842157.57624971 5841220.39353807 5839512.02586784
 5837358.67230977 5843680.96398465 5839695.18315424 5837346.24354957
 5840433.1254696  5841537.37223741 5842818.62486741 5840456.24147355
 5844751.10646586 5835744.7384462  5842485.70157931 5839288.80362405
 5837028.76815517]",6182.769434992854,6772.574462032733,6603.749456510691,6736.25395958157,5796.751298689294,5932.098997500101,6181.441333475069,6173.74929859021,6168.293843859742,272.1836225140836,6546.518275753531,-79.69355310010168,316797.9916028354,-88.93427783008023,6343.302833529195,5417.8328986418755,6,wsd-1VAL,Wind speed discretization
"[579041.69604229 586462.91089786 588541.00871712 586788.20339701
 587574.71587589 581159.64311901 579591.23823378 581510.31083684
 579280.69063363 584936.45905156 589049.83177096 579895.04926244
 580866.52076552 581286.81662074 582820.15530739 581936.4910621
 580523.69676267 585943.25005124 580147.97980521 585429.29168117
 584072.80789564 584511.47436476 580214.64750197 582384.36402269
 582277.17093814 590921.23930893 583616.08935699 585808.21313973
 589967.36733139 589126.9529858  590821.7411438  587253.15809004
 590892.94311091 584068.51004432 584870.66919373 590869.22737734
 583213.77398859 587935.47528787 590008.51869502 587052.95442759
 589494.70321095 583244.40515932 590438.75370191 587090.80175653
 582234.89307916 583791.05305137 590842.93109073 582640.13700238
 585949.49134889 587708.80146137 586972.16826037 586506.90097864
 587050.82908849 587353.06006132 586271.95452155 587453.74299778
 587243.95310707 587132.87163104 588397.78775142 584289.90063264
 585409.51454654 584740.10957857 585931.65912812 589237.52040526
 589311.70764413 585835.71420369 587298.20506032 582925.42218442
 589270.74848903]","[5834404.74946491 5847256.23353096 5847828.42700616 5835012.36689005
 5836043.96505669 5839555.26104046 5835791.8634924  5840395.46296391
 5835046.51426179 5845169.06583613 5846935.89341206 5836521.23914999
 5838852.64433525 5834579.14300043 5842274.911921   5841066.1751153
 5838029.06736958 5846545.59833084 5834489.09174505 5845842.75573098
 5843987.64132031 5844587.51364815 5837288.03228187 5841678.91753826
 5834657.03670267 5843652.3665651  5843363.17179953 5834935.13757107
 5839913.18419872 5839395.57408155 5840440.55601555 5847473.91431188
 5842732.50688482 5834798.45309035 5834861.76116145 5841975.34289674
 5834730.59425154 5847661.58260887 5845254.17426759 5838740.38970206
 5846155.25935603 5842854.32471547 5844498.9394689  5836766.44009405
 5836500.52476247 5837382.36396657 5841132.46612065 5838163.16460862
 5838340.64519126 5846434.08814557 5839680.09047774 5837638.44393316
 5840457.07834603 5844388.52973236 5835598.64595965 5845544.75519805
 5842249.2897163  5841354.94925117 5845267.98845749 5841079.95166905
 5836252.26458258 5839777.31571446 5842790.34352273 5844083.71007573
 5841560.20974833 5836932.40001719 5843365.26602834 5839633.58929042
 5842683.46486911]",6182.943640342477,6771.444976017085,6603.450992039524,6737.192111147888,5800.186834305956,5932.620815936522,6181.6193168496,6180.537596777056,6178.137516216364,272.15363329294,6540.115533779814,-79.70648693174273,316838.38416950253,-88.93987783857703,6346.397269840721,5415.97817058376,7,wsd-1VAL,Wind speed discretization
"[579081.2919755  586788.3172471  582367.67458844 579648.87032369
 579338.58275264 586463.45433768 588540.92791115 583425.72641671
 580351.16501974 585282.51074582 580349.93561864 581724.62306746
 580712.74422106 581362.15939773 580969.45575899 580029.27025333
 587499.35817483 584379.45619176 581488.42324698 585907.40384768
 582867.99641963 584818.80320746 584836.435059   590821.82714963
 585736.47340422 590899.64834474 583898.0482123  589546.30125644
 586127.51150656 590385.37073263 590897.21404883 583886.92407261
 588879.25747683 590846.33282286 589127.50444223 582694.00831735
 583818.6582818  587549.41197615 581028.05098419 589970.13521467
 590878.39760628 586838.55242513 590135.62997497 587267.06683007
 586416.2360006  588529.03751273 587416.21461933 584041.96993184
 585707.7419501  585363.98090617 586817.26063941 586697.05602368
 582175.42193724 587015.00313758 586840.45381783 581794.43783767
 584455.59246195 584939.43442606 588187.92053031 582544.16406926
 585789.57006471 586920.62166895 583913.29579789 585508.09490677
 587171.64906956 589380.85024335 587968.13242149 588816.73038566
 588900.69742018]","[5834483.45834817 5835012.44775795 5841656.37673976 5835930.71279041
 5835185.83093291 5847256.74864877 5847828.45600597 5843102.85500668
 5837615.91442129 5845642.19197655 5834504.96086822 5840776.84636702
 5838483.90899866 5840039.40577459 5839099.82931793 5836843.86363146
 5835982.40618391 5844406.92473982 5834595.5961     5834942.97263331
 5842340.18369494 5834857.0880468  5845031.92526828 5840441.47088473
 5846262.288501   5842941.50024712 5843748.60406084 5846063.82185228
 5846797.40783115 5844592.78940706 5843694.60675151 5840048.7941446
 5847232.38861058 5841236.61200306 5839393.71489337 5834691.72294456
 5834778.54355048 5847555.61194785 5835518.58829826 5845321.21459463
 5842260.82951934 5837143.22960413 5840018.27520184 5836504.17777478
 5837773.51655928 5846669.20688661 5845098.71705872 5837557.04647627
 5835970.23320349 5838643.20291362 5838882.76309662 5844100.66357012
 5837529.12079154 5841386.87742855 5839716.86224392 5836560.3252186
 5840857.60165779 5841688.41841382 5845986.76932228 5838185.75801412
 5842876.03319515 5840553.68867579 5835860.65836437 5837032.57297529
 5842485.46140178 5841807.42113831 5844438.27220078 5843432.11676737
 5840958.76277189]",6178.782687079588,6774.17048619278,6606.0487031355215,6728.153367623016,5791.228411168127,5925.55621388393,6177.444950395104,6177.3128870980945,6183.863374128098,271.33397847494507,6532.814912677607,-79.75305071746709,316556.27755410044,-89.06075469135513,6343.081224749082,5411.116123271802,8,wsd-1VAL,Wind speed discretization
"[579042.3688273  588541.06647198 581602.2064729  586788.29771618
 579595.23646368 586386.18380941 581295.1848963  579902.0131719
 580175.21706968 580456.96275024 579299.60740997 583426.62384691
 584310.56494502 584358.65331505 585811.98701258 579977.9938301
 580747.21775904 585385.08258614 581031.22411852 582536.59101042
 581814.75546513 589116.30520235 583522.25918371 583876.80769411
 585905.24228815 581023.07841196 582114.02583946 590821.99034154
 589339.19061286 590880.82052897 582973.62374672 587153.07512528
 590888.35773974 589546.61149766 585086.05790937 590450.03317695
 587574.98256709 590906.65790402 587930.64226235 582606.09858699
 590856.21257544 590023.74226735 584865.81353285 587152.73516252
 590143.72659709 586393.54232857 587046.1872912  587716.05066407
 583171.17735777 586736.21601356 586886.11947655 584424.73758857
 587194.87773365 584139.24486016 587230.79270832 586057.83470689
 582919.73429771 585719.93190399 586283.68459917 588527.38023503
 584801.75824096 588286.22576702 588297.57888425 585817.80910334
 585791.86479105 588773.71551274 581442.05307489 588862.25007764
 589667.44248846]","[5834440.13485153 5847828.51654563 5840608.70701664 5835012.35663708
 5835801.65347273 5847151.29376692 5839881.62479715 5836537.75937802
 5837194.17852247 5837868.67832619 5835092.47479504 5843104.17316258
 5834817.03333256 5844378.61399826 5846366.19137374 5834475.73035405
 5838565.63576611 5845782.52692534 5839247.70634857 5841884.31349568
 5834620.56936232 5846819.1753142  5834754.90624702 5843719.25995312
 5834943.21710728 5834558.01952861 5841309.09057369 5840444.15296067
 5839524.48167646 5843723.7686832  5842484.52445044 5847446.56091596
 5842568.48907513 5846063.86338484 5834878.5658985  5844479.30243339
 5836043.77864003 5843155.2729616  5847660.57934436 5834682.98502881
 5841539.53193623 5845226.81785398 5845072.4630645  5838660.34523261
 5840021.42917507 5837808.35354333 5836830.82451854 5846503.37548148
 5838355.89128025 5835647.80374907 5844585.64104244 5837563.11487284
 5845445.26994838 5839847.71958753 5840112.25234028 5840517.29707301
 5836878.26385512 5842398.92024598 5843336.62981977 5843137.93582063
 5840870.51534447 5839800.15392931 5842380.51716657 5836928.21673033
 5839093.15898134 5844583.83529614 5836057.63814976 5841216.74366601
 5841862.01551841]",6181.883912835683,6770.286677559816,6602.224430520959,6739.662482332599,5798.907202314078,5931.845362999819,6180.551171966108,6168.6002663504805,6182.056015208812,272.190935238191,6543.264152370058,-79.71942779409525,316876.56152475707,-88.9283557607321,6344.451582822037,5415.066234983492,9,wsd-1VAL,Wind speed discretization
"[579103.80272874 580744.84945663 581242.36414287 585741.28935019
 579301.97115902 580997.72522055 586463.84216934 579622.49936038
 579915.92496604 586788.26273188 587574.30632227 588541.07937847
 583372.39572074 581540.90547139 582046.89592866 583782.85737281
 584932.08373149 581884.50006614 580461.04794141 585424.69383096
 580191.4076996  580961.03404509 584180.3640389  584564.20327627
 590822.30334328 584622.19788342 589863.99167898 582719.25752936
 582967.36991262 579971.2856724  582533.34914596 585349.77990116
 586113.96357913 590295.82878447 590688.37562464 589385.91537834
 586142.70148298 587633.45880416 590274.75690451 583629.6755389
 588940.10221609 590909.85688207 590890.25151621 590869.81352408
 589696.14302123 586970.26578006 586592.09635915 586141.96939323
 587015.11148532 587245.24997552 587113.58830161 587050.53451962
 581600.78894507 583317.86647321 587594.71146404 584767.06802117
 586275.5815498  583614.57717503 587399.22515874 589126.40451162
 587786.11658186 588156.27140505 582573.9991977  583442.89066517
 587560.09793788 590851.13880105 585260.93442312 585338.52458248
 589259.1561003 ]","[5834429.02344878 5838560.61139541 5839754.70425667 5846268.78705924
 5835098.53686683 5839167.84813457 5847256.94636538 5835867.12733114
 5836571.48081768 5835012.35025133 5836043.22880947 5847828.41499507
 5843029.71894303 5840469.83727141 5841217.79176313 5843590.53126156
 5845162.96296532 5834625.83297902 5837880.05100306 5834904.83883139
 5837232.50664707 5834553.05379193 5844134.18442272 5844660.03227953
 5840455.26746725 5834841.73192237 5845507.71710997 5834692.00671828
 5842476.47511178 5834475.15580623 5841882.48905449 5845734.08845064
 5846779.22035178 5844750.14797045 5844059.22509044 5846346.40338102
 5834961.59875172 5847578.8176053  5840102.95365853 5834763.56357737
 5847127.04138659 5843277.34687076 5842631.33709296 5842010.68068973
 5839746.4978751  5836891.47565264 5837511.97386103 5838316.83803761
 5838847.83179165 5841717.71031716 5840875.23251043 5839728.00719009
 5836593.91174111 5840263.89825504 5843458.73292106 5841350.43685148
 5836050.56008257 5835961.17003394 5842611.05176665 5839393.03548209
 5844258.70726228 5845343.82839486 5837361.77738918 5838164.64238986
 5846194.47539172 5841377.12192841 5837398.63744854 5839584.92128483
 5842639.81509678]",6185.030098624522,6764.009458173637,6592.793555106314,6746.4616102559785,5809.869299767121,5939.210142735063,6183.699704266249,6179.908066218787,6182.97027985551,273.2276666096218,6539.370498275043,-79.63893256538655,317106.71171700256,-88.81926502397685,6346.770212772649,5421.536220909795,10,wsd-1VAL,Wind speed discretization
"[586787.85498464 579146.56944494 587150.35177689 580974.16948285
 581323.94764307 579356.38635872 587685.9814357  579993.90222474
 581111.45881362 586010.23946397 584108.94840956 585746.27799222
 584940.39190975 588540.91186703 579704.2219538  587574.8537108
 585381.8562482  583541.85612868 584078.06746234 583098.00759668
 580382.15822553 580035.24729161 580652.63657988 590820.97080194
 582040.41574605 586463.27047055 583017.78123946 582511.25882385
 582049.34108665 590861.34327562 584725.11565129 590879.86556672
 590800.39097685 589947.25960039 590909.75124282 589784.17553876
 580486.02108097 590347.31088823 587371.09949184 581590.54955648
 588692.90881696 586118.53578774 586737.3708366  585416.02320804
 587133.44586987 585716.60063378 583428.49757445 589548.67570646
 590665.76426027 584810.29161646 587040.77003737 584660.23947053
 588913.41358775 581755.57584692 585045.0503365  588975.68488046
 581866.94463785 587268.62205959 586024.39814581 582857.69628712
 583105.37682413 587542.59281299 585382.58367319 589494.01537377
 586689.03427852 584329.44832604 588048.30754992 589136.98378016
 587703.67025912]","[5835012.39059108 5834499.74613034 5838662.44511298 5839111.10583062
 5839948.75552556 5835228.55293147 5847593.02733633 5834477.03901564
 5834565.07282476 5846637.28029417 5844037.16944126 5834931.34411306
 5834867.33772299 5847828.16222839 5836063.72685629 5836044.05563662
 5845777.4298145  5843261.89534387 5834799.13158971 5834721.47059814
 5837690.45071255 5836857.74333239 5838339.10459197 5840440.50175583
 5841208.42846687 5847256.87292586 5842545.32145488 5841852.64860379
 5834639.16192903 5841703.7641214  5844879.43734084 5842379.95749444
 5843863.13867296 5845360.1380108  5843263.28151955 5839802.74600238
 5835400.42892665 5844658.28289849 5846753.73453493 5840588.02302555
 5839515.91319957 5844635.80834802 5835637.16134505 5843491.11424628
 5840167.09678588 5836431.22907903 5838286.29747642 5846059.36871896
 5841023.92987904 5842316.91648013 5836842.24299826 5837411.42290501
 5847175.07689843 5835864.80740323 5840263.55648175 5841776.09008453
 5837202.22598829 5841660.83162383 5837976.68804693 5839150.27184294
 5836507.40641256 5842974.02344858 5839232.14476854 5843238.94631599
 5845754.73762669 5841284.23358358 5845333.9764508  5846529.24352912
 5844129.65889535]",6183.19042767134,6777.847529357396,6612.984587603606,6715.57655203185,5796.1439684220795,5930.295185177901,6181.836642145942,6178.6004858944825,6192.06955261393,270.7238799707366,6551.042312278957,-79.74131888843064,316697.934464939,-89.02175794991896,6322.691002748683,5414.775591385745,1,wrd-HOM,Wind resource data
"[579092.75657356 586788.15344371 579323.35432544 590821.90423856
 583365.4359839  586462.82202368 580876.05686052 588540.91020568
 580441.95900577 585592.21393428 581303.57955915 580025.09325864
 585383.56796959 582175.88872023 580060.50469414 584324.50882681
 583184.42318454 589079.22331199 587575.21584131 584366.89956377
 581315.35718998 579706.73558582 586011.87887778 586831.78390175
 588921.31595572 590533.59171573 590903.16093519 584856.8394044
 590853.8176895  587298.55781982 582807.21668695 590053.3769107
 589317.2572021  586565.83252837 586170.64969338 587959.33356701
 590896.57215398 582287.53538704 581624.51734416 580812.25272576
 587012.79264231 589057.42268119 584463.30169007 589697.75529775
 585792.93006537 586043.69446649 583139.74687549 585682.30113929
 588292.46305011 588781.74155459 582722.29117348 582704.5189309
 584121.94885489 587380.08498707 585428.66143661 589730.28233055
 587023.59684163 587133.64721078 586153.1665879  588920.53387388
 583574.03683542 587018.62290274 583840.76578806 583689.80987724
 590020.49998076 583438.73302504 581679.16763683 586659.13542494
 590877.56265835]","[5834427.41994627 5835012.44520656 5835149.48953976 5840441.33228694
 5843020.07338463 5847256.11505281 5838874.41283267 5847828.26571737
 5837829.97728268 5834918.20413363 5834580.50978363 5834479.32545039
 5845779.96830044 5841393.53312388 5836918.36462059 5844332.17263059
 5834728.65162508 5839405.71303362 5836044.03390601 5834821.87930656
 5839927.753427   5836069.27003171 5846639.52314796 5835786.23860501
 5847161.44724904 5844332.61225393 5843052.34439774 5845059.74994957
 5841479.92407905 5847486.6638887  5842257.23377051 5839965.87830894
 5846464.62015427 5837550.66895721 5838468.62019758 5847542.662088
 5843696.26762594 5834658.01768855 5840639.63852684 5835855.95178786
 5836881.50149297 5843663.60109475 5835656.74242007 5845798.48824511
 5835725.77464786 5839332.33691776 5838284.76748834 5840345.27564021
 5840262.18557894 5845362.32981812 5835919.74844872 5836988.36717345
 5837596.82151622 5846416.38249012 5842369.90700629 5840891.84833225
 5842535.3561819  5845628.22963888 5843768.15012972 5842419.00948695
 5840261.76490922 5841321.91485767 5843670.5362142  5841483.42663409
 5845006.06166057 5839221.91278858 5837873.95903213 5844706.74877876
 5842262.89329226]",6175.3213974729515,6773.552104415766,6606.227134704317,6704.43805121069,5782.072562197491,5917.190576319499,6173.95056944621,6172.539590905216,6171.804143835664,269.79425115746125,6543.4871513518665,-79.88324903809786,316191.74244664813,-89.20929828924298,6315.8661933318135,5407.007637655383,2,wrd-HOM,Wind resource data
"[579040.2991718  586788.22823136 587575.09541841 579311.37075836
 588541.20050351 586463.36922064 581415.13542554 584127.69622462
 580771.82872031 579679.8397139  581664.34291786 581824.63890998
 590821.91625274 582463.30806542 584633.22040019 579862.37415271
 586150.68317061 580440.59157245 585253.13947952 582491.95586807
 580822.79751466 590871.31730668 584149.78141352 583603.03420091
 590874.83157425 585628.59461231 586070.64288163 588818.68327435
 583044.20739538 583323.25345412 580033.4734188  590125.62422067
 590538.59409233 587288.74976394 589651.06540282 585127.84179775
 581128.95755528 590207.87818138 587974.63268442 589284.79398335
 587073.49985282 581278.57683939 586881.97119722 585172.25806848
 590849.56110559 580674.22509714 583152.16253745 590902.53854372
 583486.66212024 589449.92767418 584907.47651606 588451.40873424
 584946.37914746 584594.24105942 585216.54123295 587280.18195148
 587431.12860417 586727.02771616 586858.40522443 584913.76211817
 586561.13792782 585438.22369488 586713.4010941  582620.29476543
 588474.12871387 583001.6035399  588667.47748942 588868.22993579
 589637.07168719]","[5834434.09641391 5835012.40663023 5836044.19529668 5835120.64523527
 5847828.05205161 5847256.71957486 5840168.76087086 5844062.97686402
 5834538.36012033 5836004.28199215 5834609.13554722 5840913.79002885
 5840441.71685714 5841786.83212432 5844753.80327854 5834466.4997164
 5834962.71064379 5837829.46058029 5834891.38466493 5834673.96111358
 5838747.06423249 5843740.57204697 5834804.70457638 5843345.36400413
 5842143.69544091 5846115.34055127 5846719.63240489 5847086.9701877
 5842581.10648383 5834739.9934117  5836853.62118591 5845048.45757796
 5844321.20542814 5847381.92039335 5845880.98299125 5845430.51198287
 5839481.93015752 5840062.20758186 5847672.48092461 5846523.80001326
 5836614.10049325 5837280.56743282 5838742.40836187 5835580.33692728
 5841326.62036648 5835741.16504016 5838418.60437379 5843033.66728126
 5840401.14768322 5839594.12859366 5840295.34566168 5839585.89293444
 5837800.24576242 5842118.38443889 5836728.99344611 5844693.60842888
 5845818.09686589 5837310.12622205 5839827.93138461 5839166.07927642
 5842892.47389907 5843593.7488929  5841229.88468156 5836283.54201902
 5841518.91133207 5837262.81902757 5843126.36067227 5844415.62907821
 5841593.25510907]",6177.943400633981,6773.276187740637,6604.947898030619,6713.633018264223,5787.343096906207,5921.898468076704,6176.5786414939885,6175.889146412097,6177.915001733668,270.4807010199931,6548.2253571193,-79.77225109614952,316412.9400797126,-89.06086270377995,6319.286326778537,5412.996683030216,3,wrd-HOM,Wind resource data
"[579138.77588767 588541.06450432 579351.93829728 583170.2170631
 581304.87206181 581822.71464495 584063.91471335 585200.4725199
 579756.37238444 587316.44360482 580109.53692536 585954.14996165
 590555.56947559 580021.30617503 589185.6248755  586788.07528084
 587146.0978903  581380.24030598 583144.23312161 586116.19800764
 590821.63245916 580427.03686826 582477.26206006 584983.81712596
 583951.85518434 581044.25211937 586463.6955805  590916.8974595
 590870.57833093 587332.77668407 584576.06619355 582262.49275914
 580721.50330304 589979.6753707  587728.0061911  590844.0123777
 590892.41860542 585691.10704175 589650.94805729 589124.74793471
 580358.09050721 586172.84277706 584629.09822013 581537.35758994
 585906.82514392 590095.85051961 582942.00211506 587971.32734966
 584645.55796224 582988.22752357 584701.36873083 585987.61696035
 588715.28781604 582526.11069582 586149.68387633 588171.04559404
 583698.6507193  588677.44214553 587912.06548851 585759.5905051
 584195.27217193 588910.09991386 585997.00838339 581724.20039917
 585893.09503997 589580.47346627 586453.12239884 587299.27900292
 589509.83409336]","[5834421.01142863 5847828.51999748 5835217.91268755 5834727.16798064
 5834580.3056276  5840911.08916601 5834798.00269559 5845528.87733094
 5836188.43223009 5835834.00528364 5837035.77731633 5834946.70873457
 5844293.76598508 5834479.11288896 5846697.77176035 5835012.41223774
 5838668.67028911 5840084.58597251 5842717.96744785 5846782.27577541
 5840440.68594484 5837797.46854297 5841806.08962825 5834870.38838095
 5843822.18205354 5839278.72288084 5847256.989883   5843482.03700766
 5842023.05284978 5836406.36749917 5844676.10079801 5834655.81852873
 5838504.43089866 5839920.08859236 5847604.71939918 5841161.66112384
 5842701.13204351 5846200.75318051 5845880.57912099 5839392.89674979
 5835320.13986213 5837149.00883908 5837591.84584225 5835797.32195899
 5838091.03980669 5845095.50262271 5836598.63259656 5840248.52102425
 5836064.84094952 5840003.63771793 5839572.49111986 5839847.0956122
 5847227.99386477 5838765.76115846 5836081.97714415 5841847.61433932
 5841334.37149866 5844847.94882531 5845890.47376215 5843965.7774673
 5842794.15271884 5843417.25508131 5841471.26966554 5837308.31862958
 5842751.43557    5842816.6294518  5845245.2495978  5843734.3424624
 5841337.12547478]",6176.092943149955,6775.510257354384,6608.4008414306945,6704.570837638447,5782.06694436819,5918.360138136859,6174.733200981584,6165.589877741111,6161.525133534744,269.810084277533,6545.870345622174,-79.83431026366651,316226.52471026225,-89.15597762045309,6315.13130123034,5408.254595121392,4,wrd-HOM,Wind resource data
"[579089.44498808 579347.66182995 584468.47515917 586462.99625897
 582675.58510837 586788.11619069 583481.52512988 580169.55022389
 579932.78274485 585510.57112176 580574.62700476 581323.6303585
 581638.91882044 580821.66167728 586028.717006   584948.74677089
 583755.77581149 585305.02050822 579761.2132424  580990.12362298
 587376.54954761 584263.87465387 587302.88702157 582525.37871801
 590821.58356727 583192.14641335 581696.21142844 589384.28145547
 587261.79978484 590865.03657097 588541.1935977  586117.75769178
 580829.05178247 586499.65002093 590751.90869823 590310.25173807
 581613.87002796 582135.23848547 590852.83537068 588423.0597542
 589107.69903924 590895.54394667 589834.97821011 587963.62034209
 589925.13353713 583776.45324837 586394.0803152  582772.51335391
 583958.08938233 586220.70241745 587026.14742876 584588.96979881
 585404.48389915 589491.05954275 588042.63759322 585423.49103953
 584624.79827627 586015.85938098 587846.90284368 587162.19874818
 587630.94241889 585552.23275637 586988.84244336 589197.18573981
 583163.13512156 588665.87073031 589115.27995114 583130.34650191
 589744.92251892]","[5834438.90918522 5835207.89698165 5834829.66775065 5847256.14464377
 5842076.82462157 5835012.39910795 5834751.93375932 5837180.0968697
 5834472.18834226 5845953.5994414  5838151.86077656 5839948.26196835
 5840659.66216507 5834542.20516962 5846662.24065518 5845185.49996866
 5843553.73719314 5834895.51796779 5836200.07645343 5839149.60753464
 5835882.71730421 5844249.02274388 5836450.07683473 5834676.83717421
 5840440.73836719 5842783.63749536 5834611.91789589 5839552.32235317
 5847476.07417856 5843751.41760373 5847828.21534547 5835073.26301285
 5835887.39501003 5837648.1124645  5842109.37629403 5844724.65332117
 5837321.66103973 5841338.11812544 5841435.35819047 5839596.05677964
 5846834.47656864 5842809.21316489 5845557.72201341 5847669.12161348
 5840538.71898219 5835755.9903384  5842106.81316313 5836643.60457074
 5840916.2602145  5845129.96375054 5838748.28656321 5842229.53623893
 5839144.4697078  5846161.74630851 5846849.86454008 5836444.77724781
 5837636.77101604 5840897.64310958 5845975.7948752  5843636.46219564
 5844787.29161686 5843775.63146393 5840188.10650806 5844322.35077862
 5838443.72865813 5841162.62914451 5842265.26848447 5839435.33697364
 5843620.65270365]",6175.4373785143825,6771.303236321384,6603.377231178498,6706.985022908407,5781.696645539477,5918.807508920373,6174.0705102524,6164.188782847878,6176.319985498027,269.8579773270221,6544.606670514801,-79.7899309213725,316242.07628457673,-89.09257658608455,6320.769793356117,5410.619664894924,5,wrd-HOM,Wind resource data
"[579055.85854988 586788.25652925 586066.79090145 581879.91251497
 582122.40396527 587575.2938542  582828.02603188 579340.34530665
 586463.98989106 581292.22751149 588540.77966979 580925.90092493
 590908.66985644 590821.87203091 579749.69193178 580075.04473677
 581000.54790521 590791.70243697 585075.08363446 589820.74143972
 585458.20294939 586682.76731843 586986.84743619 580699.93049047
 579943.3833419  590299.98552691 584041.91504215 590886.19193405
 590856.14519349 580399.12686053 583868.94197877 582787.99857584
 583545.10073268 587679.30637836 589304.33163194 590051.93571479
 586996.05034707 588147.83852723 589043.68765469 585563.3835223
 586180.48856051 582949.73953773 587085.56279399 582642.96246848
 585069.15715919 580981.28629042 584593.94121752 587075.99143359
 588772.69182247 583180.39725623 586561.75638978 584572.3475582
 584703.64352913 582612.46994135 589791.00977692 588839.58676079
 585230.87613367 586679.91538499 584868.36747589 585159.89887673
 589380.89415599 588690.23609514 582805.01375287 588952.19265492
 587125.61178398 581542.42293123 587450.74569108 587380.1423912
 585089.91833507]","[5834422.5887573  5835012.43873111 5846714.44911126 5834625.5883682
 5841320.98052394 5836044.03475771 5834700.27501716 5835190.16741644
 5847256.95783821 5839873.88389602 5847828.4416332  5834550.45834923
 5843226.79349391 5840440.30132961 5836172.51278562 5836953.5159064
 5839174.20827056 5843880.2399161  5845358.24708823 5845583.59073484
 5834907.47971513 5837376.63019652 5838600.39442065 5838452.96331134
 5834472.95966041 5844742.85582315 5843945.29525455 5842499.16227974
 5841577.6891051  5837731.41086627 5834782.31039947 5840725.4116424
 5843265.56145522 5847591.35935006 5846489.52523824 5839965.00626776
 5839611.98504452 5846049.94656967 5839627.24675691 5846026.23231664
 5834964.4036933  5842449.03461714 5836612.33652399 5836090.15624702
 5838978.29351172 5835991.50861802 5836186.70789297 5840856.43594515
 5847190.87259516 5841591.33097085 5845215.66823677 5844670.90822596
 5834965.62964673 5839745.27489809 5840943.87618598 5841779.41002314
 5841712.88404684 5844091.24779325 5837449.83353089 5842861.27342607
 5843252.00439594 5845305.2931175  5837926.68503227 5844076.78136085
 5842139.09868089 5837086.04310523 5843052.66423952 5846788.14063264
 5840171.61362861]",6176.63285437187,6773.492696025796,6606.072722720689,6702.730020455932,5783.984108544058,5919.0235989659595,6175.263234946751,6171.873527191606,6181.155828161438,269.83581830270003,6545.896511951922,-79.80074282787952,316249.1847046044,-89.11989538664078,6314.576354273098,5409.0235019492675,6,wrd-HOM,Wind resource data
"[579019.53828559 586788.26787477 579328.94623983 586463.61451588
 581141.72509132 580097.7566434  586216.3170802  585692.97076954
 583840.11956973 580944.19552089 590851.53806656 579931.9858292
 590821.61215584 581846.56608467 582370.21937417 581841.06738016
 587575.07774146 590053.23933971 579694.40678514 588541.00198305
 584627.84445354 580458.69169025 589757.45685398 585221.7998532
 584655.2201302  584033.85694606 590878.64729713 583511.81160125
 587084.09844456 587611.88705138 590555.35644945 581443.8149631
 580814.09196512 582764.03217746 585484.70339574 584033.76305645
 582935.04712216 586574.69734161 589402.90750704 586110.82339967
 588892.99367513 588763.77564344 584877.81053973 580976.06274248
 583339.06034429 586696.33387089 585820.67633547 581975.04163186
 585081.90422998 585913.23993234 584933.32153729 589296.1998719
 582589.53493294 587746.56150368 587102.51370097 590912.67553175
 586782.75501494 587067.69452534 584495.80013711 589199.89068776
 586603.24919997 587597.95828333 583909.56140241 587546.94922561
 589228.26362638 582697.87480328 589363.3638549  587782.96299121
 589954.69738429]","[5834408.20792771 5835012.39090016 5835162.81703221 5847256.84830836
 5839510.23282972 5837005.21775248 5834967.33875263 5846203.14353605
 5834780.11632343 5834552.2497573  5841418.26375984 5834471.99749259
 5840440.54702706 5840943.85480971 5841659.44629995 5834622.56468013
 5836044.18375603 5845174.9444396  5836040.06704296 5847828.37720664
 5844746.54093318 5837874.15003986 5839783.1691953  5845559.0802307
 5834844.54790906 5843934.53004575 5842266.73117557 5843220.70564769
 5838773.50001774 5847572.7525571  5844294.61207609 5840238.2737203
 5838726.16111167 5834695.33268898 5834909.94189934 5837120.35712719
 5842431.73659378 5841542.37099381 5846315.52023887 5846774.92637752
 5847208.65118608 5839495.81458366 5842810.22412996 5836010.2136507
 5840059.54186202 5837350.03142229 5844604.69199161 5838027.55859162
 5840175.75954374 5838103.80887828 5838854.2976313  5843947.30074553
 5836153.39807662 5846354.60999033 5836749.02774023 5843354.00675384
 5843506.75697244 5840233.10481916 5836027.4334074  5845546.6551977
 5835910.47843485 5842229.73313921 5841259.09961151 5844935.74326506
 5840547.28332659 5837300.74919129 5841951.33660107 5843150.07647466
 5843154.60327647]",6176.589019210625,6774.051827220277,6606.354312730816,6710.877882351155,5783.804946159095,5920.852984153378,6175.243472394889,6170.524906908266,6165.282273234018,270.214410312814,6545.59787513562,-79.82164132644377,316335.6757697849,-89.11822898054044,6322.203170837315,5408.963196863449,7,wrd-HOM,Wind resource data
"[586787.98893623 579111.10188878 579348.31250542 587575.14378283
 581055.2594739  579963.47634011 588541.12437053 584596.72024798
 585687.04942472 581234.36410062 582750.00728719 584237.18663598
 580619.9619159  586465.39713089 587151.48197493 589137.60292565
 583298.85209585 590821.82468885 580946.31788093 581497.26040622
 589417.75766581 585179.98258474 590072.5295468  582830.98269268
 590592.26418469 585717.55103364 586652.36885533 581901.81003079
 583689.72613099 582368.89906711 584704.96594735 589851.65268315
 579950.8705965  583770.0807264  586122.66352566 588916.97160557
 586828.55502425 590869.5819747  579668.91603501 582131.03534558
 585921.17932525 590894.54991717 581944.34794565 590231.03570445
 582463.27192676 590917.10092204 580509.60840465 585758.6677173
 587678.28279468 584503.70516414 585618.2009262  584118.59280387
 588595.76099179 584357.00730739 585747.7663265  580272.3152625
 588133.05049416 585486.83700975 588445.69612079 590848.26590772
 586041.8868798  587754.64811574 586424.45958602 587725.49902067
 587653.11851887 582543.2493566  589268.88487949 585700.3662203
 583658.15754911]","[5835012.43200039 5834457.95451534 5835209.23319951 5836044.16890912
 5834560.60035714 5836685.66534479 5847828.12841599 5834839.92751119
 5846195.2285987  5839734.93309535 5834694.08060756 5844212.74162288
 5838260.74212983 5847257.38067938 5838660.16449436 5839401.01505503
 5842929.67091636 5840441.49664831 5839043.52973152 5840365.93143434
 5846289.80151432 5845501.60379212 5839977.90221087 5842289.29177861
 5844229.8711671  5834928.10825722 5837231.20855113 5841019.18540061
 5834768.17527591 5841657.76463895 5844852.30156454 5845528.57589333
 5834473.51107589 5843573.8914445  5846791.11691597 5847167.7099783
 5835803.67337219 5841983.61910651 5835978.7449812  5836781.18876816
 5835939.49811592 5842777.79694314 5834631.03330502 5844862.41551596
 5838606.89398404 5843493.46823409 5835343.71373378 5840025.00446048
 5847591.02842495 5837171.06011333 5843163.67380671 5841175.61181189
 5841402.73316282 5836047.20308723 5842033.6000238  5837426.79955828
 5840341.75647628 5839076.73624755 5844535.55123263 5841297.11027361
 5837983.05166331 5843125.58790524 5844966.11695309 5846408.91100881
 5845342.1777665  5835862.57564488 5843183.55471848 5841052.2247834
 5837918.34186406]",6182.089010812428,6775.290521723868,6608.69889914079,6723.110341011028,5796.584192103672,5928.49015106583,6180.726733543761,6180.466970570935,6162.9260963140905,271.1295813125956,6547.617340900637,-79.74837760956837,316699.0093778709,-89.01347749031501,6325.980825935781,5414.232150662267,8,wrd-HOM,Wind resource data
"[579091.71382776 586788.18143946 586463.16937598 581762.87996431
 587574.62383808 584861.10566973 580383.7224618  590821.93676721
 579362.71681064 585924.45027963 585369.24575107 587762.9733743
 580721.20100272 580040.76720421 583308.66336609 582286.06308435
 581646.13184521 589098.95564982 586787.16055573 579838.56642239
 581384.25070047 581061.33507135 584470.08726088 588540.575803
 585721.80486145 590853.40838139 590879.39248486 590904.56187028
 590521.44337539 582809.85544492 586993.9011336  579687.35454987
 580757.83591775 583822.75975348 590078.27849657 589685.04178115
 582444.06665691 582546.82126582 587455.62731792 584304.16552255
 587152.04831083 590112.90760574 590830.93833593 583124.412286
 583302.17274172 587423.54888252 589090.36337343 581586.21910285
 586186.41505272 587373.24321795 587624.50131391 585711.10361121
 584513.30236946 581188.49438228 586558.01211365 583450.82912965
 586192.58439371 588150.27089938 588012.16432348 585715.53436467
 584007.72842486 589611.36698085 584050.42144588 585939.83640662
 584439.02550052 588542.11257062 584645.65278657 589292.64108912
 588597.27048639]","[5834451.69521382 5835012.3818349  5847256.46292898 5840828.64779349
 5836043.85835601 5845065.69510124 5837694.26773221 5840442.37351918
 5835244.1428683  5846519.81511454 5845760.49135216 5847614.27398651
 5838503.53416746 5836870.80383003 5834738.23586429 5841544.16686447
 5834607.38803609 5839400.60506741 5835731.67118657 5834464.65424427
 5840094.22465173 5839309.87680129 5834829.78793396 5847828.32720889
 5834928.50447822 5841449.77051929 5842288.87638085 5843087.71879443
 5844353.40574069 5842260.43187967 5836912.20375792 5836023.2805288
 5834537.20190588 5843646.16047831 5839982.17137595 5845818.86145684
 5834669.93292495 5838781.2440416  5846893.46439947 5844304.23525936
 5838660.21903403 5845070.26241592 5843811.40862338 5836398.85229999
 5842934.29440208 5841887.76862773 5846864.79973805 5836970.98201404
 5837880.40834279 5840278.09227971 5843468.97308329 5835582.45390189
 5835806.18379869 5835605.85977616 5845246.1855668  5840291.82654507
 5839641.23729728 5846354.70807282 5844820.82914823 5843799.39016306
 5837956.81135381 5841756.30913411 5841499.95782669 5841791.6718842
 5836988.5421519  5841132.34620609 5839409.87407137 5843482.33156861
 5845796.23849072]",6178.390798784211,6773.019692025035,6607.106414016421,6710.089398941708,5787.953025385263,5923.134237775548,6177.041795258437,6162.094314337724,6164.305307258646,270.2290129638964,6547.195768092483,-79.79723361496757,316441.21057997533,-89.0872462939262,6319.727437308326,5410.746234534577,9,wrd-HOM,Wind resource data
"[579080.5429945  588540.56254512 586788.19313493 585195.91528599
 584376.46138651 580883.89572711 581512.11665599 582050.51251998
 583583.90178949 579804.64104539 590920.33232791 580220.1020596
 579860.89011029 580791.74417983 581201.29229967 579434.15158743
 585352.81857427 586029.38881567 581934.13195034 590821.90282942
 590823.00964814 584346.00550981 585881.9505017  587612.13525062
 580556.39784427 589561.6133659  586463.137695   582859.73563968
 588853.10374757 583618.43744167 589209.64603692 587575.15969888
 582790.05564929 590609.74212028 590240.86028588 590850.30111703
 589851.49566899 580960.60484972 586830.0818378  590875.5731502
 581656.71966883 584849.5258436  587151.76756931 585819.0544806
 586669.99341744 584577.96552374 583146.35462723 589724.99521791
 588749.52545717 587474.0143441  583128.96250709 582503.54064417
 587453.88159194 587384.67805465 585424.30879926 584538.29033776
 589556.77519825 584744.14674137 584678.07521224 587276.26563847
 587312.41059856 588917.45312389 586480.70924973 582212.58151011
 582471.09018371 589147.40164889 584634.21597324 587654.9162045
 586158.72791705]","[5834437.50076785 5847828.35139114 5835012.4160534  5834887.03731458
 5834823.07772473 5838894.31319463 5840401.82796231 5841222.58061378
 5843318.98048624 5834462.01041979 5843598.13756489 5837301.54550445
 5836437.91868321 5834539.74361927 5839655.26916978 5835414.93032531
 5845737.67919276 5834953.008099   5834629.98827546 5840441.28718087
 5842931.94849717 5844360.94318085 5846461.84222759 5847572.83986633
 5838108.63917564 5846037.64822118 5847256.446376   5842329.01529909
 5839470.31340813 5834762.7424029  5846655.31609653 5836043.92265958
 5834697.40913001 5844198.8874897  5844845.56720338 5841352.39418153
 5839841.37613625 5835376.7565739  5837155.8056261  5842175.71144704
 5836529.68223144 5845049.4096684  5838660.79933906 5840399.48977402
 5836270.82885723 5843387.08890851 5841169.87605129 5845445.64750994
 5847230.0695953  5846684.31069032 5839790.3252127  5838440.99806255
 5843928.8732449  5841700.04029164 5839315.13672844 5836747.62089421
 5840791.67803943 5837947.6931823  5842428.14755581 5842923.07500792
 5840467.87455036 5842415.3432109  5845222.17167628 5837461.33650211
 5835777.75332717 5843495.2575129  5841379.81466135 5845026.59734084
 5837963.46275552]",6176.469460280968,6777.18957383383,6610.195722680051,6708.459170062314,5783.41540065071,5920.76654799691,6175.117484238083,6173.338155797064,6177.423055610523,269.9736519454154,6548.018704554073,-79.8286600221062,316208.3057042109,-89.16023937429593,6313.415623558052,5408.506911777991,10,wrd-HOM,Wind resource data
"[585191.42366792 583271.23895335 584680.66496901 589091.29574428
 587575.43815702 581426.27760081 586463.304401   579114.25535638
 588540.49331349 586788.01118187 579895.77127331 579425.41394684
 581981.01218496 581016.33001383 580367.77506168 586080.25162539
 580800.02708205 586589.15318101 589644.77839239 582741.18971676
 585776.98841851 590852.44521796 583865.57428618 581801.58346138
 580064.08521186 590821.20873449 579762.9364006  587593.83799753
 589686.75296034 588276.57529637 582947.21315292 582292.43575841
 586932.41385235 590899.24401781 581175.8152853  590054.86242277
 584618.83121011 590846.15356852 583814.21231737 585636.25645514
 589941.86083203 586263.88027344 586959.15354261 587957.19541424
 588019.11070835 590776.58900434 586561.81315811 581479.99486944
 590503.99676511 586680.86662644 587284.81052516 584900.15335277
 588430.20469912 583899.46440812 585081.43488484 584842.75996101
 588724.37610533 587932.36305262 585183.59389144 584888.47576271
 583609.76013979 585785.88941809 582988.0411086  587593.59555253
 583236.46735533 585593.69994108 581277.88233531 584515.54907708
 589530.83506412]","[5845517.1555766  5842891.7738203  5844819.02264105 5846862.5273152
 5836044.14906396 5840195.11276013 5847256.62785813 5834475.41621331
 5847828.31257002 5835012.43463175 5834469.13181378 5835394.13749189
 5834633.93254571 5834557.47018728 5837655.63400023 5846733.04174897
 5838693.00256219 5835839.19327736 5845891.59806722 5842167.0891719
 5834932.72346899 5841427.94978466 5843704.30622586 5840881.52429939
 5836926.90979249 5840440.17345458 5836204.66150804 5847567.81616223
 5839739.15464178 5847113.17546905 5834710.07989162 5841552.94896128
 5838587.75532964 5842929.89731978 5839444.79341171 5845171.56034457
 5834841.58113974 5843783.25304611 5834778.22725186 5846125.43502466
 5840487.96518899 5836650.96181765 5839533.89148895 5845168.70549174
 5846124.02098603 5842316.33034709 5844496.13384346 5838141.88281427
 5844384.31619306 5837379.46734108 5840491.01920728 5843325.28344207
 5843791.72834933 5840907.3125698  5842393.81234293 5838568.38246478
 5839507.23386036 5842726.7170162  5839869.51121838 5844209.33067373
 5837371.62834849 5841219.18458723 5836361.28545034 5841680.15297796
 5839180.50420554 5837458.80599802 5835686.91213244 5835978.78240174
 5841301.42691519]",6178.176556152912,6778.2191870474535,6610.630008156112,6708.408495246339,5783.580537611626,5921.336405034155,6176.8088556583,6173.409921579508,6175.91080383868,270.13515498987124,6538.473176174483,-79.70312740577586,316384.7475357632,-88.99497826915444,6313.762282745627,5416.237590405891,1,obj-LCOE,Objective function choice
"[579110.07792423 579779.68780954 588541.04097221 586788.24107142
 581018.24657162 586464.06470494 584797.04921647 579452.23453777
 585254.28809021 580092.51907989 579847.87781568 589339.21874855
 580409.50543354 584670.55473818 589206.38045127 587471.24099182
 581316.23495146 587691.2955448  581608.78334144 585409.48564598
 590828.46845298 583193.00510596 588525.96958953 581363.78845073
 582798.40858072 584227.22899636 583280.48286093 590921.84702278
 580732.88036938 590874.41762419 586132.70430346 590755.14844202
 590180.51208331 583739.37741208 585702.0834944  587152.38074148
 587187.05343936 583942.04782713 590898.10477003 590468.68322422
 580752.56484022 582390.88336636 586112.40231186 581658.84899092
 582331.38913954 586018.7441607  586507.06724994 589713.73857251
 590089.895183   587304.237299   588946.31912332 587953.11286658
 584243.64700906 589484.4179137  582749.95705519 586487.72113182
 583232.12239955 588067.49245565 584664.38846219 588129.75276721
 587092.72494044 585998.62687795 585468.28204779 588536.36970845
 585884.63318522 586391.62130891 583783.82162713 586500.53731315
 584352.14438762]","[5834449.1644532  5836244.74904626 5847828.36618678 5835012.39083826
 5839215.9322233  5847256.95185069 5844976.82357727 5835458.33025222
 5845603.45734395 5836995.24215195 5834465.41597486 5846427.3658536
 5837755.75676232 5834845.85488921 5839444.14826123 5835959.87801521
 5839930.97207458 5847594.56258031 5834604.45366288 5834903.90510847
 5840657.21308116 5834729.27871748 5847199.3729086  5835908.21327391
 5842242.26707078 5844199.05326756 5842904.10649758 5843649.01485162
 5838530.98475046 5842137.15095346 5834961.06172874 5841471.45491115
 5840044.92192496 5843531.81314801 5846215.46329758 5838660.44714525
 5836623.16227244 5834788.38250674 5842919.56621222 5844445.47946649
 5834708.44896371 5834666.41737682 5846776.7014683  5840686.22843523
 5841605.72601506 5838497.97280085 5837636.89434964 5845770.36446195
 5845110.36754825 5845495.75505316 5842510.41983866 5844515.81408425
 5839727.59480618 5843531.81411842 5839121.49400837 5840717.90139962
 5836777.68028257 5840135.54597485 5841836.36750229 5846385.34752009
 5843082.2115444  5843672.31920796 5836238.08723972 5841451.50161199
 5836988.05005555 5839770.66723209 5837879.29239855 5841747.75767117
 5840862.55068958]",6181.437362924471,6773.357584088565,6605.623211398296,6719.76910054703,5795.430378309383,5929.670049352686,6180.084212921388,6171.962395141809,6181.231837830048,271.1506355996483,6542.795211404165,-79.65935574771333,316680.9924460835,-88.90979861914622,6319.60498166948,5417.568403590833,2,obj-LCOE,Objective function choice
"[586788.29845129 588541.013482   579338.2168032  579024.88351353
 581071.8093698  580690.14366982 580079.07866208 582327.99323407
 589213.08884418 583322.73233803 585952.39192856 584089.72264072
 585860.88012571 579692.62319259 581416.34554271 581605.89575259
 590822.56392702 584349.86182934 580400.86100194 583877.15805811
 587516.01781316 582864.69244183 588824.49758911 580757.10483669
 582457.00711459 584832.8619876  586463.83985854 579795.93858259
 590154.16960523 587509.2698661  590875.09706337 581816.01652597
 589464.54508474 590322.88141622 589951.8034041  587024.29653604
 585441.46123848 590915.16602798 587105.47818383 587976.52200459
 590849.04944846 584154.09063919 589740.11810373 587272.82534704
 583947.52896637 589251.64906004 585143.55133225 586174.08689459
 583258.07134425 590026.40773285 586697.52241348 585780.90928914
 585296.24680684 580801.10980999 587873.92366911 585986.87999081
 586257.8768947  582500.18500118 588412.04254085 585411.67506255
 587472.78083855 587707.58164103 587932.02523323 582419.07848014
 583759.94017609 588940.41878569 588267.39994218 583699.41132672
 586295.79080534]","[5835012.3880573  5847828.50596012 5835185.29187884 5834408.26310839
 5839344.76857945 5834531.70789039 5836963.48724794 5841600.63830167
 5839446.57914481 5842961.91937472 5846558.12498658 5834799.96493616
 5834939.41851443 5836036.15854517 5840171.2360677  5834603.87592267
 5840471.02322871 5844366.82528704 5837735.62795588 5843719.33878027
 5847546.50699246 5842335.9777325  5847331.29510546 5838589.70285263
 5834671.13862068 5845027.40414699 5847257.02957708 5834461.363682
 5840027.87116579 5835991.06786567 5842148.15271802 5840901.89484943
 5846208.10917786 5844702.68970738 5845353.63971409 5836644.05040932
 5845859.62076194 5843426.61440036 5838742.16502176 5845839.14041806
 5841310.24237413 5835478.06111274 5843017.02268264 5840167.27038328
 5841291.83388171 5842091.917951   5837702.7293224  5838362.47919892
 5839048.39642976 5843977.87517611 5837354.60540875 5839837.3080665
 5836145.86776111 5836086.39583709 5843698.67374217 5843235.13299228
 5835668.33154683 5835900.37829951 5839610.58515176 5841321.28563714
 5841350.8019168  5842478.00543496 5844973.20846841 5837916.7019272
 5840173.83774342 5840836.58337774 5846701.61563157 5837050.63220803
 5844882.58794076]",6181.138273629947,6777.50515477738,6611.60941341921,6712.791286041631,5787.247320323379,5926.062370687412,6179.7853301488885,6177.176393348918,6191.881250500332,270.5951098235076,6541.162759220962,-79.67776830382527,316625.88039358257,-88.94152494572353,6323.58354387703,5417.1085236383,3,obj-LCOE,Objective function choice
"[588540.98901044 579100.81407042 579278.44373645 586788.26520712
 584591.48386989 584270.9034289  579615.92645329 588934.04752988
 585004.43953272 580825.17895087 590840.50748909 583205.78805783
 582729.60994825 581440.72034699 582213.42714768 585122.15793994
 585671.79700587 583803.56859714 586287.81450112 589643.19757978
 587250.57096314 581645.1350445  590821.34468518 586426.58138827
 580958.11128331 580446.23146866 581120.40798914 585068.42398094
 589123.202024   583461.92891376 590027.64423332 590890.06066195
 590128.92385001 587261.30315059 585142.20917293 587199.63014907
 590784.62479371 587302.45813079 579967.4509807  590617.8317437
 580841.0202925  587102.87698393 586061.25766315 590912.02093305
 587156.71052389 589102.18422013 587484.98523495 587840.46529718
 587350.09969266 588455.88402873 584394.70711887 581846.80658543
 587787.89442843 582494.78452029 588905.26317303 589526.97523363
 585924.19636084 584213.78715736 582443.86871265 582673.64875652
 588093.53012936 586825.02112075 580066.82857731 584845.55003518
 585511.65148164 583554.68582416 584929.61216895 583426.31892304
 588895.14941702]","[5847828.29453654 5834423.4924688  5835041.67106681 5835012.44428602
 5844696.35786484 5834814.72310645 5835849.59308061 5847138.16861234
 5843913.94414138 5834542.49849402 5841060.60424213 5842801.84217679
 5842150.65381652 5840229.27608797 5841444.97651264 5845422.80548262
 5846174.25701326 5843619.54951597 5847016.71075378 5845894.22039139
 5847473.38264499 5834607.3528174  5840440.10195099 5837758.21685801
 5837197.96984895 5837843.93680661 5839461.34883933 5842955.61020508
 5839393.76866074 5834750.43514195 5839953.26609888 5842652.22726463
 5845042.9482555  5845844.32764148 5834883.04874844 5836468.69218572
 5841886.6569885  5835823.45400746 5836694.52305729 5844185.11386269
 5838790.53189192 5838694.84006793 5834955.17225453 5843350.72370452
 5839948.25122333 5846490.72732716 5842106.34490245 5846927.58188537
 5841121.62851165 5845348.26712882 5839570.74864195 5836047.6954426
 5843505.50336473 5834674.66825367 5840653.45082196 5844020.48035009
 5839555.84534533 5836438.04463466 5837830.91675408 5839401.2583561
 5844374.83557539 5837113.26051044 5834608.75715794 5841846.63748852
 5840651.44575698 5841037.76987627 5837492.85308718 5838535.61581024
 5842804.98147656]",6176.258542538054,6775.242801246169,6608.630248607763,6706.8767259127935,5779.166366850175,5919.2288600942165,6174.887565846106,6165.458518223081,6163.371856694895,269.9595447759524,6541.044443826409,-79.72917558611432,316243.15442407865,-89.03627230054123,6311.193432692058,5414.555720461314,4,obj-LCOE,Objective function choice
"[579096.79390036 581287.50711522 585972.2188101  583586.88668382
 586788.09792649 587256.15017748 583101.62142484 581582.69914576
 579761.10631982 589095.81970815 579985.57772841 590871.17997206
 583732.66510547 582552.34987499 589561.51037473 580991.72531426
 580956.57882555 588540.72525523 582070.36529423 585535.53784184
 585033.44343455 587574.86889295 586462.8412932  580234.48743669
 584495.57843302 581338.14619642 580989.59639708 579425.05175909
 590808.95533188 584027.01196964 583223.82311242 590277.44054651
 582323.25526329 590821.57464971 583420.91540174 580660.62238697
 589236.2558734  590891.79773208 582774.96590138 590729.40835869
 587152.04867924 587217.01234479 588848.84830009 586345.46090697
 588340.44543496 587045.20692292 589367.96457181 588280.58540787
 588125.43125976 583787.03220937 588700.09444636 584434.19475785
 584511.31889212 585089.4196777  587963.77864659 584776.28610835
 585754.6610576  585904.94852878 585326.29600866 588100.25173948
 586538.85618264 586460.9557079  586461.50453114 590174.93957924
 586396.09274567 581187.18421688 590178.4871714  588421.9159821
 582941.3069755 ]","[5834458.62077499 5839861.48533649 5846585.18580275 5843323.35304373
 5835012.44254081 5847474.77690178 5842659.40055179 5840571.09088919
 5836199.99481969 5846854.8072032  5834476.23049275 5842018.63384585
 5834771.60748585 5841908.5902734  5846036.02802812 5839152.25280125
 5835553.34150853 5847828.33329207 5841249.68138295 5845987.73570239
 5845301.46743345 5836044.57776827 5847255.88437906 5837335.85777763
 5844565.95969738 5837292.3583033  5834555.30481656 5835393.44784816
 5843849.84504351 5843924.88489085 5835553.65463015 5844781.76678427
 5834660.59654226 5840441.41530855 5839287.08389775 5838357.308505
 5844863.44867203 5842678.60220563 5836867.77779389 5841337.9246051
 5838661.35082109 5840090.57696832 5844043.91361537 5844473.12134347
 5842495.41371688 5836835.42703168 5839542.81895494 5847322.31617199
 5845234.94064261 5840229.81737753 5843337.77680973 5841997.8138055
 5835421.38979381 5836356.56155254 5846135.64022946 5837517.03392492
 5834930.98096767 5839287.95887902 5840680.55758961 5841140.39657247
 5835864.87061247 5843030.36665053 5841711.93231877 5842993.61411055
 5837802.50191225 5836317.73655198 5840043.02233521 5839595.71214822
 5838543.71042528]",6174.312819380703,6774.927653522134,6607.122408489394,6699.367479428089,5777.222491388172,5916.961775577693,6172.943807946318,6165.440857017925,6164.055688370115,269.5619649873156,6530.201425891507,-79.76854066734147,316211.90427217673,-89.06097034046562,6310.095777795584,5410.844513286766,5,obj-LCOE,Objective function choice
"[579103.75456878 586788.35176464 587574.17267429 580824.75841922
 584579.67900343 581789.00732053 586462.87178221 581136.09062276
 587609.53827789 587148.87006673 579293.54373722 580169.52040168
 586125.45309284 579832.269817   584287.4098773  587244.18601599
 588540.94724826 583196.03599824 590719.45796169 585287.98490303
 590840.8150493  590551.77758191 580493.75852789 589305.93190567
 590921.83910162 586894.58487414 585699.1256169  589765.74680467
 580171.29017649 585177.20219256 589645.00407469 585528.10282055
 585863.96278724 583671.89532445 582458.75353913 579567.53201353
 581424.65595325 582854.91595158 590870.47974166 584582.1794305
 587044.53986492 583401.28313493 582233.44306051 586227.90858868
 588916.9489065  590220.570838   586682.54964521 583093.20562415
 581486.21469802 585840.19653891 586108.1507519  586101.53450759
 582706.86275834 590897.26553308 588165.22523689 589018.98437912
 583503.69762289 587529.17594828 584323.34137704 584703.39453511
 589705.43599206 586680.18508322 587899.99201997 588771.17431875
 581364.23370997 588840.4842259  584219.92632501 584740.73029909
 589468.24798166]","[5834445.85964068 5835012.50224474 5836044.19362773 5838752.11218745
 5844680.62760787 5840864.31319239 5847255.95297018 5839497.2921425
 5847572.23653972 5838663.45275257 5835077.97209206 5834490.87373706
 5834961.31964986 5836369.67883978 5834815.20846086 5846928.5208769
 5847827.81230901 5842787.79615447 5840377.04163529 5834895.09601939
 5841046.6617084  5844292.12947167 5837957.93911084 5846484.48768117
 5843651.55108074 5839649.49964458 5844549.09113738 5839788.43843567
 5837184.08482876 5845496.45895299 5845889.32486838 5843728.63721634
 5846436.31893311 5843439.19790841 5834734.48501849 5835733.40415525
 5840191.13127166 5836657.56865638 5841996.2196792  5839689.55236548
 5845791.51291924 5834745.78982946 5841471.4035805  5841548.12193012
 5847168.36810234 5844879.32227339 5837374.68593278 5840028.59626917
 5836629.04269834 5838176.15327887 5842627.133375   5840776.91514021
 5842120.17666342 5842919.14552917 5842230.44849823 5844866.12478599
 5838830.63364475 5844596.30897769 5835728.20270767 5841994.50074163
 5840874.83494971 5836577.50594515 5840750.32894613 5843724.87883873
 5834585.62058341 5839476.48888715 5837457.56946425 5836553.83477049
 5842699.50052536]",6178.184089920849,6778.050431567285,6610.635468620245,6718.367740400926,5783.643018009963,5924.152987481153,6176.85722632926,6167.324865619311,6187.867090768813,270.4289002324687,6540.379481503272,-79.70478563199809,316389.4913792082,-88.99560396398721,6321.91135988085,5416.069997837915,6,obj-LCOE,Objective function choice
"[579075.86813976 588541.04239679 585569.64043112 586788.28887416
 586042.8774232  583074.68067068 579288.15484993 586463.08818971
 586068.62781854 582491.92307411 580593.03656636 584181.67355849
 589125.93954721 588928.46469601 583549.48313455 585026.60536577
 583996.44259137 579599.46877566 581269.68520025 579918.23844314
 580216.99235896 581538.98409881 590883.20437321 580165.0769099
 587268.93050215 589751.59172161 585156.45765796 590824.6443761
 583301.20239314 581493.57658675 587486.02638167 584386.53062112
 590160.60892351 584761.58933792 590727.47852801 582399.54827341
 590856.32070786 581972.36600455 588235.83753526 587982.0193755
 581932.8519375  590880.92205472 587133.53939608 587886.91796741
 587150.23413709 589414.70802368 585659.73853607 587782.29651541
 586450.31821136 586169.04333405 582343.87559379 589585.15363732
 587821.52306133 586175.04019798 585612.73512364 583296.73189662
 585053.47262013 583995.61943908 584300.01914328 587162.13137561
 583529.9747462  581060.45050779 588907.35360327 585165.09778727
 587439.33050562 588948.04611744 589853.25814287 589377.29793319
 585949.39602494]","[5834449.00543072 5847828.22302008 5846034.86132028 5835012.45098796
 5846682.01503979 5842623.21501607 5835065.50100084 5847256.47772926
 5834955.70467713 5841825.97859492 5838195.94210419 5834806.87528654
 5839393.54304321 5847148.2510159  5843272.25118106 5834873.5303206
 5843883.24657335 5835811.01520505 5834577.64780009 5836576.14201007
 5837294.05695674 5838656.73628331 5843718.90793502 5834490.45820981
 5847477.86115199 5845704.35903758 5845469.51547479 5840544.32377416
 5834737.48456268 5840357.08036772 5835971.45153694 5844416.9378934
 5840032.76723445 5844929.94381793 5843062.76165738 5834667.37060401
 5841552.86587005 5835995.69792885 5840045.90776555 5847674.08886573
 5841059.17456295 5842377.31508223 5836702.30371168 5845534.55478362
 5838659.99080945 5846295.40424372 5837142.42336436 5844444.35534402
 5839989.24143285 5839115.20427166 5837675.43707109 5844054.64505323
 5846519.28206285 5837961.43791397 5841176.58983568 5840853.27544935
 5842435.59737993 5836789.22514824 5839819.33300253 5841502.75555613
 5838182.38500194 5839316.14650029 5842746.24167321 5835997.07443949
 5842697.43812855 5840877.62368506 5844964.79394817 5841641.78436108
 5843728.00564762]",6177.429126942193,6771.634030010032,6602.477254338548,6714.740578094841,5785.127745390493,5922.823625080479,6176.068547914078,6177.779830670935,6191.680929169136,270.4902676202917,6534.0915749018295,-79.7161760907321,316456.3752095316,-88.97863562222318,6321.0602162773175,5413.991488799387,7,obj-LCOE,Objective function choice
"[586788.24367548 585785.03768365 579069.18616097 581226.67372829
 588541.06450432 580212.63529057 579364.5493368  590821.69428909
 585222.79233302 590621.40305291 584394.57313484 583472.37743413
 589816.1343386  587828.38439357 579920.38050144 585270.12128285
 581459.06255121 580550.36894857 581153.59685458 588986.45274138
 582533.30275412 587574.64892566 586822.68878234 590916.38843096
 584670.70714311 590215.19104597 586134.61786052 579926.00342569
 583459.48147283 586246.99971687 579645.24075325 588909.81876424
 590893.16097907 580864.84983285 584159.83305068 583900.59422383
 586873.14137652 581800.45246476 589939.91453992 586821.33127893
 581956.53465925 582368.57715048 589446.5006578  586396.71297224
 589624.99246029 583449.23721335 588422.34788643 586273.7989665
 582409.67677632 586119.61085225 586144.39819338 590859.20586962
 584160.9979618  585209.05353409 586433.84950488 586233.39032085
 586549.08880678 588541.6526481  588502.9345879  583019.59812703
 586685.67783524 582695.37021498 585885.18094732 589139.38841164
 588355.9273461  587019.482978   584178.52685476 584243.1222474
 586703.20424272]","[5835012.4290751  5846328.81611448 5834430.81399839 5834574.2506635
 5847828.51999748 5837282.92209565 5835247.50163145 5840443.56366116
 5845559.94610128 5844178.72109366 5834823.84298529 5834751.20833968
 5845586.8845521  5847632.09054196 5834471.08673532 5834893.05091132
 5840274.3150737  5838092.30020005 5839540.03952593 5839432.72094234
 5841882.03261084 5836043.96725598 5847355.72408288 5843478.04478635
 5844805.05395368 5844890.69383852 5834960.96163671 5836595.6388331
 5843148.36446448 5846960.60405696 5835921.01474856 5847181.22820166
 5842774.79116764 5838847.63524741 5844106.76825814 5842509.07216544
 5839359.61242259 5835410.3750947  5839895.68355545 5838656.74330951
 5841093.82255378 5834664.2677177  5846239.25804896 5837801.53898368
 5840804.04113301 5841123.59665956 5846531.49388515 5844025.18649344
 5836555.52622907 5843194.29922892 5842024.53506365 5841662.59350926
 5840201.45210549 5839240.48472428 5840311.98441345 5841175.02250125
 5844889.85412069 5845182.1818572  5843610.56176973 5838878.96126927
 5845853.19924532 5837555.58227339 5836943.56544716 5841614.72660153
 5842463.22713155 5836874.01798604 5836209.10330874 5838051.53225603
 5835803.65276681]",6179.277829600388,6775.29045144693,6608.1974491401825,6710.635339472906,5787.3916929509805,5924.836046518942,6177.919290831882,6168.178511167131,6173.415223723331,270.4240188958386,6542.758376900771,-79.71933829326302,316408.8044486775,-89.0221767355651,6319.929602262296,5414.939030036642,8,obj-LCOE,Objective function choice
"[585212.68675569 586788.21723976 579082.70806827 588540.90128434
 584741.43975407 579893.78220024 584649.81917474 579312.44682095
 585769.86313526 582131.44043354 587020.68372176 581306.99720988
 587510.01893114 580751.07952596 589343.13919997 581694.39452953
 580863.65741299 586288.94068454 580361.24910627 583742.50715487
 589745.65532926 584251.03054918 583159.64018985 580012.7319121
 585433.17409177 590893.69160904 583793.94289352 582669.57823232
 590915.59996871 587163.07652323 589317.36317972 590624.72477651
 590825.29336122 590253.37047693 579637.57194332 582662.76613909
 588028.26442375 582839.87610691 590853.72479099 590262.69527285
 588946.91797432 586128.55025768 586200.41911426 588246.48449054
 585794.98687019 588407.30698966 582875.98004111 586159.02596079
 587113.19685906 583997.00035263 581392.57759841 586885.85745143
 586643.22898983 585572.55271895 587151.13862672 586016.78396062
 588692.18768246 585155.53947044 583954.95624595 584186.90178121
 588579.96097513 585682.29569761 585915.51362779 581038.8852804
 590067.25315218 588152.37062645 581790.06135368 584762.1206988
 588897.34624238]","[5845546.65649919 5835012.29933671 5834444.78773157 5847828.33836276
 5844902.1298921  5834468.94304834 5834845.56889531 5835122.84571273
 5846308.68722808 5841333.01399356 5847410.11264674 5839909.11081283
 5835990.95902359 5838573.62510832 5846420.29489796 5834611.13107576
 5834545.53833267 5847018.48922067 5837640.19726853 5843535.53196313
 5845715.31382988 5844230.74891588 5842738.90052758 5836804.02764613
 5834905.91559696 5842753.83337474 5834776.31788436 5842068.94417252
 5843440.50471385 5836658.91612302 5839574.7097336  5844172.56574441
 5840549.81709423 5840089.53177596 5835903.58591845 5834687.68411057
 5847207.4486552  5837876.60941609 5841485.64758735 5844808.27388314
 5847116.52394424 5834960.62004962 5844016.91986622 5839900.71001276
 5842152.96660782 5843118.55985779 5835851.55663008 5837965.27880061
 5839984.91021374 5836672.22992101 5836578.79704311 5846104.80821217
 5845070.82807782 5840019.06309153 5838660.1005035  5836840.62900715
 5845490.7065051  5838869.45021615 5841604.37211098 5839859.05893834
 5844194.26651138 5841143.15031293 5843105.07604929 5839264.84862595
 5842094.73720441 5842383.26987393 5840627.55069945 5837407.66206671
 5840830.23267292]",6178.324232069361,6773.1191852795555,6605.728774587993,6720.388769662527,5788.327817367268,5925.203354879575,6176.98635849808,6161.449637163074,6157.4315722962465,270.69305587942694,6539.598657592158,-79.71195249025439,316481.82691674074,-88.97965703966521,6325.100834974076,5414.356427335132,9,obj-LCOE,Objective function choice
"[579031.65258475 588540.99147553 579681.52161675 583833.78214983
 590660.66444002 586788.21928043 581105.28495743 581764.75830894
 587870.70788678 579822.8498154  590820.31142319 582725.69683359
 585487.60065762 589050.55959995 580222.4566081  586283.25530608
 582260.27922179 583247.94887498 580524.97206948 589857.8409781
 583456.35733283 586926.79575134 590911.66324976 579350.83042301
 581070.15472874 582222.14155731 581398.38653361 584812.63374154
 590275.51182633 589126.11745961 590872.51778455 586879.69924736
 590841.57372892 587171.94643297 584321.1788048  590721.33536964
 584403.05271273 579948.00485221 586832.20001611 587405.43998553
 586094.34467512 585332.71879766 586484.13186971 586162.05076071
 589376.97790822 589912.58257959 582094.04017031 580847.44305142
 588578.7759562  584397.47260589 586623.72310465 589061.67306577
 585686.08267877 583254.45580977 582415.80862486 584900.04309456
 583176.71536566 587093.09222203 586436.31751393 587754.09077814
 585973.52136157 587185.75515914 587179.33176864 585746.20325448
 588306.70929187 589032.19252273 584263.90179308 580470.81689075
 585221.54888661]","[5834410.43791867 5847828.49990565 5836008.85528577 5843660.62987099
 5844108.69280013 5835012.35985227 5839423.25197467 5840831.98843771
 5847644.04354448 5834463.54323604 5840439.79813643 5842145.80990423
 5845922.47861925 5846934.71593045 5837307.47829235 5847010.3227468
 5841508.68696475 5842859.17244351 5838033.03260653 5845517.03896334
 5834750.31316307 5847384.38424273 5843328.42116096 5835215.53297013
 5834561.73801089 5834652.72855811 5840127.46419496 5844998.70052791
 5844785.06032241 5839392.92972121 5842702.75012182 5839367.18005285
 5841125.5912736  5846574.23592899 5844326.82512562 5841994.11785419
 5834824.47750731 5836648.01867543 5838551.55633428 5835907.41789371
 5834957.61461627 5834897.97426039 5837668.71347868 5843739.82412411
 5846202.37491693 5839881.13847464 5837143.69912715 5838806.63565142
 5844653.15391715 5841516.02656722 5845354.81452063 5843572.10957886
 5842080.97949195 5839679.57219715 5835764.43065653 5838801.17585455
 5838061.51029247 5840141.94036953 5844387.13028447 5845892.67509476
 5836777.13564332 5836622.87600468 5841169.24546201 5843008.84645071
 5842335.57922933 5840982.5135129  5836771.37975418 5835401.93942405
 5840247.85500861]",6183.628407276891,6779.155353740172,6612.575517957779,6715.030936369649,5794.749373262608,5931.251303496463,6182.287090715627,6180.662728723636,6192.0124321270305,270.8169201722642,6544.277230519619,-79.64835344276302,316756.8530560182,-88.90773116219098,6322.8077435143805,5420.536075336464,10,obj-LCOE,Objective function choice
"[579044.64860464 581159.23287158 588541.05959894 586294.46908107
 582689.74595146 587575.15903312 582130.33225642 583218.0602734
 586787.94810951 581511.77519062 579788.6640272  580188.77836438
 590921.99407771 580514.21051065 589038.93311591 579763.69765014
 583708.97903671 584210.56423477 584838.47401206 584660.01363987
 587881.96512289 590868.21851622 590821.19436139 579478.31524404
 590466.03020093 585887.94957161 585241.25057307 586969.24633564
 590844.45203895 580397.9985102  580843.12597468 585823.23346337
 589364.07476671 590898.51432191 583096.68050198 590045.03450229
 581076.39362896 590046.5627988  583974.27592483 589125.35380355
 583132.06724235 588167.61001216 582306.65189811 586569.97378736
 582168.66021427 585827.47359458 586850.44299721 587677.26165318
 586279.48662844 582966.74208065 582673.96371011 586737.94555311
 587119.1137564  584224.04680389 585256.74344347 584325.34151629
 589176.74038493 584723.30850452 589484.70945867 588642.69736015
 583404.20091219 584950.91854306 587334.69371638 587087.78130854
 586449.33894717 588512.73740981 581392.20346659 587088.12011868
 589541.7122796 ]","[5834458.35960549 5839554.65348547 5847828.41242645 5847025.82609938
 5842096.28936181 5836044.02044501 5841331.52514797 5842818.65428138
 5835012.39656459 5840400.51640009 5836264.24836168 5837226.09670125
 5843650.81816659 5838007.32947531 5846954.85100509 5834458.69561301
 5843489.71877871 5844176.45579532 5834858.88393173 5844790.84573332
 5847647.03693039 5841937.16231523 5840440.32106018 5835520.68854145
 5844450.76320081 5834941.3759078  5845585.76260299 5847396.03349697
 5841170.40547358 5835168.03263645 5838795.78984639 5846381.49199668
 5846384.5234325  5842893.59824638 5834721.64137698 5845189.07616502
 5834562.14538441 5839961.84687639 5834790.67667784 5839392.5726771
 5840615.61658091 5843483.43598369 5838202.26721388 5837541.06272659
 5834648.70935493 5838465.40409551 5845602.33346811 5846577.9365299
 5844635.05379024 5839147.08681021 5836223.60769022 5840258.86585511
 5836721.89856335 5841534.90350975 5842917.77295161 5840059.60568906
 5841392.89868472 5837034.74476865 5842550.31075638 5844621.39814966
 5837483.08971668 5836035.06748569 5842265.80162528 5841349.29861567
 5835755.50600854 5840187.2229312  5836617.94195409 5838765.75817303
 5845802.87085822]",6182.345751742056,6779.00087703703,6612.523585562833,6710.246070877707,5791.810341360032,5927.512202884675,6181.001406521841,6165.237270084492,6171.165567955214,270.4176286662601,6543.7592935174525,-79.76014818501743,316676.670825101,-89.03659272799713,6320.723939227588,5413.920268737538,1,obj-REV,Objective function choice
"[579037.61123395 579358.51173541 588541.12153675 581586.0720747
 579807.97341066 587571.70182787 579779.27080995 580740.2373014
 586788.13327113 585042.24797703 580751.68704364 585527.22984089
 583562.32442339 582595.8930092  587084.77903418 582617.62105501
 586394.10124586 582079.77150633 580446.90480664 587929.76026703
 586996.8647318  581307.41306086 588985.34529498 581032.6858547
 589220.71014382 584086.74207794 580124.74673844 583104.08924581
 581622.46942982 590738.88539225 590890.64162805 585714.17133246
 584616.55617987 590822.05575966 589484.63207109 584551.67444853
 589860.81382536 586371.26563492 583634.51997483 590272.43361266
 581146.95555607 590844.4456254  588631.55802639 585970.67776839
 590029.45167734 586985.15634224 590728.39387011 582196.98267857
 585970.11744365 585980.86852189 583671.09173757 586087.4496408
 587648.8422328  585224.53506245 588909.33770559 589246.2510238
 586996.83959723 590912.99765485 583863.56156625 587062.13079744
 583115.23126772 582572.56830902 586525.24252637 587998.97551293
 584795.69757419 584274.57589969 588226.22738002 587126.62677594
 584994.40808063]","[5834427.60171763 5835234.21777529 5847828.36172412 5840579.35084051
 5834462.23928148 5836041.84849791 5836243.46929441 5834535.66320625
 5835012.3632056  5845313.72474151 5838577.26629945 5845976.13685436
 5843289.80440539 5841968.50660763 5847427.74323321 5834683.61090305
 5847162.28888233 5841262.50113348 5837844.89989676 5847660.33668795
 5838602.8061082  5839910.29614142 5847048.27003295 5839251.4533447
 5839451.83654193 5844007.05848708 5837071.94811265 5842663.42917146
 5834605.44114507 5843972.18665942 5842658.36993227 5834927.8890776
 5834841.14877679 5840446.18243208 5846172.91744279 5844642.46189566
 5845513.29199875 5837804.64023587 5834763.75362086 5844791.18997438
 5836304.8746438  5841162.87536853 5841592.74967107 5846583.13396239
 5839951.2704998  5839589.96038128 5842017.05721394 5835916.81065205
 5835694.58011989 5836869.46050553 5841097.39754917 5843982.86055759
 5843592.12381498 5839384.21372201 5843045.99782443 5844472.69675139
 5845240.9355999  5843357.2054218  5836092.52360104 5836810.11226815
 5838891.05125032 5837769.28702858 5842188.2819261  5846227.34498849
 5840482.64011112 5837386.1784606  5840375.44525    5841004.52653893
 5842576.49014238]",6185.5488334963575,6782.437639945814,6616.146310153057,6725.56212981035,5798.20185934847,5932.204649708309,6184.199860661455,6169.367858233623,6154.445125870961,271.22964991501584,6545.022666139116,-79.7158976449754,316922.43516373367,-88.96425743508506,6329.816467017888,5417.005023336389,2,obj-REV,Objective function choice
"[579036.36542444 582593.29766623 586463.45061337 588541.05314369
 579297.36780913 584490.42328175 587769.44286804 579991.56880424
 586788.33095002 583583.94184839 581353.49109064 582143.1861548
 585937.70086377 584079.0645871  583085.2079119  580226.12438017
 580805.63869711 580522.44590982 585205.20865246 590823.27639641
 581122.1710443  579901.98136753 581657.19275106 581065.07960257
 584053.95172986 587504.33916822 587574.54276834 586992.61459761
 590866.11730409 587152.1900963  587146.45085771 590067.99452595
 589645.58243678 590904.77626064 579582.08447896 589156.76305029
 584898.45848391 583012.77526167 582146.46643586 588969.46015167
 590876.08088964 588861.99755942 590040.70198594 590440.69638304
 590743.61107742 586641.63908595 583796.79221689 584543.26304522
 585384.98712247 585373.00545392 585454.58684829 586198.09618402
 583808.07388795 582431.27648958 587314.59214041 586857.71014447
 583115.63885525 581679.30012126 588951.4397716  585196.74082435
 586044.04031356 587282.6412255  589072.92047873 583955.46094075
 587198.69998462 588377.37068657 587686.25221909 585537.29960522
 588137.94185346]","[5834437.5835395  5841964.82222234 5847256.548789   5847828.45890598
 5835086.77539913 5844558.87570129 5847616.03243854 5834476.67196086
 5835012.30829831 5843319.27415291 5840020.915239   5841349.07257301
 5846538.06153995 5843996.23036733 5842637.1338895  5837315.657918
 5838706.61642163 5838026.98420099 5834887.90881708 5840491.12534885
 5834565.94892951 5836538.0401023  5840684.43392835 5839326.76336084
 5834797.03757094 5847005.31870763 5836045.04086764 5835570.71553082
 5843748.83908963 5838660.93713965 5836682.58769526 5839974.94112195
 5845890.30249423 5843104.75613064 5835770.03134079 5839412.4621784
 5845116.87119107 5834715.39193095 5834646.57847435 5847076.85996608
 5842200.76632508 5846480.92119899 5845197.10247366 5844496.00764626
 5841470.56208756 5837438.0219116  5836238.72203057 5837346.89639724
 5845781.99901756 5838374.07582988 5836019.30508887 5843900.46559445
 5839602.62834144 5837579.35363367 5845984.9136526  5844885.32477518
 5838708.33277651 5836229.05993481 5840896.27994625 5842452.57882332
 5839567.1352918  5840260.33152329 5842978.03717703 5841252.66864177
 5842561.80800572 5844948.60042582 5841496.08019959 5840903.16940716
 5843699.51789782]",6189.932727320123,6784.600943811777,6620.490982720518,6725.318118893737,5805.010820237703,5938.148573332811,6188.589318668876,6183.754817209566,6188.679103716101,271.43163206028316,6544.723169715136,-79.62429580594156,317185.20313899225,-88.85133890397628,6329.697025599903,5421.469638987306,3,obj-REV,Objective function choice
"[579262.98263282 586788.32184303 579048.97602646 585946.76477155
 586058.85942178 579591.6684405  588541.07096875 582228.78064899
 584064.88338457 584533.62909162 587514.83041693 581307.47343307
 580710.97725699 584278.71577128 581699.19802418 582674.37997498
 580998.83542809 585004.22587888 580439.38388414 583161.64801733
 588964.36148366 587001.18822328 583560.96724228 586463.86166098
 585137.28168445 583271.86386182 580019.07778848 589320.39746625
 587745.9734143  590691.68061479 582217.83415914 590820.61281978
 590906.63948836 581156.54765118 585473.70325039 589725.86979949
 579883.07580584 590876.21850296 590277.92206701 580157.74033276
 590850.60716302 585126.1267526  582901.75710274 587002.2947865
 581412.83462314 587550.81676502 587051.82476553 581999.49883436
 584835.23725011 587064.3473064  589824.35150865 586249.76371954
 584049.29504085 589502.31955022 588896.69486255 587124.22425542
 585221.59737009 584492.38181097 583372.0347298  586502.76387195
 589495.7235472  587660.01596768 582595.95298953 588411.0209534
 589771.53518242 587493.39926428 588518.29207718 584892.50649938
 587089.50007819]","[5835004.73659052 5835012.4024595  5834428.71906285 5834945.98371143
 5846703.03599806 5835793.12528158 5847828.34306779 5834653.12711694
 5843976.87880527 5844617.77845016 5836134.61765179 5839910.32842598
 5838477.84923161 5834814.66766885 5840741.36150097 5842075.38539195
 5839169.91823176 5845261.55918039 5837827.78579843 5842741.63494589
 5847085.93274799 5836900.64918928 5843287.86462373 5847256.90917328
 5834882.18762181 5834735.50658198 5834478.81737276 5846461.32388243
 5847609.77286187 5844055.21265763 5841451.41425911 5840439.70811221
 5843160.76013228 5834569.53352683 5845903.65120474 5845749.85102919
 5836492.91895886 5842179.91571983 5844780.78848599 5837152.24178963
 5841385.53120562 5840999.17687115 5837493.25524852 5845664.06530262
 5835487.24631172 5846755.28101289 5843804.8552283  5836394.9022786
 5840236.09763511 5835628.59931363 5839824.24489649 5838327.06169693
 5836423.82926446 5840690.94937346 5839458.48097935 5838707.89295215
 5842276.18228877 5839435.43388513 5838297.48139414 5842694.11848945
 5841782.76266753 5844559.06324062 5840204.14873172 5845639.99771651
 5843459.2164253  5841318.7342643  5843019.74986765 5837507.06485059
 5839966.38026149]",6186.990182563717,6776.224484857791,6610.863589231834,6721.10815380114,5802.85730098169,5935.030096838015,6185.631326804158,6184.754626328687,6209.17740341225,271.4679000094264,6542.31467468681,-79.67994883810736,317091.1325409185,-88.89753884750459,6329.8660160080935,5418.709821098588,4,obj-REV,Objective function choice
"[579066.00127038 579312.97988055 586788.2441515  581079.7932039
 586463.50806209 582779.84190352 584711.66878701 580140.03587139
 588540.92772948 579867.99260272 584550.17457514 583288.82240137
 580735.27340076 581426.9693862  584243.45704046 590821.85525934
 590109.11784966 580968.33024259 581805.51574323 585134.73810883
 582932.94003294 588895.32923217 590293.88162833 579598.64176422
 583757.72391656 580437.01376711 589327.90238673 579854.60670619
 587574.88268277 590874.1618083  587526.48271518 589217.15032704
 590718.58880273 582325.27554277 586014.63555586 589830.83856972
 587101.21949634 585359.47732692 586103.49202804 585567.22293506
 582001.97703386 590739.03280465 590906.34935912 581329.94844497
 586954.29055113 587980.72891506 583738.82262479 587701.14069974
 583713.81660619 586221.24344926 587506.23808125 586334.04066426
 587219.44638606 586846.95299051 585179.65703734 586936.70712455
 582412.39970313 587753.34231646 582082.76713997 585142.28348668
 584794.55043732 588966.65471048 588373.38575014 583691.66506619
 583032.66282165 584274.11339638 589626.84077364 589084.34089297
 586138.20818342]","[5834453.1150805  5835124.39115812 5835012.36269915 5839363.18776785
 5847256.68523419 5842219.22792107 5844861.02519672 5837109.44392629
 5847828.4037025  5834466.98210285 5834836.11490304 5842915.77726307
 5838537.69273486 5840197.0583049  5844221.03407198 5840443.57923854
 5840000.67881673 5834553.69519355 5840887.12140108 5845440.06352491
 5834708.46147509 5847206.67205043 5844752.56811299 5835810.24077151
 5843556.65963905 5837822.1509949  5846447.67020138 5836424.04062213
 5836044.12478378 5842124.52943163 5847549.18062237 5839449.28431699
 5841396.23106717 5841598.00653972 5846643.11274321 5845563.88452151
 5838642.42139868 5834899.93162381 5834958.33552737 5846031.43989657
 5834635.3335734  5843971.36605428 5843148.9299235  5835773.67585721
 5836969.78021285 5846692.63492305 5834772.40289574 5844168.08215783
 5836384.94170996 5844046.569495   5842944.08857016 5837816.86928358
 5842049.5973995  5839856.18810387 5838812.26185553 5840981.52416508
 5838194.47035703 5845679.38446092 5836994.15017092 5842710.54028999
 5837365.20624704 5841434.90461728 5839716.39526944 5840584.38900121
 5839620.94148834 5841555.5558302  5842889.79118803 5844501.29063795
 5836041.22380522]",6186.923416997013,6777.215280501849,6611.506469446163,6727.075607983862,5805.191540769419,5935.98149296804,6185.588225681489,6182.93596922104,6178.720206483184,271.59796043390145,6545.150707090105,-79.69526428239776,317066.9819662257,-88.88030825647377,6336.494841237441,5420.699350583708,5,obj-REV,Objective function choice
"[579050.84272107 588541.06450432 586788.18935227 584615.71202922
 582057.33646922 580661.93595353 580315.56107108 579993.07352852
 585597.60898669 583410.02561062 587573.14382631 580997.59672922
 584150.32411137 584101.35910545 579298.02737596 579671.47434702
 579913.43653731 585940.93661743 586470.58398152 585113.12549731
 581592.93051845 587047.40536172 586060.06705009 581306.92547257
 582487.5412054  582915.16286075 590896.31649528 582272.63852179
 590821.33511307 590872.03132233 583189.40708024 590467.78504693
 589123.07001423 590886.46709568 581247.99725903 587717.28693031
 588350.15220701 589960.22786842 581899.74813292 590008.67883015
 582640.09277742 589143.90634983 585073.33463946 590703.18577812
 580380.786001   589519.37229613 586819.02626052 587401.3940258
 586890.40745763 584563.04180475 586411.73679211 585512.91194465
 583354.4806324  586966.08713647 586696.92452793 586857.42370606
 584976.69225879 587678.44940461 586297.50859317 589112.79123601
 584491.82968202 587277.50104735 583621.36158246 581939.20718504
 586329.40159735 588176.41012913 588759.91975083 589622.13728168
 583904.82132557]","[5834415.04983744 5847828.51999748 5835012.44622696 5844730.02951347
 5841231.29628293 5838360.49093468 5837530.36172181 5836756.53727017
 5846072.83628049 5843081.36065902 5836043.00917034 5839167.03334949
 5834805.05189782 5844026.61470376 5835088.29548547 5835983.5817259
 5834470.60778427 5834945.52950232 5847258.74553189 5845410.54350898
 5840594.7118729  5836832.33851375 5846705.20818323 5839909.79718498
 5841819.69976834 5842405.08564504 5842839.44231793 5834656.42251955
 5840440.09080694 5842045.88531452 5834728.784233   5844447.90541289
 5839393.86077149 5843712.78626772 5834575.89928623 5847601.74460124
 5847159.95030763 5845338.44930357 5837925.03661554 5839938.20284808
 5838882.97769556 5846770.95830961 5834877.30663761 5841384.15240807
 5835180.87584195 5846110.8987811  5839292.72796325 5845559.75621362
 5840101.03146168 5843251.24002184 5837581.61763422 5841436.75306388
 5836324.02837793 5841267.11081625 5838492.54452107 5844510.10708207
 5839225.65978182 5846292.24905012 5835808.05804525 5841334.41733615
 5836945.51924139 5842567.10263119 5837722.49069626 5835733.50851676
 5843146.42784881 5843442.80491921 5844861.81753487 5843459.48496911
 5840143.89602245]",6184.399226105366,6777.044086309592,6610.168145622577,6715.980219513702,5798.350633569886,5931.698489909091,6183.048554988299,6172.013214365196,6168.480938835659,270.9684272082659,6544.2713822547,-79.73407378418153,316845.5299823948,-88.98959856667183,6329.123541975397,5418.423644525789,6,obj-REV,Objective function choice
"[579026.2936624  588541.01112814 579280.12752809 586787.30499096
 582151.61677049 580118.09836657 579830.8545246  582690.37568769
 585244.80099771 580405.22895645 579882.52793414 586465.62410287
 583613.54105509 584055.06145615 581599.28320253 583344.52095263
 584616.74247854 588907.46008424 581034.49032317 582246.90874437
 587017.97463889 585795.47776031 587538.09893213 581012.40092113
 581311.58175534 580706.99307004 579564.92310066 589345.23800176
 587704.96271984 585599.16575398 587151.61847089 587052.04475544
 584688.60744189 589751.15906079 590857.88438897 590904.38741404
 590764.92062144 590821.48957446 589933.39407874 587973.18909794
 590216.75668181 586582.91084198 589065.79563015 582450.00905958
 582390.6467464  585700.43479937 587048.3910732  584054.63092411
 586250.47330993 590003.03452223 584394.80261276 585598.13309379
 585075.93153081 588064.4773168  589229.70254956 581168.26951016
 583207.46958583 590723.45217387 587645.8133353  583993.02306357
 589375.58621469 583781.41246233 587279.69453485 583001.10305632
 586660.29005165 588600.83129337 587062.50152674 585259.13938119
 589700.72994318]","[5834417.51689093 5847828.44130901 5835045.74603268 5835012.26996171
 5841360.70814664 5837056.97384856 5836367.81012776 5842097.13246461
 5845590.30531829 5837745.33657687 5834468.06780834 5847257.19733954
 5834762.54917049 5843963.71221236 5840604.34898802 5842991.73438851
 5844731.65909124 5847184.88053433 5834559.0766519  5834654.59379476
 5835591.16590704 5846343.45899435 5836099.27522178 5839202.08266282
 5839920.63706927 5838466.23738626 5835729.32409779 5846417.18660915
 5847598.36651091 5834918.89585642 5838661.79339922 5836824.15473455
 5834847.03963325 5845705.23222444 5841595.38213512 5843083.51193775
 5843926.69652441 5840440.32195209 5839891.79609962 5845289.95448281
 5844888.74086855 5837524.33760299 5839409.5922251  5835336.49481359
 5837892.48642767 5843779.57420241 5846826.31820988 5837612.55286188
 5844850.88335926 5842526.2174852  5841579.13842627 5839729.5880781
 5842562.52619971 5846236.43413608 5841666.97145763 5835651.84620734
 5836796.95279741 5841009.07975302 5844082.54154225 5836011.10849827
 5843412.72539057 5840740.51949666 5842877.20728875 5839435.66899611
 5841475.34213216 5840657.46007958 5840085.77705077 5838507.00092863
 5844248.17808843]",6184.620060557722,6779.997617635339,6614.896606695621,6709.818512367824,5792.360085424809,5929.816524026949,6183.251999405109,6176.551770719405,6169.934146484562,270.7014784144854,6544.2380813569835,-79.72966617359302,316847.0214977263,-88.98743775396964,6321.461255172209,5416.054926252334,7,obj-REV,Objective function choice
"[579045.52493365 581640.76018063 581292.85671467 579263.27890124
 588541.07450468 587954.38011804 582257.97953226 586788.27141874
 579824.57322274 585996.7763327  586461.93862079 583434.39304127
 580382.21693678 585504.78975049 584498.63882632 585882.54850012
 584963.29395192 579559.86324389 584975.08149746 580997.04834997
 587575.08273884 589124.53099151 583998.106957   580106.78664686
 589889.20576563 582902.42871684 590871.92698753 590921.53329382
 590902.6231151  590839.48915962 581127.6175225  589487.3759108
 580682.30195451 590733.17491947 589930.25360394 586551.25447364
 582250.10842252 590304.78910905 587136.57392731 584087.57138666
 589021.67434346 587065.87883299 584907.26214869 582947.09183813
 583176.95278615 583499.35688107 580096.12668987 586372.67172729
 581147.71924908 583221.32586753 587074.40825739 583312.66374428
 585991.56757343 587236.6329201  587058.73059526 589728.8449715
 587566.2464612  588770.23309972 584532.60603616 584693.95637987
 585048.41472063 587037.9746322  589632.96433041 584087.30292389
 582100.51408458 588870.01958925 585634.5977648  587679.21997026
 587136.95099544]","[5834415.35316502 5840661.25992502 5839875.71640944 5835005.50996953
 5847828.41647478 5847667.11015323 5841505.56340635 5835012.35353632
 5836352.58531732 5846618.88246275 5847254.94795648 5843114.51920309
 5837690.75089149 5845945.87447851 5844570.16680472 5834941.13564407
 5834868.53601967 5835716.83457467 5845221.49418754 5839165.68318039
 5836044.0226552  5839392.7401919  5843885.44912243 5834485.77057041
 5845463.19151668 5842386.98768535 5842043.6135275  5843651.78323853
 5843025.11949336 5841029.48732576 5834566.33386449 5846168.28928515
 5838410.96649825 5840385.55094257 5839889.56147941 5837571.66748509
 5834654.75970261 5844734.0461041  5847442.02337826 5834799.9561352
 5846985.38915566 5838642.15966991 5842502.07168064 5839611.73626678
 5834727.80257221 5840598.38787519 5837004.23169401 5835876.39207626
 5835653.91574215 5838362.74315415 5836791.59969652 5836684.92077895
 5843698.65630193 5842355.05336009 5845220.58534575 5841828.30415466
 5844305.50497541 5840862.01118212 5835995.39980359 5837493.70741197
 5839715.95774569 5839700.86992897 5844025.95833431 5841500.38996227
 5837699.28116702 5842795.03952395 5838637.57064774 5846262.70631204
 5840967.90696529]",6185.808119645575,6780.203169356663,6613.978908504945,6724.151834956664,5799.279022829049,5932.850670452635,6184.486299296125,6185.089688165253,6199.185142496181,271.2813303801395,6545.762820712419,-79.7050944139858,316945.4326895682,-88.94947480848211,6334.884307067065,5416.9694568946,8,obj-REV,Objective function choice
"[586463.78228631 588541.01827906 579055.75829794 586788.25212545
 581497.62100825 579572.83928667 579848.22420738 584090.52839765
 584621.23017947 589097.23164606 581190.40164733 579276.6945617
 580189.45147436 585122.40239319 582598.90098694 583579.20136585
 587233.80122474 588317.39330977 579879.2226649  582050.31003119
 587819.45344511 580516.32455673 583465.32606232 590821.92878895
 585660.68445674 586102.39286361 587143.02173752 589600.85532601
 589129.39965258 590896.62812074 590871.70364969 580873.99074687
 590922.18634952 585056.21821504 585879.08136777 583142.65879152
 584261.86139253 581812.04550151 580910.42592309 590491.21343128
 582643.55065725 583577.57484116 589986.70562665 585632.75070982
 584966.75053419 586630.77261004 590695.34552073 590013.6922191
 583699.12564687 587362.54857165 584584.91886876 587843.88079796
 581263.98679619 582441.56069782 586009.49152539 581945.96334283
 587071.269515   588960.26849832 585926.0648501  585871.33288659
 584035.87189957 587935.89245311 588067.36771626 587657.77773566
 583164.4331146  588043.2215063  586039.77495779 588383.62225897
 589417.16360048]","[5847256.74692298 5847828.43590475 5834415.23132764 5835012.37530768
 5840363.39296944 5835748.12041808 5836408.07337557 5844012.03045964
 5844737.58616102 5846852.58324423 5839629.31886381 5835036.95701621
 5837228.03399808 5845423.0976015  5841972.33313246 5843313.02132187
 5835766.482317   5847168.40551775 5834467.98640663 5841222.24708702
 5847629.93005001 5838011.57438165 5834750.82968701 5840442.94246779
 5846158.83725035 5846763.31394415 5838670.45996421 5845969.02146887
 5839395.32478393 5842851.49745505 5842045.94219335 5838870.28519679
 5843651.33280254 5834876.13671471 5834940.81521145 5842715.61761765
 5834813.6127474  5834620.27613821 5834549.13136816 5844407.1659704
 5834686.09055211 5840723.11151621 5839924.71574127 5843787.26230494
 5839831.96279337 5837443.30973099 5841387.27939807 5845244.10530275
 5837454.18949451 5836361.6820734  5836186.74194117 5843902.39434137
 5835758.94954231 5839234.54588756 5836627.72767671 5836883.10153027
 5845494.95587186 5842408.78180622 5842151.06937345 5838404.20851384
 5841618.96026439 5840167.31093492 5846207.72965157 5842884.26080241
 5838396.25144409 5844701.39850696 5840967.83277697 5841379.8039047
 5843986.23981841]",6186.401770703133,6776.701535071073,6610.41290987168,6720.757273943572,5799.599399701585,5933.838074317308,6185.043740447932,6175.9051113888745,6172.668147769573,271.292649414915,6547.098346916368,-79.67714552946791,316966.97529454576,-88.92077396816116,6329.874241278483,5418.407992357862,9,obj-REV,Objective function choice
"[588540.97570243 586462.5712239  586788.24151021 579970.11378027
 581885.13212029 579574.32056237 587473.47355282 587635.23451712
 580568.37238923 580133.23755586 584476.03975805 584986.9130993
 579044.22454378 585472.53372148 582205.99840038 579841.05960805
 582466.06161248 583357.98769688 579269.85385127 583894.53294541
 590921.84322756 585983.07859178 580985.76461348 584993.98185537
 585940.52849451 583236.3215337  590821.67851864 581156.45626287
 590154.80368155 581419.54297886 590066.88550675 588961.02272185
 587142.00248795 588925.43086679 589731.45571736 582918.19518817
 587174.97535632 590896.76928155 590873.39360711 590556.39499278
 587436.75735526 588056.376519   581868.42236683 583149.094922
 584129.16860471 586641.1944127  583725.76686264 589457.38625138
 581131.28237741 582906.14166822 587466.08343012 585479.54555923
 585073.4337729  582373.82607841 585464.40889278 586445.95208054
 584734.31854984 582643.08389525 590749.31283143 587649.57290447
 588907.30081721 589406.77581878 588403.53559035 584904.51660962
 583119.65052796 586221.74119372 588564.36379076 587543.5490067
 585863.23971066]","[5847828.37814407 5847255.60364634 5835012.37281445 5834475.05756491
 5840996.38059724 5835751.55583175 5835961.24527931 5847579.21712101
 5838137.18627017 5837068.34213671 5844539.4748773  5834870.69318225
 5834414.26588401 5845901.92909597 5834651.50171174 5836391.68750571
 5841789.89435354 5843010.084476   5835021.280349   5843743.92669851
 5843641.17083145 5846600.07901675 5839138.66566064 5845247.41993606
 5834945.62749738 5834732.7243017  5840440.97049173 5834568.45519255
 5844996.55698925 5840179.74677681 5839974.36865327 5839440.16931677
 5838678.559381   5847153.66774258 5845733.3998753  5842408.67611757
 5836640.85521908 5842841.3739759  5842093.65431379 5844291.99469907
 5840150.76495115 5846848.48702967 5838611.17278109 5840083.2780389
 5834803.35525156 5837434.78972013 5840909.88741181 5840793.07106715
 5837701.77565476 5839313.05685149 5845986.80416741 5835986.66137365
 5841156.62995847 5835582.76140074 5842302.38960842 5844844.0722909
 5836984.82673318 5836388.60936167 5841382.07351334 5841393.73910633
 5843547.87493163 5846308.8668629  5842449.66389596 5839608.61523256
 5837392.67576977 5843148.16115407 5845172.34477272 5844273.17361568
 5838284.24508575]",6184.450492244374,6777.707233755688,6611.517715384448,6716.5419176040905,5794.624593153714,5930.9506003935385,6183.093126610598,6178.009464570042,6187.6696122028225,270.98245383106297,6541.446696051369,-79.69857392426178,316841.9615840647,-88.9507376404469,6326.919664970032,5418.254360536725,10,obj-REV,Objective function choice
"[579109.78952715 588540.73954415 586787.95229612 581242.2169746
 579474.30067513 583646.06694111 583195.07177269 585566.78860072
 580217.1181283  585896.4598453  584113.26566455 586463.43475599
 589599.72492129 579862.60504881 583340.55944454 582452.14874106
 581645.04498515 584993.12603703 584575.43202465 582717.69774928
 582245.62620702 590888.73129519 580871.63348312 589999.12732876
 581690.57943934 580193.65906983 588277.12799446 585084.10594234
 580861.27537544 587247.911127   579838.63630609 587498.91608308
 587357.01890755 584177.25369631 590783.35698505 580507.53164764
 590718.57544716 590220.59542227 590909.25220935 590823.94537377
 589085.88937391 588831.99062    587151.75588419 586843.50377197
 587929.96474007 590360.01295356 587280.15206131 589549.9964406
 586274.09964036 586950.84077159 586017.71022917 589078.88900188
 582044.14248437 590333.11203637 583551.00204201 587087.97627868
 582876.3250245  585092.44485232 582131.05962211 583331.75749986
 586681.67366795 584448.37349304 586495.22453836 583722.34410247
 588988.98126178 585359.06349975 585492.33245865 588073.58482751
 587880.96023875]","[5834450.52767118 5847828.38278847 5835012.53420334 5839753.87576008
 5835511.4321328  5843404.54550099 5842786.65926491 5846030.93993451
 5837294.72323565 5834942.01913498 5844043.40685281 5847256.79734327
 5845971.31863399 5834466.55272102 5834740.58632727 5834670.56988126
 5840668.23581409 5834870.82658567 5844675.38680216 5842133.75311243
 5841489.17752144 5842593.11956494 5834546.35846981 5845270.64948281
 5834611.8556465  5835163.11395126 5847326.66761306 5845370.96256123
 5838840.02887347 5835778.13538905 5836386.22753698 5847541.80192845
 5836370.1813665  5834807.05327384 5843894.66006488 5837991.59212074
 5841947.1089843  5840068.90143549 5843243.942866   5840513.98126445
 5846872.73712845 5839476.00355095 5838660.79673369 5837136.70044593
 5846406.62617631 5844637.55008313 5845233.2361765  5839656.16024438
 5837986.64448953 5844490.02694287 5846647.60067435 5843706.66977335
 5836799.58307801 5841214.25298821 5840605.11255151 5839804.50273577
 5837823.29345366 5837083.03540614 5839210.37327287 5838627.22266715
 5841519.24074546 5839579.4985247  5843619.63071508 5836301.69936532
 5841932.96609498 5840300.80041148 5842358.13456088 5842826.54327328
 5840910.16798384]",6179.128090852028,6770.907168062587,6602.205351937392,6718.729740559715,5789.907484916171,5925.0992020291,6177.75084386415,6167.785179619443,6166.115933898099,270.988707760655,6539.387060735475,-79.68665060941765,316630.7421706465,-88.92114629036757,6323.211289983621,5417.309428168757,1,obj-COVE,Objective function choice
"[579075.40019449 581484.61818741 586788.15662417 586462.5009003
 584826.38341621 586046.35370005 585119.66810465 586018.86007036
 588541.61707737 579517.46913962 587151.68895098 580919.06864057
 580536.32481344 579248.47380521 587192.1395342  587990.88667315
 590251.29663866 589426.60241284 585491.39654681 587190.95457468
 581297.25714619 583118.4594261  587570.83790938 590840.03022975
 580200.25755574 583927.79724637 590913.56540122 589060.55872275
 584366.38213938 580836.92337282 584154.23516626 581176.06264689
 583495.02886714 579834.94265452 582572.74519615 589125.64450596
 590668.32762755 586461.26953034 583033.03392785 589798.13554379
 589980.28618444 590725.86007028 590886.09650035 581481.74078021
 585923.86906006 585406.70113131 582538.07697813 590815.22548213
 586004.68625426 583659.90504282 582239.41380359 587084.60912939
 588422.36022211 584330.93063011 586335.31354045 589380.73780655
 587034.6076856  582874.89507144 582458.48183606 587742.44902435
 587901.43175475 588430.76662821 586052.73631343 587464.01470563
 584860.69691202 588944.16643921 585263.10789054 585867.91316095
 581978.70639315]","[5834418.87286592 5840335.50804484 5835012.41844429 5847255.45623883
 5845018.15238602 5846686.4421968  5834881.7043305  5834952.09052849
 5847827.55062204 5835615.40514006 5838660.86774152 5834549.80905342
 5838048.18362509 5834969.93268509 5847457.40091807 5847676.73981011
 5844827.77834162 5846274.2862213  5845927.5746254  5836608.49351498
 5835149.40098003 5834723.71354871 5836040.9794149  5841038.09394255
 5837253.58069886 5843788.91829207 5843378.55996489 5846916.0335545
 5844389.26053088 5838781.41852922 5834805.10054997 5839593.89243348
 5843197.23812373 5836377.31663246 5841901.0257565  5839393.21588749
 5844096.24687636 5837702.08451043 5842565.36378375 5845622.29144284
 5839920.80484549 5841814.90604131 5842514.07858384 5835935.39442673
 5837072.9432015  5836174.80249383 5836588.81026554 5840436.64424494
 5843576.91750332 5836024.15245817 5838116.61296538 5839969.32157169
 5840136.53137864 5837424.29104253 5844780.29036869 5843054.94360663
 5846189.94993653 5840032.59022152 5839145.75042714 5842470.50969912
 5845284.26474857 5844321.83664235 5838560.95956154 5841216.72330255
 5841031.80813265 5841792.51681528 5839851.76950356 5842273.46335928
 5841123.75378394]",6180.636190223874,6777.116242832737,6610.002774175501,6717.500506303284,5787.469285725034,5927.438223631884,6179.280355958501,6168.485510737645,6173.433854684848,270.7907379446814,6537.3071099186855,-79.66711740098133,316648.37001115375,-88.91609658954802,6322.68914413112,5418.574566692068,2,obj-COVE,Objective function choice
"[579111.0399003  585582.54994256 584593.8139365  588540.99900993
 585032.28828591 579953.70472369 580048.19016533 581364.73419291
 581757.77564532 580696.08681941 586463.83121762 581003.38512065
 580939.09993757 583081.37750807 579687.00360896 589086.38983863
 582586.89246904 590183.8881557  584098.36438712 580354.040992
 585079.63760165 586788.17474651 585922.29342106 586083.20611608
 582411.84678836 589450.58431896 581856.11760162 587838.5572685
 579346.86610232 590592.65385039 590911.93649817 590821.79713521
 590887.82338776 587422.82593076 583409.17757951 590855.38499564
 589892.97561711 587505.51816111 583622.4578217  582994.32725839
 586677.40672921 589803.38085356 589123.86349833 587084.84666335
 586854.11084182 589098.83585588 588179.73069541 584228.25125542
 587082.76679792 589968.35407263 588758.68918322 586287.16222813
 587155.22473218 581320.55691344 584344.92432158 583661.49285194
 585904.31768341 588241.70349766 586698.3063325  586541.92506147
 584557.07036432 586611.90022926 584623.792375   581920.82296602
 585385.3972391  582665.67391709 585429.19794313 585086.33987314
 588549.44418666]","[5834470.99169276 5846052.36643988 5844699.98656023 5847828.28547092
 5834874.02124442 5834473.74965231 5836888.59868602 5840048.51351807
 5834615.87031339 5838442.96083816 5847256.9067476  5839181.42948671
 5834551.3251452  5842631.63282373 5836021.96070985 5846871.62394147
 5834681.18915557 5844946.524717   5844022.85720217 5837622.75222958
 5845363.92527275 5835012.49901657 5834944.15251815 5846736.66843993
 5841716.00133449 5846227.85478774 5840954.05719063 5847633.95857017
 5835206.15890598 5844229.39112204 5843329.98926749 5840440.76571003
 5842574.35147226 5835920.06550339 5834746.1557312  5841514.41561518
 5839866.58874712 5846968.85681992 5843372.06495583 5839341.58093367
 5836475.26752665 5845613.44312788 5839392.51891415 5838635.284387
 5837120.01786928 5844324.5451705  5840465.49662137 5834927.71223479
 5839793.61173543 5841023.54002042 5843433.47491462 5837885.91265948
 5845818.53170254 5836025.20853935 5836472.83977206 5840189.11389875
 5841073.31228888 5841638.26703526 5844899.54001344 5843916.166118
 5837347.20071609 5842048.26718712 5841729.59874204 5836994.78039416
 5839853.03243884 5837962.13646123 5842765.07652444 5838746.69976368
 5842454.05875878]",6180.77216162916,6778.232966626371,6612.269280837557,6717.237449042187,5791.98630559846,5927.07535114974,6179.435504110108,6173.8126835162575,6172.167216471886,270.66447904096606,6542.396134787827,-79.65639850848743,316645.78831098916,-88.90681389112615,6323.61542801094,5418.8218592630465,3,obj-COVE,Objective function choice
"[585445.01846677 580796.2269295  586788.15466947 583512.39062278
 582566.19527883 579101.64523926 580735.01840184 583036.28425974
 590890.39254247 579322.33693826 586109.88022496 588540.91598197
 580996.95118281 579839.61698674 584901.15388927 587152.73516252
 580454.29385926 581948.34184315 582554.49659964 586463.37137568
 587859.86803755 585932.4585528  584020.70464177 584466.88514031
 590857.86141381 583553.94330419 589208.85311375 581288.46932451
 579584.02606396 584509.97666338 579845.6892871  589907.30018783
 588451.89237884 581689.44009719 580150.99690823 587145.44214101
 587455.61217606 590921.4390286  590505.37186852 586798.5443397
 585357.14682935 586561.25407871 588448.65193902 583667.9322765
 588960.62464773 589474.42184052 587240.60595528 587645.09836713
 587474.22335413 589828.60470715 582294.94172219 587649.2169472
 587138.34443851 589022.02844259 589454.46142533 587285.62540297
 585710.94878106 589093.37121394 587793.2165475  582585.58484122
 584088.54569053 584597.58813161 583660.0266653  584956.91245737
 583168.90383789 590666.238236   585448.74814016 581366.29510916
 590659.82433787]","[5845863.26257418 5834541.26015582 5835012.33419273 5843221.32151569
 5841927.08966552 5834487.1786046  5838536.90861605 5842570.39463191
 5842635.6203563  5835147.40756547 5834959.32739039 5847828.27671877
 5839163.65427773 5836387.48655155 5845120.29869787 5838660.34523261
 5837863.51126369 5841081.91967261 5834678.80861232 5847256.60274274
 5847640.95879049 5846531.02501077 5843915.57985734 5844526.51049304
 5841611.88985688 5834757.65649267 5846656.492535   5839864.48876723
 5835774.02306464 5834833.0166822  5834465.21633873 5845427.92262168
 5847074.63952755 5834611.79210776 5837134.7694714  5836683.28634834
 5835947.15552118 5843630.71806892 5844382.06032333 5840025.22598678
 5834899.69914966 5837556.94413115 5839586.84005079 5841035.670149
 5846058.39511664 5839608.43540881 5841958.65075352 5843698.35740973
 5843003.37165141 5842315.99679106 5840244.34563927 5844620.26393095
 5841078.62694102 5840540.44439631 5844676.89465681 5846703.00460701
 5842326.65898176 5843182.53984677 5845487.00925898 5836376.89284971
 5837466.71686682 5840094.68898278 5835763.55786437 5836494.82375898
 5838865.76797499 5840344.20108285 5838886.1381856  5836878.55243761
 5840987.0161402 ]",6179.60214578537,6770.162843531057,6600.42205097794,6712.892533453832,5789.427234218034,5926.673719376053,6178.237264839708,6171.496279217994,6177.799699364275,270.7098796878497,6539.115954562239,-79.68507799539302,316560.12053013523,-88.94605192394893,6322.839169958402,5417.647643274614,4,obj-COVE,Objective function choice
"[579068.9547187  588541.13973925 587574.03780743 582360.89623865
 587952.15247532 584096.43764356 582920.33706342 580109.93136809
 580967.00071461 589216.01799844 589072.12362779 582951.92035522
 583996.1076047  580409.77852468 586788.27475822 590831.29439979
 581619.0288733  586462.24700179 590861.54510811 580681.51810525
 584999.00773836 590891.79853361 585121.14905106 579358.91542835
 581846.77380965 583426.84242826 590921.81620642 586047.21905747
 581280.68486805 579728.24012178 584539.28372876 586045.56244948
 580319.41070812 589473.66743939 585544.28012858 586584.54289933
 590315.60920173 590526.44538117 582271.19825286 587039.52163727
 588943.52316542 582813.77421228 583501.89913552 584117.68620992
 587184.91220811 587679.68880425 586976.14377061 580959.07917132
 587486.9561045  587011.41985963 586406.52594904 585734.78479059
 584615.25982695 587131.23611439 584146.33874513 588385.35269408
 590133.52148693 589421.10032303 587697.66876522 585316.85645734
 588005.51316787 584693.20998821 582532.85491765 580482.25048425
 588909.25281218 586210.29000249 589684.38631457 586959.50966706
 585055.24487145]","[5834458.50284369 5847828.18688395 5836045.32260634 5841646.71673996
 5847666.41060886 5834800.92864542 5842411.74907506 5837035.77817375
 5839094.12239258 5839449.25340714 5846896.53069388 5834710.26360995
 5843883.01863904 5837756.36870297 5835012.44428045 5840745.63954381
 5840631.96228538 5847255.27873086 5841725.3022012  5838407.41581296
 5845254.30375873 5842684.59193076 5834881.24698886 5835234.18451128
 5834623.28543548 5843104.02581833 5843651.26463433 5846687.51131327
 5839846.04924017 5836121.22267137 5844625.74430493 5834953.92240206
 5834502.53182436 5846191.77075975 5845999.96085149 5837522.97853786
 5840128.6845433  5844344.96090275 5837170.87281539 5839701.1911316
 5845556.11046382 5841027.67131588 5835843.62063775 5836720.89037867
 5840674.56787144 5846276.59168444 5838819.34037552 5836154.26171896
 5841619.89106546 5836865.42613045 5835904.2571047  5838249.1977964
 5837572.88984523 5847440.54885717 5838949.7493806  5844652.85090827
 5845033.37643761 5841765.19822783 5842935.02299661 5840003.70793128
 5843847.23217563 5841396.57343726 5839879.02364954 5835095.18704081
 5840436.08156567 5843157.41252319 5843266.85251977 5845012.09887558
 5842316.24392333]",6177.397046707701,6775.228320737453,6607.183727778073,6709.121163362109,5783.899467038053,5920.674379489847,6176.037169249719,6174.144250673609,6180.059986274596,270.1490540557576,6536.013146824287,-79.72843110829176,316440.8719199472,-88.99621227339729,6318.810380739399,5415.002298931746,5,obj-COVE,Objective function choice
"[579084.07962358 588541.08207729 586788.24581352 582437.43941388
 580549.6684608  580058.31237106 584512.60911582 581097.11523803
 587551.49415189 586015.30967254 585511.21320225 584040.93612589
 587893.44324014 581531.37370007 590267.50370905 585034.83129525
 590854.81753219 582914.11825471 580816.21762626 590914.05136767
 587002.46518949 581426.07618538 579326.7185212  589374.71381877
 584532.334705   583474.44761122 588975.89892496 586462.18852521
 579780.55313074 590883.85628094 579810.76354749 590643.63124324
 587072.94443384 585553.3939725  580295.36501538 581962.47622746
 582457.8631816  587098.82110264 590827.09345151 580626.05228146
 588286.19787381 587189.55753259 583366.7101815  586981.50619504
 588618.52591262 589684.4375621  584258.30240872 590242.94748437
 588397.95922938 582859.15819834 588370.95225082 581809.8262322
 586072.48807519 579580.67643736 588219.44508172 586701.60269018
 586783.09028447 584433.99776036 587252.15964219 585094.90483957
 584472.40854342 586732.40754419 588744.15429309 589181.14116764
 587701.39605792 583293.88784116 585360.84831784 583945.3877824
 584984.55836777]","[5834471.32518831 5847828.35900461 5835012.33911063 5841751.58942407
 5838089.51290564 5836912.06247588 5834833.14298638 5839406.34188937
 5836077.55299732 5846644.0201927  5834911.6575008  5843943.97376617
 5847650.11119494 5834598.40342323 5840097.87600808 5845303.37446952
 5841562.76616067 5842403.57503088 5838731.44674845 5843393.10582824
 5836687.04972319 5840192.6948583  5835157.27028738 5839546.68470069
 5844616.0452349  5834751.22805764 5847065.3823997  5847255.2347352
 5834460.01903011 5842424.39871902 5836319.55636156 5844139.48714708
 5838729.52162848 5846012.68089284 5837482.11481885 5841098.17211185
 5834673.05926359 5839884.92442747 5840607.43744838 5834527.6530408
 5844866.00955553 5847456.69055235 5843022.54480594 5835561.70051898
 5846455.14528374 5845822.26864125 5836164.35138739 5844842.91730525
 5845761.83338897 5837889.99499674 5839933.47849094 5836473.94627139
 5838122.77936252 5835767.07161531 5843379.13999364 5837348.51481915
 5845226.58367245 5837075.86210441 5841146.73455992 5841629.64181028
 5840810.99448308 5843112.62597027 5842226.17235191 5841018.67260529
 5844150.62279278 5838991.50935607 5842543.62915489 5840076.80630874
 5839307.40920968]",6185.314674129252,6775.001333415063,6607.151233875733,6720.043778303238,5800.981863118898,5932.895755321423,6183.955675708341,6173.007725183954,6177.177478070611,271.33147356098044,6540.5544622164625,-79.62113993284603,316954.85737870645,-88.84605305291146,6326.160267228274,5422.492039408708,6,obj-COVE,Objective function choice
"[579865.90176277 587842.73951201 586463.43779188 579524.51784708
 583436.04366862 579028.03204202 579676.43071154 583914.90725928
 588541.05788509 589957.73725421 581481.23120382 586788.31662689
 582944.92105031 585715.23972632 590773.71914264 583909.61092338
 590905.61700913 589127.27139321 580636.19689049 584554.65320796
 580720.99758916 580776.63304186 584814.79867059 589522.06118659
 588955.65353982 585924.68907537 590052.01461755 581081.80968288
 590863.11425016 590821.78127983 581849.15743735 590350.70051742
 582436.36194314 585224.57117985 587148.75193258 580279.03744426
 582904.30933737 587574.73755685 590886.12081896 586606.93725404
 586291.54827047 587019.97145    581646.96461685 582886.34405555
 582113.80647205 587003.19043615 582201.05425801 587102.98211865
 584385.26465755 583659.35648409 587104.75737533 590057.49195326
 586095.07871989 585429.6880683  589558.92493011 587733.64977029
 589202.67544504 582663.51658811 587363.61493963 586347.69441617
 585495.35561239 584667.08536332 582445.00945261 584726.70372807
 587599.73241406 585199.45130219 588380.30810145 588367.50712427
 588090.47327914]","[5836451.25026056 5847636.26974215 5847256.5838587  5835632.40534266
 5843116.88365929 5834425.24669911 5834452.19678658 5834786.50259141
 5847828.38501221 5845342.67811564 5840327.28392308 5835012.3829674
 5842444.86659057 5846233.49347413 5843910.80994271 5843764.34773525
 5843125.45783777 5846799.91489875 5834527.51863215 5844646.71204077
 5838502.45686796 5835372.284437   5834857.08910795 5846107.37388424
 5839442.91744441 5834944.60751681 5839964.88464868 5839368.79839909
 5841799.50444659 5840447.71802837 5834623.36440054 5844653.78777163
 5841749.6201014  5845561.16361009 5838658.87483465 5837442.68209638
 5834706.42470825 5836044.53117337 5842510.33479769 5835877.42471258
 5844648.78764371 5839911.72456306 5837073.7058268  5841125.74463046
 5835885.0747737  5836893.88793858 5838115.85837113 5846889.81950291
 5835929.14862916 5836829.46935895 5840912.11030154 5841361.45800415
 5843642.32834628 5839911.02231529 5840741.04820594 5845021.34818939
 5843974.36073998 5840071.78213963 5841568.95412085 5837870.42886279
 5842465.06689101 5837685.04860112 5839141.50171218 5841444.227495
 5843218.49822802 5839067.07443962 5847174.49084761 5842617.28053865
 5845959.31683147]",6175.024490879499,6773.726480179288,6606.0075343362105,6700.112163620711,5776.782447314602,5916.085334553453,6173.647652953162,6162.355640903716,6156.9647193206865,269.7103922619294,6537.482815484441,-79.79227235832668,316214.34274015174,-89.09704761731653,6309.42975504766,5409.935774716191,7,obj-COVE,Objective function choice
"[579092.25630418 588540.76593832 580542.64350085 587257.717708
 584149.98578899 589224.91795752 580221.87355797 582247.46598996
 586121.9532479  579876.08021038 584580.87521311 579327.40561715
 579914.60218495 580888.55666279 586788.23232199 579633.94765398
 590259.37695719 586406.3076029  585497.59360359 585289.37502376
 580855.56583937 590921.9539325  583716.49038241 583367.98822627
 581558.70669932 582622.34954932 590893.90649974 583192.86885187
 589542.07484777 590821.87567674 587443.46373866 581175.46581072
 589103.73015475 587097.64728961 582179.04090647 590053.95938536
 585045.09785204 586885.26068188 585959.54840246 587070.31368569
 583036.88981483 582054.35729561 590843.71710409 588424.99205426
 584104.84576593 590749.33135302 587500.06298058 589855.00067851
 587917.91541183 590083.31230909 582666.08510218 587063.94832542
 583206.47128347 580973.34709912 589405.22479869 585777.10265469
 588363.852319   584622.97607716 584418.08333197 587692.75870361
 586137.82111676 589216.99569748 584898.74158577 584874.61528691
 586641.10502324 585771.20721828 588752.35696807 584158.76031259
 587347.76889822]","[5834450.80115439 5847828.28434042 5838073.71347374 5847475.2313082
 5844092.87029984 5839454.39211775 5837305.69820997 5834654.56751868
 5834960.09522816 5834467.62530505 5844682.70571405 5835159.03113477
 5836566.41766983 5834548.52616721 5835012.39567001 5835895.362217
 5844813.8255041  5847178.54987374 5845936.19271454 5834894.30929049
 5838825.35225018 5843647.24040191 5843500.17778837 5834743.24762636
 5840472.66868368 5842003.89490696 5842760.5069656  5842784.07384038
 5846071.74873715 5840440.91671007 5836240.31199959 5839474.72340257
 5846841.12163748 5838640.31619986 5841232.66250669 5839968.30331381
 5845316.87873055 5837072.05700705 5846567.5417039  5835635.53394895
 5837170.55654103 5836557.6904483  5841147.78277991 5847272.85875597
 5841069.73865643 5842052.1549527  5843644.16363383 5845511.71881776
 5846193.29666517 5844236.94514617 5835471.92035002 5839754.06731018
 5839331.91066036 5835582.20708568 5843290.7799317  5843697.93138078
 5839685.97676109 5836331.1410414  5834925.96400608 5845217.27460998
 5838059.0562577  5841768.09341506 5842145.28102396 5840197.59899332
 5842486.23043734 5839509.2665158  5840916.95144482 5837686.85395951
 5841019.24281005]",6181.132138827519,6775.67356650313,6607.699538494225,6712.228445196573,5792.256503966464,5926.956636616367,6179.773765469643,6169.684299409357,6172.993517538973,270.7560977952958,6541.289439844895,-79.63452795098158,316694.8136493225,-88.87382000197347,6317.6389863833,5419.067855759114,8,obj-COVE,Objective function choice
"[588541.13796459 579296.15016528 585794.72757049 587574.68452085
 580918.64440742 582035.09677214 587097.93090016 579785.6757222
 585250.54467998 584761.74809845 590680.45617605 583745.41217528
 580234.85359268 586886.44807773 586281.32065761 587822.72993401
 590913.58627806 590777.85708952 590841.08697589 580545.0620927
 583670.04407698 579589.53395671 579868.532577   589417.06182268
 589860.62757455 586788.03869725 579057.3830735  590264.38659658
 589917.00371663 583006.87635095 589002.55836349 584262.57978785
 585388.6275945  582570.1198101  582249.34160223 581250.80440735
 583121.89632095 589128.38411905 580623.10864109 586159.95262564
 590739.75861483 581447.43068838 587088.58200871 584567.15845071
 581561.81739114 590892.51046836 581533.81530622 586850.17026484
 587379.21722417 586229.41351884 586154.31549894 585643.09195841
 586971.29672402 588342.87825248 587814.07184823 582981.58382722
 588526.67306805 584697.79573871 586693.76369661 588520.96646766
 582306.92777897 586480.89259217 583940.97045436 589338.32786127
 584892.4233169  587692.32835665 584995.33425553 586910.31091496
 583100.71415974]","[5847828.26977987 5835084.090609   5846342.53552491 5836043.53630926
 5838976.90361959 5841200.35668798 5838641.5693497  5834460.5797085
 5845598.48919979 5844930.02291024 5844074.46050249 5834773.11431868
 5837337.04409191 5847373.24273599 5847007.93907929 5847630.83631555
 5843376.04707568 5840415.21921299 5841055.36599762 5838080.61555966
 5843436.46188179 5835788.00076002 5836457.52836664 5846291.76336807
 5845512.13872488 5835012.34549164 5834425.21799685 5844805.30680447
 5839882.42611595 5834714.38317625 5847018.54047903 5844247.58340096
 5834902.15366606 5841933.26357294 5834655.00250441 5839774.26400329
 5842687.46791773 5839394.37091825 5834527.74879925 5834962.7854214
 5841987.43408709 5834591.38714854 5844734.43317401 5834837.25569736
 5840519.0323134  5842701.41668198 5837120.22495313 5837123.25764412
 5845785.25403458 5838051.24623318 5841874.10943509 5843481.04590312
 5839584.10690152 5840028.36893566 5841491.83868348 5839714.44049291
 5843792.24741509 5842059.87106563 5836394.17171487 5842535.25831297
 5838677.7906253  5840557.59365856 5836271.88100778 5841084.42527905
 5837190.54430195 5846571.48483718 5839309.46773963 5843215.90060829
 5837532.54598373]",6179.885813349598,6772.106133124516,6604.5505780646545,6721.2434122116065,5792.8543979371725,5926.942934296284,6178.533986351207,6169.576686086247,6166.386820556678,271.07609024762365,6544.57545710594,-79.70325950831224,316606.6750681435,-88.9573480236163,6327.831998605125,5415.779166846498,9,obj-COVE,Objective function choice
"[579053.70091823 587574.68901745 587872.38983141 579645.81395252
 586739.48348067 579346.29894978 584597.09468749 586215.39406878
 587729.24910071 580728.22046211 579767.80879981 581036.42403898
 582403.72388744 589932.43533188 580708.3712041  581339.36305384
 590800.69266899 585211.54556499 590903.59475973 583129.04066189
 580362.19880474 590820.52148375 589497.35496497 586070.22062756
 582657.60994738 585763.75028742 589900.11439727 590875.34688198
 583568.44236215 586920.64772926 584406.20668065 581649.27443761
 586488.58940269 586413.07829597 588541.00228089 582176.80794728
 585266.39980035 586835.78773265 589083.34240604 579939.26272089
 589131.74536095 590844.65832618 584066.68575251 584712.76506416
 583422.25754927 581535.49147925 581153.72174362 590330.89004101
 584014.33044296 587328.93514166 588834.77613729 587591.43892751
 585078.19753216 585221.19484345 585642.29740132 583784.46758843
 587933.03166917 582604.90581868 587829.30229128 586012.13719918
 588287.2478153  587641.57855433 588591.5938312  589800.77372192
 585934.44446235 583215.2615984  586155.95129429 583432.37021011
 586788.0055729 ]","[5834439.33395647 5836044.04672016 5847644.49218909 5835923.23386108
 5847332.8496032  5835204.48245928 5844704.81831372 5846917.74961792
 5846759.85534792 5838519.96190325 5834459.15714626 5839260.41631422
 5834667.30820208 5845386.71564046 5834533.45448508 5839987.24314227
 5843864.46840818 5845544.70392621 5843065.19554917 5842696.61972229
 5837642.29928665 5840440.56083577 5846150.65897164 5834955.71796023
 5842052.90017418 5846300.20453957 5839872.43080897 5842169.1703529
 5843298.05571377 5839452.50258605 5834824.5709437  5840673.3812609
 5837666.08755848 5837033.13438566 5847828.454374   5841395.43729953
 5834892.71587348 5838700.28650248 5846876.25287443 5836627.52394942
 5839396.33444774 5841197.00617405 5843979.71210349 5836668.08837469
 5834747.52471422 5834598.74002489 5837149.1595849  5844688.2233196
 5841138.46878249 5840147.52334945 5844063.94217816 5840963.76114517
 5838161.88181408 5840687.39161974 5842341.27686753 5839618.66312326
 5841656.8837848  5838923.72291029 5845704.55891186 5844651.13115261
 5842433.59231517 5844941.73451017 5843243.2168571  5841977.46689314
 5843306.48956222 5837229.97937605 5836256.20116603 5836033.81160141
 5835012.52755976]",6182.325990363936,6774.636088438633,6606.931864903225,6724.367835098061,5795.681065645175,5930.892280162355,6180.986998828891,6170.809544282095,6168.490159200684,271.1867412740567,6541.448188775272,-79.67446858449277,316748.90831988544,-88.92038032834945,6331.844505231059,5418.000259911817,10,obj-COVE,Objective function choice
"[586447.89171885 580177.00287059 579282.64646959 585881.61656121
 582044.37077165 588542.28251551 583132.4419571  584976.53621916
 579612.66873257 583544.83795562 579014.04851275 581378.62763265
 584346.33324443 587327.49819341 586637.77468456 590839.43943817
 580047.910018   586963.48067232 584419.63562419 589148.78564916
 581143.22362785 589902.41646383 585498.6585245  582053.91513285
 580771.22567322 588423.11781387 590384.150484   587476.64447002
 590887.41037685 580488.13755001 590837.12521403 589389.8883037
 590828.61071312 587100.04695729 583917.59910626 581044.66353439
 584148.42409195 583929.76827817 581264.49084003 586688.44572851
 585839.50847678 590184.29926142 586837.02104067 586652.07252896
 588241.59567879 582613.53726875 586063.15755333 582812.28460159
 587651.5287206  587975.41550986 584489.27244356 584903.00362619
 587421.61341517 584839.28760047 584830.94753776 581793.77903954
 589370.75667661 588660.41558391 582135.85032048 585234.25856866
 583702.03011528 583246.42495809 588884.42701803 580640.70980791
 586716.74329831 588195.97470694 586437.20732547 586057.39332125
 589320.40879431]","[5847232.99871622 5834491.90220805 5835044.94705335 5846446.38898133
 5841210.84208583 5847824.56799619 5834729.35095877 5845222.4443909
 5835776.85612663 5842523.08265972 5834405.39801509 5840068.39371157
 5844329.97135602 5835844.98435326 5835001.78183844 5842800.19079892
 5836680.36349832 5838801.32078658 5834830.68591138 5839433.28304731
 5834569.36695126 5845438.4301998  5834911.48002019 5834640.92168112
 5838597.01401899 5847059.21627234 5844586.89534314 5847535.39145116
 5843707.51880093 5837824.68166097 5841926.22271322 5846338.14996276
 5840724.07691109 5836514.60797382 5835659.8128715  5839268.84681386
 5841125.05542893 5843575.19236668 5837033.25029545 5843509.08748155
 5844375.58195778 5840047.1195781  5840971.04073961 5846068.01085291
 5846304.60576393 5839285.7989344  5837875.56144709 5840621.62569164
 5842546.0996021  5844463.53708585 5838057.43369362 5836703.02283394
 5845260.18350691 5842158.26395428 5839308.05462318 5838257.35022085
 5843179.55293079 5841530.710698   5836155.93490463 5843038.8229437
 5840043.98664014 5837620.81854954 5845220.89770413 5835601.65340224
 5837100.71620832 5840035.24208199 5839883.31620105 5841847.97248538
 5840867.71958771]",6149.475563953512,6765.508894483156,6594.185387985897,6697.225997038607,5740.441309821613,5880.535107064084,6148.095178725153,6139.471319155428,6155.095587411147,267.6396177652902,6511.815636411925,-72.51108728632607,314785.10797867225,-80.99788545989506,6338.460934587048,5531.126736587697,1,cod-YAW,Wind farm co-design
"[579841.73098133 586483.06395445 579118.38329226 586759.70979734
 580161.9828112  585029.56378301 580140.3469685  587553.37385848
 588540.70137563 584519.08123217 582421.43553939 582820.13125331
 581862.62176973 587653.91972061 590821.01237296 583957.50245269
 588943.90237432 586021.17404848 589118.89787806 581090.32528416
 579558.3880485  584468.68015837 583460.42301727 582958.14718698
 581960.53255598 590676.02904087 581119.79166509 589728.32303652
 581446.77699252 583610.29149809 580766.20753522 587280.55481618
 580459.35628788 590905.18874859 579286.40927564 586682.54687214
 589323.17175012 585676.35581712 583428.13160077 583855.55897921
 587060.83381209 590850.09638557 586905.64492334 590196.51581957
 583402.69138632 584491.68288308 587559.19336859 588112.04143602
 586200.48484302 585571.11036512 587976.52766232 590008.4026803
 590403.60309741 581358.26251876 587138.85049064 583490.62291873
 582475.12504365 586455.58648599 584443.12608845 588435.73404659
 585848.25838764 585288.81605096 584493.52020593 586436.57970169
 589076.00227158 589444.49211507 586884.07015368 588973.40054217
 586135.81264266]","[5836386.11841609 5847260.91211987 5834459.8938525  5835011.35365051
 5834497.82721016 5845295.16551443 5837105.24457512 5836071.49596644
 5847827.76796178 5844592.31104273 5841726.69701177 5834700.36937359
 5840917.86869214 5847584.44685574 5840440.44430567 5843829.30468594
 5847119.85808093 5846648.23910895 5839405.75561192 5839351.00894466
 5835707.54965206 5834830.71911583 5843147.91648926 5842463.33646486
 5834633.93640383 5844059.87834749 5834569.22167474 5845743.46853276
 5840201.86284196 5834768.27333242 5838597.02341279 5846631.08594977
 5837870.04533331 5843161.16822395 5835044.24860048 5845090.66797742
 5846453.97789426 5834928.42049765 5837838.15846213 5840663.1854792
 5838627.54762397 5841391.00721936 5836924.84579409 5844919.94135289
 5839640.28632811 5839314.78156951 5840255.739868   5845833.30005977
 5843881.09768186 5846033.27096364 5843977.25480147 5839945.19427799
 5842275.70109039 5836958.28903685 5841751.61593341 5836701.6616004
 5835844.10225797 5840334.086337   5835996.01426429 5843012.14373317
 5838891.32807154 5841410.76815264 5842209.30596342 5836193.37991157
 5841586.73750885 5844037.39340845 5842919.07056664 5844977.72737278
 5837584.24225942]",6165.0831540351355,6772.191827164602,6601.348762503232,6721.491861637946,5773.795293435071,5903.762392935239,6163.757794915117,6165.365437865111,6170.750954203956,269.7951755732957,6525.952096440684,-72.3541166159024,315742.1255609929,-80.78207774965689,6358.377960806252,5544.749856180516,2,cod-YAW,Wind farm co-design
"[588541.06727715 579893.82221622 580726.24913118 586719.8663631
 583148.34318945 584011.88549647 584253.40597381 586341.85381672
 581456.88780148 584610.06926424 585100.73611282 579756.34539528
 585186.59562422 579048.68332497 581986.28654124 581083.54759798
 583180.57432035 579353.59781891 581718.98385894 588774.45902143
 585601.43901097 580821.51012776 580109.93222993 586102.22502653
 590912.9649307  580430.05504333 582630.09104427 589042.92218907
 590123.1312406  590880.71501944 586888.77289392 582861.36504204
 582669.26354224 585065.99372852 590575.70160429 584247.74795742
 585483.84967596 582460.86272877 589601.22692372 590446.22797067
 590838.4200076  587773.48714798 587203.66780052 586784.4312223
 581413.22050668 586139.85946116 587295.2660929  588560.06209614
 587382.58612847 587674.32179341 584069.78839067 587902.60391326
 587552.43323909 586889.42027791 587135.65780127 584748.48864464
 581188.54426871 583390.8241514  585729.75833988 589300.8593173
 587074.29428578 583705.4973658  589074.83167537 585968.98492253
 589752.06777209 584997.90325714 585767.42801423 587642.86783682
 583485.2406625 ]","[5847827.09212721 5834474.64011859 5838393.53875023 5847326.42356999
 5834729.47163332 5843865.99918779 5834821.5668009  5834982.01975311
 5840242.00150055 5844718.50570623 5845389.98932131 5836052.95055526
 5834891.52975782 5834442.58724029 5841128.39315406 5839323.97386131
 5842755.51415797 5835185.11302882 5834617.3520185  5839658.07219496
 5846075.90871098 5834543.27213685 5836908.19789681 5846761.17609322
 5843527.45844306 5837673.16960129 5839844.20735929 5846948.1141927
 5845013.24514556 5842456.22221582 5839026.26477224 5835876.20794822
 5842057.86770607 5836203.62645301 5844256.5206515  5841707.93617335
 5840441.78376112 5837366.45355798 5845963.79701792 5840211.28794613
 5841034.2976679  5847615.41592181 5836567.17769587 5837074.80575923
 5835599.66209195 5837993.03529495 5835818.55186201 5845605.04774853
 5845214.61294852 5844150.8069653  5837102.69619062 5840816.55330373
 5846062.62911282 5840115.65089661 5843231.13296806 5838759.96802588
 5836446.95070994 5838316.53424588 5844514.57771224 5843407.9194918
 5842042.08649066 5839435.86344654 5841476.28902423 5841337.3335148
 5842268.52408156 5842658.66151983 5843510.90938263 5846859.89983669
 5840844.10492365]",6150.297314052262,6763.031140285177,6590.423263862508,6703.149236653666,5747.739776827217,5883.185846376306,6148.930390796048,6151.223115134989,6148.388785394704,267.98052246736194,6508.212675658834,-72.48140104325536,314855.1373360617,-80.95753366188154,6348.358975309964,5534.158940331252,3,cod-YAW,Wind farm co-design
"[580127.88979306 580007.16267123 586785.99547944 579128.68020736
 587633.63630431 586595.21846693 584912.58901523 583186.71177841
 579485.99387382 580569.70315235 579819.29287508 585679.76488224
 590914.14371392 580940.01424447 586106.22331091 582066.66660741
 588536.97382657 584280.94064442 582261.97653034 585415.09059918
 587108.4391298  589083.4854999  581299.52822688 587013.29397428
 587732.29395639 583928.65842897 580587.22638624 582655.59436533
 590786.72120025 589864.4791744  587340.43289943 583580.85672834
 584870.36631782 583065.28122239 584316.17132669 582102.10602012
 585805.65571108 581572.93717177 587838.48362257 589876.54815751
 587148.18420639 588806.69802354 590857.79526438 581111.7858707
 584091.18477897 589216.5685775  580963.48072793 582997.18844024
 586653.95408514 590454.96032686 590853.22224006 585308.97350262
 585884.28206155 584810.0498371  583092.58493383 587395.72280629
 587286.21599404 588958.09230847 589850.44715233 583029.66049822
 588235.16382148 586326.79290135 585272.0497821  588544.5149317
 587956.2709788  585130.57117048 585476.8506122  582836.79531992
 589335.60035959]","[5837048.91439193 5834479.17992523 5835014.16445373 5834618.24513862
 5847574.35136458 5847292.13961741 5845127.35920096 5834730.69285543
 5835499.57894712 5837967.59965503 5836305.77101436 5846143.99340765
 5843453.82947483 5838807.91521197 5846766.72988068 5841240.73606103
 5847826.62886495 5834815.79102634 5834907.9591648  5834908.61025005
 5835698.18167878 5846874.59545336 5839687.57491626 5838734.24583701
 5846716.17889723 5843721.49575669 5835291.48300548 5842045.05586035
 5840422.13734681 5839918.80444526 5836391.3765852  5842969.87549832
 5841399.71025504 5836012.58362498 5837546.38057896 5838830.03992674
 5845206.51485816 5840352.05563989 5845779.35445863 5845481.39189218
 5840157.40113458 5839485.7594613  5842394.61570856 5836180.65710834
 5839967.65610322 5840893.94681072 5834553.6607878  5837863.05102623
 5837189.16824995 5844365.40878525 5841526.88709225 5842282.09672839
 5843393.85784175 5838864.43280887 5838827.45583675 5843971.16920339
 5841513.27839192 5846037.53444063 5842804.85635913 5836995.6082991
 5842524.66902824 5844451.50056308 5835810.9157658  5843417.54328041
 5844897.54875515 5836739.55147214 5840596.92480629 5840694.78326214
 5844637.41555236]",6149.755764699689,6760.9679851642395,6588.267349191527,6691.472788811637,5743.418641794975,5882.9551765223405,6148.376073109854,6143.041949824784,6154.840260036065,267.45065062470405,6509.953292266773,-72.52819161370309,314682.61005934404,-81.04707328131626,6335.9316611916165,5531.170039351078,4,cod-YAW,Wind farm co-design
"[579195.48758838 580419.28300955 579342.3175032  582266.08174341
 582017.65311812 581602.62455149 585216.69058583 584574.31895296
 580817.30653867 579825.09845865 584869.53026957 587356.11391777
 586784.99163582 585666.46043195 583245.57906214 590085.41864569
 588670.17576481 585051.15744486 586491.88645788 587742.89941714
 584514.248203   585380.31351999 586588.02936419 583288.42019339
 588487.60832022 582778.94846059 583253.73068764 590839.40980434
 586430.0947083  580683.18109588 590722.92383576 590848.02840066
 581160.96325044 586098.33586811 584682.66701155 580669.19177421
 582193.42860183 589538.03057222 582822.85711473 583077.99069796
 587297.26961854 583852.9595486  585206.74138289 582048.64701089
 589091.78160173 588609.13438433 588628.91132208 581345.57808958
 586824.43712086 586377.28608945 587004.36518124 585397.30170452
 587691.5687691  590728.23604002 590907.73312623 588256.25269631
 587190.01865644 589826.72018921 586618.58829335 586192.97952779
 588582.72694746 582386.47711878 585584.22913248 587904.71356012
 585021.35949043 588844.72012341 583516.98021306 589912.1961369
 589402.13022962]","[5834480.80140763 5837711.17731718 5835168.25375648 5841513.38095239
 5834750.22470262 5840603.7964791  5834889.66920443 5835502.31188485
 5838573.25662155 5836318.10170601 5845072.88584613 5835888.6112906
 5835013.48231116 5846157.68475122 5842853.06753615 5845045.70292999
 5847600.07443039 5836525.51938524 5847261.31005574 5847606.99141366
 5843810.3038655  5844510.97601086 5837496.64696419 5839213.09551473
 5846945.26805909 5842202.7093468  5835280.98126727 5841200.62271212
 5845379.31851638 5836168.8807293  5843998.24227983 5841971.63462368
 5839407.88831864 5835749.61853068 5841986.5567127  5834939.05888693
 5840116.40936903 5846072.07182198 5837385.65354354 5838385.93566683
 5846680.47546238 5841242.05987575 5842935.89288456 5837646.0323176
 5839411.2518225  5844392.96015379 5845874.25332693 5836895.91395649
 5840803.56548619 5836684.52794218 5838865.02563795 5837465.13277563
 5845662.08609296 5840383.13892169 5843208.29093189 5839924.37583159
 5844646.83774484 5839826.29335981 5843155.33610027 5841805.423371
 5843373.88095386 5835985.78313818 5839857.8529533  5841656.92824219
 5838262.57938116 5842489.20430616 5840047.26013429 5842147.62425403
 5840935.4116097 ]",6127.718193828465,6746.60821592089,6571.452093425194,6680.853006938038,5704.185004821008,5852.742034190136,6126.295680956763,6118.869028033532,6130.835500525488,265.6465066641134,6487.409155662835,-72.74829432590761,313476.698159059,-81.31332103387643,6312.08738878887,5512.02808493569,5,cod-YAW,Wind farm co-design
"[579086.97872456 579960.69022821 586011.30331606 580453.44040838
 584156.64061048 586787.58019986 583164.95719088 579774.45971221
 581080.09527823 581429.86986598 586466.24607162 581835.82747668
 588541.39173453 587683.45139465 583672.1216525  590912.83428447
 585520.29205707 587503.89953778 585035.55034241 581455.52553647
 583254.47984962 585040.04053189 590821.72569775 586989.40411271
 579320.34252684 585865.0736978  580765.96418946 589657.96681609
 580165.08473022 584176.63758643 581951.88826194 582550.43413243
 586916.42298541 590879.5663072  590143.36936992 582388.32908631
 589117.43950716 580162.26030403 586993.74600121 584597.86569927
 585412.65933371 587998.3660252  587329.42890485 590846.42241508
 587103.95699584 590660.21240314 582828.35878941 588836.76458186
 585537.3670538  585259.65414896 583867.48289622 584182.24747992
 586188.64939688 587583.39233748 583886.79464361 589664.29621091
 587671.49885002 584924.03484363 589170.54477433 582924.78772549
 587074.81410542 585442.7251772  589767.13935518 585671.99352925
 584392.78918976 589395.19679196 581630.42289505 582787.67862205
 588447.49002862]","[5834428.66456958 5834477.37127339 5846636.70918197 5837850.68799916
 5844097.21225777 5835014.43982895 5842720.43621861 5836192.92617313
 5839313.584544   5834592.85293267 5847256.40762847 5840925.46149702
 5847825.60770657 5847591.05903656 5843436.39981195 5843423.94072938
 5845963.37751589 5836098.44499252 5834875.46082146 5840224.7259929
 5834739.41140938 5845308.77710441 5840480.64013651 5838618.81983184
 5835135.46767126 5834943.18236302 5838584.33700853 5845866.30088303
 5837149.64675102 5834809.39624126 5836147.59361121 5841897.56710794
 5836894.01158418 5842352.98974069 5845015.30477699 5834668.16691659
 5846816.66607356 5835492.70161344 5839618.20968156 5844702.85599327
 5843467.86782741 5845898.2039382  5846662.08564988 5841312.60100082
 5842522.38471627 5844102.10596936 5838528.42934473 5844858.10265039
 5837267.9321498  5841106.94003364 5837343.74362676 5841975.84560109
 5844506.86919394 5843530.91557714 5841164.82220013 5839746.78114963
 5844694.4471304  5839497.0194899  5840667.88822433 5836727.40025686
 5840942.82146591 5838462.44189233 5842087.85087892 5836119.9824988
 5836086.39354004 5843498.83242338 5837284.68221113 5839380.5178221
 5841841.30486468]",6161.72988417039,6769.412475458583,6598.6903847282165,6717.3652706643215,5763.098650577428,5899.549239534793,6160.3859732386145,6163.196463621312,6168.397049463514,269.43761801066785,6524.322242497463,-72.37991936091784,315508.9786555372,-80.8266151189766,6356.441214570463,5541.797685109578,6,cod-YAW,Wind farm co-design
"[579069.2301743  582906.46195526 586786.73707713 586415.6285085
 579340.75401729 579920.31731381 582072.73413872 581071.5532553
 581499.03784901 584866.98627987 585818.63318381 579673.91620316
 581003.46100619 588540.51985895 580257.79806125 581917.91101994
 580720.91332166 585487.87345674 588914.89064956 582409.82703554
 584007.12354714 584609.66097204 583453.58546701 587565.69093355
 590820.92885508 589634.89065682 589247.65666411 582955.48320501
 590558.8812364  590920.09870868 587150.59793402 585949.88189601
 587137.72610024 579976.00540231 583395.19841127 590852.72198099
 586849.09759106 584025.65516613 587758.2799597  590894.21748388
 590072.44472025 589056.18570418 585009.47122675 582396.41637556
 583690.92954391 585691.31557118 587754.40976008 590839.95252388
 586551.49502059 588442.87112361 586637.3232448  584506.89975445
 582811.32871543 589930.50130715 584842.21005766 584701.57644738
 582602.19786074 588029.49002528 587708.22284033 582334.73550423
 581035.08080026 585667.53096411 587466.16226359 587354.71277295
 585565.25463806 585840.34842392 583886.76011026 585303.47625342
 589617.18992414]","[5834450.62480507 5842392.69901779 5835014.752804   5847190.85555114
 5835170.02571096 5834482.28912585 5834641.9999402  5834563.82428592
 5840315.37066216 5834863.79041827 5834936.89939797 5835969.53713721
 5839122.64269722 5847827.48283908 5837375.39994565 5841038.35904823
 5838438.2238747  5845880.85284882 5847171.31666842 5841712.24001158
 5834797.41070584 5844714.59398038 5843140.02017936 5836037.25960875
 5840440.64825981 5845906.0334094  5846584.85446197 5834712.5473529
 5844271.8253668  5843610.67957793 5838661.36170689 5846550.09630813
 5836572.44329105 5836702.09554574 5839151.38630274 5842100.64996306
 5844841.76485226 5843921.05385743 5847611.63416293 5842809.06545706
 5845135.57554159 5839535.74472324 5842338.38376466 5838430.73497949
 5836684.46970045 5836274.16527186 5845530.38459471 5841235.27168466
 5841466.79803594 5841347.96012915 5837244.44961524 5841603.27365728
 5839868.49264727 5839931.98788686 5839298.4726773  5837490.52208069
 5837584.05059667 5844034.75627813 5842972.83036719 5835653.46615333
 5836187.68677556 5838330.43011174 5846624.36211361 5840148.81649103
 5843092.86636777 5844012.83629153 5840740.67412711 5840496.69769231
 5842889.65463532]",6166.446353737475,6775.497360999601,6605.440550473882,6723.025876716486,5771.411030752901,5905.458793102971,6165.122699448882,6157.017835982748,6145.155459841745,269.9010688224281,6526.042828076315,-72.3042789250079,315796.8142783803,-80.73030158600487,6356.65978501602,5546.571245996287,7,cod-YAW,Wind farm co-design
"[588539.46971218 579044.94547138 586786.67741339 582897.29635368
 584886.44763046 579656.69011753 581636.14947205 587843.98133392
 579995.12786813 579345.37025905 590812.80755279 581885.36456965
 587547.23847684 580941.34585755 587023.08780299 579899.00053768
 580603.11274352 583762.54473924 585658.99309668 584408.94037841
 583249.28408239 581130.69899476 585680.37942184 580287.80521496
 582434.30597068 584402.38719121 590199.47117791 586332.91855592
 589740.17798436 588991.88202164 582067.45562505 590827.45995163
 587069.42646835 590858.81811658 590911.97193303 587667.12280852
 585282.80674253 589371.45976977 587000.95490637 590620.32586358
 589149.63996275 586403.18014815 583813.33122052 587450.94148461
 584733.15361298 586712.53277564 586448.24665867 584859.53039052
 588834.11813519 586755.50465094 587022.06773835 588134.41339987
 582609.96062019 582560.45472606 589456.09765837 585317.87056885
 581279.60546139 583500.46467799 585111.52790387 586895.00750582
 588945.81929958 585755.73834996 583293.86312704 581449.5987121
 584130.59794049 585835.86355753 588589.96866495 581126.99437885
 586625.68334369]","[5847827.28090433 5834428.48540778 5835017.44484215 5834717.74760494
 5845094.51958729 5835923.85009512 5840601.92309737 5847636.1665029
 5836754.25214677 5835191.28252519 5840436.95371038 5834627.22132041
 5836032.46558123 5834552.46128501 5847409.98068202 5834470.06806935
 5838207.60687735 5843561.67771289 5846144.38835823 5844436.20238629
 5842860.21003739 5839438.9287236  5834926.55279282 5837454.98697273
 5841743.39222215 5834827.88716395 5844904.78525051 5847075.35365447
 5845716.52081293 5847036.14604577 5839589.63572722 5841113.78049188
 5843481.21051672 5842281.67470657 5843365.55130688 5846764.85151864
 5842042.89509995 5846361.064351   5838659.08761119 5844150.23031596
 5839414.19633917 5836298.64401808 5840236.08611272 5845369.32735916
 5835603.575552   5837160.98771747 5839756.51209976 5843129.23477301
 5843378.63332111 5841490.69618944 5845983.90890144 5844405.80315958
 5836105.96632248 5838640.82898451 5842481.0853108  5837142.55369203
 5836458.85060616 5841824.76325427 5839969.29945588 5842437.12102723
 5840525.25750152 5838171.94543216 5837254.34558471 5837377.85769038
 5838606.39040517 5843956.34903899 5841858.52935088 5835474.84067984
 5840619.68550565]",6154.879810329149,6764.971131383138,6593.100922738293,6705.856278754494,5752.488980484399,5888.873158682841,6153.500186215617,6150.533213968621,6128.315858939294,268.4434377495642,6517.744615366841,-72.4767962038151,315050.91321464215,-80.96236452690336,6349.301370431714,5535.188538604394,8,cod-YAW,Wind farm co-design
"[579231.79577706 581181.34906295 584300.27110106 582283.96767037
 586734.33856576 586779.2114178  584892.14105698 585943.04658717
 588820.04744177 583251.76618829 581394.80018776 580857.14645002
 585688.68669219 584614.60829037 582742.6083305  579482.66314722
 580170.55619663 582682.51734511 580336.96656286 580025.35261446
 587540.64258426 590451.45446502 588180.89335303 580909.13884497
 585471.49302243 589946.32223049 587022.29277361 583591.9359476
 579750.85329965 583175.87942444 581630.70638024 590835.37174634
 590813.20178581 590342.09428181 583035.24955286 584564.6308934
 590914.63247921 586270.19086478 589326.01425682 587788.59333569
 585757.91186354 587119.18607433 581799.23815708 588781.73650755
 587450.16962816 585737.65056296 587810.93622974 581534.05063055
 584887.7358113  586671.58097189 588937.72074885 583275.21296775
 588759.99236107 584838.24140279 586660.78609284 586100.905519
 582121.7882978  583936.50327995 588156.79068637 586308.13137056
 583624.73866005 588557.76505196 589616.41068956 584095.17459973
 586669.98274374 585607.35540638 588320.18927001 586391.62489612
 582198.63482467]","[5834534.00781795 5839552.87114243 5844291.48564918 5841499.32318722
 5847330.06733327 5835012.86006873 5845102.53219572 5846533.29987796
 5847336.03419216 5842861.87855634 5834588.81104484 5838582.69517564
 5834926.80546433 5834844.65115101 5842167.46295251 5835504.55938252
 5834502.69313381 5835086.87008472 5837503.81741145 5836831.24832803
 5836016.84320591 5844463.25382391 5847729.07712618 5835311.02357291
 5845893.43319383 5845359.22006259 5836823.81917983 5834765.66124879
 5836164.18901827 5837666.34055668 5837584.21998386 5840985.66453124
 5842219.51439609 5840145.7695935  5838943.61321727 5835793.23856354
 5843460.79113932 5835779.42016958 5846443.75845299 5846969.95783808
 5844353.12362322 5838706.19243333 5840673.20449007 5845654.43831248
 5846078.64113106 5837075.50121315 5844446.73230394 5835995.08285725
 5843169.25394607 5845294.97698233 5839552.73613556 5836328.91155913
 5841584.84766989 5837765.74846691 5843510.44071019 5840779.60782283
 5839579.59686475 5841186.22268887 5840466.7171438  5842619.00411055
 5839616.10911929 5843865.18180674 5843049.11601443 5842011.84636629
 5839575.76798129 5841768.15591306 5842597.0147803  5837794.24160849
 5836689.12878043]",6142.741222951009,6756.090117940585,6582.855901159576,6688.66192307837,5735.100214323205,5873.201972213444,6141.35678805839,6136.544357308517,6127.989591220967,266.85635112508544,6496.326664997362,-72.56583625571353,314389.8549994096,-81.07207040688985,6332.867213451679,5527.278813383869,9,cod-YAW,Wind farm co-design
"[579047.64902058 585883.71987806 588541.49320402 579820.26984858
 583536.91807447 579596.16576208 582402.26912639 584864.98786438
 587483.93936926 581120.49110018 586465.02314061 580738.25767484
 589140.66349192 584517.59189057 583362.88668967 589095.58897421
 582309.95048532 586780.30790198 579914.22786863 585369.19888975
 589980.42410013 584352.05359987 590819.8383566  585551.97224467
 581689.7488479  587570.4662571  581553.83008726 580284.53161958
 587069.09116195 583867.07051457 589983.24129433 586993.5406132
 590916.42588003 582825.47668258 579302.91780481 588169.87796873
 590446.97695552 590851.59559658 580673.67090197 586425.14122638
 590859.2766708  586562.98175528 588036.62949984 589543.78360771
 583017.31604632 582884.39668185 584803.16119041 583832.98295145
 581792.98690522 583274.32557173 581991.39977105 589545.51668475
 586470.65496878 585644.17132055 587673.27496319 582735.92900064
 586505.81969242 588140.8113379  581636.35716075 587248.08086996
 589566.45202192 588391.13502845 581337.3097191  584623.70390045
 588882.23632482 587654.7143709  584822.493046   586588.85835647
 585607.6989072 ]","[5834455.75654395 5846460.74807698 5847825.38719814 5834464.12480659
 5834758.15738534 5835789.66667595 5834670.65511438 5845069.31895201
 5847536.98197999 5839294.33977474 5847242.65803238 5834536.74106159
 5846774.48409132 5834834.10320394 5843017.31645012 5839402.00200057
 5841571.00330764 5835013.64205803 5836527.63635789 5845751.71892817
 5845292.80967001 5844364.93062116 5840441.03398382 5834916.08529464
 5840718.83427742 5836049.4764048  5834608.62957004 5837396.00839088
 5838698.14843341 5843695.48604131 5839922.29121198 5836797.38960148
 5843649.62375474 5842277.77001532 5835086.30862094 5847093.77877465
 5844478.07789933 5842660.25848989 5838239.76412007 5837567.68803701
 5841676.74394733 5841297.70194969 5842504.0055523  5846066.54479394
 5840879.56903613 5836322.33697478 5841081.87491817 5839288.14517824
 5836815.67646943 5837547.37412824 5837874.28206251 5843615.34441656
 5842989.81279155 5838286.21279828 5846287.22767472 5840019.73749454
 5844381.85950628 5843613.57295257 5835756.72466568 5845516.38463495
 5841574.26997134 5840314.36899493 5839955.47286231 5836434.80533046
 5844428.57443084 5841396.84284523 5842354.71072406 5840197.16492874
 5835782.72631333]",6168.467215728285,6774.181579999748,6605.333563195473,6719.106976079098,5774.466414610057,5907.246846694986,6167.124136027248,6167.129179585125,6154.459151171599,269.9268888247919,6529.558594001067,-72.28119947835513,315944.7390924567,-80.69318293587291,6353.925911044533,5550.076816129013,10,cod-YAW,Wind farm co-design
"[588541.01369316 579098.71970204 579331.93989237 586487.48198757
 587573.61724388 586788.20711885 580439.73788828 579778.82062128
 586133.22123424 581542.94054368 580239.21176764 590852.92349802
 585387.36667467 582710.06927081 587788.37302049 582087.49201011
 590902.52755482 583752.78113449 580072.68446443 582621.74957228
 580818.06683836 585773.32573573 584497.02869784 590820.98082083
 583333.97839022 590821.67516279 584712.27695175 589936.57730006
 589182.43818023 586011.0650942  583916.10060333 589478.33664274
 586904.59122608 589052.44192642 590428.19644514 581138.76552019
 580335.64938809 583326.41991887 586904.62400301 590169.27041823
 584964.06995662 590878.82424836 584887.46721687 581782.68993847
 586219.56896519 585048.28256814 582586.19607525 587670.78232762
 580946.6385193  587905.84149849 586467.69207259 588231.34838508
 586708.83009392 584467.49271125 586933.62854629 584746.15535077
 585587.47410929 587130.81091727 587553.50477767 582310.68555827
 582772.58187656 587141.5692231  588409.34028632 584125.0083559
 584246.55696556 589405.84289552 586484.61333661 588447.08482017
 586037.08875805]","[5847827.69671484 5834461.92939655 5835169.89206439 5847263.45318201
 5836044.20809373 5835012.4956269  5837827.60927982 5836235.76442252
 5846804.77184553 5840475.73060502 5834496.27991281 5841465.16143621
 5845784.88850561 5842120.83327226 5847621.08425686 5841271.44061193
 5843085.62061435 5834773.7534993  5836942.9365129  5834684.35036862
 5838735.62710864 5846313.42209037 5844566.38822273 5840598.25398171
 5842975.97296748 5843825.36904216 5834849.39731959 5845380.34286553
 5839433.02811489 5834951.10940249 5843772.5063779  5846176.25998231
 5838680.35463726 5846929.63602224 5844516.53317715 5839505.22108854
 5835124.08101091 5840744.17391824 5837043.00542954 5840038.01894125
 5845204.96606655 5842276.00746957 5840404.3515787  5834655.86085001
 5837933.98217534 5842748.78259414 5836069.76146043 5846957.13844741
 5836006.5748555  5842627.85659965 5841788.70319445 5843637.42426685
 5835918.59439282 5839241.57310234 5839540.45865714 5835723.142745
 5836970.9865079  5840348.37047486 5841375.56962656 5839108.26723089
 5837327.82623514 5845935.04011529 5845226.41799072 5838010.20707624
 5841808.8684932  5841055.21208163 5844725.3774749  5844394.23233154
 5843795.80019452]",6177.910628848596,6774.419125565777,6607.135422301106,6704.41484050057,5787.438638006231,5921.635787151148,6176.54261431148,6168.861624346147,6174.05244183362,270.06899299517795,6534.683425951355,-79.74442127101952,316382.5106777885,-89.0244325137957,6318.164086626294,5413.284607614162,1,cod-CAB,Wind farm co-design
"[579074.86363007 583215.43169783 586787.37715072 581695.55090351
 588541.58170608 586464.81739882 581050.39110325 583666.51148551
 585138.35557476 584668.16411446 579292.54425367 581350.12972445
 590823.94579828 586054.90202792 579880.55783855 580760.88507928
 582728.85321007 584188.94407955 580246.12236423 585915.67987814
 589323.15052035 589122.84323365 582253.09902081 589712.20368462
 584652.29083181 581768.26196347 579587.02902656 583752.47801279
 580941.67837309 586976.06918207 590875.73636897 587730.43063579
 588969.22218031 580965.61108775 583666.36536905 579888.97268425
 590907.88453119 590854.70145771 582705.56009316 590838.19039699
 587574.85486295 587142.95342121 590448.28307214 581148.82890757
 587759.13173651 584564.12177512 585618.98692063 582590.40056719
 586217.48185116 589962.49306133 590144.45187329 586714.93243173
 585610.9852177  586720.19435056 587679.74283677 582305.2178292
 587562.81718733 585075.56643244 589724.19832482 587004.52441523
 587455.25636161 588285.74213314 586862.4438086  588910.34110206
 583867.33715299 584086.05130475 589377.41095747 587118.21395371
 584966.14746701]","[5834438.60887297 5842815.2854855  5835012.69638878 5840736.96862774
 5847827.57203319 5847257.12856924 5839293.61353488 5843432.26635841
 5845444.60706212 5834845.22476418 5835075.74172026 5840011.68643323
 5840509.75033648 5846698.45783991 5834467.99276685 5838596.63376481
 5842149.75312066 5844146.4437765  5837363.33955807 5834943.56380035
 5846455.82052963 5839393.85388577 5841499.15416456 5845773.99784134
 5844780.31662623 5834617.07164729 5835782.42177637 5834773.04999985
 5834552.08696033 5838853.54910959 5842252.02675018 5847605.33043261
 5847076.64033221 5837943.34595898 5836485.36992379 5836507.21060339
 5843193.53585599 5841505.26777941 5834690.67511653 5843796.51369912
 5836043.77728222 5836686.93558754 5844482.29995211 5836499.45795858
 5846731.53924374 5841207.63532648 5846102.215938   5839229.53424248
 5838064.55827581 5845106.23205265 5840022.29251909 5835835.72299981
 5839470.99588325 5837315.59508156 5843855.67350489 5835790.56786842
 5845788.63284864 5842956.79901349 5841022.19210529 5841376.17405375
 5842660.63978328 5839964.19111994 5840518.29359292 5842359.41672427
 5837468.52705444 5839504.87711764 5843679.08992747 5844852.72029885
 5836017.1701225 ]",6186.319696329442,6777.596358321582,6611.229734664904,6717.099571216981,5799.974881217811,5933.763933581839,6184.963316443221,6178.479684826093,6184.906922124331,271.22903611607876,6545.47104867661,-79.60504515296773,316901.60617330985,-88.85745564699045,6324.466224636888,5423.516925581615,2,cod-CAB,Wind farm co-design
"[579269.88502068 579089.20743687 586463.38262427 586787.31450441
 585312.69703579 588540.94511729 579597.5797329  579899.74944317
 581891.95599203 585934.66355322 580235.49605243 584297.59193415
 582240.66783951 587575.43815702 581739.32884269 580102.00683797
 583024.69595302 589122.98313563 590432.08040213 581022.96515413
 581002.77804247 581376.01170953 583152.39507122 587120.38982478
 580609.05067925 590827.10541823 587759.80529967 585731.74139453
 589949.72275201 586479.35060088 590856.53117557 590854.84511194
 582731.61606654 584453.89376952 582950.51532603 584852.4558062
 589528.02745682 583573.62463148 584020.6358398  590335.52471865
 590903.86214973 586886.92976549 588647.89177672 583828.74514519
 585525.34831064 582375.50569104 581297.29412219 586459.47429515
 590877.30520072 584638.09067768 587105.54649568 589561.93874402
 587540.89254205 582250.57721615 588399.90501248 586128.81501129
 585256.77687962 584690.0697206  583420.00662516 581897.9551005
 589035.98167449 588091.4394429  587320.75969837 585335.53694228
 588968.40985222 587536.80688484 584858.61569215 589260.2670254
 587780.85000174]","[5835021.56361028 5834415.48627206 5847256.77078518 5835012.22819132
 5845681.56829325 5847828.48715147 5835807.38478762 5836532.54972655
 5834626.50346603 5834945.03000354 5837338.41063613 5834816.0311369
 5841482.707349   5836044.14906396 5840796.69944943 5834485.35308568
 5834715.69284162 5846807.66377372 5844508.83141873 5839228.25987048
 5834556.48677762 5840074.92103401 5842728.24559989 5838648.80637467
 5838235.1946036  5840607.8204997  5847613.57831931 5846256.50268551
 5845357.31962352 5835901.04197827 5843766.51126451 5841507.09985912
 5842151.45290244 5844509.19179761 5838490.21160513 5845054.19731403
 5846095.40209783 5843305.33032857 5843916.74209092 5840139.89160523
 5843134.97368908 5837071.87888514 5839528.8308798  5840749.64043125
 5840356.94683942 5839296.63715288 5835924.62585908 5841781.04051382
 5842224.62421659 5839479.92424932 5839839.71514069 5839665.96444512
 5842858.71287349 5837758.2616807  5847123.14875201 5846799.52863935
 5842515.98587602 5835562.61128053 5835833.54060619 5836847.38785981
 5842451.90520783 5843706.34563518 5841130.66566131 5837808.11441612
 5844559.89805986 5844871.08294007 5836786.70839233 5840960.60763748
 5846005.04899044]",6185.242853294723,6778.225738215294,6611.348172292935,6717.6787355955385,5798.178660234066,5932.520323591953,6183.886485126793,6184.520965053342,6185.557438571526,271.1362199203731,6538.6470324447755,-79.62657512011899,316961.8114307984,-88.89531129234574,6323.029405121266,5422.16952451519,3,cod-CAB,Wind farm co-design
"[579051.96646365 586466.83340098 579349.48511171 584710.75962032
 587573.51000033 580547.14925495 585689.53951957 580833.01933385
 579791.40900883 585173.79482933 581698.05294878 586787.75710184
 581415.00153682 579665.63902785 586059.25457433 583675.13652976
 586105.12791148 588540.53729049 579969.06821261 590821.29189589
 580265.9898112  589401.02115378 583140.71863443 581948.28698589
 580849.62595568 581117.03834027 582651.73507093 590861.03605236
 588961.188513   583854.87428284 582541.89521423 585016.1559147
 584251.27084726 587066.39596381 587725.33842782 590851.14711095
 589842.47005634 590474.70141787 586921.1292803  589520.16655497
 588871.67920262 581668.38710407 584626.84275097 587102.61363948
 583268.57353261 584387.52581221 590090.06498889 587053.83278615
 587617.38600231 586158.443543   587680.06407868 585724.41855893
 586146.39480259 583029.23953073 590879.01992684 589747.62242699
 585381.37969833 587640.89437018 587388.98915013 589207.7850486
 586665.37886569 590003.47926778 582750.0550575  587527.50011625
 587457.4317658  581508.63239624 583765.86587752 584627.19973811
 588961.67249369]","[5834428.32937842 5847257.59416775 5835209.24689012 5844858.74739944
 5836044.59612602 5838077.51251142 5846197.8856873  5834543.60862207
 5834461.00960059 5845492.75395468 5834611.50749393 5835012.71713063
 5840166.18196143 5835967.70456752 5834956.86076733 5843442.83405116
 5846765.47050938 5847828.02428786 5836698.74862555 5840442.46743913
 5837411.04477963 5846319.90341342 5842712.88847121 5841081.72089395
 5838810.43673638 5839449.36743582 5834687.04641223 5843756.30772619
 5847089.27289716 5834782.74633652 5841894.16608657 5834873.29829589
 5844228.06132704 5838645.27624964 5847603.95360436 5841396.69293856
 5839847.26844951 5844433.67033249 5836982.3103521  5845747.96477868
 5839471.82542988 5836730.91170464 5836813.3817297  5845191.44587032
 5838335.25741784 5835756.40515437 5845109.13267582 5839736.00770497
 5842395.37653506 5841578.31551594 5846832.88962893 5843030.23659248
 5837731.73588044 5840794.85458831 5842286.42502544 5841966.78235461
 5839658.15231427 5843468.29165703 5841159.26544203 5840738.15198792
 5836072.09009141 5843203.07514675 5837422.61696828 5844504.49360404
 5846129.0609545  5835732.5000589  5839698.30981235 5841052.00643857
 5844060.77742303]",6183.614987840827,6776.819401480581,6609.805487570589,6713.850746416923,5794.763934006214,5929.685197497051,6182.258801308431,6180.514709324939,6187.086649446282,270.907967292673,6544.263677630741,-79.65703933690436,316744.48686579365,-88.91888873082783,6332.34829014538,5420.510370010864,4,cod-CAB,Wind farm co-design
"[579079.74619825 588541.05382381 585071.57236838 582012.61855612
 586463.5406997  579591.45102174 585627.05112318 579272.65564183
 583754.26777508 587716.84086915 584634.79227833 580654.10875853
 580190.19751159 586087.95756155 581092.43869637 585845.16343837
 582569.47913139 590921.78141249 581210.15621399 586788.10286549
 580935.10493669 582906.60079262 581935.14838851 583564.77361114
 590156.24897041 584090.92797303 590839.41981421 587269.25446666
 584570.61706794 590871.57607303 589058.99916319 580021.43908073
 581531.29466103 590711.74882878 583081.57914925 589785.79138525
 580341.89479794 587363.3542146  589727.92904228 588223.12709738
 588340.50620536 588788.99245674 590557.21100819 587012.85652609
 586556.71712916 589025.0263087  581991.90643015 590802.13548148
 587071.67563867 584585.22040983 586104.59374427 582594.36268047
 588458.05560588 588578.89981632 587206.75109905 580943.04216853
 587726.15799646 584644.51392193 585278.87032543 583329.2033638
 583270.10616528 589646.09417018 584605.24262971 584763.85563418
 587261.48726473 586799.70822759 585375.65909702 586064.23741163
 584105.95464796]","[5834427.62224521 5847828.31671042 5845353.59899119 5841170.79853246
 5847256.77395645 5835792.59374888 5846113.35490786 5835027.82991595
 5834773.77290963 5847601.67388327 5834842.88099585 5838342.94453202
 5834492.30716062 5846743.26906214 5834563.46461855 5834937.97641905
 5841931.38122399 5843649.25946267 5839675.2279377  5835012.29032277
 5839017.42586309 5834706.38565589 5834630.37862086 5843293.11636875
 5844994.01541732 5844012.69707159 5841020.60101903 5835796.32684697
 5844668.67073938 5842052.51970703 5846918.65064081 5836817.97593839
 5840446.88424614 5840372.46354487 5842632.31406692 5839800.51774595
 5837593.81263825 5836360.7247149  5845744.35902936 5842849.90683021
 5847165.513691   5839492.97685328 5844291.11296542 5836883.90922676
 5837560.81908788 5846345.64654164 5836985.15153517 5842934.30647113
 5838799.80659166 5840433.36039815 5843822.34411615 5838234.54358051
 5844173.07875583 5845270.3361284  5840050.20323127 5835981.77478694
 5841443.77741939 5837679.08514866 5839201.63970189 5836552.1875657
 5839251.93501229 5841279.26181359 5835845.45923825 5836579.4687202
 5845813.59777874 5844863.09399419 5842907.06305115 5841869.68773723
 5841412.92134963]",6185.304446090922,6779.586850265809,6613.227509365933,6715.774745181684,5800.348404757619,5932.363817268678,6183.958308120185,6175.080713801966,6183.338854363255,270.8257740796464,6544.664174254695,-79.62521924576721,316826.41024667275,-88.88647980573094,6324.772919456971,5422.35593083589,5,cod-CAB,Wind farm co-design
"[579058.72644446 588541.09150118 579577.86526256 579279.19729649
 580508.67994007 579874.56502465 586463.47698999 583020.84557418
 580198.998069   586788.33095002 587575.10315542 581522.76783029
 582024.4246749  585099.88578302 590824.49877884 585902.56703897
 585608.36588483 586099.92687842 584614.75969486 581171.4078066
 579899.66020149 582515.55437868 583679.512761   584640.20145762
 584182.30856431 583692.36916074 580821.03307674 580911.59737681
 587618.41456008 589165.63152812 589021.13568641 590233.05587213
 590890.14004977 582602.01471038 587151.31779891 590921.02935325
 588686.05249254 590632.32767792 586255.99142051 589700.6339007
 590099.05123235 581878.71986353 582973.94328982 588195.55500421
 583144.22566669 590855.9440168  587474.20706627 586193.81751227
 587303.79930889 584020.94792556 584389.07824467 582362.18479053
 586129.83840465 587177.75541411 584150.52305213 581777.37490051
 586370.41890907 588420.078884   588720.84725093 584036.76543364
 585675.32333244 588939.74772855 586193.43637032 588619.14686745
 587062.93146028 584635.5329527  586107.29032865 586375.49151564
 589879.55468098]","[5834420.42622118 5847828.34096581 5835759.9240698  5835043.96529839
 5837993.5304332  5836472.65531726 5847256.92974392 5842549.59632731
 5837250.97496903 5835012.30829831 5836044.00330967 5840427.32555579
 5841186.57494014 5845392.52772491 5840535.46688494 5834942.80506709
 5846087.56412042 5846760.02615209 5834841.6521373  5839584.38189797
 5834469.59317754 5841858.64918825 5834767.29954277 5844763.70628377
 5844137.81815588 5843467.51033346 5838742.6266068  5834549.15764367
 5847574.67860118 5839426.21418936 5846986.33411838 5844860.27009888
 5842625.54028841 5834684.17215668 5838661.05752544 5843624.04657654
 5842680.00446727 5844159.13996303 5838013.6151063  5845792.83120647
 5839993.95890269 5836481.73658646 5839899.99202847 5844250.26687336
 5837825.87759544 5841530.93545399 5846739.20262453 5836528.35614388
 5840278.18670114 5835809.67386137 5839279.46958746 5838843.89955936
 5835608.01300115 5845768.66388572 5836906.60313087 5834617.39034843
 5842141.62879272 5845266.26661934 5840616.23862666 5841416.38617734
 5841000.20997875 5846369.6933923  5844056.46392525 5841622.91405282
 5843331.1553709  5842936.23683966 5839759.7875435  5837209.57197317
 5841996.97754711]",6182.99416886921,6777.970231455477,6611.118202420673,6715.891745221904,5791.095763980205,5929.168331742027,6181.643705859104,6173.681783901048,6179.735469252104,270.81179577986256,6541.24065597458,-79.66121589678855,316715.71031065995,-88.92451875213257,6326.218409115192,5420.02288532193,6,cod-CAB,Wind farm co-design
"[579053.93687123 588540.52949712 589160.98754487 580199.47002806
 579578.00699059 586788.36078668 581359.67770172 586779.13489744
 580535.3084933  585382.49062525 584387.59023588 579274.05591588
 587270.10427697 579894.83958167 582541.13554197 580920.42050632
 585815.85870636 586244.40003107 587823.66010059 581978.67644437
 579978.63426637 589122.76544989 583858.21701943 584863.50286048
 590823.48325616 584792.63722303 582629.8954124  590711.55378473
 581724.13072444 587314.81343117 590316.84724574 589522.04162904
 583194.82237139 580883.57176295 583668.38440324 590160.33218704
 585981.07768978 586855.20075613 582502.39272198 582488.65749624
 589906.44251074 584133.01488198 590855.83437077 587724.18621664
 583105.38477994 590909.81296247 586295.7333286  586857.47009712
 587151.59005814 583609.41647413 588443.91251708 589862.43541812
 585282.13734306 590888.87552515 586785.68890409 582035.79280751
 581326.08055424 588408.0856441  584986.49777389 588442.00596429
 587190.30503925 584639.97106275 588890.44421141 585214.61984974
 584835.67775567 587415.75128136 588594.8529734  587298.3064782
 582852.16456061]","[5834425.26393081 5847828.37280517 5846739.10219476 5837251.26884004
 5835760.71614541 5835012.58631025 5840035.56482911 5847343.77421238
 5838055.12388146 5845777.42289175 5844416.07427136 5835031.4426724
 5835800.02295256 5836521.03984499 5834677.78168342 5838981.40811921
 5846369.19033678 5846956.56512697 5847629.77612502 5841123.31330747
 5834475.90266794 5839394.76984089 5843694.05444455 5845068.03486895
 5840497.8296057  5834855.4662417  5842014.09670633 5844020.84419661
 5834613.92810201 5836423.99146801 5844713.275415   5846106.3585555
 5842785.8904887  5834547.39840456 5834766.92122398 5840033.18761943
 5834948.92020789 5837107.95793001 5839437.94533863 5836265.54131277
 5845430.93601095 5835866.18165008 5841590.62788842 5844967.41243673
 5840326.79759164 5843270.64968157 5837954.3520922  5842136.34248955
 5838659.9225206  5841114.58893724 5847098.93104274 5840984.23520435
 5843174.95535626 5842585.06323177 5839921.58487974 5838499.51115087
 5836640.11130889 5840072.46641232 5838649.23237754 5842440.0555463
 5843885.34261    5842197.88738122 5844731.37719187 5840121.66811342
 5836822.14791489 5841184.86214042 5843522.13960197 5845816.88793463
 5837805.27445287]",6181.082095593437,6777.812642404933,6611.091216966352,6709.3250346218765,5789.152310554051,5925.259187471353,6179.725834879697,6175.367429661251,6190.875464049369,270.3737073194248,6541.6292010844545,-79.70549588723605,316592.6439052971,-89.0144996469971,6322.698555059358,5418.007376039896,7,cod-CAB,Wind farm co-design
"[588541.13074081 579028.89233589 579336.3721923  579915.7087079
 586788.30351823 585903.95458489 581263.57575498 583648.40951065
 584101.67183722 585133.24677499 580991.27932655 586462.48513876
 580074.28694996 584980.62414793 586094.65096519 585618.34256046
 590129.43011821 580697.52191793 579730.31722196 582083.08061832
 583004.7499152  584177.20998569 581566.52449398 581854.98226423
 580386.21004551 584630.02339566 587572.55514752 583136.04340301
 585172.26337788 590822.09847579 580916.34836696 589943.33789507
 589544.33829503 590370.99582683 587497.48491299 590812.60295839
 590769.83975666 582635.78580823 590851.56611552 589051.23021733
 590882.18368317 587025.8081105  583797.57553702 589148.49002274
 586622.54302791 581043.9657788  583219.32638353 582850.51760536
 587022.54700316 587324.96492284 586227.71221856 581995.04172976
 584648.18616444 587067.01073997 587356.58166949 587150.8307278
 585734.38663453 588037.76463149 589111.09840853 583313.83317389
 585382.06411433 587338.68088212 587454.13360576 584421.80939561
 588599.85919001 588104.28646904 586376.15751695 588443.79323203
 589856.63053459]","[5847828.27283672 5834408.43441564 5835180.95802305 5834470.69314678
 5835012.4128102  5834942.60980214 5839804.15259802 5843407.74879986
 5834801.18906114 5845437.54294274 5839151.29141826 5847255.79903993
 5836951.98917757 5834869.96352161 5846752.81171231 5846100.88959149
 5840013.26679756 5838446.70340486 5836126.43234742 5841266.74620965
 5834714.9976152  5844130.50832272 5840532.60830478 5834623.50665452
 5837699.83808012 5844749.94061552 5847561.79511977 5842707.12423105
 5836426.23370218 5840447.54976273 5834549.62861625 5845367.03187811
 5846068.08100957 5844616.99679437 5836160.50911786 5843843.57426179
 5843172.82621394 5842023.05720085 5841390.80013735 5839414.21996933
 5842370.85936235 5836863.38449884 5837285.79413665 5846762.91720082
 5837463.1466619  5835816.30031056 5835728.01649159 5838897.06742881
 5835595.62801869 5843788.56439093 5838421.34579396 5837314.06126719
 5841801.58601069 5839859.68733903 5841090.5146054  5838660.23625687
 5843511.72617873 5845753.59984928 5843815.44973337 5840032.16906974
 5840496.45077547 5846281.25549296 5844763.03044509 5838395.47916211
 5840063.79590593 5842367.94225437 5842317.04791099 5847266.54830003
 5841529.3416377 ]",6185.492061215356,6782.251981395158,6615.51106762641,6718.381306309522,5799.120690371189,5932.300512273641,6184.146119050886,6181.363263454215,6190.778177463433,271.01783070330146,6547.552007647872,-79.63066550692255,316890.9103574004,-88.87716202852113,6327.629660140959,5421.97867159263,8,cod-CAB,Wind farm co-design
"[586787.99559852 580125.20036882 579248.89263377 585509.61352785
 579533.52339801 579541.58467833 579848.95525957 586025.24430672
 587646.44154408 584085.85948439 586463.87030603 588541.07578038
 582580.34722168 590822.01863236 581953.30913764 588965.39431185
 581789.0161026  581007.8679339  587252.42788652 580329.64946524
 584956.24511221 580809.46021421 581279.81614144 581544.39648437
 583670.0581243  582521.01292272 589722.48292833 580717.63639079
 590111.27811076 590885.45450051 585801.221067   583014.18198273
 589080.62508818 580436.22218604 589406.89417016 583519.82737005
 587279.28228598 584681.47643675 590906.61184892 590062.66690129
 590854.2208575  590698.58734202 587282.45190379 582654.78340781
 585536.93652028 583275.06699172 585333.54359962 587921.08056332
 588370.40212294 582438.71504995 587190.07532621 584047.60559231
 584950.31684242 586319.02307653 586750.11105511 586796.92653331
 585322.51589404 586108.66839957 589118.19656973 585328.68885959
 583817.04083397 585360.84720965 585114.78463886 588633.79681733
 588301.31775157 587956.24197046 589289.43331479 587152.10067717
 589754.15098613]","[5835012.40124964 5837073.15535556 5834930.61357108 5845952.35433663
 5834440.56187566 5835673.46967701 5836410.91211826 5846657.68074666
 5847582.38084166 5844005.79472739 5847256.88799272 5847828.46826403
 5834680.67863841 5840450.66084304 5841084.65877281 5847082.99695277
 5834618.30780203 5839191.70951576 5835781.52092829 5835182.17595167
 5845195.92521491 5834541.10812209 5839842.45834113 5840478.73501576
 5834766.83820195 5841865.90305148 5845746.03185867 5838495.06617168
 5845073.90406576 5842511.96782489 5834934.85313896 5842540.29798827
 5839405.12175005 5837819.96692707 5846309.60041745 5843230.90977738
 5836476.33395561 5834846.33520723 5843153.18637768 5839972.33482053
 5841491.94289966 5844042.71066791 5846412.95801856 5838544.67655444
 5844573.12994272 5837653.07286453 5841512.8786503  5845356.05893321
 5846271.44671854 5836141.006763   5844563.78616381 5840650.12872734
 5835701.19688612 5840222.44350014 5843578.69003122 5837205.67347991
 5839058.48567273 5837905.32795335 5843451.40677134 5843537.34555951
 5839572.63388177 5842384.80857285 5836839.01553408 5842499.23028447
 5841553.38760066 5840196.79236156 5844145.17311785 5838661.0636151
 5840853.78568748]",6178.4363196309305,6774.896365238525,6607.669333261195,6707.820301414773,5787.032119461417,5923.5109790626175,6177.081559122952,6174.795509486086,6187.861819922476,270.1443632365659,6537.421774501057,-79.73678713397472,316403.7423590048,-89.03096006810891,6319.4455401453615,5414.164313544971,9,cod-CAB,Wind farm co-design
"[581204.1391553  586788.36024103 580145.14762839 584837.74488489
 579030.91851497 582302.70678208 580892.17033101 587795.49022626
 587515.28239159 580548.49893646 586134.10212683 588540.78836335
 580968.41785186 579320.02395077 585312.03926268 579840.77857111
 584318.71807777 583290.85546219 583820.24781186 589019.85955907
 586477.30581004 589415.72995389 581591.35749241 581920.18469729
 585722.89905108 590819.82843924 582869.18599518 590534.18308303
 579825.99869174 583671.20223386 586441.57633005 590841.62319793
 589792.25877745 590919.4281417  582777.3351009  581341.96973555
 585677.11370687 582844.06222872 584557.84546653 589879.36607338
 581981.1514885  586613.95038257 587170.73750334 587590.34700678
 583897.15339738 582621.63296029 585495.24080739 584236.8139165
 590783.06627683 585582.32395545 590873.26246358 583790.07623204
 589757.87863085 582849.50407538 588644.17897114 585379.26053891
 586908.21724925 586572.70364069 585003.56009549 579579.94675509
 589409.21018316 589019.28483894 585707.83510954 587318.95171162
 588095.34871614 585472.12769321 589992.97606237 588624.45816627
 587228.19122563]","[5839661.34711234 5835012.58122604 5837121.87177719 5845033.4559061
 5834411.82607009 5841567.33943316 5838914.15713082 5847623.27737745
 5835996.15886202 5838089.11283793 5846806.48671687 5847828.40212894
 5834553.63589877 5835141.63955325 5845681.75519145 5834464.92905628
 5844324.273405   5842918.01503148 5843642.72557504 5846987.35807058
 5847260.66182694 5846294.02293563 5840590.4186796  5834628.64531687
 5846242.76552652 5840439.76623468 5838660.84603459 5844330.30503973
 5836355.05069348 5834766.83912656 5835589.52423245 5841096.84073585
 5845632.06788329 5843576.93600237 5834696.62333334 5836656.60730778
 5843850.42201169 5841027.32746971 5834837.24192827 5845068.35659293
 5837733.58570382 5837476.24382217 5836647.45254338 5846445.63849515
 5836035.61162513 5839845.42176027 5834910.59281015 5840354.39029054
 5842958.2590241  5842892.60774341 5842085.29377952 5836952.09920703
 5839784.14880643 5842314.94246106 5839529.89627271 5837399.64048985
 5838617.9743869  5839692.88849773 5839109.57753021 5835764.80414607
 5840735.36110295 5843783.57617223 5841115.25725166 5845270.93390574
 5841224.43087765 5842021.58843756 5841523.51360233 5842688.34861776
 5844185.50087768]",6182.9548704756035,6777.699934921066,6609.888363507691,6715.791799965892,5789.535342973086,5927.961241615728,6181.587305032749,6174.05604026226,6168.084588755827,270.9941651593491,6541.24818011472,-79.6555747824204,316721.5795748671,-88.916008736002,6325.468904018448,5420.178146396965,10,cod-CAB,Wind farm co-design
"[585029.02375791 589394.34004944 589748.50049505 590144.2909231
 587414.79659257 579228.3782995  587116.68130759 579010.46812084
 589279.60533655 587408.27903476 588515.24093388 590918.68134334
 582797.48414486 590582.51831026 580236.42904668 583249.02366195
 586154.21827107 586283.89077599 586016.7533663  588352.73121399
 584654.69180134 590106.76950469 579842.72187078 580827.48848818
 587133.78624122 579497.10151909 589680.70007511 583161.35686671
 586158.11953854 582237.82386875 586881.78852331 587478.55790959
 589044.24498109 580463.56681286 583782.98528557 584585.51033947
 587476.08689266 588301.31961971 586346.56311388 590854.59179991
 590880.21621071 586583.8468522  584483.00316998 586463.26249012
 584374.71972238 585037.01596185 587844.51702772 582145.05445374
 583298.57486334 585446.83464811 581051.70195263 586788.33614849
 582114.73122196 588541.06262193 583977.47994635 588868.83044213
 579966.46031394 581530.02264789 581030.92407832 586020.17547731
 579995.67699482 590821.87072675 588962.48024187 581992.76159208
 584893.34302751 584324.31014794 585511.41895853 582985.05383084
 583135.66400575]","[5845295.65840435 5842004.72130034 5843027.98372212 5845016.00383055
 5846190.43940285 5834922.14413996 5841314.89982726 5834399.30749593
 5839487.74742584 5842392.37765689 5845540.02372944 5843539.74426936
 5842052.24914799 5844247.20752123 5837341.04077996 5838375.84418839
 5836055.88151423 5844844.11789114 5835058.8499103  5839711.39402843
 5835844.00597433 5839998.59006557 5836136.18955143 5838491.40340287
 5836703.34051855 5835566.94641763 5845829.26645353 5842741.7488786
 5846665.30088697 5839540.0601237  5839928.34608911 5835965.37324642
 5846608.93202567 5837886.01784458 5843591.77225733 5841567.81978614
 5847535.53014983 5844474.47966085 5838362.81760578 5841487.62030305
 5842307.87001684 5837524.20005325 5844548.88158716 5847256.8733686
 5839780.1631589  5834874.28358219 5843464.09324599 5835863.76406986
 5836568.16042948 5843690.79692638 5839297.3426088  5835012.30574625
 5841310.55622127 5847828.53471264 5834790.78322811 5847253.527773
 5834474.65905793 5840430.75690568 5834558.55637255 5839174.61551423
 5836763.31515413 5840440.29431858 5840875.6434127  5834739.87180542
 5842729.3679585  5837422.19478142 5845955.27423343 5834712.56209316
 5840487.38860818]",6188.966459367559,6779.213028567183,6615.274501310092,6709.727720883009,5799.628665782821,5939.148085030114,6187.605181902658,6172.614398428851,6181.137967371033,271.3169508577878,6547.396788810372,-72.04223259769635,317072.4348106432,-80.40668655809128,6317.36695932889,5566.691481838589,1,opt-SGD,Optimization algorithm
"[588541.06056859 582712.249047   584337.4263966  590867.0341165
 585737.63661237 586130.98520297 584674.17100981 584271.23775162
 589647.20786536 590895.49415903 589196.79038715 582764.80706484
 586711.6037328  581588.54052927 586788.33032046 587817.04411657
 590919.43085915 587180.16806387 589018.94416347 590096.13726827
 583592.33434338 587240.90917358 590543.87371072 587159.02726532
 580311.84194291 582172.7727822  585664.62011141 586141.5178765
 590821.87858745 584501.73468617 587651.37183821 585558.56003467
 589122.35279203 584633.27835724 584625.13737792 583241.35931499
 580900.66601726 587395.21439828 589096.88020345 580705.07959856
 588226.61690982 579010.49580423 581080.70159473 583312.75368369
 590151.57801282 579746.51410734 582055.49418977 579231.47027188
 579612.53312811 587756.50309787 582144.4465671  581189.54491067
 584666.50454099 585083.99473267 579880.05029555 583432.0982559
 581546.91760272 582628.08936732 580002.39272109 587139.18458685
 590739.74348614 585086.85054753 587552.83466858 583711.14482447
 585768.13251405 586463.26843574 589425.17372989 586648.57848646
 588649.49057738]","[5847828.52851732 5842127.55360811 5844144.59061326 5841886.70600552
 5843685.4298238  5841563.35758169 5835956.36644341 5841781.86413364
 5845615.44783875 5842796.81326154 5843767.81035391 5838668.74017122
 5837330.28038339 5840468.05688216 5835012.3037871  5846705.29668585
 5843563.86325836 5841028.78897925 5846990.17696938 5839992.11817499
 5837897.50980447 5842761.08210258 5844315.0208851  5836665.65432667
 5837522.0048346  5835633.03924583 5838425.90074672 5846679.71031329
 5840440.32927706 5834939.34512006 5845687.99244556 5846019.77456414
 5839392.75217657 5839425.17177602 5844743.35748763 5840561.35001617
 5838934.92534574 5844382.82915174 5842483.3430602  5838244.13051533
 5840281.73039029 5834399.31207869 5834562.47544263 5834738.3851231
 5845003.22052943 5836165.46569299 5834717.09801819 5834929.57951483
 5835552.57824268 5847612.68321358 5841351.1915236  5839628.11746181
 5837307.43453633 5840379.08057831 5834467.85202148 5842906.19167151
 5837106.60553824 5836490.84886011 5836779.45240988 5838671.39898693
 5841200.70440498 5845374.66854336 5836025.77009683 5843493.13140919
 5834931.90363964 5847256.8791962  5846277.56094906 5835774.50027106
 5841519.42045125]",6192.1224252743095,6786.803436100409,6623.811720993029,6713.403434863258,5803.629661103107,5942.219381639718,6190.7685790333235,6180.294450149648,6205.036801577581,271.37176448236113,6549.4549656946265,-71.9846317346682,317228.7153597174,-80.34376707146943,6315.748461539725,5569.8898747863805,2,opt-SGD,Optimization algorithm
"[590909.82182835 581019.55768613 582719.72339937 587023.72154146
 586278.85432814 590881.43573085 585452.05351327 585008.62097207
 589721.69927373 582845.29814737 584395.81508668 585071.55795636
 585738.35150539 588032.50559951 587480.69334881 589312.61085354
 585120.42171605 581942.06440824 586159.11724444 581271.50090553
 583528.99349603 587575.45095341 581841.54844556 586021.8607725
 579623.45684809 588823.72888146 586958.8108762  587961.11163824
 588493.56548318 585169.55353098 590779.43668126 579742.95094772
 579010.49360661 589735.51294527 584712.43555104 583935.77517646
 586786.50535889 590101.67410445 586658.42339629 579228.37241583
 586788.33614215 583193.90223956 581451.47503834 587537.6055335
 590728.62105762 580855.2247921  590227.25511839 587152.73911076
 584409.16612747 584581.57630514 583428.32994034 582551.09349599
 579990.1033134  581101.78194217 579922.94487573 580343.6717275
 589302.79032152 582716.28920318 590821.86881861 580551.69979388
 586463.26090227 584122.73763588 582195.7562495  588161.68556338
 585994.26544073 589124.66017635 586953.73683855 588541.05873832
 588503.49530745]","[5843256.70033403 5834557.65829478 5836294.76705935 5844687.96835475
 5837979.40906495 5842346.81395525 5845874.10748325 5834872.05536366
 5845564.02052278 5842309.5354141  5844429.71063256 5837252.33837943
 5843306.79344684 5846689.1968017  5845892.15346499 5843378.64207648
 5845234.58823    5838177.27218864 5841273.14371443 5839565.35433082
 5837651.84574119 5836044.15420931 5840935.12622469 5834951.89887898
 5835557.96260441 5847332.61029601 5836964.57666401 5841865.73408071
 5840586.11904872 5839343.31745429 5843901.78591994 5836156.92716707
 5834399.3185441  5842146.18907913 5840468.25013557 5843800.69328316
 5839826.89105671 5839995.46697826 5835987.84809186 5834922.14260839
 5835012.31282745 5834729.02791172 5840229.29643151 5847552.45955105
 5841323.43590687 5838825.89894469 5844870.47600005 5838660.34699806
 5841644.90566747 5836277.7013373  5843106.78059242 5841702.3579513
 5836737.09505494 5835495.66259721 5834595.15612382 5837384.17378056
 5846492.2461626  5838949.60586541 5840440.34696185 5838097.57803588
 5847256.87362139 5834802.23448404 5834650.36898305 5843803.51583029
 5846615.53701433 5839392.0596912  5842704.1896754  5847828.53276862
 5845050.95047365]",6189.237845974261,6780.106354301899,6615.545986752335,6707.850151917465,5800.841433449559,5938.788748330772,6187.8711683809715,6178.505673629735,6204.670742565605,271.23377086654597,6548.869580120619,-72.04745782194041,317083.2238740682,-80.41330836640424,6315.874384590667,5566.592031858677,3,opt-SGD,Optimization algorithm
"[584654.39231252 589961.37738758 583274.92599154 587109.98515476
 585794.86309902 589754.26659018 590806.10135569 582207.85695982
 580084.25935039 585214.39609666 583043.34021617 586971.57954907
 579740.31164968 584052.32891896 588886.90882019 588587.5903299
 580872.21187547 586463.2654849  581744.48612179 581586.45341165
 590116.91030842 585721.59667367 587653.78416861 579481.0977425
 586788.33348394 588910.03067995 581889.84138601 584604.42400359
 586219.20952375 588202.87980219 585280.04516707 590848.20212756
 590897.86505817 583153.86655297 580712.87497165 590917.66797935
 579010.49417186 588541.07428431 587112.11138203 587946.0120974
 580660.4483204  590623.79280407 581947.34032362 589745.56680517
 585827.17093292 579354.67777869 584884.42836491 588837.86680007
 586261.75499697 585054.9108929  589057.70462107 579736.01015514
 586225.41603179 581181.38131602 587486.53690109 589618.24413243
 583219.97544762 590821.7159729  580281.50224775 587498.54406137
 582659.31992029 584482.21621305 587152.73281711 584060.95829073
 587187.41200903 581702.33727419 583526.43020838 587805.21511196
 584011.70247444]","[5842884.4792558  5845336.86659733 5836342.51811769 5836738.92532922
 5835012.51083326 5839780.85134227 5842193.16610014 5841437.85171662
 5836746.13117163 5845549.11617635 5834717.14880481 5835553.21423314
 5834456.83985209 5843904.20305375 5839460.24564749 5840612.34337425
 5838866.66156989 5847256.86624022 5840800.71631997 5840235.94220012
 5844786.30108603 5840536.8874257  5847584.4044017  5835528.5863054
 5835012.301629   5842481.99845258 5834626.25850361 5844715.04281568
 5837211.548108   5845962.95897195 5839148.17577295 5841282.86353711
 5842873.34385107 5838018.15740532 5834654.89625947 5843507.65086759
 5834399.31771323 5847828.52012136 5846641.11699032 5844721.89844615
 5838216.01583975 5844174.82939431 5835615.05180819 5841389.30095315
 5846387.0377766  5834956.70443974 5834862.25723645 5847307.8400336
 5844877.43362906 5837603.37821433 5846661.96785477 5836140.24683432
 5843845.04260663 5839608.26406242 5841996.76169884 5845938.84131755
 5842821.91873208 5840440.19683359 5837449.22491644 5836158.82073452
 5842055.25996546 5841824.46389017 5838660.3388432  5840801.43342455
 5840049.09693062 5836992.27368482 5838874.40925423 5843458.71010123
 5834880.26137121]",6190.423446906711,6779.637358422715,6614.2779136163135,6711.596824091168,5801.330525418726,5942.723841816849,6189.051243274652,6173.200250112797,6180.155553633245,271.34440387576706,6553.662018034234,-71.99862509456564,317090.12281358003,-80.40867336586771,6313.970496170107,5570.188410651053,4,opt-SGD,Optimization algorithm
"[585557.86499465 586968.6097348  587674.59109469 588541.05840835
 585581.84858539 590821.62156793 587073.61515478 579741.32258157
 587582.68527651 590839.99265044 586230.72243428 585889.09650401
 587539.46711    587535.06419756 581293.62688604 580773.9004608
 582082.25171284 590832.65502687 589661.91644339 583062.59338837
 590881.87136452 582013.89905087 581676.16855381 583417.20689294
 580243.85837582 587666.54917334 581126.75973005 583292.05842459
 588424.02478305 584964.08990104 584512.05222189 589765.86936706
 590731.37575268 582568.61665471 584814.42806219 589111.70191178
 587539.6993199  579979.84247742 583856.93319087 580605.17793742
 579234.59391023 584160.20925907 583647.58025707 587180.47732759
 585161.14607216 588585.02269197 580971.67614532 585210.16713314
 586155.94245329 582412.47247803 589956.04298168 585336.37291654
 590908.18574162 579612.34101609 587965.38345303 579010.49323796
 588838.0487629  579846.68154086 586788.3318877  587152.27816567
 584348.34362528 589810.68634269 586463.26946208 590452.7658724
 581949.09342843 583049.35126911 585585.00872143 586686.33135801
 584792.23469054]","[5841580.16275745 5835550.75426892 5845696.52337339 5847828.53599424
 5843248.55053545 5840440.13609016 5836649.24321578 5836138.03398468
 5843389.32561652 5841020.20933905 5844337.43269744 5846471.7175914
 5844792.65205106 5836104.41643776 5839877.87609442 5838630.69668179
 5841265.99300465 5843808.38862928 5845862.23719024 5834718.68110565
 5842360.96773655 5835981.13490546 5840587.26403564 5835727.67461049
 5837358.82758729 5846672.74761898 5839226.68997803 5842756.96098611
 5839606.83738308 5835954.8446896  5834832.904594   5839796.22216943
 5841710.65941036 5841931.1782758  5840255.36224492 5846577.19630364
 5847553.02317013 5836725.32409626 5837774.36744961 5838007.78490912
 5834937.09705457 5841588.64600883 5843406.62721567 5840489.280561
 5837403.23464388 5842676.16205996 5834553.88316734 5838770.56659342
 5839510.81227402 5836949.48388029 5845143.74038732 5845715.89754501
 5843203.53257303 5835536.91335953 5841487.4227544  5834399.31692117
 5847307.53826167 5834465.2227526  5835012.30187005 5838661.02017824
 5844200.1325799  5843148.3278348  5847256.8790315  5844474.83790312
 5834742.10860533 5839679.60060629 5834917.48694082 5837371.24715015
 5844971.832148  ]",6190.012889914976,6782.150761627557,6618.019517643784,6709.383394154909,5802.48580096559,5941.236659676602,6188.646305270369,6183.151961325725,6189.417487531482,271.34369881229577,6550.275889856728,-72.0176097350283,317078.9457132992,-80.39114468407456,6310.314960058586,5567.7923455234795,5,opt-SGD,Optimization algorithm
"[585515.05841818 586788.3319005  581188.26418531 585302.82299115
 584249.49306888 579994.17506962 585623.74838224 588406.28006986
 589712.28330453 583984.26621195 579500.73977539 584627.63804194
 583843.21944869 590852.02300626 590403.77858911 579010.50262113
 586974.75435869 586654.76828061 579854.82201113 585567.78395237
 587475.31389478 580555.47103999 581182.22420693 585704.13370436
 580115.73540243 589651.99051053 583459.86763162 588704.68949363
 582384.44343519 583536.80127507 587589.83608419 590904.38405021
 587887.91344994 583634.50226058 582681.54345804 585557.5234352
 589240.75778026 587459.86932277 583986.91848552 580241.77721657
 584637.10083905 581909.14367017 587347.02262312 586265.5018289
 583391.76570532 590745.5076538  589922.22797234 589495.4303442
 579228.41368127 581035.39939125 581417.30702038 586001.85017764
 590821.83720023 587372.84110666 589106.14935884 582422.68646222
 584590.22493856 590851.49626283 587551.32779318 583202.83272518
 587089.80266548 581447.67589923 585815.53864494 586463.26672971
 585084.34049913 589121.67703487 585669.08204756 588541.06292402
 581463.25260913]","[5836885.46683255 5835012.30426538 5839544.94947734 5845455.1942699
 5844031.63402387 5836759.74014687 5841292.02263774 5847278.3769515
 5841192.77586401 5839850.33285533 5835575.75212813 5844746.67405769
 5838905.84548123 5841405.37708364 5844560.75578763 5834399.31465049
 5835555.75603085 5838670.62489193 5836150.22464948 5846032.32047647
 5844501.72694444 5838106.55265493 5834653.27582834 5844007.3724946
 5834486.42823935 5845879.65202478 5834749.98417943 5842092.61403664
 5836741.34707828 5835987.71393739 5845519.64276543 5843081.93783212
 5846462.23296169 5837909.79100265 5841987.2814912  5834915.36052357
 5846601.05033097 5847531.07198975 5841950.47113678 5837353.92575229
 5834842.75812692 5841029.43626211 5843092.03517806 5837870.46695718
 5843056.81545597 5842360.38080081 5845192.44736926 5840135.74444745
 5834922.25815148 5838920.28324427 5837691.17646525 5846625.91198886
 5840440.2697005  5840218.77288797 5839397.34212588 5834668.24942047
 5842902.63060688 5843775.32899013 5836080.0756942  5840934.74516145
 5836769.07449233 5840245.07731463 5842458.6000583  5847256.88509076
 5835945.83648074 5843520.28073346 5840130.02414265 5847828.52927741
 5835653.39841417]",6186.905250016639,6780.992069151409,6615.815489615894,6700.018618793932,5795.894232067079,5934.763331636177,6185.518230556395,6177.872410506707,6188.023226761726,270.71730703011116,6544.435781007305,-72.06752580183907,316903.8990701269,-80.4508906339733,6308.491426334881,5564.90192157876,6,opt-SGD,Optimization algorithm
"[590897.21985192 583392.26893674 586554.79815103 589933.68231355
 589625.13600865 580607.28155577 587536.73879248 583988.57244709
 584271.20109856 583125.60926036 582597.54602011 588199.92684836
 581581.28849048 584285.9592476  585249.96905811 581128.83264146
 579289.30787484 589136.18296414 590724.63041099 585748.21986299
 580835.22516073 582241.01680569 582034.36668076 579010.49039342
 590872.11202437 588996.55565371 590821.88083258 585724.00795579
 579700.08773144 587021.67350597 583469.03752671 580807.5681401
 588541.07361623 589415.44532711 585565.00162032 581799.41357231
 584764.80279863 588452.71253724 589845.3172047  582838.97451953
 585148.15386408 586463.23121827 586963.85628722 589970.41733667
 586024.674513   583772.92172469 583095.25353178 585787.53227875
 587565.07940017 586650.52074171 582087.6370643  579560.62376161
 585563.64671432 583999.82800988 590446.08927182 587575.40022453
 587884.36391378 579845.5435724  586474.30540519 580889.20137526
 590921.84093583 586788.33734603 586261.07653748 585056.64058537
 580234.87965477 582480.96485249 587133.55179975 588884.37324443
 587152.7228941 ]","[5842852.08915163 5840671.39685286 5835816.73959569 5845201.11061979
 5845926.76210408 5838074.39211924 5847552.21045891 5835852.79426015
 5844259.35372265 5839523.26561729 5838250.38808225 5843107.89934402
 5840260.27596261 5836829.62198417 5845597.69226515 5839482.38706914
 5835068.37908681 5846532.39184261 5841381.49602096 5840771.16395771
 5838777.91131021 5837238.27061397 5834764.53282478 5834399.31501929
 5842048.25885038 5839428.81872774 5840440.31461217 5839826.87029217
 5834453.67894527 5845629.47483486 5842969.84406592 5834540.96314515
 5847828.52458188 5840713.81206478 5838963.02197524 5840879.39352982
 5844934.13352123 5844546.17137773 5843704.5446015  5842300.91858363
 5838023.67045701 5847256.80663642 5836807.1407272  5839914.368292
 5834952.11919013 5843577.97921654 5834721.26572905 5846332.85339361
 5840844.93360436 5844566.90526021 5835918.19538072 5835719.38380915
 5842318.637779   5834792.5676878  5844486.56702578 5836044.15393904
 5842051.99149052 5836403.08523441 5843475.27912449 5835372.6755849
 5843640.48404636 5835012.31675852 5837401.80726122 5834875.83215495
 5837337.36064554 5841675.39765134 5846609.57812857 5847226.27992494
 5838660.34058149]",6188.701955355988,6782.278652079909,6617.423303714243,6710.896822139207,5801.981273702945,5937.957121170348,6187.346605543377,6190.698874506759,6209.013087766333,271.2088137500491,6550.065867161018,-72.00244141214958,317028.35913580493,-80.38854000207942,6321.641313491144,5568.379963557337,7,opt-SGD,Optimization algorithm
"[581952.25088776 583993.05731156 584985.99389076 590868.69171462
 585811.9745215  583131.96665951 582742.60274984 590549.32352469
 584793.71635172 580682.7286744  585954.78855729 580071.19981947
 582810.3526259  579738.11545048 588973.91845025 588517.87693748
 590821.8791225  585817.038272   581385.64268283 586463.27451588
 585790.48561014 583093.63572863 590147.27879586 586788.31004278
 588592.29998086 581141.16074121 588541.06166401 589031.89668494
 587657.45648008 579259.36633539 586014.80634353 587152.73097766
 590920.94634816 589578.69142487 589124.22338801 579010.49194111
 587261.48905771 583766.57966396 586680.11963629 585012.31253295
 590899.52433058 583574.11255651 584610.00253629 584966.69518422
 581616.26080985 585103.27520506 590010.61668137 588142.38937732
 581817.36515097 579647.78409899 585667.0657582  581909.76947597
 582223.02246314 587649.1017349  582653.82723248 587540.7185091
 585952.47108068 589329.56327224 587339.78169146 582156.17772637
 587366.94733015 579793.99461969 584076.94612661 580361.30339603
 585257.39005135 590730.60586951 584579.22774831 580537.74482859
 587428.42285471]","[5837383.00609386 5838014.28464232 5837526.15111569 5841940.46203716
 5834935.36042123 5842701.51885662 5836452.27773276 5844305.47103731
 5834933.44403974 5838411.9917422  5836790.08902137 5836944.54137803
 5842074.32221392 5834456.6655006  5840893.6079028  5844474.54464073
 5840440.30909826 5838846.47359242 5840098.67234757 5847256.87951246
 5843123.15507512 5838611.39708444 5845010.77227762 5835012.30472789
 5846242.03530627 5839511.91233963 5847828.52678151 5846967.46236715
 5841859.39266256 5834996.54532078 5844105.17216741 5838660.3530498
 5843612.21721804 5845805.32090159 5839392.16849365 5834399.30920473
 5835788.87674795 5834774.15807431 5837380.58501431 5835724.57930436
 5842925.95093743 5843306.14689824 5840272.80765374 5841070.72499108
 5834604.67610462 5845367.10718539 5839939.20873937 5843445.04685124
 5835592.78201159 5835658.27858442 5845961.36951457 5840786.34719363
 5841458.51372262 5847583.12537259 5834686.47779838 5846919.11708318
 5846558.3525486  5842573.34437802 5840256.88198795 5839231.84714482
 5836355.25149514 5836279.39256866 5843993.75430514 5837640.70251489
 5842105.20818598 5841242.79543749 5844680.58485413 5834654.75943751
 5845184.45222049]",6189.7082871712055,6780.208686974762,6615.808520235231,6709.568754629987,5802.221170122901,5939.684954417896,6188.333483709687,6183.328967724616,6197.029786800949,271.1811281141761,6545.9437003604435,-72.00452606966526,317140.657549165,-80.35694498705217,6316.098027893746,5569.662129205466,8,opt-SGD,Optimization algorithm
"[587374.05364375 585895.69245813 589325.72364653 589209.0530143
 586788.33059375 583072.07706328 590869.13224811 585821.79811741
 586415.06729998 583016.47658733 584839.33071584 579010.47094167
 585381.00048383 588197.06076991 590097.62753628 581300.78297406
 580358.42229848 585417.71487806 589928.07089831 585304.02837386
 583374.80121037 581476.79458056 581367.83780073 590821.87898758
 585440.14168201 583821.5146522  588280.0659462  586999.40391886
 587558.82846704 579775.90410528 587166.80896608 590170.22419756
 580904.71275909 587106.18218945 588837.80954125 579912.03552208
 580963.29322839 586463.26444917 583190.58442304 590617.88442014
 587152.72331771 585780.68400618 586701.5465651  583794.44789043
 586025.21646194 579628.4481675  590918.17910923 583579.48682925
 588572.22756758 579228.36815111 580775.15571587 588541.06695233
 584337.14541026 584967.29639767 585046.83164202 583127.29332557
 585072.74305731 581978.90217593 582422.95332109 589165.34788439
 590897.72127697 589070.43565279 580081.07443182 582045.65279134
 589126.58273173 584067.50628661 581545.46470219 587478.74902887
 590755.67360347]","[5846452.23051965 5846480.74123694 5846154.91062685 5842231.33039093
 5835012.3029638  5834719.4215371  5841953.52643852 5840652.52104495
 5844900.99974875 5842354.37137501 5845036.26159373 5834399.31134497
 5845776.94896129 5839981.6230776  5839992.94943755 5839674.58786155
 5837633.77310872 5843401.70459346 5845395.31359474 5838238.61059196
 5843033.58385508 5840312.0160871  5835619.9063042  5840440.30245946
 5842112.63547871 5843644.45235823 5844998.39770564 5841669.50340432
 5847558.29085359 5836235.99911599 5843473.19270683 5844773.83473089
 5838944.61368428 5836565.33444045 5847307.94475817 5834612.29649929
 5834553.22245253 5847256.8770471  5838068.52238376 5844185.20455704
 5838660.35749971 5839631.92519125 5837348.59524762 5840687.32894209
 5835084.45126125 5835625.90192638 5843523.52041979 5839486.77212576
 5841030.30331459 5834922.15027871 5838353.11273496 5847828.52707183
 5844349.52530925 5835927.74031486 5837288.76738097 5836181.91399303
 5834877.09661471 5834633.29099272 5841731.68766931 5846733.33900012
 5842868.32688445 5843344.70580036 5836968.17628768 5840990.58371308
 5839393.15921738 5834797.89938008 5836796.99967754 5835965.54023338
 5841231.73356168]",6192.869972434469,6787.260070162797,6623.438310602291,6713.258744763569,5808.161235183579,5942.775833297424,6191.503639863691,6183.628761964586,6182.459472684827,271.5048502119749,6554.634952792679,-71.99648610934642,317234.1849951478,-80.36531351472576,6316.628323248995,5570.080708101338,9,opt-SGD,Optimization algorithm
"[590229.92802437 590836.38194565 581249.49275429 579615.71830628
 583576.90786319 589032.367421   590912.48476865 585332.37794255
 582610.89337136 587991.79160878 582581.6126193  589482.23746092
 588849.19286422 586083.76076651 586974.62364341 586463.27522952
 581238.52654358 584627.21964972 587151.51538855 583407.06038236
 585410.12933507 580665.6657784  583857.87209715 586596.44184274
 582346.47910368 579230.54497049 585899.68293259 585921.42935009
 589793.42201523 581464.42856351 590666.01330254 587083.81991703
 584814.53633671 580962.47674675 590652.18052249 582045.81545308
 581559.12595953 588396.95936017 586973.00046092 582855.52568955
 583740.36338296 582433.05706757 585959.6326691  586063.20645303
 583117.08328497 580267.65916738 587550.65992932 579953.71014634
 585601.04856251 584457.98432391 586258.41659092 588880.59696076
 588541.06913497 590865.46089893 588565.95534123 579972.52622478
 586788.33327342 585698.51031865 588861.63840981 581523.78450167
 589550.10296103 587354.37133601 579731.79246208 584317.89764729
 590892.69257191 584247.75940916 587555.58321808 589670.94571986
 579010.49753813]","[5844865.76358226 5840904.72516059 5834575.77577456 5835530.63006375
 5834759.20423293 5846681.20424594 5843341.27132837 5845710.45845177
 5839443.80968115 5841474.91682759 5841703.10034766 5846165.41143271
 5844741.51662028 5842024.6775078  5835555.65237493 5847256.8760455
 5839745.64573381 5834841.98721305 5838662.47944206 5843005.08304444
 5836147.10149725 5838371.03515726 5843694.17692539 5837471.73604644
 5837896.87502394 5834927.35798719 5846486.17058836 5840861.35498023
 5839805.04408584 5835643.08092488 5840344.0356596  5836777.99446036
 5845002.33678476 5839083.22130888 5844124.929221   5841092.37741525
 5840445.57534236 5842528.24650522 5846654.80371581 5842323.53562064
 5837108.45946078 5834669.06255552 5839655.99883288 5843273.26027503
 5835999.25579466 5837415.93275384 5836075.26910317 5834473.65622521
 5835002.49684051 5841113.29459229 5844348.73196071 5839462.05927535
 5847828.53042631 5841835.40807596 5843661.39827497 5836696.10272299
 5835012.30203787 5838188.99776856 5847266.16149719 5836957.72182157
 5841736.917914   5845483.15141478 5836130.1185104  5844323.2126413
 5842707.71875638 5839513.89179967 5847557.39527111 5845618.10515048
 5834399.31398766]",6193.10065890092,6782.920154203239,6618.554944377351,6715.180889968926,5807.759505310846,5945.197896889463,6191.740738557818,6178.662474479416,6191.610336046339,271.6414201550498,6551.012114856483,-71.99354035016808,317294.63161090796,-80.35982258730144,6318.864127476986,5570.239764477143,10,opt-SGD,Optimization algorithm
"[589969.82801242 580534.05213191 590141.67375482 579920.47034239
 588354.3403606  584345.77981349 582717.18584853 585192.90094628
 589962.76283821 587893.78614426 590372.35541344 584552.85607501
 581466.02934526 582644.94191644 587115.3997915  586484.77817769
 588289.09581973 580413.80431242 586300.91999625 590348.33333773
 585742.81602466 581804.79745697 583084.36193491 585462.26983336
 586762.11657536 580841.50170908 588504.76273018 583023.18876023
 585165.66393708 583391.37020652 586627.98619406 589777.94565851
 581474.13172989 587819.01746397 583961.57180756 581600.90753892
 586283.22646528 586120.14498038 586493.5163189  584622.00582301
 588902.34389928 585037.22478227 582463.19316548 586312.13095695
 585423.83659633 582548.24427884 589139.47924642 590737.44847761
 588980.40614217 587792.65572034 580699.80192654 584954.47738588
 590897.18148653 579320.97861302 584142.17114964 586347.36885808
 587027.16621137 588162.97542605 585537.43494769 589940.7554748
 584087.83467279 584895.46425355 588329.51054319 586150.34086364
 583708.22874541 583939.79831975 581313.60187087 589465.70639748
 587562.913363  ]","[5842606.5224255  5837320.72354343 5840800.18562204 5834924.52507928
 5845226.033894   5844358.57080068 5834855.35108243 5843753.25102179
 5845083.92532899 5840351.59383984 5844274.3284768  5835868.62768021
 5837003.85557428 5837067.05798226 5844929.81997542 5835867.26179324
 5843609.59072997 5836250.29234266 5846028.10197089 5841779.62540723
 5836416.46404263 5840849.63805297 5835799.08306863 5845245.14702971
 5840265.18039001 5838286.9157942  5847800.77636352 5841476.94401541
 5841130.22481721 5836559.95377102 5847295.05574586 5840144.25263423
 5840059.65745727 5846120.1774956  5843567.55740556 5838082.40325378
 5835013.32213413 5846662.71396167 5839258.653685   5834859.9188338
 5842166.6805237  5843012.24896453 5839919.13101303 5837052.17912948
 5841958.43176901 5837994.23998758 5846112.86352301 5840394.34802102
 5847005.68292783 5847556.53297036 5834983.10213213 5839739.45249858
 5843610.05771557 5834924.18850442 5841437.04531334 5843062.82906206
 5841893.92033467 5844529.74416715 5838761.28089701 5843518.54368852
 5837322.77162548 5836724.4664359  5841375.02934194 5838020.67977836
 5838093.2525482  5839749.68851441 5839139.37289336 5841131.4115364
 5842714.28335902]",6077.727060614474,6697.212351829872,6509.15361975304,6609.679707754734,5616.248188071522,5787.041795267729,6076.142455703598,6071.227035615328,6069.919154752466,260.20175451890293,6431.890110470604,-81.0684350431398,310487.3345617445,-90.7390979055525,6199.498384122647,5324.675781929033,1,opt-LOGAf,Optimization algorithm
"[581257.12841228 585968.27760137 583316.61742318 586759.34312888
 579311.32501211 580395.11617671 579819.0760896  581464.93313658
 584435.34517323 586838.09181367 582141.72454718 584283.11351758
 587848.3841012  582255.50399337 582169.99043506 588256.13083095
 582078.71552474 581998.83452908 585243.43403175 587124.30263226
 584562.2124866  584180.75286023 589148.92541708 588092.63840649
 580881.77003851 588547.83828137 590623.3170043  590807.7821777
 588429.9655641  583649.3863865  587279.12589888 588199.93709087
 580397.0039806  585330.63650504 585543.35558751 584404.20205256
 588361.12876171 583614.15837006 585316.92714976 582358.78726798
 585036.81813776 586455.4002348  582753.68218052 584046.78581444
 589500.10126697 588229.02652005 580569.10283644 587163.71336395
 583367.04486924 586465.99170529 589960.38397617 588763.56031248
 587197.96693783 587686.4205568  590874.19845481 585316.35667211
 589307.92789281 585724.92630643 583440.60765143 583590.27601597
 583193.84521808 585810.47038569 585525.78969995 585507.02420297
 590555.73004934 589964.20723856 585206.50555925 589742.24862298
 589051.83884558]","[5838804.92963686 5846571.62597201 5842950.17830419 5835263.14304449
 5834465.52022704 5837498.55180563 5834985.23145188 5840073.82872373
 5844409.43528752 5844418.02350997 5836870.3077296  5843704.49809607
 5847593.98601898 5841295.02055463 5834678.59442953 5842167.34376436
 5835882.25626139 5837897.62958544 5843368.67143743 5847422.11858672
 5842469.62974631 5836597.13497991 5846753.07166279 5846556.76467051
 5837141.44112942 5847816.63680267 5844160.66551722 5840435.81839925
 5839627.99495831 5835806.99495954 5836428.62530394 5844386.5951483
 5836478.69624911 5834919.92112946 5837234.20617979 5837540.6851616
 5845001.49728728 5834878.28319183 5839520.07264351 5838744.40691299
 5840364.92840161 5846009.22587782 5842053.48450619 5841462.80263089
 5845105.98252478 5840904.45146959 5835652.83422017 5840944.57435867
 5836912.09456649 5839685.83687838 5841923.89617443 5845883.77459724
 5842899.50819463 5845726.80850519 5842416.24309731 5838586.69852721
 5844004.08117865 5840220.96154221 5838889.98827766 5839881.380039
 5840781.35230259 5843928.36666367 5841877.66804973 5845575.65758299
 5843187.65277815 5840956.79801814 5845079.5165721  5839778.74018718
 5842858.54684677]",6084.864677049656,6707.425300718919,6519.671201745504,6613.466112549289,5633.027173946053,5793.224479838842,6083.309955065603,6081.422058546912,6072.864901776604,260.41101893249026,6435.361434569782,-80.9651300748985,310958.24227024306,-90.64737623280358,6207.34836594661,5329.71219021534,2,opt-LOGAf,Optimization algorithm
"[586289.57599988 588186.49739979 584730.63747346 581353.97319005
 581077.83773507 581579.78606361 583323.45567001 590278.30495474
 579855.84868722 581734.84554003 584885.68148733 587465.25867746
 585230.3710276  580822.66791911 586881.03103544 588780.9726162
 581471.54512776 589239.13838168 589991.98834718 587335.59576485
 590010.78015091 584942.65216948 579701.93492647 586868.51723976
 587212.29483089 588421.741547   585784.38588481 586762.51047313
 589611.50041243 581244.75351473 584725.61254169 583944.3725791
 583313.50364417 586503.47716733 579645.56760029 582416.78957062
 582831.80549323 585825.13416508 583833.75862756 580877.99604482
 586469.77144417 586596.48602373 590837.41739325 582350.90124548
 590866.76873826 589428.37649997 582310.51615634 582811.99997601
 586001.67479834 584636.27454143 588750.93862589 590914.35636825
 584601.74069157 585580.57784243 590470.39492133 589618.53194726
 588037.9933659  584375.95790233 586002.3010116  582373.34596082
 583798.29256389 587110.21536915 580484.49553286 587704.36885411
 588072.43056362 584686.77924616 587430.68147558 590164.85195599
 589509.99198373]","[5838901.67343007 5843454.70654724 5835564.43389189 5835307.04646629
 5839251.83809304 5840335.44715128 5835188.36240106 5840531.80405052
 5836333.27912514 5837043.86454798 5841887.79270173 5846667.76438143
 5842673.82575466 5837895.79315212 5840090.41342086 5847046.76963661
 5836415.53826429 5840242.65800335 5843549.854398   5845455.75119486
 5845232.39074357 5838230.27940383 5835631.72094259 5842162.18941441
 5847462.94608576 5840795.75367692 5845215.41722104 5836701.16346214
 5839692.67222765 5834575.84668874 5843109.76526793 5843335.16927508
 5839804.6034868  5847190.88371819 5834617.26151298 5839615.75738146
 5842179.77606658 5836853.60424425 5841275.88125474 5838679.65125811
 5834987.20233735 5843129.02094126 5841379.52093502 5841607.57072701
 5842200.03907538 5846188.53849666 5837911.66969446 5836695.8459083
 5846480.19615751 5837351.87286902 5841756.29149904 5843400.69743341
 5836508.56197748 5844187.26626123 5844443.90768584 5842602.99545668
 5844537.84475748 5834937.23786819 5835839.87814032 5838606.94157487
 5840601.36788967 5844225.34807645 5835329.70584224 5842877.44655786
 5847393.10749823 5839521.36775987 5841644.48294452 5841613.3804826
 5845617.64153108]",6082.5666791788135,6704.047447622349,6516.353904916757,6604.786863827824,5633.092497901581,5792.329443515245,6080.990062630248,6084.954780501875,6091.95949008487,259.7238312227473,6436.306339391827,-81.023225745318,310726.4370741648,-90.66999151682514,6198.504255765146,5330.167955891043,3,opt-LOGAf,Optimization algorithm
"[583778.18216706 588907.27434442 588989.55316156 588353.8614191
 580307.42001406 586051.4057092  581831.10260175 590855.62409777
 581438.55391691 586311.70069559 586708.36769298 582288.37296575
 582473.67436944 583854.31208842 580981.45786711 582549.46673127
 588108.61173776 579181.54822688 583283.14148223 586047.11947404
 580895.85571115 590885.17517693 584914.2105042  584512.11181717
 585422.59579357 583880.26987108 581447.13731837 588636.27012826
 583914.10396688 590604.41290975 582386.26847639 589986.78807404
 590041.15526187 581725.05375466 582249.74646624 585055.47905538
 589575.4363268  582081.16876275 586199.42293634 580517.30855183
 589994.45915886 584587.48048189 580254.63350772 585856.21114554
 587188.78243642 581241.4103276  584081.52384048 581409.98046785
 583558.14356044 585741.58014264 582867.32354487 586404.65374357
 583752.46046372 582914.55708317 584878.57278442 584631.52171216
 587536.01145016 585180.11147407 588110.25279306 585976.49351309
 588061.28093723 586519.11963333 587318.08840675 585754.18980178
 589453.36493062 586761.37318697 589756.00503426 584842.30747986
 587030.67041956]","[5837469.36464301 5839808.29729691 5846325.0995475  5847772.92219621
 5835574.09073608 5845458.30440666 5834624.86162104 5841565.54140515
 5836236.95261467 5836145.52535169 5847272.06528051 5839089.23207202
 5841272.10829243 5841213.8338363  5834554.6634117  5834695.04932408
 5846006.56332325 5834478.91592784 5834745.75533416 5846363.75123799
 5837008.32970235 5842601.68710464 5835755.27645487 5844536.77494718
 5845696.26114049 5843702.02770012 5838101.34280103 5847061.22538892
 5842728.1740177  5844129.79929245 5837658.0527001  5844837.63194219
 5840011.17346004 5840713.94099712 5839810.05230491 5840977.10729772
 5841116.64949694 5836916.42969986 5843827.1388976  5837921.00638448
 5840619.33981592 5843490.15201665 5834588.31147885 5837162.1116151
 5836004.72775356 5835286.1220752  5834799.17806599 5840157.08532715
 5839588.37724292 5843032.61598567 5838529.61323381 5837791.76764157
 5840249.64682695 5835881.07589538 5842370.66087453 5836695.07711238
 5845182.57911784 5844231.09429775 5841973.25713109 5835140.56905573
 5844196.82149894 5839725.48419758 5840681.53902331 5838793.38368957
 5842597.24678971 5842098.67865806 5843479.19659541 5839457.1485682
 5844687.25281541]",6085.569986745446,6693.62767161289,6506.084348141841,6622.072826494527,5639.09581777672,5800.316027849578,6084.003144139479,6082.722047836547,6090.613325369044,261.2943970893094,6434.690094152256,-80.95647258370859,311051.2958630375,-90.56620870848172,6217.862487869642,5333.512622135054,4,opt-LOGAf,Optimization algorithm
"[588184.76881343 581871.0110374  579215.29796074 587358.42228831
 586913.12894286 581461.36194734 583539.53678579 580851.49021853
 582694.62259946 580166.69932156 584984.83196315 582197.24097296
 586489.77558483 580547.94060972 583445.65999886 585994.65510198
 588878.76221455 590824.56026671 590737.36959729 581017.07191169
 585869.53145573 582496.78129178 584722.04123059 586825.99378413
 588218.58934503 585769.33703672 583001.35699786 581585.63532502
 583579.10844173 589388.22343158 586897.63807427 584749.18955697
 584983.51254329 588143.34028159 590421.64698374 583693.55956981
 580552.39860494 584650.72075202 588636.35878689 586131.38489964
 585639.92134628 581990.39534862 590132.32019424 585122.45086384
 590663.06476223 590890.30276895 585780.71326967 586569.4272997
 584587.33228609 587475.93407094 586234.57831257 589167.68864479
 587119.39598233 588509.28856118 583166.11044613 581295.03449592
 589839.6707818  585897.35541772 587434.26047787 585973.97169592
 584377.91457607 589238.4740374  587069.82880589 589345.01880091
 584250.52048329 584342.75479318 588251.74986033 582730.02754442
 584963.42135556]","[5847347.95196741 5837116.41068318 5834836.82878904 5846071.58883975
 5839923.652013   5839587.58603304 5836366.93134474 5837431.70449221
 5841561.37262421 5835187.0888858  5842923.95218737 5839973.78680004
 5846113.30819189 5835850.76797264 5840810.01055206 5842477.81829987
 5844915.83231887 5841182.09176788 5843975.55567772 5836614.84433601
 5835926.23817182 5840566.54972219 5840276.02312714 5844277.06780984
 5846675.5345426  5834947.99564818 5835101.9424864  5834920.02006338
 5843312.98446864 5846342.35437763 5836850.04159782 5841333.44038989
 5845226.52216405 5840883.66635837 5840195.51931314 5837880.20023711
 5837981.80960432 5835072.58645583 5840178.90811661 5843315.38018498
 5846082.11215221 5839203.45324086 5844972.96429439 5838098.31115446
 5841857.24606411 5843100.45305863 5837098.39962212 5841994.36983296
 5839423.94024864 5847533.96842504 5837997.73726848 5843561.13550175
 5845265.4956156  5845855.7643748  5838746.51373124 5838727.11866478
 5843311.90937083 5840145.97220955 5843798.50517474 5844826.59244184
 5844256.13807802 5844325.59199875 5841122.33294665 5842183.75153682
 5836435.35070658 5837335.27333487 5841750.61211921 5836051.3248527
 5836161.29937756]",6047.227528598432,6672.357200906694,6476.840509903706,6589.328407381157,5577.295218831938,5748.104984393344,6045.612518648575,6043.864764188131,6015.825868372265,257.1626271301084,6401.339072253178,-81.48110361391264,308780.96114059445,-91.2191173317255,6168.671969435459,5298.786267931389,5,opt-LOGAf,Optimization algorithm
"[586587.28318776 586123.78746928 581740.93937328 579907.6147487
 586298.79990128 584799.70126076 582936.04795022 586578.2131321
 582224.15467404 582758.60497943 581852.02917351 585298.57676047
 581254.67356555 582514.2665087  589626.04637994 580773.76983437
 587002.79923229 588506.34727966 580199.74196106 584018.78318026
 587500.96739321 590402.04237879 584117.35378038 585462.00704621
 587334.03844171 589954.35052413 587944.43433148 587414.04595465
 588876.20435767 588248.90664954 581590.50592902 586448.31683043
 583217.58413175 583585.45244805 584427.82348912 590898.44052315
 583448.61997984 586452.34791964 579907.75972208 589041.47416555
 586509.09596237 590727.66043036 584837.77931682 581681.12951625
 588541.09427231 589708.04976384 584328.2630011  588903.29196029
 583086.56311238 585112.08830272 586839.20450547 585042.31907382
 579241.30450522 587200.13391365 581006.21773243 583869.20573936
 583570.16948691 584561.19296296 579912.84350221 587102.25626998
 588658.35024897 588860.55970208 586452.31771346 587298.43016194
 585753.40531011 585656.98206686 583948.87607246 589662.48154913
 586256.07634319]","[5835000.54322101 5837181.63864212 5835530.24536    5835539.75882716
 5838585.63154199 5836233.67099342 5840644.01128758 5839931.49384381
 5838374.84973852 5837235.89675514 5839805.26383151 5843426.83179219
 5836297.48142559 5834682.915556   5845919.77347704 5837857.34741459
 5840456.29474414 5846271.31118433 5837253.02782725 5836986.96348546
 5844439.14602452 5840412.15405573 5842070.1038814  5838377.47377428
 5846463.34958812 5841190.17911699 5845460.72249801 5847207.61287778
 5843027.1076486  5839993.26141679 5834859.90257811 5836644.25664239
 5842230.13593709 5835610.1465928  5844378.91314661 5843393.50485943
 5843127.28855571 5845924.47869574 5836475.82185896 5846884.15567072
 5843376.72910265 5842110.71594056 5842711.14690481 5840412.53183438
 5847825.67822762 5844146.38488283 5843415.45003057 5839457.22830364
 5839014.64148555 5834899.66859123 5835651.58298105 5841086.93143396
 5834471.82887181 5836425.80086715 5838943.94661561 5834785.64156208
 5839796.67332947 5839946.98829578 5834663.42908142 5841199.39516684
 5841508.27087851 5844863.94265104 5841656.64729916 5843145.82701816
 5840019.1167398  5844344.77725729 5838448.25314952 5842428.7131252
 5845240.72137056]",6086.980980743611,6706.941500775449,6521.344523655861,6620.283716725814,5634.491608817501,5798.365004288246,6085.428373206773,6089.70654009949,6084.194142548386,261.0419169746431,6441.172995499096,-80.94513251563252,311106.07745558943,-90.55856966441993,6207.588627576489,5332.681364451164,6,opt-LOGAf,Optimization algorithm
"[584093.06965112 584890.16831672 583753.37893591 584399.38783048
 588690.90642459 589454.5660056  588532.70806126 582397.13906091
 581260.07446805 583735.80437844 586342.08647833 586447.5006163
 586010.71236    589556.23185198 588963.63103572 580887.08344354
 585281.53333984 586524.44791807 590318.05051413 583852.7340454
 590407.74248335 583770.93609773 580838.30791439 586286.55519021
 588084.65209073 585204.67819352 590797.30917287 581784.13051927
 585091.08012175 581257.39778593 580679.82908305 583318.12221515
 583326.28207672 579237.98370646 586728.61391524 587304.09832915
 582720.31462881 586292.93479134 585001.18237696 582315.34714173
 587262.01080854 587896.37054538 582899.80743082 581481.43328388
 585745.16701641 582817.8594612  586819.04567665 582382.00865671
 582568.61695533 579997.7540337  585168.08573956 580688.75434098
 579989.12304239 590806.29632249 584239.40265892 583787.60505764
 583833.49174695 589896.80508975 589230.46496282 585429.39390904
 588623.96291993 588805.94481693 588391.63657634 585745.32821628
 582413.17566263 583488.91838431 586458.22092232 586155.2508635
 587740.23285578]","[5842171.24097618 5836071.18895513 5841551.79888325 5844423.43386961
 5846325.86122565 5842163.72107973 5847263.64005842 5841313.36794086
 5837912.9016949  5835057.34766132 5845846.3951566  5839509.50800847
 5834973.17212578 5844339.0849862  5839573.58987071 5838804.68625273
 5843198.65024255 5837189.49405007 5843775.81014039 5838510.94863103
 5844553.81846685 5843573.72741172 5835818.64217368 5835984.98722146
 5845475.0999424  5845535.63104935 5842581.11493752 5837133.53789174
 5840630.13324562 5839763.73209193 5835191.03258893 5835778.22236767
 5842960.66377933 5834770.10099925 5843065.89299816 5847487.81069897
 5834691.70427589 5838363.61692553 5837211.82631964 5835184.83151026
 5844727.05390124 5842296.37533911 5837543.23433385 5836470.60878227
 5846166.67252633 5842119.23736058 5846962.41327696 5839181.94928606
 5840580.90941864 5834756.05516689 5839508.44583451 5837203.69164299
 5835945.99783949 5840549.86897636 5837725.12352254 5839558.60510254
 5840788.18729338 5840883.05501099 5845312.38601459 5844017.83770552
 5841250.07062481 5843160.77473126 5840264.06220831 5844685.36102848
 5836778.58093921 5836415.01322209 5840806.41891702 5842097.64233789
 5843941.93030891]",6065.44497817537,6689.543938219728,6498.51221298267,6603.90819103915,5608.203977830233,5770.403104658863,6063.849332019431,6069.792840463058,6070.167085959327,258.63635066047385,6413.826718049105,-81.21205761893856,309863.773832973,-90.89871458208862,6193.909889267082,5316.110687298432,7,opt-LOGAf,Optimization algorithm
"[586798.3892304  586266.81020853 580374.23757544 588899.87105602
 583482.88774721 587845.45767476 590799.54474235 585473.70587972
 584916.11408126 585297.46713839 587306.74936629 585907.91362041
 581560.65456597 584469.06678195 583757.777296   587258.90845339
 581226.2441964  586188.14832468 584197.04957529 590913.93436433
 586827.30465087 582860.59749883 590863.02047741 580158.0219511
 582094.13954848 586881.29025557 581588.92953201 585963.23937583
 587341.57787823 590141.62712357 581879.63193739 579686.13256541
 589708.60579016 586469.77364956 589051.48837591 583030.377573
 589606.63203952 580086.74490335 589065.85339723 580787.30707684
 581528.2081022  586600.24948117 581951.04042777 585012.190864
 582129.44494955 586463.63697075 588130.11832742 590169.11251366
 582825.87594782 580208.25822726 589884.66565811 581256.37157713
 585184.10786632 583991.31023267 583135.86284751 585574.90995055
 588220.42690575 585536.36481679 586313.96839374 585579.56431812
 586552.46472116 588138.66989313 587562.85874172 582676.65511496
 585960.91606336 588038.44245609 583008.02218693 584281.62986444
 586756.89915288]","[5838615.87190545 5846596.01844045 5837626.14887166 5846121.11442793
 5843155.63712018 5847637.14318118 5840703.4959626  5838372.59197135
 5844768.76272986 5843620.7110375  5842557.69714258 5844390.44548853
 5838029.79166788 5841581.83465309 5841832.09021989 5844729.53503988
 5835664.13435567 5845954.16131624 5837700.90693757 5843583.52441843
 5835437.53246585 5836727.58218324 5841757.45085134 5836861.17243445
 5841158.9333524  5843844.68075267 5838854.68782145 5836073.21267769
 5836319.88227757 5840036.72408642 5840468.5110888  5835336.16405323
 5841016.33233341 5843168.65720135 5839440.44000378 5834831.18933841
 5845798.65404297 5834713.32406686 5842021.50661398 5837185.59612647
 5836695.08641737 5847291.66539956 5834974.40933286 5839848.92277212
 5839555.0022504  5844924.60572436 5846839.21449042 5844201.27999269
 5835814.34010375 5836179.78887932 5843036.59428164 5839712.90292007
 5841090.55477738 5836992.35144494 5838528.87739372 5837289.60296848
 5843781.41463888 5842166.37314882 5837690.55854755 5840360.78663849
 5841587.32099801 5845309.20666827 5846213.19764206 5842078.94309958
 5835300.51073503 5840480.47231529 5840264.00165373 5835915.28340884
 5840309.25105426]",6068.29729051309,6691.3703838483,6501.270845204641,6603.294503486589,5611.966070395392,5775.34502778758,6066.710388647435,6064.082988080548,6056.984457653323,258.9748618112598,6419.456945641478,-81.19919184878783,309956.172748161,-90.899947179054,6194.5972978854625,5318.082908989914,8,opt-LOGAf,Optimization algorithm
"[586686.90072577 580882.29856704 588223.02749405 585481.06593981
 585663.02658259 580291.3657291  581469.17806161 580706.90070923
 587136.20718376 579968.20886804 583390.07723345 589413.24892014
 588546.19804243 583554.63604108 585855.23485052 579946.2619955
 585402.25162272 581639.54709557 583709.27134097 582619.46101826
 589824.74990172 586578.00752028 583020.36898868 590131.61534833
 584739.45346211 585596.01419227 589170.03267895 590766.46435678
 588791.63527499 581613.41775395 587789.88778829 584435.45263399
 585787.33777366 581202.44444217 581505.09990188 588500.43106613
 580802.02365964 590719.56241343 584474.45184208 579580.78097554
 587435.91814859 585608.87156012 586775.35544738 584164.30394661
 588020.45956397 583407.83647923 581639.70174273 588347.57088165
 589746.55250819 585677.57538715 587588.63218653 587911.94992454
 586652.19816791 585757.34101043 582903.29165136 584193.65032053
 586435.53633917 590360.39738335 584875.00407705 583954.72684894
 584852.36692237 583768.80384771 589082.86500429 584682.55295104
 584179.98931878 586373.9288466  589448.51032495 582662.25253802
 582413.26814055]","[5846906.67852728 5835935.58152409 5846359.52985227 5844528.03468798
 5837809.54107599 5837465.37851418 5834829.24612526 5834652.40175109
 5838654.24397645 5835190.37990278 5840839.58855238 5844492.21744722
 5844853.72537013 5842996.60037951 5834971.24730617 5836644.78375725
 5845805.69901069 5840623.5248556  5839917.0655553  5835542.475959
 5845550.29129515 5842668.61762544 5837972.66021995 5842331.1573923
 5844899.31903264 5839947.63853642 5846335.42892074 5840406.07680797
 5841916.2647973  5838198.84338149 5845518.76918469 5844392.08249472
 5845306.29492027 5839659.08716522 5835546.13145716 5847630.25533604
 5838524.5051674  5841277.83346336 5842436.36334626 5835721.36507438
 5836252.40923201 5836480.76411996 5835045.70539709 5841486.3846955
 5843773.85475055 5838718.88908128 5836845.35192265 5841209.92810524
 5843608.10090425 5840805.37910333 5840922.93451845 5842745.6794119
 5845346.20865746 5838422.87496962 5841947.97906729 5838490.56063525
 5836649.11064776 5844636.78935803 5843184.07183779 5836658.71042599
 5834859.73323334 5835563.58919981 5842947.15933786 5835777.11831135
 5839546.31001079 5841591.08917861 5839611.9292009  5839776.05698934
 5839123.69314157]",6065.748820204594,6690.244137992595,6499.1818025962275,6602.785873945352,5609.161861525295,5772.108646359185,6064.18060554468,6053.783692629985,6042.712602755834,258.5618735637016,6423.649376050836,-81.2469541427672,309808.07895086246,-90.95867761080953,6193.294721176874,5313.5852372100335,9,opt-LOGAf,Optimization algorithm
"[589135.98362346 586345.80950855 589741.2269384  587808.39947446
 586099.15596493 579242.76190127 590821.0203677  582265.40472356
 590050.57743232 584158.35401858 588279.52566377 584785.0042682
 584648.62153909 585695.37858647 581738.45172995 584792.98573083
 580901.61934739 582903.73116314 588797.55290297 585676.08375206
 588686.35839722 585746.97296114 585335.85293658 584542.82058263
 586554.63122487 587054.6712387  584803.74628104 586000.91407264
 581277.50961666 579982.48338858 585397.21375376 589810.49580901
 587295.56926339 590191.32457964 587080.93761346 580450.86152713
 580965.6987143  587933.95634232 582230.17153225 585596.62666617
 582985.80658015 584398.29901088 586206.67799766 583434.09102012
 579730.33341284 590852.16885293 587382.87863746 581381.99558755
 585733.20476993 590916.86661658 586723.48897393 587742.5971613
 579863.21017605 589173.56556415 590888.98428493 589681.58574324
 582183.76706523 580018.63674904 582851.50301465 584776.24403939
 587053.83550956 586266.71994515 586856.11040802 586404.8552806
 588640.56843458 585227.52937461 583350.2620005  588958.25996776
 589527.16184399]","[5844852.40634802 5838690.50384349 5845713.37419196 5847196.18661785
 5837361.21672304 5834772.06731574 5840458.02633195 5839452.85008816
 5840236.85736353 5842043.84731535 5841184.89676746 5838757.15679714
 5843291.94986356 5841069.97157909 5836503.57060107 5836787.8111271
 5836666.72362997 5842058.00158393 5846876.46031988 5843723.46506633
 5845758.62124611 5844594.03219143 5840201.30276954 5844143.17322802
 5841638.73412335 5846181.37481574 5841517.23931999 5846256.45275992
 5839521.05159194 5834484.1348451  5842641.40443325 5841526.64217059
 5836002.490398   5844226.78791127 5843826.96566909 5837667.29954035
 5838288.74065324 5846579.82507038 5834774.9247513  5839419.5118188
 5838982.56744329 5834827.5357782  5845428.68287757 5840242.44379108
 5836108.73327003 5841410.09358258 5840638.26488704 5834586.23014943
 5835013.4714616  5843481.04973518 5840153.95016893 5844651.09684006
 5835543.28432339 5839570.55251371 5842588.54460011 5843249.48287936
 5835691.2902731  5836623.87754567 5837596.32989868 5835412.03027241
 5836822.74029421 5835772.62841863 5842907.11983339 5834984.33841693
 5843549.37918014 5837900.13627907 5836546.01802259 5842052.06083299
 5844431.94898396]",6073.283288841334,6694.460809684396,6505.458172911966,6604.520029492006,5618.876436024131,5779.926763480451,6071.694368215414,6065.010165351993,6058.507744064878,259.6331271832481,6431.110737636525,-81.09027432655333,310298.1431017209,-90.75097839483051,6199.3635706883315,5323.3809881170055,10,opt-LOGAf,Optimization algorithm
"[579283.29801327 579909.63294303 579077.45845614 586463.38896212
 581456.67517512 586788.23184188 582622.50030544 580741.57697829
 579607.01159404 580459.69112601 588540.99970484 583650.76528486
 587681.64237811 581972.49346934 583111.00496958 580105.34992781
 586005.43664657 585490.04122022 590666.23609676 581032.27140404
 586562.90741734 584133.81471309 580207.25059912 584613.87915735
 583131.11253891 587574.82640583 582232.91307047 589907.43627447
 590279.19334617 584157.45215035 585172.32288328 590821.33648754
 585902.26503251 589125.24204352 588919.80743278 590099.22334477
 581262.29297137 590760.83458995 585070.60747306 582374.47857226
 590887.9542023  582887.70076499 590910.83482766 580518.654858
 589496.97840643 590843.23387126 587064.62961472 582834.86254237
 587110.20981191 585118.92853684 584487.05586572 584364.7150229
 586468.116576   584640.68262222 586072.00203928 586391.31063048
 587580.42662105 582697.2604854  587471.80148931 584328.49196551
 586133.31108872 588443.89392607 588014.70093509 583127.15791596
 587723.22421317 589573.53106845 589181.68857716 587125.05484945
 588725.70815255]","[5835053.56895335 5836555.60383447 5834437.5884359  5847256.50822313
 5840266.40503546 5835012.39357192 5842004.50256997 5838552.72783627
 5835830.25076982 5837876.29374021 5847828.41177052 5843410.97015518
 5847591.59149894 5841115.73400212 5834722.76808994 5834485.67652745
 5834950.92606849 5845925.64044852 5844099.66246427 5839249.46606761
 5837554.67510959 5844071.24740268 5837270.20642111 5844727.14834835
 5842700.06617195 5836044.09430634 5834653.63744699 5845431.11997637
 5844778.78819721 5834806.04393848 5834884.94925018 5840440.54165938
 5846489.61412806 5839393.38624745 5847162.65214161 5839994.53978262
 5834577.03401035 5841899.92311953 5845352.43037228 5836827.45586544
 5842601.54888409 5840695.07157005 5843300.21421786 5835401.97785494
 5846057.90852641 5841137.60990162 5836806.62803778 5839493.32590405
 5846927.20113496 5838561.93327416 5842129.0920722  5840476.54118875
 5843564.14969804 5837385.07460987 5840209.59929708 5841735.91115193
 5840146.42687332 5838102.24343049 5844992.00529035 5836248.05023587
 5835980.94421791 5844356.28417784 5843009.13859925 5835769.9782208
 5841436.28912792 5843329.0939556  5841145.43890565 5838693.26564644
 5846541.50144748]",6186.043361399503,6780.59867733628,6614.234000217186,6719.461072911555,5797.414126623584,5934.207949176458,6184.69694692656,6175.319359515284,6188.530031598711,271.1978362871248,6546.720048976285,-79.70932819364134,316907.5354979403,-88.96822050303406,6326.176824440711,5417.235383125804,1,REF,Referent
"[579061.38818306 580773.94704136 579365.51548178 586788.23424593
 588541.05376904 581318.97662136 583837.38126679 580419.34527628
 582629.0026851  579995.7953887  583354.94230989 581051.13393296
 582713.06698545 586167.0922664  585351.7801159  584829.06254552
 584799.02523189 580140.1851192  586558.74979542 585889.74690048
 587574.71802853 585773.97371289 581571.94459147 582099.46394251
 581596.10404538 579703.63004237 584368.94545288 587755.2431593
 590821.30504245 590912.95861109 580691.34443202 588988.20125408
 583660.84901268 590609.07315374 590063.75618508 586706.40146852
 589247.25051518 587044.84106082 587687.81873374 589528.99707732
 586055.62248159 583902.93222229 590832.27166435 587572.15207747
 586751.75963569 587057.07173138 582750.84261778 588524.21839407
 582904.44846534 584820.22710085 588217.62258021 587895.0163981
 586524.17746879 590847.19617439 589291.84240671 583273.97739387
 584610.55596855 585792.37880794 584832.38210213 590127.31380517
 589239.07658192 584116.26634105 589742.15126656 585320.35066207
 582250.66982138 585775.64595693 581930.89145634 587583.83628226
 586768.37211087]","[5834423.96996785 5838630.56875117 5835250.5012478  5835012.44237082
 5847828.35538091 5839937.83826071 5843665.67668    5837779.2343141
 5842011.47379638 5836763.13403374 5843006.2835569  5839295.58253227
 5834691.46592333 5846851.87009004 5845736.64408892 5845021.75953838
 5834856.5496578  5834488.55561543 5847283.10650654 5834941.67497155
 5836044.2977178  5846313.8583525  5834601.54641139 5841289.18882292
 5840600.93663464 5836062.03653508 5844392.07920965 5847612.2713215
 5840440.30456473 5843357.23052435 5835558.09078703 5847043.74981955
 5834765.91067389 5844200.32159643 5845156.30547526 5835878.60743232
 5839467.75722322 5838621.25281527 5843050.06546792 5846094.90962252
 5843823.04583328 5842083.05471514 5842706.77318247 5846780.19298417
 5837271.75258627 5839826.60181632 5837872.33893793 5846336.02470238
 5838811.5082491  5841101.36222647 5845519.76838147 5844089.72008971
 5845178.40516734 5841250.91962297 5842301.26537582 5840062.49131337
 5837359.62911782 5836206.22267911 5839814.63434378 5841601.55568843
 5844246.11586517 5836391.25276074 5840150.17558779 5838464.87874349
 5835728.259647   5842639.5610736  5837105.57779708 5842012.62925963
 5841065.38709927]",6179.822247070488,6775.8688476046655,6610.058480108532,6703.924760384368,5786.730416030487,5923.5947602342785,6178.461303129068,6171.063841557464,6178.87377254897,269.88270732171947,6534.055986343271,-79.79640554587199,316510.8427931388,-89.08735851259577,6318.6858271932315,5411.817049253706,2,REF,Referent
"[588541.16926062 579124.36597847 586463.42580497 586067.05524832
 586788.31942008 579927.54821213 585567.60408509 590842.73012368
 582146.18834006 588895.89759971 583148.22310424 580494.96944202
 584616.00599348 581980.03646629 584289.82638413 579377.98073546
 584124.60399356 583621.90622011 587574.0576524  586130.557106
 580132.61905225 583161.013879   587700.11182029 587464.45148462
 579805.75578262 580986.58818501 585289.17226837 581197.78938373
 590921.54819554 589426.83872472 590871.45949776 589835.60235676
 590588.59162672 580853.57051708 581677.10925628 585101.27051163
 587275.77599467 589470.5840862  580435.33384474 590285.90462049
 590898.48985825 582897.20756711 586714.8647846  587946.80885542
 581710.32039085 584588.37435005 586581.14846214 587118.73048327
 582712.22411575 586097.18200766 586515.40863591 588749.43425562
 581680.5188528  589350.33125124 586336.72746382 584583.28759439
 588295.03980754 585958.74602445 584516.84745939 583980.38857217
 582814.98845914 587011.78676864 582716.39722681 588516.34284054
 589014.80046833 589882.03274055 585492.21217861 587696.19891888
 586632.33616729]","[5847828.30096629 5834534.09478921 5847256.75551674 5846714.59396242
 5835012.30738963 5834471.73044347 5846032.11222107 5841107.96266918
 5841353.19279287 5847206.03851238 5842723.77911473 5837961.13935033
 5844730.8603229  5834633.36228858 5834816.31034597 5835280.7544573
 5844058.58049947 5843371.50741654 5836043.35873942 5834960.46855049
 5837091.96140469 5834727.57476034 5847596.9961126  5846843.13724862
 5836306.51336625 5834555.13922915 5834894.15825524 5839647.74027606
 5843651.10597955 5839578.89458833 5842027.5813801  5845555.23634885
 5840296.42204861 5838819.21619673 5840704.41440048 5845394.43390091
 5845683.92620015 5846195.05331985 5835648.65834088 5844767.5578694
 5842892.81517217 5839597.96604874 5838499.15616408 5844881.81387027
 5835674.45682678 5838546.91337739 5837527.68426364 5836723.53696552
 5838424.55397611 5840375.68631399 5839451.72740581 5846640.20746411
 5837253.17051354 5841035.4870123  5843806.2311916  5836719.01851548
 5839983.51488099 5841330.54481505 5835823.02761282 5840721.0080852
 5836919.50942494 5842990.80033182 5842055.44906448 5843860.34785883
 5842648.69468844 5843863.75789754 5842474.5900356  5841710.19434826
 5835855.89130136]",6177.755981635742,6773.817268902601,6605.915823429853,6703.6309106144345,5784.764928112153,5921.397699658762,6176.3926790541045,6166.682278137038,6168.303048318645,269.85195357724825,6538.2572633093105,-79.8021929527648,316318.49771264073,-89.12233596574244,6317.060025298308,5410.0279786792635,3,REF,Referent
"[579122.28154757 579352.70967677 588541.00842135 586788.13390727
 582469.09788031 580037.04903451 580636.71817552 584825.42449199
 579696.10201169 580320.99389714 581972.94580031 590821.87878447
 583496.21780655 585379.52490548 584372.11071263 586250.19056028
 579971.32777794 582921.93413124 584324.71096791 586797.36279818
 585175.64787027 587853.14581787 585831.20489268 588921.52543343
 587014.15649836 583822.394083   587064.77533344 581213.03670521
 580917.26438439 590629.93940497 589124.65677237 587508.24241828
 589394.59618725 581147.68110982 583366.42992887 582415.7646152
 590912.93213695 581658.39769358 589747.41036773 590173.45121392
 586485.81422448 590853.15431044 587001.72170406 585546.57681728
 590887.70197145 587770.79075725 586214.57490418 584385.27275731
 586004.84094718 580600.45050189 584929.39941519 581703.68148269
 583010.32401083 587461.90313    590071.4306184  585350.46882912
 586942.23125794 586914.14079474 584473.87525747 582561.13053948
 586926.86780652 583406.58205594 588412.14935433 588768.73212917
 582187.83825078 589287.8334297  587101.52583296 588935.10135349
 588359.14278577]","[5834472.12980415 5835219.05982626 5847828.31013439 5835012.38722744
 5841794.04166164 5836860.55317076 5838300.37477563 5845016.83786425
 5836040.15658779 5837543.87324189 5841115.87750793 5840440.51750906
 5834753.07325568 5845774.92718844 5834822.04062167 5846965.50115471
 5834475.12858158 5842414.34488057 5844331.85985394 5847348.73027872
 5834885.21129539 5847638.98986917 5846392.12832343 5847160.69607537
 5836881.96877072 5843645.48803318 5838630.04803616 5839684.35958744
 5838973.73598808 5844163.59806442 5839393.43627156 5836144.4514937
 5846330.10824039 5834567.76361485 5843021.07288739 5834668.0014596
 5843370.86508697 5840456.8917009  5845710.06115482 5844964.75528561
 5837670.62017617 5841532.07760496 5835579.06439102 5836611.74872982
 5842547.49812751 5846262.06681939 5843435.07304618 5840631.68748175
 5834950.90750172 5835386.27904549 5839508.92217142 5836418.12418235
 5838254.57034648 5845274.86804839 5839991.2505434  5842241.78586194
 5839797.63242125 5844323.17786717 5837452.47375607 5839322.35330484
 5841019.12527661 5836271.78772214 5843085.64277073 5844002.41815174
 5837345.09233823 5841624.49510289 5841922.42845    5844635.77711641
 5840363.12706033]",6184.696215525404,6776.249461684113,6610.347820753581,6719.456324352423,5800.941839697298,5934.066169735808,6183.366101484594,6176.7112055734415,6178.319819733828,271.0129162250639,6540.866479648668,-79.65237486060195,316895.0743072584,-88.8887858295074,6328.395928003312,5416.440962278868,4,REF,Referent
"[579063.57165402 579638.07365352 582218.5233361  588541.00320085
 581034.04441216 581037.63683561 586463.73949092 583787.42601133
 579286.19134209 579992.90724373 584251.87383326 580127.85615553
 581635.49565035 580418.86170517 584666.04722365 581320.57096442
 583296.67804532 586084.42730247 588697.10357566 583073.58527462
 582804.97896314 589705.25053077 586126.19232723 580730.72941665
 590824.03210283 586788.06993698 588975.34391312 585121.01721452
 587687.46900513 589319.60593602 590171.1543733  585095.02441269
 584134.49616717 590901.98888399 587575.28210388 590574.19607634
 589573.50029896 586587.84750884 590282.94973037 582046.21391477
 590896.94155001 590874.16772805 590760.77111536 585608.16025017
 582013.7186946  580956.48462205 582347.26115998 584532.57327053
 587730.40817762 587283.85290728 587039.7412072  581229.46866612
 587981.17132426 584544.83492171 584817.40882221 587024.91902834
 586950.08547193 584708.15065457 586515.83741529 589531.40412857
 583345.12197677 584634.51215742 588339.87319324 587413.61037313
 583379.57164249 587670.42049994 585139.84644621 587099.70925455
 588938.66744551]","[5834441.23580556 5835904.6355776  5841451.97874252 5847828.34661714
 5839254.34675686 5834559.29814131 5847257.00196373 5843597.62749135
 5835060.68997324 5836756.10687405 5844232.15585151 5834487.43724396
 5840654.87972575 5837778.60788001 5844799.29670522 5839942.08735342
 5842926.68342339 5846738.14772708 5839514.70950979 5834719.54585299
 5842253.92361066 5845786.19571575 5834960.28736432 5838526.87159657
 5840513.9711477  5835012.43349497 5847066.66634051 5845421.17731347
 5847593.67700557 5846462.04684852 5844968.28163128 5834878.95355577
 5834803.52709967 5843686.76509028 5836044.38200299 5844260.8143913
 5839673.68838248 5837517.31536452 5840107.41679281 5834638.68016997
 5842843.25428634 5842114.27102544 5841428.4371525  5846087.05802466
 5837471.73157308 5835587.18351634 5838917.26039755 5839789.34822313
 5846781.95047427 5841188.42917791 5836843.26908639 5836570.2761633
 5844331.71711485 5837353.24800535 5841980.84392861 5840012.28143066
 5838716.30320715 5835842.10752723 5836064.64438692 5841631.42088535
 5836556.42575142 5840874.54712062 5845229.59022092 5842275.6316982
 5838322.83101325 5843382.97325124 5843194.15563232 5845725.30221772
 5843050.28933699]",6186.737877656658,6776.446056274859,6610.145625416112,6718.930477952433,5800.597091199745,5935.110582687854,6185.396490196101,6176.343479225597,6191.963676740411,271.3156995135577,6546.067823593957,-79.67748872362651,316945.61208760785,-88.93198195202682,6332.147583858865,5420.562838430667,5,REF,Referent
"[579052.31794955 580254.01307194 588541.02634421 586788.21956105
 579635.43978119 585446.61433034 580895.19535306 587574.75084643
 580561.34396642 581704.46378929 581033.77381452 581370.5086668
 587970.06598606 582192.13377383 579309.69888725 579943.42849645
 586463.00121449 584930.24732764 584445.54394138 583968.73025626
 582840.5173285  587200.53788294 581839.1812429  582652.33051632
 584681.36359063 589170.8092613  590902.33732    579896.21462384
 583511.98128273 589726.84211233 585919.54906124 590120.73141181
 588979.56262977 583085.02115007 583702.51458752 585961.32437789
 587148.19209831 590821.68853629 586451.25808141 590842.07668764
 586878.16032044 590463.6424532  583078.02350439 581936.82329287
 590893.91480149 589255.65545561 590076.72361842 581067.13173347
 584776.85922047 587778.23527039 585973.73331648 587278.50075439
 586900.63489751 581486.22996087 584987.11606434 585857.01844921
 588101.97015426 588435.44038219 582615.39799368 583840.91517989
 584753.65091807 590776.35894092 582780.97175502 585930.11084522
 585328.32342467 586889.05131192 588223.44145947 589095.29279839
 589462.77135022]","[5834425.97029119 5837383.09735337 5847828.34164751 5835012.42278734
 5835898.07081271 5845866.6074925  5834548.56768179 5836044.58255336
 5838120.16169724 5840748.88979567 5839252.90843206 5840062.06205255
 5847671.14177488 5841416.332208   5835117.0382964  5836637.4825519
 5847256.20565153 5845160.50771029 5844497.20154828 5843845.12596174
 5834701.17755869 5847459.53889828 5834622.41093307 5842045.17578066
 5834846.40562136 5839421.00752995 5843686.09424251 5834469.19944062
 5843219.68826082 5845747.42678142 5834944.07971205 5845057.02600484
 5847059.02711701 5842637.17094838 5834769.419914   5846570.40420164
 5838659.79031881 5840440.84771383 5835826.00871699 5841093.44335806
 5837052.57538378 5844455.48698878 5840276.99273751 5838930.50647334
 5842747.93093588 5846339.41349427 5839980.50159853 5835670.17814787
 5836820.25512143 5846591.07525246 5844344.10551346 5845310.22028154
 5843231.5626381  5837031.2836276  5840099.58055705 5837900.26273216
 5842264.24524108 5844567.04122486 5836934.24000453 5835975.150288
 5838667.19006913 5841985.00618955 5838251.51686589 5842216.01328631
 5841212.76279452 5839927.62271838 5839906.73809762 5841314.17311161
 5843418.62955373]",6184.6556556158575,6777.069598420956,6610.8380492162205,6717.735447614363,5795.8032956926445,5930.778581038869,6183.297087289043,6169.124858103355,6181.342710461807,271.0121821947649,6543.525562416235,-79.7227837861451,316881.7274956723,-88.97052302808264,6324.973651442858,5416.149059704316,6,REF,Referent
"[579066.24843218 586788.18755727 580555.63678637 579307.32574903
 579622.10513322 580869.53857267 583179.81714053 585357.33575558
 583592.4639198  580204.8363771  580238.52314264 588541.13776944
 585819.09133373 584328.33130716 583783.35030048 579935.50640031
 582483.53867465 587575.43815702 584845.84077017 586787.96507748
 587834.49908713 581394.45744156 589031.6160793  590821.76120311
 581861.32451337 581457.0226942  590839.1626876  582406.0719471
 586007.83026296 581149.84525624 590426.50715368 585107.71587125
 586229.91941199 589423.69923893 588926.15439174 584093.30041193
 589951.0224427  590906.51092907 587434.71862171 587011.94565517
 586555.78944021 580827.52096405 587431.19538176 590872.07267731
 590021.74366728 588300.83312574 586585.3296927  590843.22643513
 582110.56167396 585260.35882887 585672.23875859 587735.347586
 587055.81716449 583940.1650478  588039.04359981 583154.34963199
 587339.1675283  588456.30508324 589298.18069721 584631.32781613
 584899.27942047 582907.83802774 582501.27895241 589103.06174672
 589660.90166452 583479.12628722 584553.71324041 585303.05649582
 586051.0061406 ]","[5834453.2047045  5835012.30546755 5838106.40329648 5835110.82817232
 5835866.4342802  5838859.92547559 5842766.4620498  5845744.13278521
 5834760.65383553 5834493.45717408 5837345.91723712 5847828.2908596
 5846375.13245324 5844337.3236786  5843592.27082674 5836618.61010107
 5841814.84845367 5836044.14906396 5845044.33479957 5847346.1608576
 5847633.99738178 5834587.21227935 5839421.35872147 5840441.32651497
 5840963.71043311 5840266.74761713 5843796.98069458 5834667.34603689
 5834950.79633769 5839532.01555249 5844520.89972278 5834880.01320122
 5846937.64882805 5846280.11939016 5847152.95921092 5835467.48853548
 5845209.6299192  5843157.87114248 5845761.19882837 5836884.16994348
 5844536.92684949 5835608.11151307 5841300.41701335 5842060.20674572
 5839946.07357276 5844390.75974451 5837518.63790522 5841123.84945108
 5836181.74850565 5843234.57775276 5838273.82873766 5842468.20755884
 5838829.40808288 5837271.76547847 5843390.90120308 5840797.3455687
 5840355.05104285 5846539.02059536 5845690.01880301 5836686.38116147
 5841040.960864   5838763.58289426 5837734.71104308 5840593.38782953
 5842374.89193746 5839662.51791177 5842209.58897026 5839906.17743734
 5835830.34962393]",6185.671944773023,6779.752376167228,6614.78541981617,6713.224440118188,5796.834340492885,5932.626970212207,6184.322264311911,6179.815704502418,6190.114457924897,270.75379430759006,6544.260898587984,-79.70668155594888,316857.6239198024,-88.97393783312424,6324.150359469826,5416.93925576095,7,REF,Referent
"[586788.25186137 582447.96730126 581836.71384603 579066.01851499
 586463.41105047 581254.04743791 586013.03863585 584132.71707875
 580540.20579277 588541.06655595 579295.83402203 580202.81992792
 579891.10917997 580884.39521588 585026.26933956 586001.92161147
 579892.95509014 590821.61974427 584922.0121588  590922.03872753
 581956.18521785 583109.95094925 587595.70634079 583273.69326468
 579616.57134166 580881.13812879 585529.7297448  590516.90866662
 589128.80640735 582959.44845388 589788.53302123 585383.56020044
 582351.75105168 587221.7833798  586690.2735758  588938.24006861
 584166.68560361 590857.97301176 582038.67413616 581250.65518625
 590892.14384163 589459.52884977 587450.46319275 585155.66782965
 589965.90283525 586926.10585105 588967.46480205 585804.69870493
 587109.96851452 587429.63221087 582437.69735383 585831.28698622
 584071.24853143 588406.56577133 584067.74282484 586419.20314325
 585092.16526571 584096.58567224 586942.63290568 583357.92504085
 587350.72393686 588132.27169083 589361.84057732 584773.43607095
 589807.73724311 585166.83702868 588258.60987337 586133.69303177
 590169.83032959]","[5835012.44614519 5841765.02325109 5840929.41752059 5834429.77275904
 5847256.65305809 5839782.4715573  5846641.03482768 5844069.95784182
 5838069.53367473 5847828.39941563 5835083.68788322 5837259.98705641
 5834468.78971246 5838895.2384002  5834873.5750703  5834950.57094884
 5836516.68884171 5840440.14549579 5845148.81936398 5843646.60746675
 5834631.67875813 5842671.00481291 5847568.28907451 5834735.82068732
 5835852.88936909 5834547.26796268 5845980.16308404 5844361.31996163
 5846796.97607632 5839276.83914148 5845640.09376242 5844213.8208976
 5840302.87119014 5836571.52183559 5837365.1569808  5839445.515176
 5834805.72368483 5841603.3600915  5837467.01274126 5835894.49404712
 5842689.68106951 5846217.26372744 5835942.73734293 5843479.39380819
 5839912.38316361 5838645.06340196 5841734.51056183 5844922.71315043
 5842791.88617138 5846267.73913528 5835562.168216   5836282.6106058
 5842557.34766437 5847276.72078048 5840770.58780849 5840736.3267887
 5842178.82722361 5836332.57882948 5841849.72362965 5838301.87678644
 5844007.22006845 5844985.82097149 5843207.03343845 5837285.3936255
 5840987.25829954 5838285.41373671 5840446.30077208 5839749.80734264
 5844970.35039499]",6178.147472941505,6776.89455669738,6609.506374986492,6703.858883038179,5782.2274650657155,5921.275028080942,6176.774947841533,6166.266970822885,6183.014465864808,269.9575105962146,6542.223406641445,-79.78038332954075,316365.369559077,-89.09513552542452,6316.470746058813,5412.666370890432,8,REF,Referent
"[579062.08574472 579279.39621857 583006.85324627 579934.99079296
 581437.62982016 586788.20634765 590838.37789282 583509.57382331
 585055.08591863 580283.22062833 584485.53000406 581939.22192017
 588935.31015269 579612.0895847  583792.23508105 586463.14125066
 581051.28976604 588540.96900002 587575.04150945 587229.17552102
 582493.18354815 579967.81083364 582427.58933902 586029.14398085
 587901.05915151 589821.89671708 585531.77918327 589567.61842005
 586350.60515078 580558.18162941 590819.48619443 590419.92802615
 590895.63562609 590843.73939308 584000.18894044 581584.24184654
 584852.65200366 589964.86842366 584587.70339571 582786.88764132
 581105.65347135 585989.03689252 587656.09986115 588182.59457503
 585991.38436086 590759.38530933 588787.49298519 585514.58567622
 581135.25735889 586485.14007749 583790.53976121 583286.6429083
 589317.3735234  584220.69825914 586495.74370708 586296.56824205
 585145.24791789 586910.52449129 589369.07861671 584622.37435429
 588129.28677444 588788.47352009 587022.29218205 581816.30361329
 587289.33353836 580833.7366799  582797.76613251 589915.06576419
 587065.10241279]","[5834418.47919179 5835044.27319199 5842529.64943262 5836617.49978765
 5840223.12417017 5835012.41753212 5843798.20856035 5843217.097791
 5845331.16925746 5837453.23742036 5844552.37586959 5841069.79280644
 5847136.27909032 5835842.36544013 5834776.50007639 5847256.56648755
 5834560.4654032  5847828.33075229 5836044.66477664 5847467.33336086
 5841827.70449489 5834474.84650445 5834668.64576855 5846662.67305893
 5847652.35661623 5839822.70338676 5845982.97958892 5846027.45095685
 5835878.44388826 5838112.81511539 5840440.01017039 5844532.1593603
 5842803.7293547  5841149.18770279 5843888.4345229  5836279.14771926
 5834859.83221766 5845327.91885247 5835881.76536699 5840655.49160388
 5839425.85477133 5834949.4465405  5845527.02312407 5846450.46776286
 5844218.4299845  5842009.14853362 5839489.24537871 5839687.39502091
 5835407.15929208 5837573.75039047 5839724.03124966 5836216.61854678
 5840682.52435169 5837304.03194314 5840860.91402858 5842133.7250025
 5838510.22595798 5839071.09287798 5843205.29039364 5841640.14795732
 5842118.32206452 5844283.39303999 5836868.25151698 5837349.94385567
 5844173.89042399 5838773.96953274 5838669.26881519 5842494.5308931
 5843310.49688954]",6181.768082218015,6777.045976652757,6610.3802173149425,6710.90093005972,5790.220983978367,5926.6794934859045,6180.4176485804655,6176.712755466647,6185.658697082949,270.44039610705585,6540.074809557481,-79.77644428746966,316657.3759737405,-89.05188897991951,6323.596170788396,5413.358243914611,9,REF,Referent
"[586788.24374609 586103.35485369 586463.93991202 579967.07647351
 583576.84230112 580944.3770821  580881.3588707  579039.43619934
 587714.00352698 585628.84830056 587574.98866944 579679.58967303
 584283.38774274 585050.41139616 580579.11644658 588541.0077261
 582981.44480455 589137.63781221 583820.58107071 579872.22784951
 590911.01144811 580295.74987413 584659.65983801 579357.93029764
 581861.51457413 581615.22234884 582866.91247291 589615.92836524
 582427.27881808 585474.53953071 581857.13556501 590231.87798004
 581177.61462938 583213.89974384 587039.66654487 589369.70631422
 590821.32481203 581721.79987839 586360.08102743 586655.48624796
 586197.078378   584335.83899119 585957.49419821 584154.85672853
 590753.65470363 590859.91246932 586718.58646661 583387.27652692
 585125.83323404 588190.42345372 580666.60179653 590786.93835476
 588717.17454529 587298.13792186 584172.61023957 587016.41429966
 590142.09633652 586548.47717885 581941.99182867 588669.47530069
 584304.7497391  588458.45828679 589040.64075822 588055.58881489
 584589.52755598 585729.53672843 589387.68452033 587274.06135139
 587086.24152092]","[5835012.39873648 5846762.68207551 5847256.87405756 5836693.94671669
 5843309.32714771 5834551.86619099 5838887.7420315  5834437.15942639
 5847600.89612698 5846115.11993974 5836044.18933298 5836004.12561939
 5844275.83894656 5845324.78631429 5838159.45684856 5847828.41607793
 5842495.37992162 5846781.62178328 5834778.57123039 5834467.29407017
 5843315.59626258 5837483.02596732 5834844.65996122 5835232.56965875
 5834624.27645685 5840308.60190727 5834703.37353968 5845942.46325329
 5841737.8183868  5834909.00876285 5840957.22019001 5844861.59789514
 5839599.1810809  5836818.36588397 5838654.24810673 5839543.3194985
 5840439.96332039 5836627.29573638 5845120.19504876 5836397.39710183
 5834965.94418822 5842131.77824225 5844350.60166672 5840227.9374918
 5842562.31765681 5841657.96443781 5837321.28570682 5839123.6430701
 5843469.84758542 5847129.9810713  5835579.68587962 5843888.53310936
 5844275.0382674  5846272.75473174 5836162.82706166 5839705.54633613
 5840981.12276216 5842928.75282682 5838121.93088077 5840112.31335788
 5837558.63116346 5842509.89444599 5845108.83336222 5845612.54827409
 5841190.56775261 5838276.9556668  5843416.60218304 5841721.40825857
 5840717.88107638]",6178.257323670328,6769.887521877443,6602.44563094803,6699.875337725643,5787.161252433021,5922.418137869249,6176.879753798263,6173.42915420673,6168.4477295085,270.06410449209,6539.421310808377,-79.76572796331232,316417.0865337156,-89.05693814717777,6313.620698198246,5414.768010777332,10,REF,Referent
